adipoli	aanu	24
adipoli	machane	24
am	busy	24
am busy	ippo	24
ariyaam	sheri	24
ariyaam sheri	aanu	24
ariyam	njan	24
ariyam njan	cheyyam	24
athe	sheri	24
athe sheri	aanu	24
athum	sheri	24
athum sheri	aanu	24
aval	evide	24
aval evide	aanu	24
avan	evide	24
avan evide	poyi	24
busil	aanu	24
busy	aanu	24
busy	ippo	24
call	cheyyam	24
call	cheyyu	24
call	kazhinju	24
call	you	24
call you	nale	24
can	meet	24
can	you	24
can you	send	24
can you send	the	24
can you send the	file	24
can you send the file	ippo	24
cancel	aayi	24
chaya	venam	24
cheyyan	pattumo	24
classil	undallo	24
coffee	venam	24
ellam	sheri	24
ellam sheri	aanu	24
ellarum	varumo	24
engane	cheyyam	24
enikku	ariyilla	48
enikku	chaya	24
enikku	coffee	24
enikku	food	24
enikku	help	24
enikku	kurachu	24
enikku	manassilayi	24
enikku	time	24
enikku chaya	venam	24
enikku coffee	venam	24
enikku food	venam	24
enikku help	venam	24
enikku kurachu	time	24
enikku kurachu time	venam	24
enikku time	illa	24
ente	phone	24
ente	work	24
ente phone	evide	24
ente work	kazhinju	24
entha	venam	48
entha	vishesham	24
eppol	aanu	24
evide	aanu	72
evide	poyi	24
file	ayachu	24
file	ippo	24
file	kittiyo	24
food	kazhicho	24
food	kazhichu	24
food	nalla	24
food	ready	24
food	venam	24
food nalla	sukham	24
food ready	aanu	24
free	aanu	48
help	venam	24
i	am	24
i	will	24
i am	busy	24
i am busy	ippo	24
i will	call	24
i will call	you	24
i will call you	nale	24
illa	enikku	24
illa enikku	ariyilla	24
innu	officeil	24
innu	veettil	24
innu	workinu	24
innu officeil	varilla	24
innu veettil	aanu	24
innu workinu	pokum	24
ippo	evide	24
ippo	varam	24
ippo	venda	24
ithu	cheyyan	24
ithu	engane	24
ithu	kollam	24
ithu cheyyan	pattumo	24
ithu engane	cheyyam	24
kurachu	time	24
kurachu time	venam	24
late	aanu	24
lunch	kazhicho	24
lunch	kazhichu	24
lunchinu	entha	24
lunchinu entha	venam	24
meeting	cancel	24
meeting	eppol	24
meeting	kazhinju	24
meeting	nale	24
meeting	time	24
meeting	tomorrow	24
meeting cancel	aayi	24
meeting eppol	aanu	24
meeting nale	aanu	24
meeting time	parayu	24
meeting tomorrow	aanu	24
meetingil	njan	24
meetingil njan	undu	24
meetinginu	nee	24
meetinginu	varum	24
meetinginu	varumo	24
meetinginu nee	varumo	24
message	ayachu	24
message	ippo	24
message	kittiyo	24
nale	aanu	24
nale	kaanam	48
nale	officeil	24
nale	varum	24
nale	varumo	24
nale	we	24
nale officeil	varum	24
nale we	can	24
nale we can	meet	24
nalla	adipoli	24
nalla	sukham	24
nalla adipoli	aanu	24
namaskaram	sukham	24
namaskaram sukham	aano	24
nammal	nale	24
nammal nale	kaanam	24
nanni	machane	24
nee	call	24
nee	classil	24
nee	evide	24
nee	food	24
nee	ippo	24
nee	lunch	24
nee	meetinginu	24
nee	nale	24
nee	onnu	24
nee	please	24
nee	varumo	24
nee call	cheyyu	24
nee classil	undallo	24
nee evide	aanu	24
nee food	kazhicho	24
nee ippo	evide	24
nee lunch	kazhicho	24
nee meetinginu	varumo	24
nee nale	varumo	24
nee onnu	nokku	24
nee please	send	24
nee please send	the	24
nee please send the	file	24
ninakku	ariyamo	24
ninakku	entha	24
ninakku entha	venam	24
ningal	ellarum	24
ningal	evide	24
ningal ellarum	varumo	24
ningal evide	aanu	24
ninte	veedu	24
ninte	work	24
ninte veedu	evide	24
ninte work	kazhinjo	24
njan	busil	24
njan	busy	24
njan	call	24
njan	cheyyam	72
njan	food	24
njan	free	24
njan	innu	72
njan	ippo	24
njan	late	24
njan	lunch	24
njan	nale	24
njan	nokkam	24
njan	onnu	24
njan	reply	24
njan	schoolil	24
njan	tomorrow	72
njan	trainil	24
njan	undu	24
njan	varam	24
njan	will	24
njan busil	aanu	24
njan busy	aanu	24
njan call	cheyyam	24
njan food	kazhichu	24
njan free	aanu	24
njan innu	officeil	24
njan innu	veettil	24
njan innu	workinu	24
njan innu officeil	varilla	24
njan innu veettil	aanu	24
njan innu workinu	pokum	24
njan ippo	varam	24
njan late	aanu	24
njan lunch	kazhichu	24
njan nale	officeil	24
njan nale officeil	varum	24
njan onnu	nokkatte	24
njan reply	cheyyam	24
njan schoolil	aanu	24
njan tomorrow	free	24
njan tomorrow	meetinginu	24
njan tomorrow	officeil	24
njan tomorrow free	aanu	24
njan tomorrow meetinginu	varum	24
njan tomorrow officeil	varum	24
njan trainil	aanu	24
njan will	send	24
njan will send	the	24
njan will send the	file	24
njangal	nale	24
njangal nale	varum	24
officeil	varilla	24
officeil	varum	48
ok	njan	48
ok njan	cheyyam	24
ok njan	varam	24
okke	sheri	24
okke sheri	aanu	24
onnu	nokkatte	24
onnu	nokku	48
onnum	illa	24
phone	evide	24
pinne	entha	24
please	njan	24
please	onnu	24
please	send	48
please njan	onnu	24
please njan onnu	nokkatte	24
please onnu	nokku	24
please send	the	48
please send the	file	24
please send the	message	24
please send the message	ippo	24
project	ready	24
project ready	aanu	24
projectinte	status	24
projectinte status	entha	24
ready	aanu	72
reply	cheyyam	24
schoolil	aanu	24
see	you	24
see you	nale	24
send	the	96
send the	file	72
send the	message	24
send the file	ippo	24
send the message	ippo	24
shari	njan	24
shari njan	nokkam	24
sheri	aanu	120
sheri	nale	24
sheri nale	kaanam	24
sorry	njan	24
sorry njan	late	24
sorry njan late	aanu	24
status	entha	24
sukham	aano	48
thank	you	24
thank you	machane	24
the	file	72
the	message	24
the file	ippo	24
the message	ippo	24
time	illa	24
time	parayu	24
time	venam	24
tomorrow	aanu	24
tomorrow	free	24
tomorrow	meetinginu	24
tomorrow	njan	24
tomorrow	officeil	24
tomorrow free	aanu	24
tomorrow meetinginu	varum	24
tomorrow njan	free	24
tomorrow njan free	aanu	24
tomorrow officeil	varum	24
trainil	aanu	24
veedu	evide	24
veettil	aanu	24
venam	njan	24
venam njan	cheyyam	24
venda	ippo	24
venda ippo	venda	24
we	can	24
we can	meet	24
will	call	24
will	send	24
will call	you	24
will call you	nale	24
will send	the	24
will send the	file	24
work	kazhinjo	24
work	kazhinju	48
work	ready	24
work ready	aanu	24
workinu	pokum	24
you	machane	24
you	nale	48
you	send	24
you send	the	24
you send the	file	24
you send the file	ippo	24
