die	12974
nie	12403
ek	12328
is	9816
het	8332
jy	8024
dit	6212
my	5575
en	5203
ons	4858
wat	4298
jou	4070
van	3843
in	3347
te	3154
hy	2904
vir	2820
sy	2739
maar	2696
gaan	2682
sal	2644
kan	2594
om	2521
dis	2359
so	2205
met	2113
dat	2103
hulle	2036
as	1977
was	1925
ja	1818
kom	1772
moet	1753
nou	1670
hier	1652
daar	1625
op	1580
wil	1486
na	1444
hom	1348
weet	1341
haar	1306
aan	1298
wees	1294
net	1232
nee	1183
doen	1167
nog	1132
goed	1083
dan	1074
hoe	1035
ook	1014
word	1003
sien	920
julle	913
laat	892
by	861
al	840
sê	834
se	826
baie	822
hierdie	805
soos	793
maak	793
dink	754
of	735
toe	718
waar	714
oor	673
alles	650
een	640
niks	628
uit	624
hou	619
bly	618
iets	601
waarom	598
wie	596
meer	596
sou	568
kry	556
kyk	556
goeie	515
man	513
dankie	507
weer	507
deur	500
tog	488
praat	484
gee	473
dag	469
vertel	461
geen	451
werk	449
hê	440
weg	436
nooit	434
wel	428
almal	412
reg	407
kon	402
mense	401
lewe	393
wag	389
altyd	386
terug	380
wou	380
dood	374
sit	363
ma	358
daardie	357
moenie	356
gesê	347
bietjie	340
ander	335
saam	328
mooi	326
help	324
mag	324
vra	321
lyk	319
voor	315
majesteit	313
tyd	305
asseblief	305
vrou	304
ken	299
tot	295
god	293
regtig	293
iemand	291
groot	291
seker	287
neem	287
twee	284
want	284
eers	283
nodig	270
kind	266
af	265
jammer	264
miskien	262
hoor	261
beter	259
begin	256
gedoen	256
meneer	255
anders	254
jaar	252
gebeur	250
gesien	246
verstaan	244
los	242
pa	242
probeer	239
vader	235
huis	235
elke	233
natuurlik	232
omdat	231
moes	227
lank	225
mnr	224
môre	223
gelukkig	223
glo	223
gou	223
eerste	222
mens	222
alleen	220
kinders	220
naam	219
lief	218
speel	217
seun	215
genoeg	215
niemand	214
staan	213
gedink	210
sonder	209
vergeet	208
voel	205
slaap	205
luister	203
liefde	201
selfs	201
heer	198
klein	196
verkeerd	195
vandag	194
bedoel	192
nuwe	191
daarvan	188
soek	186
geld	185
teen	183
graag	181
hoekom	179
stop	179
self	177
onder	174
bring	174
ag	173
liewe	173
eet	171
onthou	169
ou	169
keer	169
gehad	168
de	166
vind	165
plek	163
land	163
moeder	163
wanneer	158
stil	158
dae	158
gekom	157
mamma	157
verskoon	156
geweet	153
skryf	152
sissi	149
gekry	148
ontmoet	146
lees	146
drink	144
gebruik	141
lekker	141
eie	141
nag	140
mekaar	138
kamer	137
totsiens	137
leer	136
geluk	136
watter	135
vriend	134
verloor	134
anna	134
paar	133
laaste	130
hele	130
bang	129
raak	128
later	128
pas	128
hart	127
alle	127
verander	126
gehoor	125
dalk	123
sing	123
wêreld	123
gemaak	123
volgende	122
hoop	122
beste	121
meisie	118
oë	116
dadelik	116
vriende	116
vat	115
veel	114
gek	114
kop	114
leef	113
madame	111
me	111
dinge	108
geword	108
gelede	106
loop	106
enige	106
dogter	105
oop	105
oupa	105
betaal	104
haal	104
trou	103
here	103
beteken	103
lê	102
stel	102
dokter	101
wys	100
ver	100
besoek	99
dieselfde	99
familie	99
verkoop	98
daarvoor	98
drie	98
behoort	98
maklik	98
gibbs	97
saak	97
siek	97
liewer	97
gereed	97
gevra	97
agter	96
huistoe	96
sleg	95
franz	94
daaroor	93
jong	93
hoogheid	93
geskryf	92
hand	91
the	91
klaar	91
deel	90
hande	90
kos	90
pad	90
verder	90
uur	90
vroue	89
verlaat	89
noem	89
dr	88
brief	88
suster	88
sulke	88
ooit	88
oorlog	88
trek	87
steeds	87
tussen	87
skuld	86
mos	85
verby	84
gevind	84
manne	84
haai	84
baas	84
dra	84
regte	84
myne	84
verwag	83
agent	83
aarde	83
lag	83
koning	83
geval	83
enigste	83
stuur	83
water	82
benodig	82
moeilik	82
reeds	82
sterf	82
daarmee	82
luitenant	81
graaf	81
vanaand	81
broer	81
binne	81
woord	80
eintlik	80
pappa	80
besluit	80
dus	80
gaaf	80
stem	79
oomblik	79
keiser	79
koffie	79
idee	78
gegee	78
musiek	77
volg	77
arme	76
wens	76
lig	76
ten	76
gesig	75
daarom	75
gepraat	74
val	74
heidi	73
dames	73
sorg	73
son	73
hulp	72
martin	72
dom	72
buite	71
eer	71
moontlik	71
bed	71
vertrou	71
prins	71
gehou	71
besig	71
antwoord	70
von	70
probleem	70
aanvaar	69
hoeveel	69
verdomp	69
welkom	69
skool	68
presies	68
geniet	68
rus	68
bel	68
vuur	67
mans	67
meisies	67
weke	67
naby	66
koop	66
keiserin	66
mev	66
eens	66
snaaks	66
anne	66
week	65
heel	65
verseker	65
gestuur	65
waarheid	64
gegaan	64
maal	64
mevrou	64
sommer	64
wonderlik	64
dame	64
jouself	64
vol	64
mcgee	64
asb	63
skilder	63
bemin	63
beweeg	63
he	63
ding	63
rede	63
daaraan	63
terugkom	62
voorstel	62
sodat	62
waarvoor	62
vertrek	62
tante	62
woon	61
dans	61
you	61
ouers	61
ernstig	61
haat	61
bestaan	61
bewys	61
myself	61
minste	60
swaar	60
schiller	60
huil	60
gebring	60
tony	60
geheim	60
manier	60
parys	60
gravin	60
terwyl	59
hul	59
slegte	59
oom	59
hemel	59
film	59
mee	58
moeg	58
tel	58
sterk	58
hoef	58
beloof	58
bo	58
nene	58
woorde	57
kwaad	57
ongelukkig	57
veg	57
versigtig	57
draai	57
trots	57
minute	57
warm	56
klink	56
ophou	56
minder	56
nê	56
peter	56
dikwels	56
waarvan	56
johannes	56
asof	56
per	56
storie	55
gewerk	55
ouma	55
hard	55
plan	55
darem	55
prinses	54
vas	54
alreeds	54
amper	54
homself	54
kort	54
heeltemal	54
oud	54
ry	54
bekommerd	54
red	53
onmoontlik	53
volgens	53
wonder	53
baba	53
rustig	53
lug	53
duidelik	53
marie	52
stad	52
joune	52
ziva	52
maande	52
hello	52
vier	52
vergewe	52
lang	52
ontvang	52
getroud	51
jare	51
geloof	51
franse	51
huwelik	51
gevoel	51
generaal	51
reis	51
albei	51
bevel	51
vry	50
albert	50
wyn	50
inger	50
russe	50
birkut	50
majoor	50
besef	50
byna	50
pragtige	50
ben	50
geleer	49
gewees	49
steek	48
gladnie	48
droom	48
verdien	48
vinnig	48
blomme	48
doodmaak	48
eenmaal	48
bos	48
klomp	48
breek	48
kameraad	48
totaal	47
pragtig	47
leopold	47
omtrent	47
fout	47
sekerlik	47
nuus	47
verduidelik	47
ryk	47
enigiets	47
sweer	47
gevaar	47
maand	47
don	46
grap	46
erken	46
doktor	46
roep	46
treurig	46
oral	46
dank	46
rok	45
dinozzo	45
kaptein	45
duitse	45
pyn	45
kolonel	45
einde	45
rooi	45
wenen	45
bereik	45
gilles	44
plesier	44
mis	44
charlotte	44
hare	44
slaan	44
gebou	44
herken	44
liefhet	44
nogal	44
kies	44
plaas	44
tuis	44
frankryk	44
dié	44
hoof	44
frank	44
sedert	44
rembrandt	44
orde	43
langs	43
aand	43
beskerm	43
gesondheid	43
stap	43
venster	43
vreugde	43
deer	43
chabert	43
glimlag	43
watse	43
daarna	43
duiwel	43
gesond	42
spel	42
kant	42
vrede	42
direkteur	42
wakker	42
hond	42
verdwyn	42
stilte	42
hof	42
bloed	42
soort	42
jan	42
mathieu	42
elkeen	42
skoon	42
gooi	42
voordat	42
genoem	41
gemors	41
aangaan	41
komaan	41
gister	41
belangrik	41
voort	41
skiet	41
teken	41
tafel	41
lei	41
min	41
tant	41
verlief	41
see	41
george	40
bier	40
ciske	40
belowe	40
soveel	40
monsieur	40
rond	40
staat	40
boeke	40
waaroor	40
veilig	40
lotte	40
boek	40
verkies	40
oostenryk	40
hitler	40
toekoms	40
soen	40
begryp	40
siedler	39
vyf	39
sophie	39
prokureur	39
muur	39
meester	39
werklik	39
tronk	39
soms	39
geneem	39
nelly	39
elk	39
gelees	39
mal	39
klara	38
hertog	38
engelse	38
oh	38
gaste	38
keith	38
vraag	38
melk	38
druk	38
germain	38
koningin	38
heen	38
caroline	37
klas	37
erg	37
gewoonlik	37
stalingrad	37
daarop	37
madam	37
vang	37
vrees	37
erger	37
gesoek	37
volk	37
hallo	37
grond	37
vermoor	37
verlede	37
perd	36
vryheid	36
ure	36
beide	36
vlieg	36
hiernatoe	36
bedank	36
wen	36
it	36
mammie	36
menere	36
liggaam	36
kans	36
bratek	36
dooie	36
ete	36
beveel	36
ses	36
koud	36
johan	36
beplan	35
verlore	35
duitsland	35
arm	35
werd	35
gebore	35
doodgaan	35
aanval	35
aandag	35
veral	35
vergeef	35
vlaandere	35
doel	35
alceste	35
donker	35
goue	35
jonk	35
spesiale	35
probleme	35
ruyter	35
swak	35
vrae	35
bou	35
jesus	34
ly	34
res	34
seer	34
geveg	34
klop	34
woonstel	34
ncis	34
party	34
vlug	34
eindelik	34
onderwyser	34
vinniger	34
asem	34
slag	34
honger	34
verdra	34
pak	34
liefie	34
slim	34
max	34
papa	34
more	34
gevolg	34
to	34
sand	34
spreek	34
minister	34
polisie	34
prys	34
dorp	34
belang	33
voorbeeld	33
anton	33
hel	33
regkom	33
juis	33
gedood	33
marianne	33
skip	33
verskoning	33
hang	33
verrassing	33
bravo	33
stadig	33
twak	33
teenoor	33
waarheen	33
tuin	33
saamgaan	33
gebreek	33
kalmeer	33
behandel	33
stuk	33
naand	33
gespeel	32
enkele	32
trein	32
eenvoudig	32
situasie	32
bal	32
hongarye	32
eendag	32
mond	32
behalwe	32
hoed	32
rol	32
als	32
boodskap	32
alweer	32
ontdek	32
gelyk	32
idioot	32
nader	32
eboshi	31
vreemd	31
skielik	31
geheime	31
daarin	31
lisa	31
grootste	31
lieflike	31
abby	31
ter	31
wit	31
gebel	31
wind	31
opdrag	31
klim	31
sluit	31
leër	31
moeite	31
swart	31
tas	31
markies	31
uitvind	31
sake	31
brand	31
ivan	30
siel	30
meeste	30
mej	30
verdedig	30
pos	30
langer	30
weggaan	30
vrolik	30
verdomde	30
and	30
ongeluk	30
nommer	30
gewone	30
fees	30
persoon	30
kasteel	30
vroeër	30
tee	30
gryp	30
punt	30
krag	30
waarskynlik	29
vroeg	29
begrawe	29
ruik	29
berlyn	29
verstand	29
hardloop	29
adres	29
groter	29
geskiedenis	29
aurore	29
hiervan	29
seuns	29
teruggaan	29
morange	29
geslaap	29
hospitaal	29
hoog	29
heilige	29
diep	29
graf	29
woud	29
uiteindelik	29
mikkel	29
chopin	29
kunstenaars	29
jag	29
smeek	29
cis	29
herr	28
vera	28
arms	28
weimar	28
vermy	28
bid	28
gesit	28
oortuig	28
russiese	28
moeilikheid	28
henrik	28
duur	28
kontak	28
twyfel	28
foto	28
karin	28
versoek	28
voer	28
platform	28
pérol	28
ware	28
bied	28
admiraal	28
professor	28
vorentoe	28
diens	28
weier	28
name	28
beslis	28
bevestig	27
verloof	27
materiaal	27
front	27
dankbaar	27
bespreek	27
perfek	27
vreemde	27
rug	27
verwyder	27
gebly	27
helder	27
gesteel	27
skoonheid	27
vorm	27
sin	27
straat	27
haastig	27
soldate	27
moed	27
mark	27
ondersoek	27
kar	27
miljoen	27
wells	27
blou	27
lot	27
gang	27
ring	26
derde	26
weermag	26
baron	26
torgny	26
skande	26
lewer	26
harte	26
voorheen	26
nooi	26
talent	26
moment	26
tevrede	26
skei	26
straf	26
gas	26
afspraak	26
skilderye	26
moord	26
leier	26
diere	26
gevaarlik	26
rukkie	26
genade	26
gevang	26
lollo	26
menslike	26
sjampanje	26
ewige	26
toestand	26
siekte	26
span	26
maman	26
kennis	26
sara	26
vrolike	26
gelos	26
verskriklik	25
bome	25
rook	25
oorleef	25
lady	25
geboorte	25
rot	25
regs	25
deesdae	25
beskou	25
sukses	25
ewig	25
yster	25
ok	25
rondom	25
posisie	25
geskenk	25
oorlede	25
ontploffing	25
sny	25
klere	25
les	25
toelaat	25
gehelp	25
dogters	25
swem	25
nevers	25
briewe	25
gewen	25
beurt	25
vaar	25
derville	25
neer	25
horlosie	25
geraak	25
gisteraand	25
beledig	25
steur	25
mees	25
skaam	25
totdat	25
be	25
vyand	24
vloot	24
bekend	24
bom	24
michiel	24
swede	24
gedra	24
selfmoord	24
seisoen	24
verbaas	24
weens	24
wapens	24
ouderdom	24
bevele	24
geken	24
volle	24
sersant	24
andrassy	24
kuier	24
soldaat	24
verskeie	24
koets	24
tree	24
sagte	24
lied	24
beleef	24
kamerade	24
beheer	24
verlang	24
alhoewel	24
pous	24
middel	24
gaudinier	24
hierheen	24
keuse	24
koerant	24
normaal	24
dreyman	24
laai	24
spyt	24
koue	23
veroorsaak	23
vars	23
verklaar	23
kantoor	23
nadat	23
renaud	23
charles	23
gered	23
somer	23
reël	23
uitstekend	23
terugkeer	23
skone	23
durf	23
verhouding	23
san	23
militêre	23
eindig	23
skat	23
moordenaar	23
mooier	23
waarmee	23
solank	23
eerlik	23
oordeel	23
jongman	23
wet	23
glas	23
hotel	23
reguit	23
noudat	23
links	23
renée	23
sülzheimer	23
kuns	23
verkeerde	23
duits	23
gekies	23
toegelaat	23
verras	23
toets	23
voete	23
ongelooflik	23
skaars	23
giesecke	22
fritz	22
kraemer	22
groet	22
inkom	22
ddr	22
vuil	22
stryd	22
sigismund	22
kombuis	22
wonderlike	22
taak	22
inligting	22
opgemerk	22
fuhrer	22
verbeel	22
la	22
mooiste	22
berge	22
tweede	22
spoor	22
bederf	22
ridder	22
johnny	22
mors	22
ashitaka	22
betrokke	22
partymaal	22
toneel	22
marco	22
gawe	22
skree	22
oopmaak	22
gevat	22
lys	22
heerlik	22
pasop	22
even	21
minuut	21
tv	21
parsa	21
nes	21
kanonne	21
middag	21
elisabeth	21
gemis	21
tromp	21
let	21
sommige	21
foon	21
brood	21
hertogin	21
gelei	21
duisende	21
respek	21
aankom	21
woede	21
bus	21
jaloers	21
jode	21
ischl	21
her	21
krypton	21
pole	21
piramide	21
aangenaam	21
besit	21
natuur	21
veiligheid	21
oulik	21
wraak	21
studeer	21
lieg	21
eisenstein	21
verskuif	21
verhoor	21
skuldig	21
gees	21
oog	21
neus	21
ontslae	21
skoene	21
lewendig	21
hanteer	21
ferraud	21
deurmekaar	21
winter	21
verantwoordelik	21
lente	21
helene	20
waag	20
werkers	20
genees	20
satan	20
oefen	20
vloek	20
mateusz	20
netsoos	20
amen	20
for	20
gewoond	20
varke	20
tosia	20
tye	20
voet	20
ekstra	20
beweer	20
mcbride	20
that	20
open	20
gekoop	20
kaart	20
êrens	20
maxence	20
gat	20
dien	20
lazlo	20
aap	20
we	20
sekretaris	20
huur	20
groep	20
rotte	20
mike	20
bymekaar	20
gestraf	20
vis	20
lyding	20
monster	20
kêrel	20
edele	20
vandaan	20
maat	20
tien	20
ontsnap	20
onnosel	20
goeiedag	20
bedrieg	20
teater	20
saamgebring	20
elikser	20
bewonder	20
geglo	19
dop	19
skep	19
danksy	19
half	19
offisier	19
voorberei	19
skade	19
zod	19
hongaarse	19
seuntjie	19
honde	19
voorgestel	19
taal	19
perde	19
stukkie	19
skyn	19
pes	19
slegs	19
vorige	19
bestuur	19
gelukkige	19
grens	19
theo	19
beland	19
waarsku	19
dominique	19
wonders	19
alfred	19
christus	19
bose	19
herstel	19
plig	19
viool	19
afskeid	19
aanbied	19
besigheid	19
bene	19
guns	19
troue	19
weste	19
gestel	19
enigeen	19
koor	19
geliefde	19
ida	19
victor	19
belangrike	19
ingaan	19
floryne	19
nek	19
herinner	19
hieroor	19
getuies	19
buurt	19
faktotum	19
tydens	19
gerus	19
borin	19
bewaar	19
kleintjie	19
sag	19
boord	19
line	19
hoera	18
valse	18
getrou	18
loopbaan	18
groei	18
end	18
pla	18
bediende	18
uitgenooi	18
maniere	18
verhoog	18
vernietig	18
wegkom	18
freimuth	18
waaraan	18
totale	18
adelheid	18
gesluit	18
dak	18
huta	18
rachin	18
hoofkelner	18
nowa	18
fortuin	18
reëls	18
gewag	18
vloer	18
had	18
sekondes	18
persoonlik	18
vermaak	18
geleef	18
ooreenkoms	18
hauser	18
kruis	18
abbs	18
herhaal	18
vervul	18
gesterf	18
omgee	18
interessant	18
dierbare	18
gedurende	18
nêrens	18
lagardère	18
georges	18
barbara	18
verskyn	18
gonzague	18
vermoed	18
wimschneider	18
genooi	18
wille	18
harde	18
hierna	18
rose	18
frans	18
slagoffer	18
gevoelens	18
ontstaan	18
skrik	18
susters	18
verbied	18
voëls	18
lyn	18
wapen	18
regering	18
veronderstel	17
helfte	17
verlof	17
artikel	17
huise	17
jas	17
stasie	17
kook	17
wegneem	17
baptiste	17
stroom	17
sleutel	17
kerk	17
verraai	17
ontken	17
witt	17
mr	17
hiermee	17
uitkom	17
beulwitz	17
snaakse	17
dawid	17
reën	17
voordeel	17
liefste	17
roman	17
bepaal	17
nè	17
verslag	17
vincent	17
goeienaand	17
pret	17
mendez	17
omstandighede	17
vertroue	17
kalm	17
ergste	17
ouens	17
teruggekom	17
liefling	17
reken	17
ontslaan	17
liefgehad	17
telefoon	17
kelder	17
verwerp	17
uitgaan	17
codex	17
pepinot	17
anja	17
wagte	17
lof	17
kafee	17
rekenaar	17
sak	17
bevrees	16
opgewonde	16
geroep	16
troepe	16
spandeer	16
oorwinning	16
vaarwel	16
magtig	16
saggies	16
ooste	16
aanhou	16
rekening	16
gedrink	16
waarin	16
sodra	16
engels	16
vrye	16
jongmense	16
waarop	16
berg	16
waardeer	16
dooies	16
spring	16
las	16
berou	16
wisse	16
verwoes	16
lessenaar	16
gery	16
voorspoed	16
verantwoordelikheid	16
kunstenaar	16
girolamo	16
dors	16
kamers	16
verwelkom	16
vriendin	16
vriendskap	16
dog	16
vrot	16
wayne	16
poolse	16
ontspan	16
rusland	16
byt	16
planne	16
lengefeld	16
sterre	16
clark	16
onthaal	16
dringend	16
merk	16
barones	16
di	16
steel	16
helaas	16
aanvalle	16
gehoorsaam	16
voortgaan	16
kruip	16
mallefille	16
been	16
titus	16
gehoop	16
respekteer	16
béthune	16
rijn	16
brug	16
friedrich	16
foute	15
cityline	15
regent	15
sewe	15
beskryf	15
mensdom	15
eiendom	15
absoluut	15
blind	15
hoër	15
bedien	15
oefening	15
hoek	15
geskiet	15
soontoe	15
besorg	15
verjaardag	15
waarnatoe	15
holland	15
boot	15
dollar	15
heet	15
papier	15
uself	15
misdaad	15
tolik	15
silwer	15
bank	15
september	15
keiserlike	15
openbaar	15
adina	15
soiets	15
streng	15
dorpie	15
skepper	15
kla	15
wa	15
vakansie	15
universiteit	15
lae	15
maria	15
geweld	15
der	15
engel	15
tevore	15
betref	15
sekere	15
ontsteld	15
rössl	15
uitstekende	15
sonde	15
ookal	15
geleentheid	15
klärchen	15
dokters	15
böse	15
paul	15
belofte	15
bestuurder	15
gelaat	15
gesin	15
geloop	15
verheug	15
bars	15
wense	15
verlowing	15
gestop	15
den	15
minstens	15
niggie	15
david	15
toon	15
have	15
smaak	15
vanoggend	15
vaderland	15
gratis	15
oorsaak	15
hemelse	15
stof	15
josepha	15
claire	15
louis	15
gebied	15
kat	15
politiek	15
knyp	15
vleis	14
laas	14
harder	14
ludovika	14
egskeiding	14
ore	14
waarna	14
ontbyt	14
eiers	14
hitte	14
bekostig	14
fuhrmann	14
vent	14
marv	14
hebner	14
onmiddelik	14
gesoen	14
vervelig	14
no	14
perfekte	14
marguerite	14
betyds	14
stoot	14
tande	14
nuut	14
skakel	14
hoedat	14
vyande	14
geskilder	14
poland	14
gesprek	14
jood	14
adolf	14
skoonmaak	14
dogtertjie	14
kal	14
blom	14
finaal	14
beskawing	14
goeiemôre	14
platteland	14
hoë	14
makliker	14
lankal	14
belaglik	14
gelê	14
meter	14
axel	14
leen	14
olivier	14
le	14
skuldige	14
elders	14
heerlike	14
bavaria	14
kollega	14
plaag	14
netso	14
olga	14
groen	14
philinte	14
persoonlike	14
oranje	14
georg	14
bloubaard	14
daarby	14
baklei	14
hiervoor	14
rof	14
borgensgaard	14
operasie	14
borgen	14
ontstel	14
sover	14
regeer	14
rivier	14
st	14
egte	14
magtige	14
agt	14
she	14
bewyse	14
verskil	14
verbind	14
troos	14
weissen	14
netnou	14
oggend	14
treurige	14
roer	14
titel	14
forseer	14
tensy	14
geteken	14
leeg	14
regkry	14
president	14
paleis	14
joseph	14
duitsers	14
opleiding	14
vsa	14
brandmeier	14
verneder	14
oppas	14
koninklike	14
optrede	14
seermaak	14
fotos	13
buggy	13
dalberg	13
verduur	13
sterker	13
voorsitter	13
beroof	13
wolwe	13
pierre	13
rie	13
lewens	13
slaag	13
môreoggend	13
redes	13
jena	13
getuie	13
vandat	13
plante	13
ludwig	13
on	13
voltooi	13
gekyk	13
lane	13
onderbreek	13
skrywer	13
waarde	13
tipe	13
bruid	13
weduwee	13
skepe	13
onlangs	13
duisend	13
dapper	13
skenk	13
daad	13
hoort	13
stella	13
daarteen	13
segerstedt	13
mondain	13
risiko	13
jans	13
heil	13
warskou	13
clement	13
moeilike	13
streke	13
fabriek	13
lieflik	13
agente	13
jaag	13
juffrou	13
lui	13
ene	13
volkome	13
nege	13
kindjie	13
belangrikste	13
drankie	13
personeel	13
kroon	13
kaal	13
identiteit	13
binnelandse	13
drome	13
haas	13
gelieg	13
engeland	13
vereis	13
onreg	13
geselskap	13
adele	13
afgelope	13
verbode	13
bouwerk	13
dierbaar	13
ammunisie	13
raad	13
ruil	13
verpletter	13
skooltoe	13
must	13
jul	13
lande	13
gereël	13
opgehou	13
oktober	13
sir	13
verveeld	13
gunsteling	13
boggelrug	13
vertaling	13
sneeu	13
genadig	13
gemeen	13
omring	13
guardian	13
skreeu	13
donderdag	13
direk	13
euh	13
blameer	13
versamel	13
neef	13
eienaar	13
doodgemaak	13
begeer	13
kamera	13
stories	13
portret	12
dek	12
films	12
noorde	12
dokumente	12
nat	12
wolf	12
koninkryk	12
eed	12
kontrak	12
taia	12
bedreig	12
plekke	12
knieë	12
verniet	12
glad	12
halwe	12
eis	12
amerika	12
hoogste	12
wysheid	12
vooruit	12
aangesig	12
eenvoudige	12
gesing	12
getuienis	12
veld	12
makeer	12
teiken	12
skaak	12
antoine	12
beïndruk	12
boer	12
staatsveiligheid	12
skof	12
maja	12
veels	12
pustë	12
vergelyk	12
geheue	12
bon	12
skildery	12
snags	12
lëer	12
vereer	12
kanada	12
paulus	12
baan	12
spook	12
bakboord	12
fbi	12
boutin	12
beroemde	12
ligte	12
ramp	12
jeug	12
onderweg	12
chazes	12
skuif	12
wed	12
all	12
gauthier	12
shall	12
sekuriteit	12
samelewing	12
eerbare	12
akteurs	12
namens	12
verloop	12
weeshuis	12
oorkant	12
spanje	12
verandering	12
olie	12
woedend	12
kavalier	12
letters	12
uithaal	12
jonger	12
eksellensie	12
okkoto	12
stene	12
bewus	12
dring	12
motor	12
verower	12
wilde	12
bad	12
beskikbaar	12
kleremaker	12
gehuur	12
kok	12
verberg	12
telegrafeer	12
redelik	12
witek	12
byvoorbeeld	12
verlig	12
amnestie	12
reaksie	12
onregverdig	12
reuse	12
saamneem	12
ouer	12
agteruit	12
amerikaanse	12
kleur	12
palmer	12
iewers	12
gestaan	12
sync	12
spot	12
oulike	12
wors	12
radio	12
gely	12
daardeur	12
skoolhoof	12
rudolstadt	12
versorg	12
beloning	12
francesca	12
waarskuwing	12
onsself	12
dorus	12
kas	12
gedroom	12
italië	12
geantwoord	12
verdwaal	12
oplossing	12
swakheid	12
bokant	12
aandoen	12
your	12
politieke	12
optree	12
baltimore	12
hekke	12
onderoffisier	12
toesig	12
navorsing	12
bekommer	12
hoer	12
verband	12
swaard	12
europa	12
goedkoop	12
are	11
batthyani	11
begeerte	11
nago	11
ll	11
pappatjie	11
moro	11
demoon	11
pastoor	11
fiets	11
now	11
uylenburgh	11
with	11
say	11
dier	11
goethe	11
solidatiteit	11
belediging	11
opgestel	11
sofia	11
nutteloos	11
will	11
geweldige	11
rob	11
woordeboek	11
gehaal	11
afstand	11
aantrek	11
senuwees	11
via	11
geduld	11
el	11
versteur	11
aangekom	11
onbekende	11
egter	11
onskuldige	11
daag	11
skuiling	11
toemaak	11
oudste	11
pardon	11
lid	11
paaie	11
onskuldig	11
ontwerp	11
kode	11
ruimte	11
private	11
stam	11
eiland	11
beskerming	11
kêrels	11
verteenwoordig	11
gedagtes	11
omsingel	11
aanskou	11
buig	11
spaar	11
gevlug	11
tronktoe	11
ha	11
dophou	11
boom	11
spore	11
verdrink	11
episode	11
stink	11
vele	11
leeu	11
sel	11
gedagte	11
vliegtuig	11
daarheen	11
ondervraging	11
flou	11
gogh	11
ingelig	11
kersfees	11
jerska	11
bereid	11
das	11
aksie	11
wiesler	11
christa	11
geweier	11
gespanne	11
philippe	11
qélus	11
henri	11
trap	11
oudiënsie	11
masker	11
wond	11
tenks	11
sakke	11
do	11
margueritte	11
danke	11
sop	11
sieland	11
klank	11
smart	11
frau	11
mathias	11
sondag	11
klaarmaak	11
huidige	11
asemhaal	11
beskeie	11
madamme	11
kus	11
atmosfeer	11
basis	11
miljoene	11
sleep	11
kalmte	11
verdere	11
halt	11
nemorino	11
roem	11
meng	11
regterhand	11
idiote	11
wilhelm	11
faust	11
egipte	11
gretchen	11
maatskappy	11
leerlinge	11
bely	11
bevelvoerder	11
hek	11
verneem	11
vashou	11
wegkruip	11
ophang	11
voorlopig	11
hopeloos	11
gesels	11
inneem	11
effek	11
gehuil	11
vingers	11
boere	11
gedig	11
pappie	11
dwarsdeur	11
broers	11
bek	11
heeldag	11
vorder	11
kaas	11
koste	11
klok	10
vliegveld	10
omgewing	10
yusef	10
vodka	10
pleeg	10
preie	10
molière	10
tim	10
agnes	10
navy	10
vance	10
saterdag	10
delilah	10
pensioen	10
iran	10
digter	10
opinie	10
morten	10
toeval	10
aangehou	10
effens	10
gewaarsku	10
francine	10
poussin	10
nasionale	10
stasi	10
armes	10
sëen	10
stand	10
blaas	10
stront	10
goud	10
trappe	10
voorwaar	10
rang	10
kursus	10
verafsku	10
stede	10
beveg	10
skilders	10
verloofde	10
pers	10
belangriker	10
intussen	10
mei	10
skape	10
sosialisme	10
toegang	10
trane	10
ape	10
schepen	10
vlermuis	10
juwele	10
dambodem	10
nogtans	10
toemaar	10
dik	10
afghanistan	10
tweeling	10
opvoeding	10
nuuskierig	10
skelm	10
verval	10
vriendelik	10
hoogte	10
toer	10
buitengewoon	10
bedrieër	10
simpatie	10
pynlik	10
beer	10
verbeter	10
sterkte	10
dinsdag	10
gevolge	10
bok	10
mes	10
konowsky	10
böckl	10
lêer	10
openbare	10
gesweer	10
eenkant	10
toevallig	10
vel	10
vies	10
wegjaag	10
honderde	10
orkes	10
gereeld	10
kees	10
duisternis	10
uittrek	10
come	10
rigting	10
eggenoot	10
jerome	10
ooreengekom	10
tragedie	10
franks	10
bedrog	10
dinee	10
middernag	10
braaf	10
leon	10
oorkom	10
uitgevind	10
regop	10
gespaar	10
gebeure	10
handel	10
absurd	10
ducky	10
thomas	10
oproep	10
brein	10
begaan	10
aanbid	10
toneelspel	10
enkel	10
châtillon	10
gearresteer	10
oorweeg	10
passepoil	10
chinese	10
verkondig	10
inlig	10
gewond	10
bottel	10
sosialistiese	10
herinneringe	10
innsbruck	10
linkmann	10
mononoke	10
oseaan	10
mossad	10
genl	10
jurgen	10
buitelandse	10
hemelsnaam	10
kroeg	10
sebastian	10
kaiser	10
opgestaan	10
piramides	10
vermoë	10
maren	10
geskei	10
cornelis	10
raar	10
london	10
plant	10
missie	10
heildronk	10
erflating	10
gemaklik	10
begaafd	10
loof	10
eenheid	10
vlak	10
joe	10
konsert	10
maag	10
aangesluit	10
reputasie	10
vervang	10
wreed	10
amsterdam	10
lara	10
waansin	10
lippe	10
verklaring	10
toilet	10
baard	10
aurora	10
mars	10
fantasties	10
aanpas	10
inderdaad	10
leë	10
tans	10
vertoon	10
slae	9
aandete	9
persone	9
fontein	9
teorie	9
gesigte	9
begrafnis	9
saskia	9
studente	9
medalje	9
rapporteer	9
hansi	9
kaspar	9
lord	9
sout	9
weeg	9
gekanselleer	9
daagliks	9
hoërskool	9
gebrand	9
sterwe	9
slimmer	9
onderrig	9
nuutste	9
sabine	9
westerse	9
beskuldigde	9
halfuur	9
broek	9
lyf	9
kleiner	9
veilige	9
martha	9
raai	9
madeleine	9
tou	9
aviv	9
sussie	9
teendeel	9
sjarme	9
merkwaardig	9
hendrickje	9
planeet	9
sameswering	9
gevange	9
weggesteek	9
jethro	9
ewigheid	9
gebede	9
tesame	9
partytjie	9
stort	9
advies	9
tjello	9
oudisie	9
serge	9
bes	9
life	9
good	9
herdenking	9
wreek	9
sus	9
paartjie	9
secnav	9
indruk	9
am	9
revolusie	9
vannag	9
jojo	9
senator	9
hugues	9
jarvis	9
spoke	9
hoofstuk	9
ellende	9
slegste	9
karakter	9
gelag	9
dwing	9
lek	9
skare	9
omhels	9
prost	9
werke	9
geheel	9
oorbly	9
kombers	9
stukke	9
geplaas	9
vogelhuber	9
krakow	9
produk	9
voortaan	9
eeue	9
pogings	9
teenwoordigheid	9
at	9
verbrand	9
vet	9
stein	9
ondersteun	9
sein	9
geskep	9
priester	9
behou	9
aanbod	9
vereniging	9
opgee	9
vee	9
afwesigheid	9
bevry	9
gebrek	9
arles	9
klip	9
marsjeer	9
idees	9
verlei	9
kriminele	9
stukkies	9
verpleegster	9
rig	9
hulleself	9
begelei	9
naweek	9
opwek	9
bekom	9
verwys	9
vannaand	9
selde	9
selfoon	9
lois	9
lawaai	9
yakul	9
verwar	9
hout	9
besoeker	9
beantwoord	9
raporteer	9
misverstand	9
possenhofen	9
voorsien	9
brigitte	9
maan	9
cornelia	9
deurgaan	9
rekord	9
stelsel	9
beeldskone	9
konsentreer	9
führer	9
laag	9
saal	9
gesny	9
dryf	9
zoë	9
gevangenis	9
stoel	9
punte	9
nota	9
sjarmant	9
beroemd	9
publiseer	9
ridders	9
duifie	9
onsin	9
andere	9
agtervolg	9
ah	9
aangeval	9
inteendeel	9
waarborg	9
filips	9
heilig	9
kwessie	9
tref	9
park	9
biblioteek	9
passie	9
has	9
xavertjie	9
plat	9
geluister	9
skok	9
verraad	9
lene	9
hemp	9
pasiënt	9
verslaan	9
weerstaan	9
beseer	9
moskou	9
belangstelling	9
liesl	9
vanmiddag	9
arres	9
lam	9
saad	9
aanbeveel	9
liefhê	9
verhoed	9
tübingen	9
oplaai	9
spesiaal	9
goedheid	9
ganse	9
oopgemaak	9
verskaf	9
glorie	9
barbare	9
markin	9
edeles	9
dief	9
feit	9
hm	9
rëels	9
musikant	9
repetisie	9
breydel	9
emosies	9
teks	9
desperaat	9
pop	8
wye	8
sekerheid	8
kleure	8
offisiere	8
besoekers	8
gekke	8
reuk	8
gespreek	8
defnitief	8
saamstem	8
mooie	8
opstaan	8
verplig	8
appetit	8
saligheid	8
spyte	8
aangebied	8
eersdaags	8
deeglik	8
vrygelaat	8
sleutels	8
maatskappye	8
bediendes	8
verpes	8
berei	8
ai	8
vreemdeling	8
driehoek	8
tinette	8
bestel	8
aartappels	8
professionele	8
sig	8
katja	8
feite	8
koek	8
lughawe	8
reageer	8
anderkant	8
verleen	8
resultate	8
eerstens	8
voorwaarts	8
walg	8
proe	8
rugsak	8
duck	8
bloei	8
standbeeld	8
nouja	8
partye	8
gewy	8
emmer	8
deursoek	8
hempf	8
sofie	8
daal	8
haarself	8
gewere	8
steen	8
bladsy	8
dete	8
machteld	8
gesonde	8
stry	8
renoir	8
spek	8
vroutjie	8
skild	8
opera	8
uitstel	8
vlees	8
walters	8
wee	8
verblyf	8
oos	8
koel	8
styl	8
steun	8
nazi	8
angs	8
bloot	8
ekself	8
gate	8
konserwatorium	8
tydelik	8
verskrik	8
speurder	8
stukkend	8
ga	8
korrek	8
slivovitz	8
vabond	8
tekort	8
dubbel	8
getref	8
bamberg	8
model	8
bokke	8
kalb	8
twaalf	8
optel	8
wyk	8
geskree	8
vlaamse	8
organiseer	8
bors	8
gegroet	8
hi	8
koetsier	8
illusie	8
ras	8
hongaar	8
knik	8
blykbaar	8
seeburger	8
nilsson	8
eenkeer	8
bankrot	8
hulself	8
vals	8
snuffel	8
vul	8
komies	8
verlies	8
saamkom	8
suksesvol	8
verkry	8
geweldig	8
gesag	8
beaulieu	8
hongare	8
duiwe	8
skoot	8
auvers	8
vlugteling	8
regmaak	8
ingekom	8
hongaars	8
geëet	8
rykdom	8
ontbied	8
dead	8
berig	8
ewe	8
stemme	8
if	8
styf	8
can	8
weggegooi	8
nare	8
penning	8
sending	8
ontwikkel	8
buurman	8
onderwerp	8
toewyding	8
uitmekaar	8
suiwer	8
mendel	8
carlo	8
mariechen	8
vervloekte	8
ontvangs	8
saamwerk	8
verg	8
algemene	8
mediese	8
miss	8
besondere	8
weeskind	8
aangetrek	8
beskuldig	8
gesteur	8
opneem	8
delbecq	8
nitto	8
profiel	8
doctor	8
weerklink	8
spiegel	8
thank	8
burger	8
student	8
defensie	8
bruidegom	8
gewonder	8
vark	8
identifiseer	8
sinne	8
sitkamer	8
not	8
kleinste	8
handewerk	8
musikante	8
siende	8
okay	8
ruim	8
honecker	8
kroger	8
suid	8
kamerbediende	8
strategie	8
informant	8
mulatschak	8
bewonderaars	8
sosiale	8
tamatie	8
isabelle	8
wrede	8
terugkry	8
lelik	8
adieu	8
krap	8
skouer	8
meestal	8
leed	8
mademoiselle	8
koms	8
vreeslike	8
toneelstuk	8
lastig	8
misanthrope	8
privaat	8
staar	8
kamp	8
koekie	8
afgesny	8
aangestel	8
toekomstige	8
messelaar	8
vierde	8
gewete	8
stert	8
handskrif	8
sandra	8
afgevaardigde	8
grote	8
toestemming	8
dal	8
eli	8
aaklige	8
uitgeput	8
figuur	8
held	8
storm	8
kultuur	8
drank	8
cotillion	8
betaling	8
katelijne	8
aaklig	8
noodlot	8
verlange	8
sigarette	8
rosalinde	8
divisie	8
teef	8
belas	8
hoede	8
geslaan	8
briljant	7
grys	7
instrument	7
oorhand	7
schwenke	7
gewoon	7
spoedig	7
gebaar	7
kis	7
jsoc	7
pen	7
gun	7
onderhandel	7
styg	7
ateljee	7
finland	7
koppe	7
flinck	7
dronk	7
sweedse	7
haag	7
velde	7
studeerkamer	7
kopie	7
enigiemand	7
gids	7
rys	7
bak	7
stuurboord	7
gaande	7
pruik	7
present	7
bladsye	7
wagwoord	7
kollegas	7
gwijde	7
klippe	7
jagter	7
wetenskap	7
vanmore	7
belange	7
organisasie	7
fyn	7
brugge	7
ondertoe	7
moderne	7
mallard	7
golwe	7
reik	7
stappe	7
adam	7
tobias	7
blyk	7
antoinette	7
switserse	7
hawe	7
voormalige	7
vrouens	7
teenwoordig	7
fornell	7
lêers	7
pieter	7
broodjies	7
diegene	7
tulp	7
kreatuur	7
takbok	7
gevorm	7
sogenaamde	7
besonderhede	7
matroos	7
skatjie	7
onredelik	7
besorgd	7
samewerking	7
meet	7
aandring	7
aansluit	7
era	7
weesheer	7
skop	7
heks	7
verskuldig	7
mario	7
gachet	7
stephanie	7
rusie	7
maupassant	7
gehang	7
republiek	7
nicolas	7
lakme	7
tekens	7
boontoe	7
beëindig	7
handtekening	7
lus	7
troon	7
arnaud	7
verbanning	7
wek	7
eeu	7
bykom	7
vroliker	7
farao	7
getuig	7
bedek	7
koppie	7
ontplof	7
voorskot	7
prosedure	7
krimineel	7
faraos	7
verneuk	7
toue	7
opvang	7
skink	7
lafaard	7
opoffering	7
notaris	7
woude	7
heeltyd	7
interesant	7
vlerke	7
voorbereid	7
malhuis	7
aangesien	7
verbeelding	7
but	7
radios	7
dankbaarheid	7
geweer	7
breena	7
pentagon	7
fort	7
uitvoering	7
meen	7
hoofkwartier	7
uh	7
stelling	7
bui	7
studie	7
uniform	7
indien	7
rekenaars	7
wereld	7
kontant	7
ondervra	7
sirkel	7
swanger	7
stilbly	7
gif	7
droog	7
euros	7
klokke	7
tere	7
geliefdes	7
altwee	7
wiedemann	7
voël	7
sigeuners	7
invloed	7
boggel	7
versameling	7
spanning	7
laf	7
katolieke	7
klavier	7
ploeg	7
viktor	7
voorskyn	7
ekskuus	7
opbou	7
wetenskaplike	7
sport	7
kap	7
klassieke	7
opgedra	7
sukkel	7
grubitz	7
voorkom	7
lonla	7
openlik	7
kliniek	7
produksie	7
geskok	7
aanvaarbaar	7
bure	7
pippo	7
enetjie	7
boniface	7
gilbert	7
orlofsky	7
gedans	7
ooreen	7
mode	7
resultaat	7
vasektomie	7
wrak	7
oordryf	7
falke	7
buis	7
uitnooi	7
vergesel	7
vervloek	7
terg	7
hop	7
drankies	7
versteek	7
stout	7
gewillig	7
go	7
pype	7
huiswerk	7
rapport	7
gly	7
lenin	7
bitter	7
cms	7
ideaal	7
eugene	7
weerstand	7
prof	7
ile	7
ré	7
gewas	7
vertoning	7
minnaar	7
biertjie	7
ordentlike	7
christine	7
voorreg	7
gebid	7
toespraak	7
kompetisie	7
aankondiging	7
masjien	7
vergroot	7
deksels	7
opgeneem	7
duim	7
superman	7
dokument	7
burski	7
langsaan	7
aanhoudend	7
blik	7
agtergrond	7
babbel	7
geneser	7
dwaal	7
agterste	7
heuwel	7
hanka	7
kwyt	7
km	7
skepping	7
papiere	7
blare	7
versprei	7
gelukkiger	7
april	7
grawe	7
kupido	7
band	7
verwerk	7
vrek	7
und	7
drinke	7
verhaal	7
wyse	7
donder	7
oordink	7
geskik	7
comrak	7
creevy	7
uitsig	7
houding	7
spruit	7
marinier	7
onderhoud	7
yseult	7
donkie	7
hanna	7
geklim	7
dagbreek	7
aanmekaar	7
goodbye	7
ari	7
bewe	7
uitgooi	7
koerante	7
nagte	7
uitlos	7
hoofman	7
otto	7
vloei	7
ontruim	7
burgemeester	7
boucard	7
verwyt	7
lap	7
mam	7
lewende	7
skud	7
poging	7
eg	7
plus	6
mathilde	6
ketting	6
afgehandel	6
verbreek	6
goût	6
telegraafkantoor	6
lok	6
chacun	6
vondel	6
stadsaal	6
vurige	6
krone	6
bedelaar	6
vlaminge	6
marthe	6
verdeel	6
wolke	6
wieg	6
vensters	6
byeenkoms	6
intelligent	6
renard	6
italianer	6
ingewikkeld	6
sekonde	6
aangename	6
skote	6
opgebou	6
fluister	6
hyself	6
gade	6
nuwejaar	6
mislukte	6
opstand	6
pynig	6
hopelik	6
pligte	6
sondaar	6
sitplek	6
offer	6
beeldskoon	6
lepel	6
perdry	6
getoon	6
thunder	6
koper	6
beminde	6
japon	6
masha	6
belasting	6
vergifnis	6
generasie	6
phantom	6
verdoem	6
unieke	6
lokval	6
kettings	6
vroedvrou	6
rëen	6
olya	6
frosch	6
goeiemiddag	6
bestem	6
opgelei	6
dienste	6
delikaat	6
almagtige	6
versterking	6
onbeskof	6
vulgêr	6
aard	6
instem	6
pamflette	6
lomp	6
skandaal	6
bedrag	6
direkte	6
geel	6
veroordeel	6
burgers	6
nouliks	6
oorgegee	6
aangeneem	6
anoniem	6
willem	6
voorwaardes	6
voorwerp	6
kougom	6
handelaar	6
verstom	6
omruil	6
franzl	6
jacques	6
gevaarlike	6
sanger	6
vrygewig	6
opstel	6
noot	6
sire	6
goedkeuring	6
appel	6
italiaanse	6
armsalige	6
beset	6
doek	6
wandel	6
robrecht	6
wonde	6
verraaiers	6
minnaars	6
cezanne	6
tuine	6
galant	6
smal	6
voorspel	6
baadjie	6
onttrek	6
buchenwald	6
wettige	6
wonderwerke	6
speletjies	6
simbool	6
tom	6
verskillende	6
arizona	6
bestudeer	6
hardkoppig	6
vanselfsprekend	6
menslik	6
leiers	6
kanselleer	6
soggens	6
finansiële	6
skeur	6
kelner	6
smelt	6
infantrie	6
egiptiese	6
jo	6
labréde	6
ongemaklik	6
middagete	6
domkop	6
beklemtoon	6
hooth	6
behuising	6
hardste	6
ignoreer	6
spioeneer	6
romene	6
aangetas	6
hoes	6
monsters	6
begrepen	6
werklikheid	6
boos	6
twintig	6
toki	6
inventaris	6
julie	6
sluip	6
oorneem	6
verbygaan	6
adelike	6
lamp	6
lyke	6
pyl	6
verplaas	6
oracle	6
nordiese	6
woestyn	6
woning	6
gastekamer	6
data	6
pruise	6
beeste	6
opgegee	6
poets	6
hartklop	6
grappies	6
aangedring	6
oortree	6
longe	6
weggeloop	6
koors	6
marsman	6
maatsuyker	6
aanlyn	6
reggekry	6
smokkel	6
klaarkom	6
luis	6
genaamd	6
whoa	6
hoofpyn	6
buiten	6
catherine	6
inwoners	6
welke	6
afghaanse	6
vries	6
voog	6
televisie	6
bron	6
geklee	6
gegroei	6
geeste	6
perry	6
balkon	6
bedreiging	6
vrydag	6
hiervandaan	6
rykes	6
interessante	6
suur	6
antieke	6
inhou	6
opgeblaas	6
julien	6
gekos	6
spoeg	6
geblus	6
kanker	6
antwoorde	6
dna	6
vervolg	6
grootgeword	6
strand	6
benadeel	6
rommel	6
edelman	6
gedruk	6
wese	6
skrywers	6
opereer	6
né	6
ordentlik	6
vanuit	6
kool	6
skaamte	6
forssman	6
ontbloot	6
karen	6
nagmerrie	6
grootgemaak	6
neergesit	6
roerend	6
göring	6
afstootlik	6
verhinder	6
well	6
parsons	6
kragtig	6
rolle	6
night	6
gabriël	6
herberg	6
biskop	6
geregtigheid	6
skaakmat	6
hinder	6
sterkste	6
verf	6
vertraag	6
vanmôre	6
gras	6
lewend	6
soete	6
lenz	6
regter	6
bestorm	6
kunsmis	6
selfsugtig	6
woensdag	6
speelding	6
repeteer	6
ruk	6
vrugte	6
ewebeeld	6
salig	6
klasmaat	6
bestemming	6
ongelukkige	6
skurke	6
reiser	6
sensitiewe	6
rosé	6
jakkals	6
sarah	6
ingestem	6
verveel	6
betrap	6
franklin	6
verban	6
vrolikheid	6
daai	6
asano	6
familiehof	6
vaak	6
luba	6
murray	6
aardse	6
jiko	6
suinig	6
opgelos	6
omsien	6
belangstel	6
us	6
leuenaar	6
versmoor	6
seergemaak	6
sowaar	6
tikmasjien	6
pond	6
histeries	6
laptop	6
yuan	6
dade	6
chou	6
verhoudinge	6
sedertdien	6
klap	6
israel	6
beny	6
ernstige	6
skadu	6
cesca	6
hgw	6
geloofsbriewe	6
wolfgang	6
radar	6
aanslag	6
volwasse	6
tamaties	6
nood	6
chaos	6
arrogant	6
ietwat	6
doof	6
sisteem	6
geplant	6
gedrag	6
liter	6
skerp	6
eise	6
jenever	6
dun	6
ongeveer	6
plaaslike	6
skik	6
katastrofe	6
gebeurtenis	6
eerlikheid	6
vreeslik	6
ondanks	6
kring	6
turke	6
tiran	6
onnodig	6
ster	6
soentjie	6
maagd	6
sondae	6
spaghetti	6
knebel	6
napoleon	6
misbruik	6
naar	6
verteenwoordiger	6
dele	6
terloops	6
abeele	6
skeef	6
taai	6
decaluwé	6
derby	6
lesing	6
rare	6
enorme	6
vreemdelinge	6
vyfde	6
afgeval	6
interesseer	6
groete	6
eersteminister	6
vergadering	6
klasse	6
gasvrou	6
netjies	6
arresteer	6
februarie	6
körner	6
konserte	6
ervaring	6
sagter	6
vrywilligers	6
seën	6
toring	6
normale	6
visse	6
solo	6
rye	6
element	6
herlaai	6
wonderwerk	6
terugtrek	6
skoonseun	6
koekoe	6
digters	6
oorboord	6
domme	6
vanaf	6
slot	6
matrose	6
noorweegse	6
werker	6
pet	6
wegsteek	6
vlag	6
wauw	6
nr	6
geslaag	6
seile	6
kievit	6
aansoek	6
aangevang	5
torgau	5
onderwysers	5
roomys	5
omdraai	5
uitweg	5
tegnies	5
id	5
kraak	5
sakdoek	5
sluk	5
rondloop	5
weggehardloop	5
ontmoeting	5
rosie	5
laggend	5
spieël	5
pasiënte	5
katjie	5
bleek	5
families	5
opklim	5
ontwyk	5
treurigheid	5
beduie	5
sang	5
armoede	5
junie	5
appels	5
ingebring	5
waai	5
nut	5
warmte	5
skeer	5
sektor	5
identifikasie	5
bêre	5
slaapkamer	5
voorstelling	5
melkman	5
muisie	5
natalia	5
badkamer	5
finale	5
transaksies	5
betekenis	5
blootgestel	5
ontdekking	5
toneelspeel	5
oord	5
ens	5
wolff	5
onthoof	5
boonop	5
klauwaerts	5
beroep	5
wild	5
kerse	5
ondergronds	5
lieschen	5
arthur	5
gewoonte	5
naamlik	5
jonges	5
hollister	5
opruim	5
teerheid	5
professie	5
beweging	5
flanders	5
eetgerei	5
skoonmaakster	5
opgelet	5
meesteres	5
bevolking	5
regiseur	5
weggooi	5
toernooi	5
hegtenis	5
haasdonck	5
josef	5
praatjies	5
opgesluit	5
verag	5
belê	5
herfs	5
gelui	5
meubels	5
klante	5
droë	5
beoordeel	5
goedbeheerste	5
kommunikasie	5
benham	5
kele	5
koers	5
tegnologie	5
afsku	5
skrikwekkende	5
verspot	5
gerard	5
hermann	5
leuens	5
teleurgesteld	5
aansteek	5
stoffels	5
mannheimer	5
fluit	5
ontslag	5
doodstil	5
gackl	5
gemakliker	5
geskeur	5
agentskap	5
gedraai	5
pirjo	5
bodem	5
fransman	5
hoogs	5
dieper	5
byl	5
weddenskap	5
kou	5
noorweë	5
kelders	5
skoonma	5
alarm	5
dreig	5
neutraliteit	5
permanente	5
voeg	5
joodse	5
dekking	5
corbin	5
kante	5
auschwitz	5
hut	5
metodes	5
slegter	5
chagrin	5
gepak	5
uitdrukking	5
eensaam	5
broertjie	5
beelde	5
tydjie	5
bedryf	5
beskrywing	5
metgesel	5
spyware	5
uitgegooi	5
soetste	5
november	5
onskuld	5
duif	5
hondjie	5
versterk	5
mama	5
verrassings	5
oorweldig	5
toegestaan	5
washington	5
leeftyd	5
opgevoed	5
onbekend	5
sjarmante	5
ondervinding	5
deurbring	5
suiker	5
voordeur	5
onmiddellik	5
oronte	5
gesinne	5
landremont	5
kombuismeisie	5
hartlik	5
beskaafdheid	5
villa	5
staatmaak	5
moontlike	5
inmenging	5
getroude	5
gesorg	5
skoenmaker	5
heinrich	5
querrec	5
mouton	5
oorspronklik	5
vandale	5
gelaai	5
mure	5
verdorie	5
uiterste	5
opgetel	5
teleurstel	5
slet	5
taktiek	5
heers	5
tweemaal	5
anti	5
monseur	5
kameras	5
eerbaar	5
offisiële	5
grappie	5
ere	5
aansteeklik	5
pynlike	5
thy	5
omgaan	5
isolasie	5
paniek	5
telegram	5
oordoen	5
tradisionele	5
hofsaak	5
weggeneem	5
raas	5
stom	5
kruie	5
uittree	5
glatzentrost	5
agtergelaat	5
miguel	5
kilos	5
aankondig	5
australië	5
ondervind	5
mannetjie	5
daarsonder	5
gerugte	5
salzkammergut	5
bemoei	5
remy	5
senuweeagtig	5
aktriese	5
gevegte	5
voorgee	5
strickland	5
verbeteringskool	5
gevier	5
komplimente	5
aanneming	5
uitnodiging	5
intelligensie	5
pepperl	5
standaard	5
ervare	5
from	5
christ	5
griekeland	5
wyfie	5
voorval	5
prooi	5
rotse	5
gelukkigste	5
volledig	5
titta	5
natuurlike	5
maart	5
kluitjies	5
noukeurig	5
moontlikheid	5
oplos	5
away	5
oordra	5
hu	5
slagoffers	5
heilsberg	5
strate	5
boete	5
this	5
gemerk	5
moeders	5
getelegrafeer	5
samurai	5
wes	5
look	5
historiese	5
vuilgoed	5
gerd	5
arriveer	5
walvis	5
posisies	5
kalatsch	5
sorge	5
baggasie	5
klanke	5
romeense	5
oorgekom	5
vroeë	5
opgespoor	5
koroku	5
brandstof	5
poort	5
briljante	5
vinnige	5
uitgesluit	5
voed	5
hulpeloos	5
skeel	5
russies	5
streel	5
onderwys	5
oortreding	5
inspeksie	5
jagters	5
wals	5
tragiese	5
bywoon	5
ton	5
hoenders	5
loer	5
senuagtig	5
euro	5
maandag	5
up	5
restaurant	5
aantal	5
verkiesing	5
opsluit	5
insident	5
uitbreek	5
lenny	5
holdrio	5
weiss	5
hoender	5
kaartjies	5
augustus	5
program	5
keuses	5
etenstyd	5
swaan	5
moreno	5
drama	5
irriteer	5
pryk	5
teruggetrokke	5
kleinkinders	5
trauma	5
behandeling	5
verongeluk	5
roof	5
kansas	5
konstruksie	5
adem	5
frankfurt	5
motief	5
agterkom	5
geur	5
stief	5
intieme	5
pleit	5
alpöhi	5
rokke	5
eksklusief	5
departement	5
valence	5
tenk	5
minagting	5
velle	5
nuuskierigheid	5
juweel	5
virginie	5
testament	5
afkom	5
belgië	5
meynard	5
skerwe	5
uitsondering	5
bog	5
plofstof	5
geleenthede	5
gedeel	5
heeltemaal	5
meiereder	5
permissie	5
brotherhood	5
bestee	5
gelukwens	5
prent	5
spontaan	5
simpel	5
verbinding	5
nikolai	5
voortreflike	5
kussing	5
stank	5
verrotte	5
agterkant	5
poppie	5
there	5
prima	5
outisme	5
chris	5
eerder	5
loon	5
voldoen	5
januarie	5
saai	5
federale	5
plattelandse	5
petrol	5
gemeenskap	5
benjamin	5
robbins	5
paspoort	5
gedaan	5
letterlik	5
hey	5
only	5
over	5
dol	5
verdink	5
bennie	5
nederland	5
daaruit	5
bruis	5
doelwitte	5
boet	5
verfilm	5
skoondogter	5
stiefie	5
doodsertifikaat	5
geagte	5
skuimende	5
luid	5
weiveld	5
probie	5
telkens	5
verhewe	5
then	5
weldra	5
afgeneem	5
im	5
binnekort	5
diepte	5
kilometers	5
bekyk	5
hendrik	5
loslaat	5
medikasie	5
gevalle	5
literatuur	5
moeiliker	5
vroulike	5
rowers	5
nonsens	5
sms	5
sigaret	5
nadira	5
adelikes	5
gevoer	5
dienaar	5
skedel	5
tannie	5
muis	5
adel	5
pateties	5
helena	5
claudette	5
kent	5
vanself	5
bereken	5
kern	5
amerikaners	5
instruksies	5
klimaat	5
oorgaan	5
voorwaarde	5
johann	5
gouer	5
skoonpa	5
nederlande	5
prente	5
voorkoms	5
afgespreek	5
hartseer	5
boonste	5
beeld	5
angers	5
reggemaak	5
aangekondig	5
afhandel	5
onderhou	5
konings	5
malman	5
skrikgemaak	5
toegesluit	5
gödöllö	5
studio	5
verwurg	5
veiligheidspolisie	5
legioen	5
stewels	5
duld	5
onteer	5
aanvoerder	5
gekla	5
verraaier	5
leonid	5
six	5
make	5
verdaag	5
afhaal	5
pakkie	5
onseker	5
streef	5
helm	5
inspireer	5
resep	5
sugte	5
wiel	5
korporaal	5
ravoux	5
wins	5
vasgevang	5
sweef	5
trompetspeler	5
ontvoer	5
gedreig	5
spoed	5
voortbring	5
madeira	5
kapelaan	5
liedjie	5
afsny	5
klou	5
luukse	5
afhang	5
argument	5
helde	5
lyons	5
wolzogen	5
opwindend	5
corfu	5
boude	5
daartoe	5
uitgedruk	5
athene	5
inspirasie	5
verenig	5
verniel	5
moordenaars	5
hamilton	5
publieke	5
herbergier	5
hans	5
voorvaders	5
tandpyn	5
tydperk	5
verleentheid	5
verwyl	5
krisis	5
adellike	5
adellikes	5
erkenning	5
glase	5
werkkamer	5
eersteklas	5
dulcamara	5
lede	5
slagspreuk	5
aktrise	5
uitsonderlik	5
suide	5
janek	5
selle	5
betwyfel	5
streek	5
nederige	5
erewoord	5
betowerend	5
uithou	5
tandarts	5
besope	5
getalle	5
ink	5
planet	5
gedryf	5
speletjie	5
soene	5
netjiese	5
boodskapper	5
modelle	5
benader	5
kanon	5
bewapen	5
aanneem	5
diplomasie	5
skoongemaak	4
beskikking	4
weeshuise	4
veiliger	4
meesterstuk	4
tooi	4
leyla	4
hoofstad	4
klaarkry	4
grinnik	4
ongeloof	4
fluoorsuur	4
groente	4
ingegaan	4
gebreekte	4
kolle	4
bevat	4
toegewyd	4
verrot	4
voorlees	4
opgetree	4
bril	4
verbly	4
skielike	4
tone	4
absolute	4
heftig	4
geringste	4
goeddoen	4
verterende	4
bemanning	4
spoel	4
vlugtelinge	4
verdagte	4
rand	4
amateur	4
gekruis	4
larry	4
karakters	4
gesteelde	4
ingang	4
remember	4
selfsugtigheid	4
kwesbaar	4
diskresie	4
better	4
slagveld	4
inspekteur	4
flik	4
skerm	4
oudag	4
nadink	4
buitengewone	4
bordeel	4
sorry	4
geïdentifiseer	4
again	4
wissel	4
verdryf	4
kaboel	4
sloot	4
slukkie	4
toewens	4
kenneth	4
strepe	4
hank	4
ingee	4
opgeroep	4
opgepas	4
opstyg	4
landing	4
rolf	4
sink	4
titanic	4
trixie	4
onderwêreld	4
clipman	4
off	4
eksamen	4
stadium	4
gelewer	4
vliëende	4
behulp	4
kilo	4
onwettige	4
should	4
strikke	4
manlike	4
begeleiding	4
jellie	4
spaanse	4
firmament	4
motel	4
afgekom	4
bach	4
vryer	4
brëe	4
siening	4
du	4
bestellings	4
renatka	4
minimum	4
goedgekeur	4
sonsopkoms	4
kommitee	4
terrorisme	4
jouvet	4
lieflikste	4
voortreflik	4
kierie	4
leerling	4
speelgrond	4
floreer	4
re	4
apie	4
fret	4
rugdekking	4
cheops	4
wallersee	4
stonehenge	4
getik	4
tiende	4
opgerig	4
sonata	4
tanneur	4
alpe	4
gent	4
onvergeeflik	4
opelugmis	4
beman	4
gegil	4
ys	4
ministerie	4
afkomstig	4
gearriveer	4
siektes	4
nagereg	4
glip	4
joernaal	4
jongmanne	4
gedank	4
sweet	4
rottenmeier	4
wenner	4
werf	4
dwase	4
ingeneem	4
kompromis	4
mik	4
marta	4
riviere	4
knie	4
weldoener	4
psalm	4
ondersteuning	4
grootword	4
glaeske	4
inbring	4
aspek	4
ekonomiese	4
straal	4
oorlaai	4
gese	4
trekker	4
tuiste	4
selfde	4
versier	4
kommunisme	4
elemente	4
stal	4
vc	4
stadige	4
priesters	4
ontrou	4
swakker	4
bejammer	4
dagvaar	4
hope	4
christen	4
oorwin	4
sintuie	4
geskud	4
aurier	4
geskors	4
vlissingen	4
oorwinnings	4
verspil	4
dominee	4
navraag	4
aansit	4
koppig	4
lofgesang	4
beklee	4
gebruikte	4
erich	4
grootmense	4
waarhede	4
bestevaer	4
naïf	4
genesing	4
verskille	4
versoen	4
modder	4
inhoud	4
dopgehou	4
gesprekke	4
vermeerder	4
gevul	4
aanwysings	4
getuigskrif	4
gerespekteer	4
verrig	4
plastiek	4
poepol	4
gebloei	4
fabritius	4
arbeider	4
betower	4
andersom	4
bokwagter	4
vernederend	4
wal	4
xavier	4
ingegee	4
getrek	4
onsterflikheid	4
hiep	4
wingerd	4
humor	4
neefs	4
rochelle	4
nageslag	4
mislukking	4
poste	4
amptelik	4
oplei	4
back	4
jawel	4
kwas	4
provokasie	4
morning	4
momente	4
verpligtinge	4
cathy	4
first	4
orléans	4
verhuis	4
flore	4
aanspraak	4
pomp	4
woordjie	4
lisensie	4
vaartuig	4
bright	4
sjieling	4
skobbejak	4
terugneem	4
sopas	4
onaangename	4
aha	4
voorraad	4
mening	4
memoirs	4
pierway	4
stoor	4
mcguire	4
ontsteker	4
opgemaak	4
geopen	4
huygens	4
nederig	4
beginsel	4
veldtog	4
gebuig	4
magiese	4
hys	4
lakei	4
verkenners	4
geslag	4
grieks	4
garde	4
pistool	4
deurbreek	4
fokus	4
hierin	4
stilmaak	4
liedjies	4
voorste	4
mainframe	4
ingeskryf	4
nagegaan	4
verborge	4
emmanuelle	4
toegeken	4
benton	4
moederland	4
besete	4
indrukwekkend	4
eina	4
who	4
voëltjie	4
krygers	4
betroubare	4
bekwame	4
onderkry	4
teleurstelling	4
ania	4
woeste	4
verklap	4
ontsteking	4
entoesiasties	4
besluite	4
bestyg	4
afgebrand	4
tipies	4
stralende	4
franzie	4
mansklere	4
chevalier	4
maldives	4
ontsyfer	4
geskuif	4
arbeiders	4
oorgee	4
des	4
praag	4
because	4
detail	4
luit	4
masjiene	4
sers	4
herbou	4
gabs	4
dollars	4
genië	4
motschekiebchen	4
koppige	4
ii	4
sesde	4
onaangenaam	4
afstaan	4
beijing	4
treur	4
oorgebly	4
mede	4
beker	4
kekkel	4
soet	4
sprake	4
toere	4
paasfees	4
stinkende	4
württemberg	4
internet	4
would	4
beswaar	4
gesteek	4
sieg	4
omhelsing	4
porter	4
gevangene	4
foutjie	4
swaer	4
skepsel	4
avanti	4
uitnodigings	4
deugde	4
republikeine	4
wanorde	4
eensaamheid	4
korps	4
betroubaar	4
uitbundig	4
battery	4
genie	4
going	4
jonge	4
aanvang	4
vertraging	4
walter	4
bashan	4
lekkerder	4
wegraak	4
leiding	4
korter	4
gewig	4
twitter	4
angelika	4
besteel	4
monikke	4
luise	4
hartaanval	4
profeet	4
vlamme	4
state	4
gram	4
boei	4
trouens	4
nommers	4
gewys	4
desmet	4
verhef	4
dekades	4
uitgewerk	4
onse	4
sekermaak	4
part	4
vennoot	4
oorblyfsels	4
afloop	4
verbrou	4
sentimeter	4
kliënt	4
gesmelt	4
simonnin	4
koeie	4
ondergang	4
puppets	4
machaca	4
aangesteek	4
opkom	4
wegsteekplek	4
benadering	4
winkel	4
gepleeg	4
hè	4
goedkeur	4
strik	4
stoele	4
afgeknou	4
kamiel	4
vervaardig	4
agterna	4
atlantiese	4
hup	4
skaal	4
christelike	4
nogmaals	4
gestaak	4
becker	4
meerderheid	4
jurk	4
handskoene	4
getroos	4
som	4
hitmen	4
vinger	4
verhale	4
boosheid	4
burgeroorlog	4
bogaerts	4
eylau	4
faith	4
olimpiese	4
chan	4
gong	4
toebroodjies	4
afgeskakel	4
virginia	4
veldmaarskalk	4
weggevat	4
gordyne	4
krygsraad	4
sekretaresse	4
kuba	4
longontsteking	4
skole	4
veragtelik	4
botter	4
eier	4
know	4
uitgevoer	4
hotelkamer	4
uitdaging	4
gesneuwel	4
dam	4
golf	4
ryp	4
kwartiere	4
ingeval	4
linie	4
omgekom	4
swyg	4
tweegeveg	4
daarlangs	4
sjoe	4
slanery	4
verminder	4
beurs	4
amptenaar	4
gevangenes	4
uitstaande	4
ekselensie	4
lekkergoed	4
dorptoe	4
fase	4
ervaar	4
resl	4
redding	4
lading	4
kuswag	4
godeschal	4
nohant	4
onafhanklik	4
terence	4
kandidaat	4
him	4
lojale	4
whiting	4
field	4
nagelaat	4
terrein	4
sulkes	4
provinsie	4
ween	4
preek	4
why	4
lelike	4
gehardloop	4
sentrum	4
parade	4
return	4
gereelde	4
herleef	4
verwagtend	4
reisiger	4
sieke	4
grafte	4
boodskappe	4
seine	4
bevind	4
vertroebel	4
knoop	4
grotes	4
leroy	4
beproef	4
juf	4
ooms	4
visvang	4
kwart	4
hawer	4
chad	4
ondraaglik	4
naaldwerk	4
strale	4
voorblad	4
ramirez	4
verheugd	4
tak	4
hilda	4
varkhok	4
heelwat	4
petzmacher	4
dode	4
dig	4
outoriteit	4
slette	4
cook	4
gepubliseer	4
stadiger	4
pis	4
prag	4
skatte	4
permanent	4
kazmi	4
voeter	4
nederlandse	4
skuil	4
eindelose	4
chapotel	4
pouse	4
anita	4
wonderbaar	4
eksperiment	4
mensheid	4
regverdige	4
geertje	4
vererger	4
beginsels	4
wegloop	4
heiliges	4
agterplaas	4
sentrale	4
waardes	4
saamwees	4
camus	4
suurlemoen	4
kruispad	4
sonja	4
uurglas	4
skynbaar	4
günther	4
medisyne	4
gesmeek	4
rumatiek	4
genialiteit	4
wegvat	4
klompie	4
offisieel	4
gekook	4
magtiging	4
ambisie	4
sirkus	4
dialoog	4
beskadig	4
koeëlkop	4
vere	4
veer	4
vlekke	4
arend	4
manskappe	4
eierkop	4
ham	4
verdriet	4
voordra	4
druppel	4
gebyt	4
mate	4
gestig	4
trotse	4
irak	4
boletus	4
piperatus	4
inmeng	4
volwassenes	4
bind	4
amerikaans	4
kersies	4
klae	4
besetting	4
waardeloos	4
kol	4
gretig	4
eik	4
onuitspreeklike	4
insit	4
dwaas	4
langlois	4
sens	4
vergis	4
plein	4
vervelige	4
belcore	4
verskeur	4
sot	4
bladmusiek	4
valois	4
sprakeloos	4
benut	4
tegniek	4
verken	4
vreedsaam	4
dampierre	4
jaloesie	4
agterent	4
nuweling	4
opgehang	4
skouers	4
poseer	4
opnames	4
vloeiende	4
afhanklik	4
uitspreek	4
domheid	4
donkerder	4
coninck	4
khartov	4
skaduwee	4
vragmotor	4
waarlik	4
omarm	4
sent	4
schumann	4
opeis	4
jodla	4
beïnvloed	4
scala	4
price	4
swaarder	4
aankyk	4
niksnut	4
versot	4
koeël	4
produseer	4
linkerkant	4
halfpad	4
kragtige	4
vervoer	4
liefdesverhale	4
gegooi	4
jacob	4
bonjour	4
heerliker	4
toeskouers	4
muskadelwyn	4
randy	4
vermeng	4
bedagsaam	4
ontevrede	4
kontakte	4
verheerlik	4
eensame	4
roll	4
gebed	4
sokker	4
pluk	4
werklike	4
switserland	4
misdade	4
onverwagte	4
daars	4
romp	4
heerlikheid	4
datum	4
michalak	4
doop	4
sondes	4
ontwikkeling	4
onveranderlik	4
oorweldigend	4
waardevol	4
inskryf	4
estrid	4
soliede	4
agterdeur	4
ontplooi	4
formeel	4
wyd	4
inklim	4
basiese	4
toertjie	4
brutaal	4
energie	4
tong	4
tempel	4
liedere	4
pianis	4
beul	4
hakies	4
voorkop	4
dolk	4
jackie	4
waaksaam	4
komende	4
tatta	4
gans	4
barakke	4
wêrelde	4
lappe	4
ligsinnig	4
buiteposte	4
beurte	4
waardig	4
heimat	4
albin	4
komitee	4
uitmaak	4
impotent	4
edelmoedig	4
neerlê	4
ronde	4
deure	4
jyself	4
weggestuur	4
nederlanders	4
opspoor	4
swaksinnig	4
vertraagde	4
milan	4
komplot	4
poepolle	4
gevare	4
regiment	4
vergader	4
navarra	4
teoloog	4
johanna	4
stamp	4
bosse	4
kenner	4
sustertjie	4
dossier	4
oorsee	4
avontuur	4
kristal	4
piepie	4
gebroke	4
swaai	4
hoogstens	4
bons	4
uitspraak	4
sesemann	4
primitiewe	4
verkwikkend	4
liefdesdrank	4
berlyner	4
magtigste	4
gedien	4
terroriste	4
sprokies	4
onlangse	4
lire	4
lanklaas	4
gebewe	4
jannemieke	4
govaert	4
verskillend	4
raphaëlle	4
ex	4
dagboek	4
lab	4
afgedank	4
skoonsuster	4
rogier	4
karl	4
klippilare	4
heelal	4
ietsie	4
henriette	4
daily	4
gekleur	4
koei	4
ontspanning	4
artikels	4
emma	4
petra	4
hamburg	4
teruggekeer	4
vroetel	4
rebelle	4
geboorde	4
terselfdertyd	4
pot	4
soebat	4
tomczyk	4
rolletjies	4
serum	4
aangehad	4
bots	4
christiaan	4
heuwels	4
insekte	4
tale	4
oostenrykse	4
bedel	4
ongeduldig	4
reggekom	4
gemeet	4
skudo	4
weduwees	4
pluis	4
taxi	4
uitgegaan	4
volop	4
buiteland	4
belet	4
selfone	4
serp	4
deug	4
vername	4
onderskat	4
waarvandaan	4
hardop	4
eerlike	4
sielkundige	4
gallery	4
verpas	4
skeiding	4
brandende	3
buisie	3
plesiere	3
uitspattigheid	3
premiere	3
adelstand	3
getrouheid	3
ney	3
gebaseer	3
ye	3
bohaai	3
xv	3
marshall	3
lojaliteit	3
hoofrol	3
rebel	3
sap	3
kleingeld	3
violette	3
them	3
ingenieurs	3
kompas	3
begrip	3
tesis	3
olenka	3
beinvloed	3
stalin	3
volmaak	3
ywer	3
voorbereiding	3
messelaars	3
alpha	3
kortliks	3
resessie	3
spioenasie	3
professioneel	3
oproepe	3
beroerte	3
instink	3
kwaliteit	3
dirigent	3
poskoets	3
besige	3
algemeen	3
outjie	3
smous	3
aankoms	3
baat	3
afkry	3
soul	3
skuim	3
aftree	3
ondeund	3
praktyk	3
mustn	3
waansinnig	3
weggegee	3
beweringe	3
voorspoedige	3
howe	3
nemorito	3
margit	3
breekbaar	3
pessimis	3
gehoorsame	3
lieutenant	3
druiwe	3
summier	3
ongetwyfeld	3
hoedanig	3
belowend	3
haan	3
strooi	3
gebak	3
nuttelose	3
onderwerpe	3
versailles	3
paris	3
rolskaatse	3
rollins	3
versigtiger	3
broeders	3
chechnya	3
borduur	3
alexandrines	3
instrumente	3
silwerskoon	3
saviour	3
our	3
saambring	3
eternal	3
meineke	3
naaste	3
pannekoeke	3
gerëel	3
saakmaak	3
effektief	3
geheueverlies	3
lise	3
brigade	3
rest	3
huldig	3
other	3
ongeval	3
sommiges	3
berlynse	3
vermoeiend	3
standpunt	3
seremonie	3
schwalber	3
geruil	3
kraampies	3
nefies	3
advokaat	3
bende	3
selfverdediging	3
vreugd	3
skatryk	3
giuffrè	3
karre	3
grade	3
harmonika	3
swartlysting	3
meegaan	3
spraak	3
huwelikskontrak	3
gebad	3
getwyfel	3
afgelê	3
medaljes	3
toegeeflik	3
stoere	3
verdubbel	3
opponent	3
coldwell	3
besoeke	3
grag	3
skudos	3
skepsels	3
voordele	3
uitgekom	3
veroordeelde	3
reason	3
verpand	3
kg	3
skedule	3
prisonier	3
wiessee	3
wonderful	3
lewendes	3
uitgedeel	3
skurk	3
optimisme	3
geboortedag	3
skrifte	3
prokureurs	3
dye	3
kindertyd	3
staalmeule	3
helpers	3
kaartjie	3
gekraak	3
gil	3
peetma	3
toegee	3
moreoggend	3
bierbrou	3
owerheid	3
toerusting	3
form	3
lëerskare	3
bere	3
doeane	3
opstanding	3
versadig	3
massas	3
betoon	3
adresse	3
versuim	3
ondankbaar	3
gekheid	3
bekentenis	3
volga	3
italiaans	3
vyandelike	3
gevoelloos	3
teë	3
gemoedelik	3
demone	3
voorskrif	3
expo	3
gelyktydig	3
promosie	3
teaters	3
kanonvoer	3
worse	3
body	3
protes	3
skroewedraaier	3
ontwerpe	3
teer	3
aanmeld	3
martel	3
formaliteite	3
weersiens	3
hubare	3
getye	3
radetzky	3
leser	3
rou	3
beswadder	3
begraafplaas	3
aangeskakel	3
geregistreerde	3
herinnering	3
charkow	3
gemartel	3
henne	3
aangevuur	3
bekroon	3
ellendig	3
almagtig	3
bush	3
ghibli	3
liefdesverklaring	3
kots	3
aandele	3
arbeid	3
hardy	3
tering	3
patrick	3
keel	3
afskuwelike	3
dringende	3
gangster	3
skrikwekkend	3
afkeer	3
aankoop	3
verwilderd	3
balou	3
agnès	3
testamente	3
bloos	3
gedek	3
ontduik	3
deurloop	3
verbod	3
bedrieglik	3
werner	3
werkloosheid	3
onverskoonbaar	3
bittere	3
verjaarsdag	3
rooie	3
vissie	3
biere	3
geswem	3
geleerde	3
beslag	3
vlugtig	3
amy	3
depressie	3
linden	3
knip	3
verlangend	3
nagloper	3
kommies	3
roos	3
dramaturg	3
spioen	3
middelklas	3
verdeling	3
rakke	3
resies	3
alto	3
geslote	3
stoorkamer	3
forum	3
vreugdes	3
handtekeninge	3
buitendien	3
daarbenewens	3
katalogus	3
dachau	3
cryptoloog	3
deena	3
skel	3
sudetenland	3
ontbreek	3
one	3
hamer	3
inspan	3
aandlug	3
onverskilligheid	3
gimnasium	3
wies	3
aandadig	3
terugval	3
jenny	3
vasberade	3
demokratiese	3
prisoniers	3
hemele	3
blaasbalk	3
pasta	3
never	3
nar	3
amuseer	3
lisieja	3
waardeur	3
kritiek	3
varkwors	3
verlos	3
stywe	3
stiller	3
vervals	3
ondersteuners	3
bekoor	3
draaiboek	3
majesteite	3
sug	3
talle	3
kirstine	3
klasmaats	3
weeskinders	3
tweedens	3
terneergedruk	3
pomains	3
sensasie	3
handjies	3
vakansieoord	3
gewildste	3
terry	3
veiling	3
langverwagte	3
osse	3
new	3
afskeidskus	3
weerlê	3
nuuts	3
bruidskat	3
nefie	3
tik	3
waters	3
gerig	3
betuig	3
grenspos	3
swartgalligheid	3
uitspansel	3
understand	3
drukkie	3
burgervliegtuig	3
munte	3
tristram	3
belangriks	3
teenstrydighede	3
jonathan	3
eienaardig	3
oortredings	3
note	3
buie	3
derms	3
morritz	3
kruppel	3
attersee	3
tipes	3
wakkermaak	3
ligroos	3
huisves	3
teenspoed	3
katoliek	3
aangepas	3
valya	3
ming	3
feesvier	3
xiang	3
vatikaan	3
mandjie	3
integriteit	3
delahaye	3
lewerik	3
sȇ	3
skaamteloos	3
besmeerd	3
pastor	3
kerel	3
pynstillers	3
kontrakteur	3
kryptons	3
hohenschoenhausen	3
klooster	3
hȇ	3
thurn	3
mikroklimaat	3
denis	3
vassteek	3
rit	3
teenoorgestelde	3
absurde	3
spiere	3
begroet	3
ooh	3
bekendmaak	3
taxis	3
bewaak	3
sondig	3
mercedes	3
agnieszka	3
boetedoening	3
verjaar	3
beperk	3
talm	3
stoof	3
miljoenêr	3
opsê	3
gespring	3
telegrafis	3
depressief	3
wending	3
glans	3
ydelheid	3
intimiteit	3
geheg	3
kronkels	3
verstoot	3
delikate	3
woep	3
uitbroei	3
onderskep	3
wallner	3
hashtag	3
sjinese	3
koördinate	3
christelikheid	3
nagtigaal	3
verdamp	3
moudek	3
solder	3
aangeteken	3
balsem	3
aangewend	3
heupbeen	3
frekwensie	3
bespaar	3
klant	3
portaal	3
skaamtelose	3
teruggebring	3
hule	3
behoorlik	3
verweer	3
deursny	3
reise	3
onsigbare	3
tydelike	3
selfsug	3
verpligte	3
jacuzzi	3
vleiery	3
gregor	3
hessenstein	3
lafayette	3
dubel	3
waterversagter	3
registrasie	3
volmaakte	3
afgooi	3
vliegbrevet	3
faa	3
gasheer	3
flessie	3
kanadese	3
tienduisende	3
selfmoorde	3
ongehoorsaam	3
northcom	3
wanhoop	3
produkte	3
miljard	3
too	3
viaduct	3
believe	3
ambassade	3
ontglip	3
deurklief	3
loopbane	3
teruggee	3
eminensie	3
taktiese	3
take	3
frons	3
stol	3
geskeer	3
vervroeg	3
mh	3
tabak	3
observasie	3
onderteken	3
verseël	3
erf	3
wasgoed	3
bloedlyne	3
neiging	3
triomfeer	3
treiter	3
mmm	3
salerno	3
princess	3
wereldmotor	3
visualiseer	3
thou	3
grabber	3
hyacinthe	3
jor	3
verwoestende	3
onveranderd	3
uitgeloop	3
vloere	3
haifa	3
gesëend	3
oorloop	3
wispelturig	3
gode	3
organiseerder	3
ondenkbaar	3
takke	3
ontferm	3
ingesluit	3
sterwend	3
geregistreer	3
regisseur	3
pantoffels	3
woed	3
italianers	3
beskermheer	3
xx	3
driepoot	3
engele	3
hartsbegeerte	3
leo	3
sergey	3
medemens	3
vermorsing	3
vermorsel	3
grosalie	3
duitser	3
konyntjie	3
bedags	3
loved	3
bekende	3
dino	3
lawwe	3
hayao	3
verslae	3
sinneloos	3
vermors	3
heg	3
lakens	3
notas	3
begerig	3
lemoene	3
gememoriseer	3
onmiddelike	3
kerkhof	3
kusse	3
weerhou	3
nakend	3
waarneming	3
hmm	3
verpak	3
amptenare	3
ariveer	3
miyazaki	3
diefstal	3
kil	3
masseer	3
niggies	3
areas	3
vermag	3
oorgawe	3
marmer	3
mantel	3
gajos	3
edelste	3
jacky	3
dodelik	3
vlieënier	3
pete	3
kere	3
silber	3
midagete	3
taamlik	3
visstok	3
gebraaide	3
uitheemse	3
what	3
absorbeer	3
verstommende	3
spioene	3
aanhouding	3
perseel	3
cm	3
gawes	3
ciao	3
afsien	3
geldig	3
liefies	3
maestro	3
bepaalde	3
opoffer	3
pure	3
sangers	3
regters	3
poorte	3
munchen	3
geboelie	3
revolusionere	3
leclerc	3
talente	3
bariton	3
kaarte	3
magtag	3
troonopvolger	3
skerts	3
meule	3
elektroniese	3
aanstellerige	3
grootheid	3
geskied	3
vloeiend	3
gave	3
gewaag	3
akteur	3
hath	3
lokale	3
rfk	3
voortgebring	3
taken	3
gelewe	3
kosbare	3
bewerk	3
besonders	3
sterile	3
meesters	3
duvel	3
proses	3
verbonde	3
riete	3
uitblaas	3
brawe	3
oortuiging	3
vooraf	3
smoel	3
vrotsige	3
onderstebo	3
voldoende	3
introvert	3
gestem	3
neersit	3
strykstok	3
riool	3
borde	3
ineenstorting	3
stemming	3
internasionale	3
dinastie	3
heldedade	3
gewaagd	3
saamgekom	3
oponent	3
massagraf	3
jaarlikse	3
werking	3
kanseleer	3
afleiding	3
aflei	3
databasis	3
hervat	3
cheng	3
clown	3
marteling	3
renwa	3
anthony	3
verrassende	3
andre	3
rasende	3
skut	3
flat	3
eervol	3
strikdas	3
geneig	3
denemarke	3
klaargemaak	3
afskeidsbrief	3
wurms	3
beplande	3
études	3
gereel	3
bykans	3
paradys	3
kate	3
aanduiding	3
speak	3
naartoe	3
ongelukkiges	3
minderhoud	3
poog	3
germanistiek	3
koeëls	3
duidelike	3
lewendige	3
jufrou	3
oriente	3
diepste	3
teveel	3
roei	3
beskuldiging	3
geskikte	3
germane	3
fräulein	3
cindy	3
vernietiging	3
huidig	3
mette	3
kabouters	3
marion	3
beskaafd	3
mishandeling	3
letter	3
munich	3
mafia	3
breë	3
altaar	3
ouderlinge	3
rotsblokke	3
soortgelyke	3
handdoeke	3
markplein	3
tees	3
dierbaarste	3
pelletier	3
uitgetrek	3
wetter	3
morrow	3
leuen	3
simbolies	3
broodrolletjies	3
gebêre	3
aflewering	3
konsidererend	3
sensitief	3
waatlemoen	3
nugter	3
neerdrukkend	3
volkstedt	3
weggee	3
dudevant	3
gothenburg	3
gevrek	3
gespog	3
ho	3
day	3
geskend	3
betreffende	3
oran	3
neurie	3
datums	3
malletjie	3
geskrap	3
gekniel	3
grimeer	3
omkeer	3
individu	3
opklaar	3
opblaas	3
genadige	3
uitvoer	3
nadenke	3
morfien	3
hiertoe	3
rooiwyn	3
stoflike	3
skryftafel	3
merkwaardige	3
guy	3
friedl	3
verdekselse	3
lammetjie	3
hengel	3
doodmoeg	3
hol	3
getel	3
skrynwerker	3
slagter	3
naïef	3
pappegaai	3
gevloei	3
stroompie	3
sigrid	3
annette	3
lange	3
onderneem	3
gewilde	3
margarien	3
moron	3
sitting	3
vallei	3
insig	3
dromers	3
goewernante	3
kwalik	3
moedig	3
noodgeval	3
besonder	3
skrywe	3
vasstel	3
geroer	3
stiptelik	3
kiste	3
lekkers	3
hertogdom	3
droeë	3
uitklaar	3
feitlik	3
tegniese	3
verdoemenis	3
eintlike	3
pierrot	3
ingesit	3
sluier	3
kredietkaart	3
binnekant	3
lengte	3
midde	3
susan	3
stip	3
grou	3
plaasvervanger	3
dwelms	3
afdrukke	3
kleinkind	3
pilare	3
mozart	3
hoewel	3
dwars	3
bluf	3
tydmors	3
oortreders	3
enigstes	3
kliënte	3
chili	3
salaris	3
klee	3
gesmokkel	3
geverf	3
identiteite	3
grense	3
oorlewing	3
ompad	3
landskap	3
meegevoel	3
letsels	3
bertier	3
kruisbande	3
warmer	3
geluide	3
wolfgangsee	3
rondkyk	3
siekeboeg	3
spekulasie	3
romeo	3
jordan	3
honderd	3
drup	3
portier	3
aanhaal	3
eerbetoon	3
wiskunde	3
pienk	3
stewige	3
onderduik	3
nyl	3
vernedering	3
ooreenstem	3
intensiewe	3
essehout	3
sarkofaag	3
koalisie	3
rusplek	3
tomas	3
betree	3
afneem	3
eva	3
storms	3
teregstelling	3
torso	3
gewysig	3
bouer	3
afmeting	3
strek	3
broeke	3
hoeveelhede	3
stommerik	3
wette	3
intereseer	3
capone	3
kritieke	3
verleiding	3
aktiwiteite	3
tipiese	3
verdomme	3
aangegryp	3
dir	3
verward	3
meld	3
kuikens	3
laastens	3
jim	3
weggegaan	3
capet	3
literêre	3
gorbatsjov	3
hooi	3
spelling	3
asblik	3
oorsig	3
mormone	3
pil	3
oorgang	3
losgelaat	3
feeste	3
watookal	3
verstandig	3
sopnat	3
bewusteloos	3
da	3
um	3
ontleding	3
bokwiet	3
metode	3
uitslag	3
edelweiss	3
doubt	3
ontstekers	3
teikens	3
gefaal	3
bomme	3
dobbel	3
rëel	3
bestelling	3
kortaf	3
kostuums	3
appétit	3
maandelank	3
uiters	3
slagting	3
standvastig	3
zeeland	3
plaasvind	3
homeopatie	3
janeke	3
stapelgek	3
ludwigsburg	3
borg	3
vooruitgang	3
aas	3
kopieë	3
horison	3
gruwel	3
nederlaag	3
funksie	3
lewenslank	3
marine	3
plak	3
draak	3
berigte	3
suidelike	3
moraliteit	3
sonlig	3
cotta	3
bedelaars	3
daaromtrent	3
onsterflik	3
filosoof	3
benoem	3
tand	3
helsinki	3
bedruk	3
dosis	3
pyle	3
mak	3
raam	3
voorspellings	3
slagters	3
gebrekkig	3
groentetuin	3
uitbrei	3
lilien	3
eenvoud	3
balletgroep	3
opstandige	3
aristokrasie	3
gestort	3
rustige	3
seelui	3
provinsies	3
regstel	3
harmonie	3
voëlhandelaar	3
lelies	3
scudéry	3
geduldig	3
merke	3
liberaal	3
grieg	3
saamgeneem	3
aanstel	3
hoogverraad	3
kommer	3
suzanne	3
kodes	3
verenigde	3
rooiheuwel	3
verskriklike	3
bystaan	3
boem	3
graan	3
gastehuis	3
uitgesoek	3
gety	3
uitlê	3
fasinerend	3
gerook	3
uitgesuig	3
biografie	3
kochberg	3
grappig	3
vlaggies	3
spinet	3
skemer	3
ideale	3
uitgevaar	3
binneland	3
liszt	3
cornelius	3
weerlig	3
sakse	3
uitgesien	3
onrus	3
antan	3
staal	3
leyden	3
wanhopig	3
muiden	3
morele	3
troef	3
malles	3
verswak	3
glinster	3
regeerder	3
bygewoon	3
vergaderings	3
europese	3
prosa	3
christoph	3
vergete	3
erens	3
songod	3
insien	3
kaalvoet	3
burggraaf	3
bedink	3
schubert	3
wete	3
lucas	3
kopers	3
palet	3
guillotien	3
bataljonne	3
prediker	3
liefdadigheid	3
kokke	3
brabant	3
hef	3
gesuip	3
mannheim	3
vertaal	3
chère	3
deurkom	3
jodin	3
mas	3
geert	3
verwoesting	3
katrien	3
kwel	3
blyplek	3
skitterende	3
labirint	3
lewenslange	3
anete	3
namen	3
franke	3
ruiters	3
lombardiërs	3
verduideliking	3
ridderwoord	3
breekgoed	3
één	3
genié	3
chinon	3
woordeboeke	3
afgaan	3
bevorder	3
hoflike	3
malle	3
dwalende	3
waak	3
uitkoms	3
teutone	3
wellustige	3
vrygewigheid	3
hoofseil	3
vertrap	3
verslaaf	3
oorwinnaar	3
opperbevel	3
verdowing	3
oorreed	3
asemhaling	3
lans	3
middele	3
improviseer	3
orals	3
wis	3
gaarmaak	3
tekere	3
versigtigheid	3
palistina	3
waardigheid	3
ongedierte	3
maanlig	3
tjankend	3
vervelend	3
geaardheid	3
scilt	3
esther	3
vrient	3
argitektuur	3
linkerhand	3
besmet	3
verblind	3
gewapende	3
nazis	3
vasgekeer	3
indiane	3
takt	3
versteend	3
goedere	3
substansie	3
verstane	3
gekeer	3
lening	3
prinsgesinde	3
saans	3
aarsel	3
geleen	3
oumas	3
dwarsboom	3
normaalweg	3
treine	3
reëndruppels	3
teel	3
winston	3
munt	3
losies	3
coco	3
verspotte	3
aandeel	3
republikeinse	3
spanjaarde	3
trakteer	3
venisië	3
dekreet	3
vors	3
kopseer	3
genoemd	3
christendom	3
tasse	3
akademie	3
beding	3
pryse	3
verligting	3
verwek	3
oppervlak	3
vriendjies	3
blye	3
spesifiek	3
rekords	3
uitstyg	3
blonde	3
regverdig	3
ganser	3
wewers	3
afgevaardigdes	3
gekleed	3
afgetrek	3
spuit	3
duval	3
broeder	3
enguerrand	3
brul	3
instaan	3
seldsame	3
handelaars	3
sören	3
fragment	3
prinsgesindes	3
wiele	3
bekommernis	3
nagrus	3
gevlei	3
litotes	3
oneindig	3
vorms	3
scarlite	3
oorgesteek	3
roguin	3
kruit	3
moontlikhede	3
karretjie	3
belieg	3
blok	3
oil	3
chinees	3
oppervlakkig	3
volksgenote	3
gelid	3
makelaar	3
gevonnis	3
vergoed	3
tradisie	3
struktuur	3
bar	3
myl	3
ruiter	3
weense	3
patrollie	3
akademiese	3
rekeninge	3
insinueer	3
gewoontes	3
klik	3
mit	3
teruggegee	3
gejaag	3
graad	3
gevlieg	3
oorgeneem	3
terugtog	3
joernalis	3
huh	3
adviseur	3
hieruit	3
seidlitz	3
negatiewe	3
kutriano	3
ingerig	3
daarvandaan	3
mtac	3
hoogtepunt	3
wandeling	3
gesmeer	3
verbete	3
naas	3
hoofletter	3
kirsten	3
stormloop	3
gekeur	3
naderende	3
grozny	3
beslissing	3
uitgebuit	3
pyp	3
wenk	3
grondgebied	3
vullis	3
egoïs	3
desember	3
kruger	3
laster	3
leg	3
pantser	3
kustwacht	3
granaat	3
hé	3
ministers	3
bambo	3
varkpoot	3
oorlewende	3
babas	3
gedenk	3
veraaier	3
inkomende	3
eenmalige	3
gedoem	3
deurgekom	3
roetine	3
maj	3
brandweer	3
vegtende	3
rachel	3
liefdesverhaal	3
siele	3
alm	3
deelneem	3
organe	3
publiek	3
child	3
verwond	3
agenda	3
straatmark	3
mite	3
spyskaart	3
voortydig	3
oopgaan	3
katrientje	3
oortref	3
bespreking	3
terughou	3
ironie	3
gevries	3
wondermiddel	3
geledere	3
klub	3
rakker	3
gesante	3
magsoorname	3
ingeslote	3
steppe	3
uppsala	3
grappe	3
loser	3
kringe	3
kesselbach	3
hindernis	3
óf	3
heroïse	3
vingerafdrukke	3
verdag	3
voeër	3
kosie	3
danielle	3
leun	3
gewondes	3
gereg	3
bekoorlik	3
techie	3
kinderhuis	3
etiket	3
oorval	3
helikopter	3
halloween	3
josephine	3
iedereen	3
sente	3
ogie	3
doboszowa	3
eender	3
cor	3
jonah	3
opvoed	3
aangeraak	3
len	3
rotterdam	3
ferm	3
gereedskap	3
depot	3
generaals	3
ingenome	3
teenstander	3
vestig	3
bellegarde	3
onderdruk	3
insleep	3
adelikheid	3
stelsels	3
beveiliging	3
schmidt	3
plakker	3
sabotasie	3
luide	3
kulturele	3
gesellig	3
voorgesê	3
hongerstaking	3
woonstelle	3
braai	3
opeet	3
mengelmoes	3
accompli	2
schlendrian	2
mits	2
reisagentskap	2
minaars	2
sigbaar	2
live	2
geskuil	2
ondermyn	2
pools	2
landingstroke	2
amusant	2
ouetehuis	2
allerhoogste	2
liefderik	2
bord	2
hoofstukke	2
komponeer	2
papnat	2
plae	2
eniggebore	2
onsigbaar	2
niet	2
daaglikse	2
verontrustend	2
kissie	2
fait	2
dikkes	2
deuntjie	2
skriftelike	2
didn	2
hersien	2
minderwaardig	2
wonderlikste	2
beskermer	2
gesondheidstoestand	2
verkort	2
guillotine	2
moedeloos	2
bestendige	2
bemindes	2
chaponval	2
gereën	2
werwing	2
terughê	2
verdenking	2
oopgesny	2
aanklaer	2
genome	2
onafhanklikheid	2
skedels	2
uitstaan	2
gravering	2
bloeiende	2
dingetjie	2
duister	2
polities	2
dowwe	2
vessenots	2
aanhoudende	2
weervoorspelling	2
venus	2
uitkyk	2
osa	2
eetgoed	2
saale	2
gewese	2
neerskryf	2
eetstelle	2
gewerf	2
rasend	2
noag	2
flint	2
familielede	2
soetheid	2
meisiekind	2
lummel	2
snip	2
stoute	2
dolverlief	2
formule	2
jeugdigheid	2
rantsoene	2
beproewinge	2
springetjie	2
honderduisend	2
toegooi	2
losieshuis	2
leipzig	2
verbygangers	2
verkeerdloop	2
sluipmoordpoging	2
pölten	2
tannies	2
propvol	2
gesant	2
veiligheidsdiens	2
distilleer	2
kardinaal	2
operasanger	2
berus	2
prysgee	2
innig	2
afgrond	2
stabiel	2
genot	2
save	2
kennisgewing	2
opposisie	2
kweek	2
tjank	2
onbeskaamde	2
skerpskutters	2
dinees	2
verfynde	2
verbande	2
jorg	2
nagekom	2
droogmaak	2
ashoop	2
wartenburg	2
werp	2
tegelyk	2
aptyt	2
wange	2
peupliers	2
uitspattig	2
liefhebbende	2
uitgesaai	2
lewensverhaal	2
dertig	2
jeremy	2
moesie	2
oder	2
weersien	2
sinoniem	2
gewigtige	2
binneaarse	2
welaf	2
onregverdige	2
ontoelaatbaar	2
skoonhede	2
doolhof	2
nul	2
laerskool	2
ongehoorsaamheid	2
anargie	2
opgewek	2
ruïnes	2
gebombardeer	2
troupresent	2
gewreek	2
bongartz	2
konyn	2
soetbrood	2
bedaar	2
afgelas	2
hongaarhart	2
lewenslus	2
ouderdomsverskil	2
chardas	2
swerms	2
vermom	2
slote	2
voorskrifte	2
soprano	2
aanklag	2
halfmiljoen	2
linies	2
deelgeneem	2
galop	2
geboue	2
kritiseer	2
piek	2
verontagsaam	2
tuinvurk	2
godsdiens	2
tereggestel	2
herskepping	2
sodoende	2
saambly	2
kruise	2
melodie	2
inlaai	2
heerras	2
brandglas	2
boudjie	2
deurgebring	2
beraam	2
nieteenstaande	2
seil	2
idioties	2
oostenrykers	2
korrupsie	2
jeens	2
spoorweë	2
julius	2
vurig	2
dokumentêr	2
noette	2
noedels	2
finansiele	2
bonatuurlike	2
ark	2
staatsraad	2
sous	2
deurgedring	2
beentjies	2
uitgelê	2
astrantheid	2
voltaire	2
maer	2
verdom	2
ongeneeslike	2
bas	2
jetje	2
dinand	2
argitekte	2
opgevaar	2
forest	2
gepoets	2
onterf	2
profete	2
opregtheid	2
goering	2
aanvanklik	2
keiserryk	2
bedorwe	2
shit	2
dienskneg	2
hosanna	2
vyftien	2
winkeltjies	2
handskud	2
jet	2
geboortedatum	2
livres	2
gemsbok	2
nuwes	2
kongres	2
solanum	2
kessel	2
uitgesit	2
solanaceae	2
besoedel	2
amnesia	2
sterwende	2
swaksinnigheid	2
gesteriliseer	2
oorerflik	2
dubbele	2
mishandel	2
diensmeisie	2
honderdste	2
honderdmaal	2
gote	2
wy	2
losbandigheid	2
vinkel	2
politikus	2
frosh	2
silence	2
ernst	2
prakties	2
regdeur	2
likeur	2
bretons	2
kneg	2
bernd	2
alkohol	2
möller	2
bourgeois	2
lotery	2
waghou	2
grief	2
mère	2
gebabbel	2
graffiti	2
komma	2
affairs	2
galante	2
winterklere	2
tali	2
inrig	2
goeds	2
bitterheid	2
kastige	2
kouse	2
moegheid	2
koffer	2
gebiedskode	2
ondergeskik	2
koetse	2
opmors	2
opmerk	2
deporteer	2
opbeur	2
muse	2
snert	2
baseer	2
kragte	2
aangedoen	2
laggende	2
cognac	2
roete	2
geskop	2
bydrae	2
helse	2
kaïro	2
grusaam	2
onherkenbaar	2
inkwisisie	2
oorgeslaan	2
veragtelike	2
batawiese	2
smaller	2
portugees	2
enginieur	2
bekommerde	2
petit	2
afvaardiging	2
aflaai	2
afgewys	2
voordoen	2
saamstaan	2
kwesbaarheid	2
fundamentele	2
teruggetrek	2
idiotiese	2
krans	2
knap	2
opgestane	2
tanguy	2
prince	2
warmste	2
notaboek	2
getemper	2
affair	2
koelte	2
gaandeweg	2
eentonig	2
gevuurd	2
goebbels	2
vickertjie	2
plaasmeisie	2
professorskap	2
betoging	2
slurp	2
harteloos	2
kritici	2
afskuwelik	2
batawië	2
kanale	2
jammerte	2
bybly	2
scherer	2
hutte	2
musiekkonservatorium	2
professore	2
huisloos	2
dommerig	2
suile	2
genealiteit	2
sestig	2
vermoëns	2
daumier	2
millet	2
verbloem	2
gelowige	2
pan	2
kloof	2
matka	2
tier	2
emosie	2
manjefiek	2
oppasser	2
davids	2
verteer	2
geboorteplek	2
hartlikste	2
bunker	2
romans	2
esel	2
ballerina	2
ompraat	2
ingepak	2
feesrokke	2
bygevoeg	2
kielie	2
tegemoetkomend	2
werklose	2
aksies	2
dreigend	2
paddatjies	2
onbevoeg	2
gustav	2
akademies	2
onvindbaar	2
koppel	2
liewenheersbesie	2
subtitles	2
vasgesteek	2
bottels	2
saint	2
afrikaans	2
bande	2
musset	2
klautsch	2
vlieë	2
weggetrek	2
port	2
principe	2
orlando	2
somersdag	2
skoen	2
piesang	2
spektakel	2
milaan	2
amptelike	2
vermoedens	2
klagte	2
verloën	2
et	2
ondeursigtig	2
rengmann	2
bloedbad	2
henry	2
area	2
corambe	2
vryspring	2
kwak	2
onbeskryflik	2
keiserpaar	2
wifi	2
geneve	2
skrop	2
deurstraal	2
doseer	2
carlin	2
contessa	2
broodjie	2
oorvertel	2
gekroon	2
bewoners	2
verdiep	2
doelbewus	2
fabelagtig	2
dissipels	2
buloz	2
neergeskryf	2
partisane	2
sweeds	2
wene	2
landgoed	2
gedeeltelike	2
deurwag	2
raporte	2
tralies	2
modern	2
wetende	2
lafaards	2
skietery	2
gordel	2
koptelling	2
klont	2
afgetrokke	2
malvapienk	2
geseënd	2
nodige	2
affekteer	2
appelleer	2
onbeskaamd	2
tevergeefs	2
weggekom	2
kopieer	2
werkende	2
straatvrou	2
lopie	2
mishka	2
hartlike	2
kodama	2
vulkaan	2
bloeddruk	2
potsdam	2
puls	2
grishka	2
hoëklas	2
smaaklike	2
tuinier	2
liefdesbrief	2
artémise	2
terapie	2
versorging	2
sjokolade	2
partykeer	2
aantree	2
ateïste	2
middels	2
kattekwaad	2
gestrooi	2
karig	2
uitgawe	2
deurgaans	2
ongelooflike	2
sketse	2
verlepte	2
verwagtinge	2
maskerbal	2
uitgestel	2
herhaling	2
gauguin	2
voorbarige	2
vleier	2
lesers	2
cologne	2
verse	2
duet	2
manuskrip	2
voorbarig	2
slawiërs	2
ooievaar	2
divisies	2
gianetta	2
kanne	2
koninglike	2
gehangde	2
koddig	2
thalers	2
uitkry	2
debatte	2
ongevraagd	2
wysig	2
sirkels	2
oogpunt	2
mammatjie	2
kina	2
swaap	2
neutrale	2
francia	2
roes	2
aanslaan	2
sa	2
sjarmantste	2
gonza	2
kinderagtig	2
rebellie	2
groef	2
kooroefening	2
uitroep	2
wapentuig	2
tuisgaan	2
annuïteit	2
universele	2
shouldn	2
maxie	2
kwaai	2
voorbeelde	2
gespan	2
nalaat	2
onderdrukking	2
volke	2
merchant	2
oortreder	2
bedompig	2
blink	2
warrelende	2
kwaaddoen	2
fatsoenlike	2
rondvlieg	2
dosyn	2
snel	2
verkramp	2
ongelukkigheid	2
klausch	2
onbewolkt	2
geparfumeerde	2
duiselig	2
tirol	2
uitbuiting	2
mainz	2
parades	2
gekopieer	2
ingedring	2
uitklim	2
another	2
meganiese	2
verwagte	2
steenkool	2
oorlogsgod	2
kundige	2
erfporsie	2
histerie	2
kleintyd	2
protokol	2
kersiebloeiseltyd	2
miswolk	2
lugmag	2
waartoe	2
mou	2
hospitale	2
kama	2
muise	2
paralfi	2
czaky	2
fisant	2
mm	2
kunsmark	2
lastige	2
vrystel	2
wondermiddels	2
opnoem	2
horen	2
illunka	2
nagtegale	2
veerboot	2
gegrou	2
geheimlik	2
getrap	2
afwesig	2
verhuur	2
wisselvallig	2
geleidelik	2
vloeistof	2
oorsprong	2
thübingen	2
skelmpies	2
kiszczak	2
spyker	2
uitdryf	2
rytuig	2
swakhede	2
aangeland	2
voorregte	2
voorhou	2
kake	2
linte	2
mikhail	2
skitterend	2
pille	2
geskenkies	2
saskatoon	2
werthausen	2
uitvindsel	2
gloed	2
dommer	2
wegstuur	2
oneerlik	2
gevoed	2
perfeksionis	2
soektog	2
homo	2
ongetroud	2
slapeloses	2
labrede	2
outomaat	2
polisieman	2
krullerige	2
oorvol	2
liefkry	2
valskermregiment	2
koelende	2
uitgebrand	2
fier	2
aanvoerders	2
huisie	2
wisselvlug	2
hangende	2
insigte	2
dramas	2
verhelder	2
skelwoorde	2
vergaan	2
bonte	2
opgewondenheid	2
kozłowski	2
seuntjies	2
versamelpunt	2
lawaaierig	2
donderdae	2
voogde	2
regie	2
suikerbak	2
rantsoenkaart	2
papbroek	2
aspris	2
lithium	2
greep	2
jaloerse	2
admireer	2
ontwil	2
dede	2
vleuels	2
kokkedoor	2
ongeneeslik	2
verstaanbaar	2
vyandige	2
kliere	2
jonas	2
uitgelaat	2
loopgrawe	2
bangmaak	2
fonteine	2
voorrade	2
beledigend	2
ivoor	2
koer	2
klep	2
misterieus	2
spalk	2
vrugbaar	2
voorgesit	2
shhh	2
aapgesig	2
weghardloop	2
aanstuur	2
syhoed	2
kinderdae	2
gesëen	2
inwoner	2
beters	2
geskiedenisonderwyser	2
rektor	2
hyg	2
stokke	2
medea	2
wyte	2
duiwepaar	2
versteekte	2
kinderviool	2
distansieer	2
doodvonnis	2
entjie	2
gloria	2
mari	2
historici	2
revolusionêre	2
konstante	2
spyse	2
lentebeeld	2
belaglike	2
kirchner	2
onmenslik	2
heine	2
ophef	2
wegdra	2
binnekom	2
suspisie	2
kjs	2
gestorwe	2
reliëfs	2
noord	2
krisiskommittee	2
lipski	2
uitgesteek	2
bouers	2
studies	2
verklank	2
gemene	2
tuiskom	2
geure	2
hoeke	2
terras	2
jurkie	2
spelers	2
bestes	2
sye	2
stralend	2
koorsang	2
job	2
halleluja	2
humboldt	2
opsluiting	2
professoraat	2
aanskakel	2
bloeisel	2
ellendige	2
sterfling	2
bedraad	2
vernis	2
troppe	2
maatreëls	2
komplikasies	2
ov	2
visioene	2
vly	2
steil	2
gevaarlikste	2
simbole	2
klerk	2
veras	2
herwin	2
złotowska	2
opblaasmatras	2
hopelose	2
gange	2
raaksien	2
wegkry	2
raport	2
versierd	2
besigheidskonsultant	2
legende	2
analiseer	2
staatveiligheid	2
opgeruim	2
sessie	2
lojaal	2
peuter	2
kontras	2
ornamente	2
ingeloop	2
doodgeval	2
elena	2
swartetjie	2
buitelaag	2
gemiddelde	2
balanseer	2
walglik	2
goes	2
gediggie	2
roekeloos	2
gesang	2
kolibri	2
schliefer	2
exit	2
spele	2
andrea	2
brussels	2
grenswagte	2
voëltjies	2
plotseling	2
oorspronklike	2
grenswag	2
bevryding	2
rondgeloop	2
lamsbredie	2
freese	2
beëdiging	2
saamsing	2
syfer	2
wagtend	2
charlie	2
neute	2
tweedeklas	2
kinderspeletjies	2
vermoeid	2
digte	2
maniertjies	2
opsy	2
redakteur	2
presenteer	2
sterke	2
blitse	2
swakkes	2
łucznik	2
ontstellende	2
goedkoopste	2
kreatief	2
margot	2
rondgooi	2
opeens	2
maatskaplike	2
oseane	2
tamatiesous	2
volkslëer	2
hoedgrootte	2
agressief	2
wandelende	2
ondermynende	2
vulkane	2
pei	2
rower	2
kapitalistiese	2
roebel	2
gestudeer	2
mao	2
vasvra	2
sindroom	2
asperger	2
li	2
adder	2
projek	2
soepel	2
udo	2
switzerland	2
doodgery	2
koshuis	2
goey	2
bedrewe	2
verstard	2
drek	2
oorvloedig	2
tata	2
toevertrou	2
peron	2
oorskryf	2
krul	2
skommel	2
singer	2
aanleiding	2
duiwels	2
hektaar	2
naderkom	2
lint	2
slaaptyd	2
archlord	2
verdwyning	2
vertriest	2
onnoembare	2
uitvinding	2
vervreem	2
afrigter	2
studiesaal	2
waardevolste	2
reispermit	2
luiperd	2
lesings	2
keur	2
sinnelose	2
bogaert	2
dros	2
wolk	2
vergelyking	2
naaimasjiene	2
haudry	2
beethoven	2
whitney	2
goeies	2
bykry	2
pyramus	2
harpe	2
hahn	2
formele	2
toegemaak	2
demonstrasie	2
sistematies	2
beplanning	2
wiskundeboek	2
siberië	2
base	2
carl	2
monitor	2
hemelruim	2
getoets	2
asook	2
opleidingskamp	2
ertjies	2
kruiwa	2
goedgemanierd	2
stigler	2
bone	2
namaak	2
manjifiek	2
foelie	2
brandewyn	2
gesellin	2
houston	2
geestelike	2
instel	2
vlakte	2
bloedsomloop	2
bergpieke	2
kranse	2
wonderkind	2
opsigter	2
hoofde	2
rollend	2
woensdagoggend	2
skeermesse	2
bloeddorstigheid	2
heroine	2
klokkie	2
hemelburgers	2
musikaal	2
stiefma	2
skorsing	2
beimlerstraat	2
direkteure	2
skryfwerk	2
uitgebreek	2
longsiekte	2
vrylating	2
môreaand	2
riccio	2
lo	2
beddens	2
skil	2
mikroskoop	2
oortyd	2
oplig	2
konjak	2
geding	2
transaksie	2
geargumenteer	2
kruik	2
verbasing	2
aanstelling	2
opname	2
whisky	2
medewerker	2
intuïsie	2
bomskuiling	2
moederowerste	2
barbie	2
metgeselle	2
gebruikmaak	2
zecouk	2
juffou	2
krappe	2
monument	2
naïwe	2
maats	2
strooiman	2
infanterie	2
omgekeerd	2
papegaai	2
betowerende	2
brom	2
kristen	2
skryfbord	2
oortuigend	2
bekers	2
herder	2
bekostigbaar	2
swerm	2
stéphanie	2
presentjie	2
sobieski	2
uitsluip	2
skandpaal	2
parfuum	2
bynaam	2
ooreenkom	2
zecuk	2
bieg	2
suig	2
gestroop	2
teresa	2
brandstapel	2
suspisieus	2
haarkapper	2
nietig	2
inspanning	2
voorpos	2
esterhazy	2
gaap	2
vakansiedag	2
misrabel	2
wemel	2
ingelaat	2
corpus	2
kamerjapon	2
intiem	2
verlam	2
geseënde	2
verpligting	2
verpleegsters	2
mori	2
gekanseleer	2
verwaarloos	2
onvanpas	2
misterie	2
bobbejaan	2
aantreklik	2
frederike	2
monika	2
rokkie	2
satisfaksie	2
omgedraai	2
opsaal	2
unie	2
voltrek	2
sirene	2
michelin	2
hoflik	2
voëlhok	2
gidsboek	2
karavaan	2
verbykom	2
rondbeweeg	2
gekekkel	2
herbergiers	2
koddige	2
perfeksie	2
engelgesig	2
verveeldheid	2
vroër	2
skotse	2
omgeruil	2
aura	2
opgedaag	2
sjappie	2
noual	2
sosiaal	2
hongersnood	2
opvatting	2
verwed	2
verslap	2
verant	2
swyn	2
kaai	2
vrywilliger	2
onbetaalbaar	2
fabrieke	2
algerië	2
woordelik	2
vlam	2
fisiese	2
suspisieuse	2
aansien	2
groepe	2
edel	2
vladimir	2
joue	2
swaarkry	2
dapperheid	2
massa	2
meesterlik	2
versin	2
badkamers	2
gardini	2
booswig	2
klubs	2
señor	2
heldedood	2
baljaar	2
voorgevoel	2
strompel	2
kollektiewe	2
doom	2
towenaar	2
horlosietjie	2
afklim	2
gelowiges	2
stotter	2
porto	2
artillerie	2
seremoniële	2
kroasies	2
voluit	2
marmande	2
prettig	2
stomp	2
orgie	2
gewillige	2
gekompliseerd	2
snor	2
blaarslaai	2
vryers	2
gashere	2
schwerdtlein	2
linkman	2
pie	2
fles	2
segovia	2
cloclo	2
sierlike	2
senior	2
blaai	2
barmhartig	2
griekse	2
kampe	2
mephisto	2
falk	2
orgasme	2
toebroodjie	2
siekes	2
klets	2
faktotums	2
ongalant	2
ontvlug	2
jonkheid	2
oue	2
saamgewerk	2
fraaie	2
bruilof	2
vampier	2
toedoen	2
stenig	2
mylpaal	2
immoraliteit	2
beveilig	2
werkersparty	2
akker	2
weerstandsgroep	2
tsaar	2
beampte	2
huisvrou	2
aangevra	2
owerhede	2
gehölz	2
knippie	2
werkersklas	2
uitneem	2
boog	2
realiteit	2
eetsaal	2
hoefystervormige	2
bekwaam	2
twakpraat	2
loodswaaiers	2
afgesonder	2
grootbek	2
beloon	2
museum	2
bot	2
gepla	2
pelgrimstog	2
rome	2
korte	2
kalender	2
wassery	2
korf	2
drosters	2
ginnegaap	2
sement	2
spraaktoets	2
weinig	2
middae	2
beddekens	2
bybel	2
niemann	2
nig	2
gewaad	2
oorlewendes	2
geoefen	2
hotelle	2
keulemans	2
madagaskar	2
môredou	2
aanteken	2
projekte	2
lawend	2
dou	2
spartane	2
samesyn	2
oplet	2
imponeer	2
skoonmaker	2
marionet	2
eve	2
karsleutels	2
veronderstellings	2
wałęsa	2
vieslik	2
ryksmaarskalk	2
skuur	2
vrugesap	2
grootse	2
rowwe	2
mengers	2
palle	2
nicaragua	2
skuiwe	2
germaanse	2
sprei	2
namiddag	2
huwelike	2
diagonaal	2
hisaishi	2
verkleineer	2
bewerings	2
song	2
aanstellerig	2
kondisie	2
oorskat	2
blommegeur	2
alarmkode	2
magteloos	2
afgesloof	2
diensplig	2
oortuigings	2
grondstowwe	2
uitstort	2
bles	2
bedtoe	2
versoening	2
eetlus	2
quarter	2
skot	2
getooi	2
stanisław	2
partytjies	2
beursie	2
gemeenskapsdiens	2
schönbrunn	2
protesteer	2
geaarsel	2
getroue	2
bekendgemaak	2
teenstrydig	2
waens	2
aanbreek	2
weerskante	2
gewens	2
skoenlapper	2
staatsgeheim	2
verwysing	2
omgekrap	2
rondte	2
aangetrokke	2
ringe	2
medepligtiges	2
haring	2
uitvoerende	2
inkry	2
producer	2
liefdes	2
negentien	2
moroon	2
ipv	2
vertrekke	2
bliksem	2
onbelangrik	2
low	2
pedrito	2
forefather	2
toestaan	2
seerowers	2
gods	2
kitare	2
pamela	2
née	2
sonstrale	2
volkspolisie	2
saamgevoeg	2
ondraaglike	2
verdonker	2
kurk	2
ro	2
pueblo	2
indra	2
pion	2
skraap	2
put	2
bye	2
liggame	2
slaggie	2
seks	2
uitstappie	2
boerkool	2
parlement	2
regime	2
oorbrug	2
heidense	2
sataniese	2
tekste	2
onderbewuste	2
juk	2
vasteland	2
verjaag	2
opmars	2
rise	2
gis	2
onafhanklike	2
wegtrek	2
chess	2
ange	2
snytjie	2
media	2
dít	2
sif	2
tiener	2
spesialiteit	2
bewonderaar	2
inge	2
morsige	2
skeisaak	2
bouillabaisse	2
noukeurige	2
eenuur	2
markkramers	2
steve	2
geweldadig	2
consommé	2
vasgelê	2
perdereuk	2
flinke	2
aanbeweeg	2
bruin	2
inisiatief	2
moerasse	2
boeckl	2
ontspannend	2
lemonade	2
smaaklik	2
stowevleis	2
verskonings	2
sepies	2
ingrid	2
xviii	2
fantastiese	2
fytotherapie	2
herower	2
brue	2
jodinne	2
medium	2
crevel	2
riskant	2
death	2
engelsman	2
hure	2
toen	2
bordeau	2
toorn	2
nadeel	2
sigi	2
uitgevra	2
lou	2
werkloos	2
materiële	2
steaks	2
inrigting	2
damme	2
wegkruipplek	2
skandalig	2
bespot	2
soentjies	2
sweetvoete	2
eksterogeen	2
diesel	2
abbe	2
hegte	2
oproer	2
potjie	2
teruggebel	2
voetjie	2
oplewer	2
hansie	2
teëls	2
gewaarborg	2
toegewy	2
afstammelinge	2
piet	2
dirigeer	2
skokkend	2
krip	2
werden	2
versies	2
magte	2
vn	2
vreugdevuur	2
hilde	2
geldskieters	2
gijs	2
waarby	2
meaningless	2
kansellasie	2
terme	2
great	2
voorkoming	2
houssy	2
gevolgtrekking	2
rondwys	2
eindeloos	2
afgeskaf	2
kinderkamers	2
trainer	2
sadis	2
schnapps	2
narsisties	2
geniale	2
heaven	2
give	2
posbus	2
gegeurd	2
onsinkbaar	2
meksikaanse	2
gehore	2
wegvlieg	2
hardeskyf	2
under	2
verklarings	2
verliefde	2
afgetree	2
lekkerste	2
musikale	2
waardelose	2
vliëe	2
pinkie	2
omhoog	2
uitgerus	2
outyds	2
joost	2
uitgehaal	2
royal	2
gematig	2
boel	2
koring	2
fiks	2
afgeraai	2
eine	2
opkoms	2
mooiweer	2
leegmaak	2
dieptes	2
porsche	2
milt	2
boelies	2
kreuzer	2
agterhoede	2
buitekant	2
pote	2
duimbreedte	2
misloop	2
middeleskader	2
aflos	2
bewering	2
oorslaan	2
brieke	2
point	2
hiedie	2
ruïne	2
afval	2
jongste	2
verre	2
skuldgevoel	2
nieuwenhove	2
laatste	2
diederik	2
inslag	2
onbelangrike	2
politeïsme	2
onverstaanbaar	2
last	2
vodde	2
gunny	2
regsgeleerde	2
blad	2
ouderlingbessie	2
onuitspreeklik	2
asiel	2
onwettig	2
herhaaldelik	2
goewerneur	2
unto	2
opsoek	2
oond	2
filmmakers	2
blommetjie	2
ik	2
murat	2
ricky	2
botterkoeke	2
assistent	2
deurbraak	2
koelbloedige	2
buik	2
teoreties	2
thee	2
onthale	2
stompsinnig	2
heidene	2
verkrag	2
oorgedoen	2
fenominaal	2
geïntereseerd	2
bruggelinge	2
triomf	2
maciek	2
buskruit	2
wijnendaele	2
bouery	2
ruimtereise	2
waglys	2
afsluit	2
myle	2
teenaan	2
eensamer	2
je	2
ingehandig	2
kruisbos	2
deurgang	2
reisverzoek	2
veiligheidsplan	2
tuisland	2
filmspan	2
swembad	2
diekant	2
toekom	2
pervers	2
sparchmann	2
veraaiers	2
mog	2
uitgedink	2
offended	2
hoofslaapkamer	2
skaatse	2
spit	2
worstel	2
chirurg	2
eeuse	2
toegewyde	2
blindes	2
teenstelling	2
right	2
when	2
lille	2
vasgegryp	2
cheek	2
stockholm	2
onkundig	2
