لا	3103772
من	2965717
في	2420145
أن	2319199
هذا	2166337
على	1613642
ما	1479477
أنا	1362347
هل	1283925
يا	1145033
ذلك	1138151
لقد	1110999
لم	963831
ماذا	905328
كان	835179
هنا	831436
إلى	785580
أنت	784910
هو	714976
هذه	676655
عن	661118
نعم	621456
ان	597153
هناك	572525
كل	567648
حسناً	555003
ليس	534750
كنت	528468
فقط	502032
شيء	492077
الآن	481857
مع	478525
الذي	476472
لكن	453064
أجل	441357
لك	404720
يجب	399595
لن	398877
كيف	379721
حسنا	353902
انا	346676
لي	332448
إنه	331797
سوف	330878
نحن	329643
إذا	317037
كانت	314945
عندما	310656
أي	306202
قد	302480
لماذا	300695
هي	299080
الأمر	298500
أنه	297966
فى	295161
حتى	286812
بعد	282861
كذلك	271959
أو	259028
ولكن	254867
قبل	252658
التي	248033
انه	245723
إنها	244075
لو	239202
ربما	238034
أين	236483
هيا	234926
تلك	231915
أعرف	231425
الى	226241
إن	222875
يكون	221823
بعض	219199
أريد	215675
أعتقد	209271
انت	202328
عليك	201640
مثل	197432
صحيح	195875
به	193490
أنك	189944
الوقت	187206
بخير	185367
أعلم	180540
أحد	178626
شخص	178534
جداً	177176
رجل	173444
شكراً	173106
لذا	172327
يمكن	170288
كما	170253
كلا	169755
أكثر	169724
يبدو	166061
جيد	165331
تكون	164298
علي	162651
اليوم	160616
يمكنك	156620
انها	155958
أليس	155532
مرحباً	155166
لدي	151462
عليه	149039
آخر	148506
لست	147363
منذ	147288
غير	145464
أيها	144128
لديك	143372
حقاً	142978
أنتِ	142699
تريد	139580
أستطيع	139117
الرجل	138298
تعرف	137741
له	134813
مرة	133950
لدينا	133845
أنها	133417
يمكنني	132454
بأن	131490
واحد	130657
أنني	129002
أوه	126712
سيكون	126176
الناس	125646
ليست	125039
حدث	124511
بها	123319
أيضاً	121895
أفضل	120495
الكثير	120338
علينا	120279
سيدي	119344
مكان	118096
تفعل	117821
وقت	117653
يكن	117436
شئ	115291
بهذا	115014
وأنا	114268
اذا	113571
جدا	113031
بي	112380
أخرى	112375
آسف	112041
بك	111436
رائع	107824
بذلك	107519
كم	106141
إذاً	104979
ثم	103318
شيئاً	103237
يوجد	103225
واحدة	101544
ولا	100988
قلت	100043
يحدث	99532
بالطبع	97249
شكرا	97174
مرحبا	96905
يوم	96471
أبي	95856
معك	95192
لها	95071
معي	94504
سيد	93919
تعلم	92212
إذن	91506
العمل	91386
تم	90500
المكان	90486
الليلة	89940
إلهي	89556
لهذا	89505
فعل	89333
هكذا	88235
أمي	88116
لذلك	87090
ألا	86635
لـ	83461
الان	82318
حول	81937
بما	81542
حقا	81538
الحقيقة	81463
الجميع	80257
يمكننا	80195
بالتأكيد	78802
لأن	78600
لديه	78334
لنا	77716
خلال	77357
بشكل	75547
العالم	75285
فحسب	75008
حال	74970
الذهاب	74559
عليها	74078
بـ	74055
أعني	73755
فعلت	73416
قال	73150
هم	72739
المنزل	72639
عنه	71831
ها	71184
بشأن	71021
أفعل	70871
أكون	70736
اللعنة	70458
للغاية	70405
فيه	70181
بين	70128
أننا	69811
منك	69653
وهذا	69357
لكِ	68908
جيدة	68697
يعني	68380
مجرد	68126
أظن	67477
انك	66948
مني	66673
أنّ	66627
بالنسبة	66374
الأمور	66304
فكرة	65791
أم	65742
متى	65539
الشيء	65370
المال	65300
كنا	65206
أقول	65147
عمل	65045
أبداً	64723
ستكون	64250
عليّ	64000
أيّ	63832
أمر	63466
تقول	63409
توقف	62930
هؤلاء	62808
السيد	62127
انظر	61808
لما	61791
منه	61683
الطريق	61637
أشعر	61587
حصلت	61271
الحياة	61204
أني	60875
نفس	60746
معه	60735
بحاجة	60554
بسبب	60375
الذين	59587
تستطيع	59495
بأس	59408
اي	59385
بدون	59212
لكم	59040
تبدو	58994
أرى	58733
الجحيم	58712
تكن	58589
اعتقد	58390
عند	57878
آسفة	57818
حيث	57475
دائماً	57270
وأنت	57187
تحت	56888
حسنًا	56658
تعال	56584
بالفعل	56223
بل	56115
فضلك	55796
الأشياء	55723
ليلة	55623
نفسك	55607
لكي	55504
تعتقد	55104
وهو	55085
بحق	54993
مشكلة	54964
شيئا	54524
أرجوك	54300
أذهب	54221
يريد	54141
تماماً	54126
الـ	53998
الوحيد	53847
قتل	53603
إنهم	53599
الشخص	53152
رأيت	53114
عزيزتي	52996
طوال	52673
بهذه	52668
الشرطة	52658
الأن	52583
أحب	52477
الذى	52176
أيضا	51778
بنا	51453
أردت	51250
أكن	51097
كلّ	50874
النار	50795
سمعت	50650
اجل	50631
جميع	50393
أَنْ	50195
قليلاً	50150
مالذي	49845
بأنه	49812
والآن	49717
إلي	49589
انتظر	49501
فتاة	49384
كبير	49143
يعرف	49103
او	49094
فيها	48960
حسنٌ	48948
الرجال	48928
اريد	48787
لأنه	48759
السبب	48635
سنوات	48564
الباب	48410
نذهب	48359
دون	48304
حياتي	48286
لابد	48260
السيارة	48080
تريدين	47898
خارج	47631
ومن	47428
ثلاثة	47418
فعله	47413
تذهب	47368
كانوا	47173
اذهب	47138
الحصول	47128
يقول	46904
الواقع	46902
كثيراً	46760
اعرف	46467
أنهم	46298
سبب	46252
كبيرة	46010
مما	45758
أحتاج	45575
قمت	45397
إنّه	44586
منها	44497
كنتُ	44463
للتو	44351
استطيع	44311
نوع	44061
هنالك	43883
تعرفين	43875
جميلة	43756
بكل	43561
دولار	43555
بأنك	43532
لأنني	43449
الأفضل	43401
دائما	43392
جديد	43166
الامر	43146
اين	43091
بالضبط	43082
جون	43024
دعنا	42850
أنظر	42828
المدينة	42413
الخاص	42369
تعلمين	42312
جميل	42275
بسرعة	42271
الأرض	42252
لحظة	42063
الطريقة	42003
طريقة	41966
رائعة	41949
سعيد	41855
دقيقة	41832
لكنه	41825
غرفة	41757
إليه	41700
التحدث	41587
ثانية	41533
دعني	41393
لكنني	41275
الفتاة	41173
لمَ	40998
ولم	40994
أنتم	40936
عظيم	40799
انهم	40180
اوه	40086
جيداً	39965
لديّ	39931
بينما	39851
نفسي	39801
إليك	39800
قام	39733
لديها	39631
عام	39617
اعلم	39493
يعمل	39478
سأكون	39432
عيد	39417
رفاق	39346
ألم	39331
لهم	39301
تعمل	38978
تتحدث	38918
القيام	38838
الله	38739
ساعة	38666
المرة	38285
هيّا	38284
ترى	38263
مهلاً	38206
جاك	38119
أنتَ	38091
الخير	37988
متأكد	37543
جميعاً	37522
أحاول	37489
شيئ	37455
الموت	37298
رقم	37244
منهم	37214
سيارة	37057
مجدداً	37042
ايها	36936
عنك	36756
يفعل	36719
فقد	36651
ذهبت	36537
المزيد	36522
أتمنى	36484
مات	36415
يتم	36395
لكني	36321
طريق	36277
وجدت	36032
وقد	35968
أول	35931
معها	35891
سعيدة	35702
لدى	35671
أقصد	35651
إلا	35606
صباح	35561
الرئيس	35550
احد	35543
فرصة	35500
الأولى	35487
تباً	35456
يرام	35417
عليكِ	35229
يكفي	35148
علاقة	35099
صغيرة	35062
الأقل	35054
لأنك	34978
غريب	34960
لنذهب	34940
المدرسة	34866
ــ	34861
الصباح	34861
أفهم	34854
حين	34825
صديقي	34816
سأذهب	34685
أنكِ	34426
تأتي	34152
الخاصة	34107
أخبرني	34076
تقوم	33995
نستطيع	33993
نفسه	33977
التى	33900
الأطفال	33888
حالة	33876
لى	33794
هى	33767
يستطيع	33705
يجري	33665
سنة	33534
نفعل	33515
أتعلم	33408
نهاية	33369
أفكر	33329
أود	33206
عشر	33139
شىء	33088
أقوم	33024
الحب	32893
أنّه	32851
كنتِ	32725
معاً	32704
أى	32653
انني	32652
لديهم	32591
جديدة	32404
يعلم	32371
قالت	32332
بدأت	32237
الأول	32233
دقائق	32169
عني	32104
سيدة	32056
حالك	31951
إنني	31712
عزيزي	31669
رجال	31490
نعرف	31376
الجنس	31336
رؤية	31046
ينبغي	31044
الي	30990
حصل	30983
معنا	30964
الطفل	30888
وليس	30794
كي	30710
تحتاج	30647
قليلا	30609
حياة	30559
اسمع	30552
الساعة	30488
أكبر	30404
اليس	30402
فهمت	30341
عنها	30197
أريدك	30192
رجاءً	30167
تفعله	30028
وماذا	30015
ظننت	29949
سيدتي	29864
البعض	29849
الصغير	29814
تعني	29722
إنّها	29722
البيت	29689
رأيك	29676
تكوني	29607
هُنا	29564
والدك	29447
مهما	29405
العودة	29331
تماما	29295
لطيف	29265
يقوم	29216
السجن	29188
الليل	29177
السيدة	29173
أخي	29159
بأنني	29152
طويلة	29057
والدي	29020
وهي	28921
حان	28916
أقل	28895
الهاتف	28734
عبر	28674
مهلا	28528
ترجمة	28516
نحتاج	28460
أيتها	28431
وما	28260
اكثر	28241
أتحدث	28220
أيام	28163
أحدهم	28149
أولاً	28107
الماضي	28029
أحبك	27972
الطعام	27948
البقاء	27935
معرفة	27832
العام	27811
أية	27752
أصبح	27388
ذات	27306
الجديد	27294
مِنْ	27289
لكنك	27288
أبدا	27230
وضع	27220
سيئة	27177
طفل	27042
فوق	27022
حياتك	27009
داخل	26935
وكان	26935
نكون	26932
خطأ	26918
سام	26851
ونحن	26835
منزل	26809
تشعر	26707
عليهم	26648
المفترض	26559
نتحدث	26497
طويل	26485
نصف	26450
فريق	26447
أخذ	26445
الماء	26394
لاحقاً	26339
حق	26277
يأتي	26246
صديق	26210
غداً	26207
سأفعل	26174
منا	26112
الصغيرة	26106
نريد	26038
وانا	25972
للمنزل	25921
ايضا	25796
آه	25771
خذ	25720
جزء	25717
لكنها	25703
جو	25701
أشياء	25682
كلمة	25652
تفعلين	25620
أعمل	25597
يمكنه	25584
الآخر	25568
تحاول	25551
هَلْ	25487
صغير	25486
لستُ	25482
بخصوص	25457
أخبرك	25449
الحال	25426
بأي	25418
نظرة	25369
لأجل	25364
الخروج	25343
تظن	25307
النوم	25279
الماضية	25264
دكتور	25206
المرأة	25205
انظري	25183
بد	25146
لمدة	25071
وجود	25065
الحرب	25005
ذا	24997
تقلق	24934
بلا	24926
عرفت	24919
ثلاث	24881
هلا	24850
أدري	24775
اللعين	24761
ذهب	24760
الا	24741
المشكلة	24682
الأسبوع	24610
الوحيدة	24557
كله	24492
تعالي	24468
مايكل	24441
إنك	24378
كلاّ	24336
حاولت	24323
أهلاً	24316
دعونا	24251
اخرى	24241
أنّك	24222
وشك	24152
فعلاً	24078
وسوف	24052
عائلة	23989
افعل	23981
عدم	23912
أخبرتك	23873
كثيرا	23721
سيدى	23501
رئيس	23492
فأنا	23452
الغرفة	23446
وحسب	23385
المساعدة	23309
الخارج	23299
بعيداً	23262
أعطني	23204
اذن	23182
سيء	23176
العديد	23119
أصبحت	23107
الطبيب	23095
رسالة	23053
خمسة	23017
كَانَ	22983
يذهب	22928
العشاء	22857
الفتيات	22847
النساء	22749
ضد	22724
تحصل	22698
نقوم	22668
جيدا	22667
يهم	22653
بهم	22638
الموضوع	22601
وفي	22586
الممكن	22555
اخر	22532
الفتى	22450
مباشرة	22441
بالأمر	22388
أتذكر	22379
بيت	22357
مايك	22268
لأني	22244
بطريقة	22221
ساعات	22186
حينما	22161
فترة	22151
الأشخاص	22126
نيويورك	22077
أراك	22077
أنتي	22007
شكرًا	21992
اسم	21983
قصة	21967
توجد	21960
القادمة	21950
امرأة	21947
فتى	21946
أَنا	21919
افضل	21914
حقيقي	21895
بواسطة	21845
مجنون	21837
زوجتي	21792
أهذا	21778
متأكدة	21764
ذاهب	21742
يحصل	21691
تحب	21677
أتعرف	21584
النهاية	21558
مكتب	21478
ولن	21422
مثلك	21408
اننا	21404
بالخارج	21397
لهذه	21380
الحق	21379
بلى	21311
أصدق	21271
أخر	21190
آمل	21189
اه	21082
أنْ	21065
الإطلاق	21001
فرانك	20993
طلب	20974
بدأ	20965
لعبة	20919
مرحبًا	20914
جورج	20866
قريباً	20848
اني	20809
مجموعة	20790
أمام	20772
الحديث	20769
جي	20748
مساعدتك	20739
حاول	20731
شخصاً	20709
حقيقة	20665
جميعا	20605
اللقاء	20598
وبعد	20540
مدى	20508
صورة	20437
بأنها	20339
سوى	20329
التفكير	20309
الملك	20272
الأخيرة	20263
الثانية	20237
فهو	20216
مِن	20172
تحدث	20141
فيما	20133
الوضع	20105
عدد	20077
حفلة	20058
ولكني	20018
لسنا	20014
تبقى	20005
بشيء	20004
مدينة	19987
كهذا	19938
كلها	19851
انتهى	19834
كُلّ	19815
يحاول	19814
نحو	19794
أشهر	19794
مثير	19772
شركة	19766
تفهم	19765
اسف	19726
الجديدة	19713
لكل	19684
أصدقاء	19661
النوع	19639
الجيد	19590
اى	19587
إليها	19580
بأني	19576
ميت	19522
بيننا	19504
الرب	19462
عملية	19457
ذو	19450
بيتر	19432
بعضنا	19402
القضية	19395
وكل	19352
أحضر	19351
قيد	19345
تشارلي	19287
أخرج	19262
قادم	19257
الواضح	19252
دعيني	19245
تفضل	19217
توم	19207
أتيت	19162
أيضًا	19161
أسمع	19151
تأخذ	19146
قول	19142
العائلة	19091
بنفسك	19079
موعد	19078
عندي	19041
أثناء	18991
ممكن	18988
تخبرني	18973
إذًا	18971
الكبير	18933
صاح	18922
إنتظر	18917
الزواج	18901
فعلته	18891
بكِ	18886
ولكنه	18873
حبيبتي	18870
تذكر	18866
أمك	18830
مستحيل	18819
اعتقدت	18785
مليون	18785
إليّ	18781
علم	18771
قل	18762
طلبت	18717
ربّما	18695
ذاك	18689
حسن	18671
الأخرى	18655
يحتاج	18621
تعود	18621
الهي	18618
زلت	18561
نسيت	18546
وصلت	18538
انتظري	18490
نعلم	18484
أنّي	18469
النظر	18461
إذهب	18461
أتريد	18440
عدة	18396
سيحدث	18369
ابن	18359
لديكِ	18341
الصعب	18264
تقريباً	18264
الحظ	18235
ألف	18224
مساعدة	18221
تصبح	18216
سأقوم	18212
جين	18201
جئت	18182
خلف	18181
خمس	18147
الحقيقي	18122
منكم	18121
دي	18079
يمكنكِ	18052
أربعة	18045
القليل	18039
يزال	18014
الدم	18002
إننا	17974
أسرع	17919
البداية	17918
سأعود	17873
صعب	17863
بعيدا	17857
كن	17847
عرض	17832
بكثير	17807
وعندما	17791
اسمه	17776
تفكر	17747
آنسة	17729
تعتقدين	17729
فقدت	17706
مهم	17688
يتحدث	17635
بتلك	17635
لأي	17613
بعدها	17574
يريدون	17561
يوماً	17559
يعود	17522
جاء	17473
هُناك	17444
أتعلمين	17433
ترك	17417
المناسب	17402
السؤال	17369
اكون	17363
الآخرين	17354
تقصد	17349
اتصل	17344
تبدين	17328
للعمل	17313
معهم	17309
التالي	17277
شرطة	17273
قط	17235
جريمة	17220
أبحث	17211
توقفي	17198
بنفسي	17184
الشمس	17166
فكرت	17155
يفترض	17153
السماء	17131
الوصول	17048
الجانب	17044
أحصل	17041
عشرة	17013
معا	16986
الداخل	16967
أعود	16937
المعلومات	16925
تحمل	16922
حَسناً	16908
أطفال	16908
الثاني	16864
جيّد	16839
هذة	16824
ببعض	16810
يارجل	16789
ماري	16780
بكم	16758
وداعاً	16749
يعد	16739
الأيام	16731
أسوأ	16729
مشاكل	16697
البحث	16689
ستفعل	16657
اسمي	16645
واضح	16600
جهاز	16596
حتّى	16591
أيّها	16583
الدخول	16579
الحلقة	16578
قتلت	16572
مستعد	16571
يقولون	16526
سؤال	16525
ايضاً	16507
لأنها	16497
فعلا	16447
بضعة	16446
نوعاً	16438
عما	16435
أمس	16433
بول	16432
الجزء	16397
اقول	16378
اللحظة	16376
القديمة	16356
لويس	16354
مَن	16353
كرة	16337
المخدرات	16320
محق	16292
ستة	16291
بيل	16238
وهذه	16169
المستشفى	16128
صوت	16109
نرى	16096
الكلام	16089
رجاء	16081
سنذهب	16073
وانت	16057
قضية	16011
كامل	16010
أكره	16004
الجريمة	16001
مختلف	15995
خاصة	15992
اتفقنا	15983
أخذت	15937
انتي	15918
خطر	15867
قطعة	15848
يمكننى	15837
رائعاً	15823
طالما	15814
زال	15809
أحياناً	15790
أأنت	15789
مقابل	15780
ماكس	15775
قم	15774
عليكم	15749
مركز	15730
بإمكاني	15714
وأن	15701
الدكتور	15690
القائد	15684
بأننا	15664
المنطقة	15659
يُمْكِنُ	15659
الخطأ	15639
أطلب	15628
انتِ	15626
تعيش	15622
الاشياء	15619
لفترة	15615
زوجتك	15595
يحب	15580
المعذرة	15580
عالم	15561
طبيب	15550
الفريق	15547
الصورة	15537
نفسها	15502
لكننا	15499
الاتصال	15478
حيال	15462
والذي	15434
جيمي	15424
مفهوم	15422
وبعدها	15409
فلا	15395
بأنّ	15395
مختلفة	15375
جدًا	15373
شعرت	15354
حقًا	15329
الشارع	15325
بإمكانك	15242
غدا	15241
مضحك	15214
الطائرة	15200
بوب	15197
فعلها	15183
ينتهي	15181
ولكنني	15164
منتصف	15163
القانون	15152
رأيته	15149
هنري	15146
أنتظر	15128
الهواء	15125
بعمل	15122
الكتاب	15061
قسم	15056
سنكون	15048
فيلم	15043
أهتم	15037
موجود	15034
بشدة	14987
القتل	14971
ممتاز	14970
العثور	14967
مرات	14966
يَجِبُ	14965
كثير	14963
ابني	14933
لطيفة	14920
أقسم	14907
الشعور	14878
وجه	14866
وإذا	14863
أولئك	14861
إني	14852
أجد	14849
معكِ	14840
حوالي	14817
ثانيةً	14801
قليل	14792
أحداً	14773
حاجة	14769
لمْ	14767
يعيش	14753
أخيراً	14738
إعادة	14734
أنتما	14713
حالاً	14699
دليل	14690
إنّي	14684
فإن	14669
السنة	14660
مازال	14656
القاتل	14655
ولقد	14623
ميلاد	14607
شهر	14599
تعلمون	14581
السيطرة	14579
قوة	14561
رحلة	14547
ستعمل	14539
أسفل	14535
يعتقد	14522
زوجي	14470
علمت	14465
عملي	14452
القادم	14425
وهل	14410
تزال	14399
العرض	14387
الصحيح	14364
أحمق	14357
القصة	14343
هراء	14341
مساء	14333
تركت	14327
يموت	14310
أنظري	14307
جاهز	14306
المكتب	14300
تفعلي	14295
اخرج	14289
محاولة	14287
الصور	14286
عدت	14277
اللعبة	14257
عاد	14252
ترغب	14246
وكيف	14238
اسمك	14235
الوغد	14225
داني	14225
تبحث	14209
اسمعي	14205
ولكنك	14190
خطة	14179
سارة	14178
أننى	14158
وراء	14119
السفينة	14101
قائمة	14098
وضعت	14092
ابي	14075
حقيقية	14067
تنظر	14065
بأنّك	14059
تود	14041
موقع	14039
بالكامل	14027
مهمة	13976
ابدا	13969
ثمّ	13926
أطلق	13919
شباب	13914
البلدة	13882
القهوة	13876
أسف	13875
المحتمل	13871
حينها	13862
أرغب	13861
راي	13816
مره	13808
تخرج	13806
مازلت	13792
تستطيعين	13782
معلومات	13771
اشعر	13763
أعد	13757
انظروا	13744
شيئًا	13710
كوني	13658
الفرصة	13657
ماهو	13642
قلبي	13592
الخط	13587
إنّ	13586
الشئ	13557
تبا	13554
صديقك	13553
نيك	13548
مجددا	13528
تجد	13524
قاتل	13502
نجد	13501
إيجاد	13499
يجعل	13496
يصبح	13490
نقطة	13449
البشر	13436
نظام	13436
تبدأ	13428
تملك	13393
أملك	13391
ضع	13378
تمت	13374
سي	13363
مضى	13361
أعرفه	13361
أخبر	13358
البحر	13350
رؤيتك	13348
امي	13326
رأسك	13325
الأخبار	13321
أما	13319
يستحق	13302
العميل	13283
المحكمة	13257
هـذا	13251
دعينا	13248
أنّها	13239
تقلقي	13234
تغيير	13228
الأرجح	13223
بالداخل	13220
عدا	13218
منزلي	13208
القديم	13204
خائفة	13200
كثيرة	13185
للحصول	13178
قامت	13135
شي	13134
إطلاق	13127
المشاكل	13126
كلنا	13125
حتي	13109
خيار	13106
جيمس	13103
بماذا	13089
أنـا	13071
عندها	13067
كلما	13058
تحرك	13030
أجلك	13023
الغد	13014
ماتت	13009
يتعلق	13009
غبي	13009
اذاً	12981
سيّدي	12975
أخبار	12972
عائلتي	12959
القلب	12932
بعيد	12924
جعل	12922
الحالة	12918
إمرأة	12911
أستطع	12910
الموسيقى	12904
أعلى	12903
سبق	12901
إلينا	12901
كلّا	12899
ارجوك	12883
القيادة	12872
لأننا	12871
الشركة	12863
العيش	12834
البارحة	12815
القوة	12774
يجدر	12756
منطقة	12733
يمكنها	12733
بالكاد	12721
خاص	12716
وظيفة	12712
اثنان	12711
معنى	12681
الطابق	12675
العاهرة	12666
القول	12664
تحدثت	12659
حد	12642
الميلاد	12638
عملك	12635
النقود	12630
قريب	12619
أولا	12618
فلن	12613
رجلاً	12597
عندك	12592
وكنت	12588
قلته	12557
ال	12555
الأحمق	12554
أتى	12548
ام	12542
جيم	12537
حياته	12535
الكبيرة	12532
السابقة	12528
صاحب	12527
الملابس	12513
يبدوا	12506
وقال	12496
للأبد	12483
بنفس	12478
أشخاص	12477
وإلا	12469
الأمن	12464
خائف	12457
الأكثر	12443
السابق	12440
أفعله	12431
أخشى	12430
السلاح	12399
تموت	12397
ولكنها	12392
سنفعل	12372
لبعض	12364
وهم	12359
الدماء	12358
اثنين	12347
لكَ	12328
أعدك	12324
حفل	12312
وقتاً	12308
تريده	12307
أسابيع	12299
يكونوا	12294
الجيش	12291
زوجة	12285
فهذا	12278
أخبرتني	12278
أعتذر	12269
ديفيد	12263
كلانا	12261
سنقوم	12252
واحداً	12243
برنامج	12238
فأنت	12231
المتحدة	12212
سلاح	12211
اللعينة	12211
صندوق	12205
يديك	12190
الكلب	12183
لطالما	12178
ابتعد	12173
الحمام	12172
الغير	12171
بني	12159
أمريكا	12131
الهدف	12129
ولد	12114
الأخير	12103
وجدنا	12102
انتم	12090
سخيف	12077
لمن	12060
احب	12020
قطع	12009
ثمة	12006
بجانب	12001
احتاج	12000
تقريبا	11998
الامور	11997
قدم	11997
قوية	11983
عاماً	11975
اظن	11961
الحفلة	11953
نبدأ	11943
غريبة	11942
فهم	11935
وذلك	11928
اعني	11922
أراد	11919
ظهر	11909
سماع	11895
الكفاية	11888
الثالث	11884
تناول	11878
التعامل	11874
الانتظار	11868
دور	11866
هدية	11856
هاه	11826
كتاب	11822
معى	11819
تقل	11817
رائحة	11812
معظم	11789
الفيلم	11786
حبيبي	11780
سأتصل	11777
بيلي	11769
مكانك	11761
نعمل	11749
لوس	11739
الصوت	11734
المياه	11729
والتي	11698
مثلي	11696
أذا	11691
شعور	11677
الخلف	11671
عادة	11668
قريبا	11659
ألن	11646
ابنتي	11641
كُنت	11637
أنكم	11634
المستقبل	11634
ويل	11625
ميل	11623
خرجت	11615
إثنان	11611
وجهي	11609
الهراء	11587
رغم	11581
فجأة	11578
مثيرة	11567
الإتصال	11564
أيمكنك	11560
منكِ	11554
والدتك	11536
أختي	11533
ليسوا	11531
الجميلة	11523
المبنى	11522
بأنّه	11516
النظام	11513
لديكم	11500
بقدر	11477
هاري	11470
نبحث	11444
تصل	11442
بدلاً	11426
كنتَ	11421
درجة	11413
الرغم	11408
لَيسَ	11403
بالمناسبة	11402
طريقي	11400
قادمة	11394
مرّة	11392
آل	11391
السرير	11388
وجهك	11388
أمراً	11386
لكنّي	11381
وإن	11367
السيارات	11364
المهمة	11341
بالله	11331
أهلا	11319
اذهبي	11318
أتصل	11318
زوجته	11307
القبض	11283
مريض	11276
بلدي	11269
مـن	11263
أخبريني	11238
لاحقا	11237
الشاب	11226
العجوز	11212
نعود	11203
سيّد	11190
الأب	11185
مذهل	11184
عملت	11180
مايرام	11169
مارك	11162
وأنتِ	11158
أحضرت	11153
وصل	11145
ولو	11138
الكرة	11114
يصل	11100
موجودة	11099
نحصل	11097
الثالثة	11089
أياً	11064
اللعب	11056
لكى	11043
المسيح	11035
استخدام	11032
نحنُ	11030
يفعله	11027
محقة	11018
فهي	11014
تتذكر	11012
ارى	11011
يملك	11001
نخرج	10998
تظهر	10995
تعد	10992
تجعل	10988
الطاقة	10976
أريده	10971
تتحدثين	10964
أشكرك	10960
أترى	10953
للذهاب	10941
واثق	10936
هاي	10922
مجنونة	10921
جانب	10917
القتال	10913
القاضي	10904
المحقق	10900
بطاقة	10895
متأخر	10894
شعر	10894
ماهذا	10891
يظهر	10881
مال	10878
ساعدني	10871
العملية	10867
هاتف	10860
الأم	10859
يخرج	10853
كلارك	10847
الموسم	10842
يأخذ	10828
يعرفون	10822
فعلتها	10813
وهناك	10807
الظلام	10806
الرقص	10804
لرؤية	10800
الولايات	10800
مدرسة	10797
نحاول	10793
كيفية	10786
تمزح	10762
أسبوع	10751
تقولين	10749
دفع	10740
قمنا	10722
يجعلك	10711
بداية	10693
يهتم	10691
الغداء	10685
لندن	10680
طعام	10677
كاملة	10665
وربما	10663
مزيد	10656
شون	10643
إحدى	10639
المدير	10637
ريتشارد	10632
لربما	10628
لنفسك	10626
ستيف	10620
سيتم	10607
بى	10606
تتحرك	10596
الحيوانات	10583
بيتي	10565
أتفهم	10562
إنهُ	10562
وسط	10561
قلب	10557
ملابس	10557
الفندق	10554
كريس	10554
أرجوكِ	10546
الضوء	10540
اللعنه	10537
حسب	10535
الرسالة	10521
لان	10509
الحكومة	10507
صديقة	10505
كلب	10500
تَعْرفُ	10484
قررت	10480
مستعدة	10468
الأعلى	10462
حل	10454
يدك	10449
المهم	10448
جزيلاً	10447
إسمع	10446
منّي	10445
الخطة	10443
رأس	10440
إنّك	10422
وصلنا	10416
أقوله	10415
آمن	10413
شخصية	10398
اتصلت	10398
سمحت	10391
جنون	10385
يشعر	10380
الشيطان	10376
يبقى	10372
حرب	10370
الأسئلة	10360
تهتم	10349
بيني	10331
أجلي	10322
تتكلم	10318
تشعرين	10308
دوماً	10305
كنتم	10286
ومع	10273
روبرت	10266
سأقول	10259
الشعر	10258
تي	10257
اننى	10250
تغير	10235
قوله	10207
واحده	10205
أيمكنني	10194
اليك	10194
الأعمال	10187
أصدقائي	10184
يدي	10183
يمكنهم	10181
مثلما	10166
كـ	10159
حصلنا	10153
حب	10145
بان	10145
بوسعي	10143
بمجرد	10140
معكم	10135
أَعْرفُ	10121
الرقم	10115
طيب	10112
رأسي	10110
لحم	10110
أعيش	10108
الغابة	10101
جاد	10098
سان	10072
تومي	10066
تسمع	10061
الآنسة	10050
أليكس	10049
أراهن	10045
مسألة	10026
القطار	10025
أحسنت	10009
التلفاز	9994
أرسل	9985
بسيط	9984
ملك	9979
ولماذا	9978
شرطي	9978
السلامة	9976
جميعنا	9976
صور	9965
يدعى	9961
عظيمة	9955
العمر	9950
البلاد	9944
اردت	9940
سرقة	9912
حماية	9907
سكوت	9878
اليه	9873
تقوله	9867
جاي	9863
تريدني	9845
خدمة	9843
ابداً	9842
للبيت	9837
سأخبرك	9835
سو	9813
أتعرفين	9812
قوي	9787
عد	9781
خاطئ	9780
وعلى	9775
معذرة	9767
فتيات	9766
عذراً	9763
رباه	9762
دماء	9760
تتوقف	9759
اللحم	9758
القدم	9756
إنتهى	9755
قلق	9753
قالوا	9744
أبدو	9736
بالعمل	9733
تاريخ	9730
اجلس	9702
الضحية	9693
باريس	9689
فكر	9687
الأبيض	9682
تنتهي	9680
لنرى	9668
مؤخراً	9668
الرائع	9665
تضع	9665
الأسلحة	9663
خط	9661
الدفاع	9641
حالما	9639
بالإضافة	9638
بعضهم	9632
أبقى	9630
بأمان	9620
أثق	9616
تظنين	9611
التاريخ	9608
التالية	9598
تسير	9594
الأولاد	9589
مساعدتي	9586
أمور	9580
شراب	9577
الألم	9571
بن	9566
الأحيان	9564
الشاحنة	9560
الكلمات	9545
التوقف	9541
كنّا	9531
وداعا	9529
سابقاً	9529
اسمها	9516
اهلا	9514
دان	9510
أدخل	9508
والتر	9506
امر	9502
اتمنى	9497
ثمن	9490
جاهزة	9487
لشخص	9483
تقولي	9476
جوني	9471
حضرة	9467
خذي	9459
الكنيسة	9456
بناء	9440
ستذهب	9435
المفضل	9433
مشاهدة	9432
اكن	9430
سيئ	9419
صفقة	9419
عمله	9399
ألديك	9398
القبيل	9391
واو	9369
بالرغم	9362
آي	9361
الصف	9353
عاهرة	9343
كلير	9331
لكنهم	9326
الجلوس	9299
السرعة	9295
بوبي	9285
الشراب	9280
موافقة	9274
الجميل	9239
الفكرة	9238
بالقرب	9235
الشخصية	9227
القمر	9209
آلاف	9206
تتصل	9206
أتريدين	9204
وكانت	9199
كهذه	9193
أربع	9192
طائرة	9191
الثانوية	9185
استمع	9184
أَو	9177
وكذلك	9175
مرتين	9167
ستكونين	9152
سبعة	9146
جيري	9133
إتفقنا	9123
شارع	9122
ميتة	9118
يرى	9113
بقية	9110
بأنكِ	9110
أقدر	9109
يجعلني	9079
أراه	9072
تعرفي	9071
زوج	9065
الزمن	9064
سواء	9060
قتله	9054
موت	9052
الدرجة	9048
لله	9043
انتهت	9038
دخلت	9021
للخروج	9013
صنع	9001
أمل	8999
طبيعي	8997
كُل	8997
السلام	8985
أمّي	8982
شيءٍ	8978
شراء	8975
فرقة	8970
السادة	8964
الترجمة	8962
تدخل	8958
الكل	8955
نصل	8954
فندق	8950
الصندوق	8950
شكل	8947
منزلك	8938
أقرب	8937
الحقيقية	8932
الرئيسي	8925
زوجك	8925
طويلاً	8916
أعمال	8913
مشغول	8902
حامل	8896
يارفاق	8893
تفعلينه	8893
شك	8881
التحكم	8876
طبعاً	8874
ولهذا	8867
سعيداً	8866
مناسب	8860
قاموا	8854
أبى	8843
الشباب	8837
يمكنكم	8830
تقدم	8830
الأسود	8830
زمن	8827
خير	8826
تطلب	8825
يبدأ	8824
باب	8823
والدتي	8821
صديقتي	8813
عائلتك	8812
يومين	8805
روز	8802
كابتن	8802
سهل	8796
خطير	8794
بشأنه	8790
الرحيل	8789
كارل	8783
أتوقع	8767
النجدة	8749
يبحث	8748
يد	8748
غاضبة	8748
توماس	8743
يوما	8738
تعرفه	8736
الافضل	8733
يقتل	8716
طول	8715
إما	8713
وحدة	8711
سيارتي	8710
توني	8710
دين	8708
أبدًا	8699
المفتاح	8694
الضغط	8694
أقوى	8691
موافق	8682
الرحلة	8679
وجد	8675
تلعب	8673
تمّ	8668
ببساطة	8668
إعتقدت	8667
صباحاً	8658
نوعا	8654
قادر	8649
طريقه	8645
ذاهبة	8645
تكذب	8644
دخل	8635
كنتي	8629
أقدم	8622
مجلس	8618
جيني	8615
لَمْ	8601
سوياً	8596
الخطب	8594
توقفوا	8585
لستِ	8582
عطلة	8581
نادي	8578
حياتنا	8576
للقيام	8569
مـا	8569
ماهي	8567
مَع	8564
عمي	8562
بضع	8559
الإنتظار	8558
مجال	8551
عميل	8549
ترين	8547
منى	8546
المسدس	8543
كايل	8537
ليلي	8532
مدير	8528
لعين	8509
الشهر	8506
للحظة	8497
قرأت	8485
داعي	8481
إبن	8460
الجو	8443
محطة	8438
افكر	8423
تأكيد	8415
سيأتي	8401
آن	8400
الأبد	8394
قيمة	8388
بدا	8378
الأصدقاء	8374
فتح	8365
وكأنه	8360
الزفاف	8353
فمن	8352
آخذ	8351
لأحد	8351
قف	8350
الطاولة	8345
خطوة	8344
تمانع	8337
بالأمس	8335
وقعت	8327
عقد	8314
بإمكاننا	8313
والد	8305
للهول	8304
ثمانية	8304
العظيم	8301
السيدات	8299
قائد	8298
الحالي	8296
يتوجب	8296
شاب	8295
فيك	8285
تقرير	8284
سبيل	8279
الخوف	8274
الموقع	8273
صحيحاً	8273
الحدود	8272
لوك	8260
شخصا	8257
النافذة	8255
تنتظر	8252
كيم	8247
اقصد	8246
أفترض	8245
رأيتها	8244
الملازم	8243
لمعرفة	8234
تستخدم	8231
يفعلون	8230
الأحمر	8227
الكلمة	8226
صعبة	8222
ذكر	8213
تحديد	8210
خرج	8209
ريد	8206
ابقى	8206
التحقيق	8204
حركة	8192
فيل	8190
الفضاء	8189
غاضب	8186
جوي	8170
للخارج	8159
توقفت	8154
الثلج	8153
جيده	8140
أتعتقد	8135
علامة	8129
تقصدين	8128
قديم	8116
سيئاً	8110
اقوم	8102
لفعل	8099
موضوع	8074
الشاي	8072
آنا	8065
أسئلة	8065
الجثة	8065
العلاج	8065
حادث	8050
أتساءل	8048
الغبي	8044
محظوظ	8044
لابأس	8041
القدر	8041
تستحق	8034
احاول	8033
الرأس	8026
تحركوا	8024
الأمريكية	8006
عليكَ	7998
مفاجأة	7986
الفوضى	7979
المطبخ	7979
الجامعة	7972
صح	7964
متن	7961
محل	7960
جدتي	7960
تذهبي	7959
قليلة	7952
ذالك	7952
وحتى	7952
النجوم	7947
قلقة	7944
دانيال	7938
بنفسه	7934
لأنهم	7930
ابنك	7922
يقومون	7918
تحتاجين	7914
يُمكنني	7911
يعجبني	7910
أسألك	7902
الفيديو	7894
جدي	7894
السحر	7890
تفضلي	7890
شديد	7880
فسوف	7876
الداخلية	7875
أولاد	7874
بأكمله	7870
آلة	7869
نقول	7867
ثمّة	7864
تعالى	7864
تفقد	7864
النبيذ	7860
مكالمة	7859
فعلنا	7857
تشارلز	7856
إشارة	7845
الشكل	7844
مستوى	7843
النهر	7840
قدر	7831
المراقبة	7828
غادر	7827
فمك	7827
أغنية	7821
حقيبة	7818
ستقوم	7813
البيض	7809
الغريب	7806
مكتبي	7805
قهوة	7800
يهمني	7800
بأنّني	7799
عضو	7799
اسفة	7798
موقف	7792
أنحاء	7792
بأمر	7790
أكل	7786
بطل	7784
كُنْتُ	7783
السنوات	7780
وقالت	7777
بارد	7774
آتي	7768
نفعله	7765
الاسبوع	7764
رأى	7762
كتب	7762
كيت	7761
أغلق	7758
تدفع	7754
بالمنزل	7753
رؤيته	7753
هيه	7746
قصيرة	7734
أنّكِ	7734
بأنهم	7724
قلبك	7721
الولد	7719
الثلاثة	7711
تسمح	7711
ذكي	7707
أموت	7707
أطول	7704
إنقاذ	7703
مقابلة	7702
افتح	7701
ولكننا	7699
مارتن	7693
وسيلة	7690
فـي	7689
لاشيء	7688
قادرة	7682
حي	7681
رأسه	7679
البريد	7676
الليله	7675
جثة	7673
مصدر	7669
سفينة	7669
قديمة	7667
أنّني	7667
الحقيبة	7667
نقل	7664
عقلك	7649
ترتدي	7646
ظٹط	7637
ملايين	7632
كاثرين	7631
لعب	7630
سريع	7627
الكلاب	7626
أضع	7625
ليّ	7618
المحيط	7612
مطعم	7607
إليكِ	7606
ليو	7603
للجميع	7595
الوجه	7590
بسهولة	7590
لون	7586
الضابط	7582
الاطفال	7581
جعلت	7578
الصيف	7576
ماء	7576
تمامًا	7574
اتصال	7574
يحمل	7573
بسيطة	7570
زالت	7568
بربك	7564
لدرجة	7560
سأحضر	7560
دم	7558
فلم	7558
روح	7556
أخبره	7555
مر	7553
الكاميرا	7551
أخبرت	7548
وجهه	7548
أترك	7547
شاهد	7547
بصراحة	7540
كذبت	7535
كفاية	7533
غادرت	7526
قلتِ	7520
البرنامج	7519
الأسفل	7519
فإنه	7519
متجر	7515
يشبه	7515
لانه	7512
جرى	7507
كارتر	7498
آسفه	7498
مضت	7497
إنتظري	7497
وقتك	7495
الجزيرة	7484
مدة	7484
أعتقدت	7482
مسرح	7474
الكون	7460
قولي	7458
القرار	7446
كلهم	7444
إسم	7436
اول	7434
يدخل	7433
القدوم	7426
لتلك	7426
رأيتك	7423
نيل	7423
تقتل	7422
والان	7422
بفعل	7418
أمزح	7418
بعدما	7418
البحرية	7417
طفلة	7416
الموافقة	7410
تجربة	7405
قضيت	7403
فائدة	7398
مطلقاً	7390
بقوة	7379
انتهيت	7376
هانا	7369
بعيدة	7369
اتحدث	7361
احصل	7358
بأكملها	7355
سوء	7353
تخبريني	7349
تأكل	7346
الملكة	7340
عينيك	7339
وجدته	7336
السهل	7335
إنظر	7328
اخبرني	7318
نكن	7311
اهدأ	7309
قابلت	7304
الخامسة	7294
مكانه	7293
عنهم	7283
قاعدة	7282
مـاذا	7279
كانا	7278
يسمح	7263
الاسم	7258
أمى	7255
إياه	7255
أدنى	7250
استمر	7247
أتكلم	7244
اريدك	7242
سابق	7237
مَنْ	7236
تعرفون	7235
الفوز	7232
المطاف	7231
أدرك	7218
عادت	7216
الهجوم	7212
سوية	7212
ادخل	7208
نعتقد	7204
وأعتقد	7199
الفور	7199
نأخذ	7198
هـل	7196
كأنه	7188
تسأل	7185
الوحش	7183
القارب	7183
فظيع	7182
فان	7179
جولة	7177
تعنين	7176
ستأتي	7174
حادثة	7174
ننتظر	7169
قاله	7167
حالياً	7164
بيع	7164
ضمن	7162
مريضة	7162
يتوقف	7161
مرض	7159
اعطني	7158
الجيدة	7136
ثق	7134
اخبرك	7132
الحقير	7130
والده	7129
ضربة	7121
اخرس	7117
تترك	7114
أرجو	7113
لوحدي	7110
انة	7107
تيد	7106
جدّاً	7098
سيارتك	7095
يدفع	7088
التصوير	7087
العلاقة	7070
تريدون	7068
القاعدة	7066
أبعد	7058
كلاهما	7055
تبقي	7052
تثق	7050
الثقة	7044
جامعة	7042
ضرب	7040
الموقف	7036
كلام	7030
حياتها	7028
ينجح	7027
بقيت	7026
النووي	7025
تكونين	7015
عاما	7003
غبية	7001
ممتع	6993
السادسة	6992
جميعهم	6989
سآخذ	6984
ضغط	6976
لوحة	6968
كافية	6968
انى	6964
أثر	6961
الطرق	6961
أساعدك	6949
سيقوم	6941
وكالة	6939
أنهُ	6939
للأسف	6936
جميعكم	6935
القائمة	6934
ويجب	6933
حاضر	6927
المساء	6921
تصدق	6921
تجعلني	6920
القسم	6914
وجهة	6913
وبين	6908
وقع	6904
عنكِ	6904
المركز	6903
تجاه	6903
جينا	6900
وحيدة	6898
كلمات	6897
أرسلت	6896
اعمل	6894
العامة	6894
للمساعدة	6888
التحقيقات	6887
بالدخول	6886
نسخة	6886
آدم	6886
شاحنة	6873
فوراً	6864
هاتفي	6862
لايوجد	6861
هانك	6859
قرار	6858
افهم	6856
أنى	6856
الفرق	6853
هنـا	6853
الشاطئ	6850
حَسَناً	6848
عالية	6845
عذرا	6843
أناس	6840
مفتاح	6839
يسبق	6837
ضابط	6836
مجددًا	6836
غاية	6835
الاثنين	6834
ضوء	6833
بدلا	6830
عنوان	6821
الأموال	6820
السوداء	6818
آني	6815
الكذب	6814
أرض	6811
ياإلهي	6808
جيسي	6804
الرابعة	6801
واثقة	6800
ماما	6798
ابقي	6797
يُمكن	6796
أسود	6789
تقديم	6785
نعيش	6772
بداخل	6772
تحقيق	6771
معجب	6765
أه	6758
اخذ	6755
السبت	6753
سوزان	6741
الكتب	6736
الهرب	6732
لتناول	6730
السيئة	6728
هذهِ	6726
أحدكم	6719
احضر	6717
ذاهبون	6716
الرابع	6716
الحين	6710
النادي	6709
عمره	6698
يرتدي	6694
الحد	6691
الجمعة	6691
زوجها	6689
يرغب	6688
تحبين	6687
أهو	6686
حلم	6684
المطعم	6679
للنوم	6677
أهمية	6677
لَنْ	6673
مليئة	6664
أعرفك	6663
أردتُ	6655
يعنى	6655
محامي	6648
أتسائل	6646
الرقيب	6642
الأكبر	6640
ابنة	6637
المعركة	6631
ولاية	6628
جيّدة	6626
أصل	6626
يستخدم	6622
جوش	6620
المسرح	6619
آبي	6618
ولدي	6612
الارض	6611
بو	6609
حظ	6595
الراحة	6594
تغادر	6592
المسؤول	6589
تسمعني	6584
التفاصيل	6578
عمر	6578
جميعًا	6577
كسر	6574
احبك	6573
أسفة	6569
نملك	6566
ممارسة	6564
ابحث	6563
مسبقاً	6563
هرب	6561
الحانة	6554
سريعاً	6553
سيصبح	6552
ايتها	6548
عملنا	6539
لوسي	6533
أحيانا	6528
أذكر	6527
المجيء	6525
سيداتي	6523
تعطيني	6519
وأبوس	6515
أجلس	6514
دع	6512
جيف	6507
البوابة	6504
آخرى	6502
جلبت	6502
الحفل	6502
لأجلك	6500
سجن	6498
تشاك	6494
فحص	6491
بجد	6488
مثله	6485
يعتقدون	6482
السن	6479
لوقت	6478
أنفسنا	6476
يظن	6474
هيئة	6467
شهور	6454
حالا	6453
بالأسفل	6450
رجاءاً	6440
سقط	6439
روس	6436
اصبح	6433
تأثير	6433
كلوي	6426
مدهش	6424
الثامنة	6423
كول	6423
ملكة	6422
إننى	6416
عنا	6409
جاين	6402
الثمن	6400
عرف	6399
بدأنا	6396
أتت	6396
رحل	6395
إبني	6395
واشنطن	6383
قيادة	6380
تعالوا	6375
وجبة	6374
مصاب	6372
إذهبي	6368
السرية	6360
لازلت	6359
المفضلة	6356
كتبت	6353
الصفقة	6352
الكوكب	6348
علاج	6343
بالشرطة	6342
أشبه	6342
لكنّه	6340
تري	6340
ذهبنا	6339
لكما	6339
يعتمد	6339
بالحقيقة	6335
أحبه	6334
قرب	6334
يتكلم	6334
تتصرف	6331
قنبلة	6330
عِنْدي	6327
إخباري	6326
حساب	6323
ذلكَ	6321
صديقتك	6317
تخبر	6316
مؤخرتك	6312
يساعد	6311
اللون	6309
لاحظت	6309
فضلكم	6300
الحافلة	6300
الوظيفة	6300
أسأل	6299
كيلي	6299
عادي	6298
أنكَ	6297
رايان	6291
المباحث	6287
تنسى	6283
قانون	6282
إليهم	6282
تراجع	6282
الرحب	6281
لطيفاً	6276
كوين	6268
جاكسون	6263
هاتفك	6261
رائعا	6258
تذهبين	6254
السفر	6253
عمري	6250
المفاتيح	6245
المرح	6237
مخدرات	6235
نخب	6235
العدالة	6235
الفصل	6235
الطيران	6228
مثالي	6226
اشياء	6225
ينظر	6223
وجدتها	6221
الأدلة	6213
خطب	6212
معروف	6210
رحلت	6204
تعلمت	6202
نتيجة	6200
رد	6199
سجل	6199
أبدأ	6198
وقتا	6197
مازالت	6197
المجموعة	6190
مشكلتك	6183
النهار	6182
كلاكما	6179
شيكاغو	6179
المرور	6179
حياً	6178
يضع	6178
براين	6178
المرحلة	6175
أوقف	6171
الصبي	6170
المغادرة	6168
الحلوى	6167
طيلة	6165
شابه	6161
يو	6159
روما	6158
مسدس	6156
اصمت	6156
لتكون	6156
السطح	6152
يستطيعون	6152
روبن	6151
ليسَ	6151
عزيزتى	6150
كانَ	6149
القوات	6149
حانة	6144
لأنّ	6141
للتحدث	6139
الم	6138
الحقيقه	6137
أهم	6135
بقتل	6133
سقطت	6131
عشاء	6129
سيفعل	6128
قلتُ	6127
يلعب	6120
يعملون	6117
قريبة	6109
ساعتين	6108
دائمًا	6107
غضون	6106
ابنتك	6103
كثيرًا	6103
مراقبة	6100
مباراة	6099
سحقاً	6098
الشريط	6097
السلطة	6090
استطعت	6088
الجنود	6083
مشروع	6081
المباراة	6081
أليست	6079
موسيقى	6079
بحقك	6075
سرقت	6071
كاليفورنيا	6070
إدارة	6069
واضحة	6068
ليكون	6064
أنظروا	6064
الخلفي	6063
للداخل	6062
ريك	6062
أقتل	6061
آخرين	6060
البيانات	6056
كارين	6052
أسمح	6043
رأيي	6041
بابا	6038
لأول	6038
جائع	6037
لأكون	6033
أنسى	6032
تأخرت	6028
لنفسي	6027
الحرارة	6024
هدف	6023
أتمكن	6023
تحضر	6020
مباشرةً	6016
وان	6016
أؤمن	6015
كين	6011
النظرة	6010
أختك	6007
عبارة	6004
خسرت	6000
جاءت	5999
أعظم	5996
ذكية	5995
الأفلام	5991
تلقيت	5989
فنحن	5988
لكنى	5986
سأعطيك	5982
تراه	5980
إنّهم	5975
التصرف	5974
أتظن	5972
تقف	5971
طابت	5970
الجنون	5969
الأوراق	5965
أرد	5962
مبكراً	5962
أحببت	5961
سأبقى	5960
التنفس	5960
الأمل	5958
تحدثنا	5955
الهروب	5953
أعطيك	5949
ستعود	5943
الأماكن	5941
جونز	5937
العلوي	5935
تعديل	5933
السابعة	5932
هربت	5931
بحلول	5928
فيكتور	5927
الروح	5926
الاقل	5925
ممتعاً	5922
الذهب	5920
السريع	5919
الإنترنت	5918
لشيء	5916
التخلص	5912
فرنسا	5910
اليد	5908
السماح	5904
ماك	5903
تسعة	5903
الهند	5899
بقي	5898
القرن	5898
تقومين	5891
يتصل	5890
كفى	5889
شجرة	5885
سانتا	5881
قراءة	5880
بهدوء	5880
بالكثير	5879
دعه	5878
تطلق	5876
الجنرال	5870
نيو	5864
أمسك	5863
صوتك	5860
الكابتن	5859
تفعلون	5852
لهنا	5851
أودّ	5850
الحي	5849
يُمكنك	5847
يمر	5847
الاطلاق	5845
عيني	5845
كَانتْ	5841
سأراك	5840
فما	5839
عندنا	5838
أنتى	5838
أهناك	5838
تجري	5837
منّا	5837
اتعلم	5836
حدثت	5834
السيّد	5833
ديف	5833
يقف	5831
للبحث	5828
سأحاول	5825
يدور	5822
السمك	5816
تعرض	5816
ملابسك	5814
عم	5809
أهذه	5806
تشغيل	5806
التدريب	5805
وحده	5803
وحيد	5798
أخبرته	5797
معركة	5791
شقة	5789
تفهمين	5787
تجلس	5787
آرثر	5785
قادمون	5784
اكتشفت	5784
أعضاء	5783
حدوث	5781
ألست	5779
بعمر	5777
السعادة	5777
الخدمة	5777
مزحة	5769
دعوني	5767
قتلي	5766
إلهى	5761
تمكنت	5760
أدركت	5756
عمّا	5753
الأوان	5752
الاول	5746
البشرية	5746
الأغنية	5742
علاقتنا	5742
بارك	5739
لاري	5738
شاهدت	5737
عنّي	5736
جماعة	5734
جزيرة	5731
كونك	5725
إخبارك	5722
اليمين	5712
أجله	5711
جعلني	5709
انتبه	5709
أعترف	5708
دعنى	5705
عصابة	5703
الدليل	5702
توقّف	5697
لسبب	5695
يخبرني	5695
بالتحديد	5694
كبيراً	5689
غريباً	5687
يحاولون	5684
الفيدرالية	5684
الخامس	5684
العدو	5683
السير	5680
سينتهي	5678
بمكان	5678
بوجود	5675
حقّاً	5675
حظاً	5675
شبكة	5674
اخبرتك	5673
يقود	5672
الحرية	5672
بدّ	5667
يصدق	5661
المستحيل	5658
اختبار	5658
عمرك	5657
أدفع	5653
بالإمكان	5651
لانك	5651
واحدا	5650
اهتم	5648
يطلق	5647
هما	5645
بهِ	5642
إيقاف	5640
تسبب	5640
البدء	5639
سئ	5639
العنوان	5638
آمنة	5637
جيل	5631
الشرطي	5628
نتكلم	5627
هجوم	5627
أعنى	5626
نقود	5624
أسلحة	5624
أسهل	5621
لكنت	5621
ياله	5617
تصديق	5614
نجحت	5613
طريقنا	5613
ينتظر	5612
حيوان	5611
يتحرك	5608
الشوارع	5607
وحش	5606
الأمير	5605
القنبلة	5605
القرية	5604
الإنسان	5604
أمن	5603
لكنّ	5603
جزيلا	5603
سيارات	5602
سريعة	5597
الطوارئ	5597
باتريك	5594
يسير	5594
لرؤيتك	5593
الطفلة	5592
الحكم	5591
لرجل	5591
توقعت	5591
تقع	5589
تهانينا	5589
طرق	5589
الجهاز	5588
زي	5588
أصدقائك	5585
حلوى	5584
اصبحت	5583
المجلس	5581
إسمه	5580
الحديقة	5574
تستمع	5571
صنعت	5570
نظر	5567
كريم	5566
سعداء	5564
الكحول	5563
عفواً	5561
المشتبه	5559
العمليات	5557
للأعلى	5555
روجر	5553
سرق	5552
إبتعد	5551
مهتم	5547
قضاء	5546
رجلا	5545
اليسار	5544
جيك	5542
سعيدا	5541
يطلب	5540
جايك	5539
لوحدك	5539
مقرف	5537
المتجر	5536
بسرعه	5535
أبيض	5534
وقتها	5533
الدفع	5533
المجتمع	5532
غرفتي	5528
أذن	5528
أكذب	5526
المسألة	5525
سيعود	5524
باسم	5523
السوق	5521
بجدية	5520
المرء	5520
جمال	5516
ستصبح	5516
الظهر	5516
حدود	5514
تخيل	5512
عجوز	5507
أترين	5503
بالواقع	5502
الواحد	5501
الأوقات	5500
مشغولة	5499
أجمل	5496
مالك	5493
المريض	5492
لين	5491
الشمال	5491
يفكر	5489
فوضى	5489
فريد	5487
جلب	5485
أأنتِ	5485
فات	5484
أرادت	5483
المستوى	5482
الحركة	5477
استخدم	5476
أعوام	5476
سرية	5473
الرصاص	5472
أرجوكم	5472
ونصف	5471
الحضور	5471
الإجابة	5468
سر	5466
القلق	5465
بالطريقة	5464
وفاة	5464
دخول	5463
دورك	5462
عفوا	5461
أكان	5460
اترك	5460
نار	5459
أراكِ	5459
يترك	5452
أيا	5452
تحقق	5451
مجرّد	5450
اجتماع	5449
اذهبوا	5449
أنفسهم	5443
إليكم	5442
يـا	5440
تبكي	5440
كتابة	5437
طفلاً	5435
قومي	5435
الجمال	5434
الحمراء	5434
يَكُونَ	5433
إسمي	5433
ضخم	5432
إجراء	5428
تلكَ	5427
مناسبة	5424
مستشفى	5421
الفراش	5421
ايام	5415
العاشرة	5415
عنده	5414
إتصل	5409
إي	5407
القواعد	5405
الغضب	5399
الشكر	5398
أنّنا	5397
معقول	5397
الخبر	5395
انتى	5393
شخصٌ	5390
فخور	5389
أحبها	5387
فلنذهب	5387
أمامي	5386
الاولى	5368
يعتبر	5366
أمامك	5365
إس	5365
الرسائل	5362
تعاني	5360
ابق	5359
دفعت	5358
خدعة	5357
نقاط	5356
التاسعة	5354
الألعاب	5351
ألعب	5348
شخصي	5346
ميتاً	5343
ترغبين	5342
عمرها	5339
لأنكِ	5339
مسرور	5336
لقتل	5336
الاثنان	5335
شخصياً	5335
جادة	5334
تستمر	5333
الوحدة	5328
إسمعي	5326
البلد	5325
نظرت	5325
الجسم	5324
أصغر	5323
فيليب	5323
أفعلها	5323
لِمَ	5322
للوصول	5320
زاك	5319
بوسعك	5319
يعنيه	5314
تقبل	5313
العم	5309
انتظروا	5307
هاك	5305
اقل	5304
ألقي	5304
يسمى	5303
الأطباء	5299
الشقة	5299
أُريدُ	5298
القمامة	5297
مرحلة	5296
المسكين	5293
مذهلة	5293
اراك	5293
السّيد	5292
الدجاج	5292
فعلتِ	5291
ظهرت	5291
الخنزير	5289
يعلمون	5288
كوب	5286
العلم	5283
خطأي	5282
جانباً	5280
تعملين	5279
حياتى	5279
ستيفن	5278
عقلي	5275
سحب	5270
احدهم	5269
إرسال	5268
ماركوس	5266
كيفن	5266
منطقي	5265
يالها	5264
الأمريكي	5263
الشعب	5262
السباحة	5261
أسوء	5259
ساعدوني	5258
صعوبة	5257
العقل	5257
وهكذا	5254
سنرى	5253
اصدق	5252
أخيرا	5250
ممتعة	5249
مررت	5246
القوانين	5244
البنك	5243
الخمر	5240
تشرب	5234
للعيش	5232
طبيعية	5232
المطار	5231
الرائعة	5230
لصالح	5228
الإثنان	5227
طبعا	5224
مولي	5223
السفلي	5222
اسرع	5221
رسائل	5221
تتوقع	5217
علـى	5216
فرانكي	5212
الطيور	5207
تأكد	5206
لأجلي	5206
كاري	5206
المرض	5205
مخيف	5205
الموعد	5201
السنين	5200
الحادث	5199
حمام	5199
للمرة	5198
ليزا	5198
عودي	5195
سن	5190
كايت	5189
هوية	5188
باري	5187
الطبيعة	5187
أَستطيعُ	5183
ولدت	5182
أنواع	5182
شيءٌ	5181
مفتوح	5175
تنام	5175
تمهل	5174
تدرك	5172
أوراق	5165
اية	5163
ريبيكا	5160
مشاعر	5159
المرضى	5158
وكأن	5157
وحدي	5157
ستفعلين	5157
قابل	5156
رفع	5155
بوقت	5154
المحاولة	5152
أحمر	5152
خطيرة	5152
الرئيسية	5150
الكعك	5148
وها	5146
سأحصل	5143
اكبر	5143
حسناَ	5142
ستحصل	5142
بعدم	5140
الأرواح	5136
أنجلوس	5133
اطلاق	5133
جرائم	5130
سهلاً	5126
لسوء	5126
ليلتك	5124
رفيق	5122
لاحق	5116
شريك	5116
العقيد	5115
المحطة	5114
أشك	5112
كأس	5112
نتائج	5112
المرات	5111
أب	5105
مفتوحة	5102
بعضاً	5101
الحائط	5100
المشي	5098
شعرك	5097
الصغار	5097
عديدة	5094
فينس	5091
أخبرها	5091
العين	5091
جمع	5089
أكتب	5089
لاعب	5087
فقدان	5086
سرعة	5085
انتهينا	5078
للأسفل	5078
تايلر	5077
ماريا	5074
جيس	5073
يستغرق	5072
لنبدأ	5070
إهدأ	5068
يتطلب	5068
حسنـاً	5066
الخطر	5065
سميث	5064
خطط	5061
استعداد	5058
جعلتني	5056
هارفي	5056
تصرف	5055
سنين	5055
إيما	5054
أقترح	5053
نساء	5052
كـان	5051
يكذب	5050
اختفى	5049
الأحد	5048
جوليا	5046
طفلي	5045
لمساعدتك	5044
تايلور	5041
دولارات	5041
للخلف	5040
الموتى	5038
فرق	5036
أظنني	5034
صعباً	5032
لمكان	5028
يحبون	5027
وايت	5026
الشر	5025
سآتي	5025
يقوله	5024
نائب	5022
أسبوعين	5022
تقود	5022
تيري	5021
افعلها	5020
هومر	5018
بوضوح	5017
ترحل	5017
بَعْض	5014
تدعى	5013
الاشخاص	5001
لازال	5000
سمعته	4999
والدها	4998
ديريك	4996
الضحايا	4994
شاذ	4994
وهنا	4991
التوقيت	4989
سأتولى	4988
اللوحة	4988
كافي	4985
علامات	4984
تمر	4983
الحمقى	4982
مرت	4981
شريط	4980
سلسلة	4979
تعلمي	4979
بالذنب	4979
عنى	4976
حديقة	4975
الأحداث	4974
تيم	4974
هيلين	4972
مكتوب	4971
زعيم	4971
حية	4970
تقم	4969
يبحثون	4968
ولكنى	4967
سوداء	4963
تقومي	4962
تعنيه	4962
النفس	4960
ظٹ	4954
هلاّ	4954
لقاء	4954
استيقظ	4954
انكِ	4954
الرائحة	4954
طيبة	4951
رصاصة	4950
تصوير	4949
قبلة	4949
باركر	4945
أوليفر	4945
لـم	4942
الكلية	4940
لأنّه	4940
عشرون	4939
كارول	4937
لورا	4936
الشرف	4934
نبقى	4932
خاطئة	4931
لأرى	4930
معرفته	4930
الوقوف	4929
النقطة	4928
الفرقة	4926
بحقّ	4925
ستبقى	4924
الطقس	4924
ورقة	4923
حبي	4922
التأكد	4921
ظننتُ	4919
منزله	4918
تكلم	4918
قصير	4918
المبلغ	4917
مائة	4913
رؤيتها	4904
الكبرى	4904
مفقود	4903
تحاولين	4900
آثار	4900
سيدتى	4892
كأن	4889
قاعة	4889
تفعلها	4884
ملابسي	4878
المقبل	4878
الطبيعي	4874
انهض	4874
الأبواب	4872
زوي	4870
يعاني	4868
نلعب	4868
يتغير	4867
ليسا	4867
ضعيف	4866
أريدكِ	4862
الولاية	4860
اولا	4858
شين	4858
بالذهاب	4858
وبعض	4857
سيذهب	4856
صديقى	4853
بأيّ	4852
لأنّي	4851
وسيم	4851
نضع	4851
مسموح	4850
لورين	4850
مميز	4848
كلياً	4847
عثرت	4846
تشبه	4845
يأتون	4844
الشجرة	4844
أجـل	4842
الحصان	4842
أفراد	4840
الوقود	4839
هاى	4838
لايمكنني	4838
مقدار	4837
الصين	4835
اليها	4835
إيدي	4835
تستطع	4831
مبنى	4830
دوري	4827
اختيار	4826
أغادر	4825
أراها	4822
سيحصل	4822
المطر	4818
قدمت	4817
حوله	4817
بوسعنا	4814
طويلا	4814
تكونوا	4813
جميلاً	4809
جد	4808
وحدك	4807
جيش	4804
لعدم	4799
الخيار	4797
مؤخرة	4797
اللطيف	4793
متأكّد	4792
رائعه	4791
الحريق	4790
سمعتُ	4788
السر	4788
كوبر	4784
الاستماع	4782
ماتوا	4781
بارت	4780
جولي	4779
صالح	4779
بالحديث	4778
هلّا	4778
حولك	4778
سلام	4771
وأريد	4769
العليا	4766
المجنون	4762
الجرائم	4761
خاصتي	4761
أمامنا	4761
قارب	4757
المناسبة	4756
المسافة	4753
الجثث	4750
جاكي	4750
الرياح	4750
بشئ	4750
الأميرة	4749
عامل	4748
اتيت	4748
القصص	4747
صحيحة	4746
ديك	4746
ننظر	4743
المخابرات	4742
تفكرين	4742
جنوب	4742
متأكداً	4740
دونا	4740
فشلت	4739
كيفين	4736
يقل	4734
التحرك	4734
البطل	4729
زواج	4728
إلّا	4725
سنعود	4724
مشروب	4724
الجدار	4720
نيكي	4720
أخبرنا	4718
أستمع	4717
بوضع	4714
للعودة	4713
الزهور	4710
مسافة	4708
اطلب	4708
الكهرباء	4705
جندي	4704
فعلوا	4701
قتلته	4700
الإثنين	4700
يريده	4699
الأحوال	4699
الطب	4698
لذيذ	4697
الجسر	4695
العمدة	4694
الشجاعة	4693
أبوس	4693
ستموت	4693
قانوني	4692
الملفات	4689
ببطء	4688
وكأنها	4687
سأخرج	4686
سررت	4684
توفي	4683
الشيئ	4682
تمام	4678
رفض	4678
ملف	4677
وغد	4676
كوكب	4676
ضخمة	4674
الوداع	4674
يجد	4671
تغيرت	4671
تشير	4668
كعكة	4659
خبر	4658
بعضها	4654
بلقائك	4654
سهلة	4654
دعوة	4653
مكاني	4650
ويليام	4646
يقع	4646
خلفك	4645
مرحى	4644
تنجح	4643
لَرُبَّمَا	4642
عودة	4642
سنتين	4641
أظنّ	4640
الفائدة	4640
متزوج	4640
بصوت	4640
حجم	4639
نظرية	4635
أسماء	4635
فيديو	4633
مارتي	4633
القدرة	4632
المتعة	4630
أغلب	4628
طريقك	4627
علبة	4626
مسلسل	4625
عين	4624
أعطيني	4624
بصورة	4623
إياها	4623
ست	4622
بنت	4622
باي	4621
وجدوا	4621
إم	4620
نمت	4618
قتلها	4614
بالأعلى	4609
غيرت	4604
أماكن	4600
وأنه	4598
وعدت	4594
جلسة	4593
كأنك	4591
لسنوات	4591
أطلقت	4586
أحبّ	4583
قتال	4583
هادئة	4582
للغايه	4582
لحسن	4581
تدمير	4580
يعيشون	4577
الأوامر	4577
وحيداً	4576
عليَّ	4572
سلاحك	4572
أرأيت	4572
شرف	4572
يُمكننا	4571
طاقة	4571
بروس	4570
السباق	4568
الطبية	4568
سايمون	4564
بالجوار	4563
بأسرع	4562
ساره	4561
معًا	4561
أجهزة	4561
رأي	4559
البيرة	4557
سيموت	4557
المكسيك	4557
كنتما	4555
الحساب	4554
فصل	4553
بعنوان	4553
التركيز	4552
أيمكننا	4547
لعينة	4545
تتبع	4545
لمرة	4542
مهلًا	4540
تسجيل	4539
تحول	4538
كذبة	4538
إجازة	4537
منظمة	4537
تاي	4535
مخطئ	4534
نفسكِ	4532
كاذب	4531
رايتشل	4530
بحالة	4529
إنهما	4527
هولي	4526
مرور	4525
قلبه	4523
رئيسي	4520
بشكلٍ	4519
البيضاء	4518
إنسان	4518
ممتازة	4518
حارس	4518
الأسنان	4517
شديدة	4517
الحمض	4513
إنهاء	4513
طاولة	4512
قتلوا	4509
وكأنك	4507
للعشاء	4506
الأزرق	4503
الدعم	4500
أمرٌ	4498
مئة	4496
الغبية	4496
الورق	4495
شرب	4494
أموال	4491
وزارة	4490
تتغير	4486
دائرة	4485
لايمكنك	4484
حاله	4484
بدونك	4483
للشفقة	4482
كذب	4482
مئات	4481
لايمكن	4481
مكافحة	4480
بسببك	4478
صبي	4478
بإمكانه	4472
يغادر	4471
العلاقات	4469
عالي	4469
مغادرة	4469
امك	4468
أنام	4463
شعورك	4460
الطلاق	4458
أنكما	4456
شهادة	4454
والدكِ	4453
رؤيتي	4452
تودين	4450
أشرب	4450
التعرف	4449
صحيحا	4447
عائلته	4445
أبقي	4445
صلة	4444
المشاعر	4443
كمية	4443
تعطي	4443
ماغي	4441
مغلق	4441
الخبز	4440
تعرضت	4439
أكيد	4437
يمتلك	4436
فارغ	4436
سري	4435
مثالية	4435
تنظيف	4435
الأرقام	4434
تساعدني	4434
ساحة	4434
دوغ	4433
بدور	4432
الخاتم	4428
أرحل	4428
عمليات	4427
سيئا	4422
زجاجة	4421
كاميرا	4420
النيران	4420
يأكل	4419
انسى	4419
الملف	4416
خطبك	4415
للناس	4415
فكره	4415
راحة	4414
الشأن	4413
ميشيل	4412
اتذكر	4412
والدة	4403
متأسف	4397
الصيد	4397
النصف	4395
أخبرهم	4393
الأوغاد	4391
السوء	4391
إلقاء	4391
مستعدون	4390
الأفكار	4385
لحظات	4384
نجح	4384
العسل	4384
تعنى	4383
خارجاً	4382
بمثابة	4381
طاب	4378
أجعل	4377
قتلك	4374
القرف	4374
الحبوب	4371
يعجبك	4370
الزعيم	4369
أخيك	4368
أماندا	4367
سابقا	4365
ذاته	4362
لوكاس	4360
طھط	4359
معجبة	4356
الدين	4355
الظروف	4355
التقرير	4353
مؤلم	4353
كيس	4351
الحلم	4349
إستمع	4348
يسبب	4345
مدين	4344
الدور	4341
قطار	4341
سباق	4341
مرةً	4340
ذكرت	4340
لشراء	4340
روبي	4338
الجنسية	4338
البيتزا	4337
اود	4335
المواد	4334
ظهري	4333
أنقذ	4333
لحد	4332
تأتى	4332
وكما	4331
ذهبوا	4330
الوثوق	4330
جعلك	4330
تحبني	4329
الدواء	4328
حمل	4327
اطلق	4326
الجنوب	4326
صغيراً	4326
حياتهم	4325
تساعد	4325
أفكار	4323
محمد	4323
مشكله	4322
مكانها	4322
مكاناً	4322
أيّة	4321
مالم	4320
أحدا	4319
بحيث	4319
عملاً	4318
إل	4315
التواصل	4314
العميلة	4314
مساعد	4313
باقي	4311
تهرب	4310
قِبل	4310
سائق	4308
الغاز	4308
أمرك	4307
الصواب	4305
اللازم	4305
كلية	4305
ناس	4302
آلي	4302
كأنها	4299
لاني	4298
أرتدي	4297
أقبل	4295
مستقبل	4295
يسوع	4295
المجال	4293
لنقل	4291
مجلة	4290
ولكنهم	4290
المثال	4289
وتلك	4287
يجلس	4285
بينك	4282
شعري	4280
إذ	4278
ضعف	4277
اسمحوا	4276
واذا	4276
مقتل	4275
تصنع	4275
صدقني	4274
يومك	4273
بتحسن	4272
نينا	4272
سجلات	4272
ابدأ	4270
الطبيبة	4269
الوطن	4268
منزلنا	4267
إبنتي	4267
تخبرنا	4267
السيء	4267
تلقي	4266
حذراً	4264
الغريبة	4261
غاري	4258
طريقها	4256
زفاف	4255
توبي	4254
إضافية	4252
الأشجار	4251
عادية	4251
للحياة	4248
إصلاح	4246
العقد	4245
محظوظة	4245
أردتِ	4244
الحارس	4244
واقع	4242
أريك	4241
سأحتاج	4239
المكالمة	4238
عادل	4229
الحفاظ	4225
كدت	4223
بحثت	4223
اصدقاء	4223
سئمت	4223
زيادة	4223
شهرين	4221
سألت	4219
السرطان	4218
قوى	4216
الأمام	4215
أوليفيا	4215
بالتاكيد	4213
جائزة	4213
حوض	4213
الكمبيوتر	4213
إسمك	4212
نجم	4211
سبع	4210
الرؤية	4209
هرقل	4206
تُريدُ	4205
خائفاً	4204
بروك	4202
نفكر	4198
المحامي	4197
رمز	4196
المركزية	4194
تفسير	4193
أخ	4191
يستمر	4191
يستطع	4190
الحمل	4186
صباحا	4185
تكساس	4185
لديكَ	4185
أنّكَ	4184
محتمل	4184
العنف	4184
ملاحظة	4183
عربة	4180
أوامر	4180
شبح	4179
يضحك	4178
الآخرون	4178
حقّ	4175
كاميرات	4175
الرئيسة	4173
القذر	4172
أظنه	4171
النجاح	4171
الجد	4168
ترد	4168
فقدنا	4167
دار	4166
والأن	4162
ندخل	4161
أحياء	4161
العكس	4160
كيتي	4159
شمال	4158
لدقيقة	4157
إثبات	4156
بوني	4156
نجاح	4156
الغناء	4154
الجبل	4152
حاولي	4152
رجالي	4151
غرفتك	4150
معذرةً	4148
قليلًا	4147
وأين	4145
بمثل	4145
إيميلي	4144
النتائج	4144
هه	4140
فلقد	4139
لجعل	4139
المدرب	4139
المادة	4138
العزيز	4136
ساحرة	4131
وسيكون	4131
الدماغ	4131
جسدي	4130
المختبر	4130
أؤكد	4129
ماعدا	4129
عكس	4128
أَن	4128
أصبت	4127
نحب	4126
نعـم	4126
تتمكن	4123
سيارته	4123
أخري	4122
الممر	4122
الإشارة	4121
أمه	4120
مقابلتك	4120
العظام	4117
قادراً	4117
بانه	4117
الكرسي	4115
أظهر	4113
يون	4108
دينيس	4108
يحضر	4107
جدًّا	4104
وفقاً	4104
العاصفة	4103
إحضار	4103
ظهرك	4102
للخطر	4102
المصعد	4102
الحليب	4099
إتصال	4099
بحث	4097
بكلّ	4096
المقعد	4094
إيريك	4094
الدولة	4093
خلفي	4092
لحماية	4091
نتمكن	4089
يمكنكَ	4088
كشف	4088
بحاجه	4087
لوحده	4087
المشهد	4086
انكم	4086
يده	4085
بلدة	4084
مواجهة	4084
بوث	4083
اسمح	4081
الهى	4081
أنصت	4080
سطح	4080
الحاكم	4079
هام	4077
الرأي	4075
تؤمن	4075
سخيفة	4071
براد	4070
أفكّر	4070
تقابلنا	4070
الشرب	4070
دوك	4069
للاهتمام	4068
فشل	4068
يجبُ	4068
اخي	4066
صوفي	4066
قوانين	4066
إجلس	4066
اللغة	4065
العسكرية	4064
الرفاق	4062
بانك	4062
حديث	4062
ذي	4061
بتهمة	4059
متعة	4059
يقصد	4057
عصير	4054
بمن	4054
مثلها	4053
الوعي	4051
خسارة	4051
تمتلك	4050
بغض	4049
يغير	4048
عِنْدَكَ	4047
الحراس	4047
الكتابة	4047
تهديد	4043
أريدها	4038
مَا	4038
العظيمة	4037
مذكرة	4033
أمريكي	4032
عجلة	4032
يهرب	4031
زيارة	4031
القبو	4029
القصر	4028
التسجيل	4028
السائق	4028
إعتقدتُ	4028
الرجاء	4028
العالمية	4026
أحبكِ	4025
ضعي	4025
تأمين	4024
دعها	4021
كون	4020
تعجبني	4018
ليام	4016
عادةً	4016
أشاهد	4012
حصان	4011
أصيب	4011
صيد	4008
ليز	4006
التأمين	4006
أحمل	4006
تدع	4005
وو	4003
ثقي	3997
قطعت	3994
حقير	3993
محقاً	3993
أنّهم	3992
بيضاء	3990
بندقية	3989
سأقتلك	3989
الرصاصة	3988
أقف	3988
وعد	3988
ستفعله	3987
تكتب	3987
عديم	3986
الانترنت	3985
أجرة	3985
شو	3984
تبدوا	3983
المشفى	3982
بأنّنا	3981
تدريب	3978
تريدي	3977
أخبركِ	3976
علىّ	3976
الشرق	3974
قمتِ	3974
الخطوة	3973
الشتاء	3973
سمك	3972
كارلوس	3972
أدلة	3971
يحتاجون	3971
لإنقاذ	3970
يتحدثون	3969
استطع	3969
المقدس	3968
سنجد	3968
الراديو	3968
إنكِ	3967
سانت	3967
كُنْتَ	3967
شاي	3967
بمفردي	3966
العاصمة	3966
إستخدام	3965
وقتي	3965
تفتح	3963
مخطئة	3962
المشروع	3961
الغذاء	3960
البشري	3959
مؤخرا	3958
بدء	3958
أخبرتها	3958
بيث	3957
التحدّث	3956
المحلفين	3954
تمزحين	3954
النفسي	3952
أقرأ	3952
أفلام	3951
آكل	3951
سلطة	3950
قاسية	3949
صف	3949
خاتم	3947
دورة	3946
عبقري	3946
رفضت	3945
ستان	3944
فخورة	3944
حبوب	3944
مقاطعة	3942
أعطاني	3941
إضافة	3941
بالنظر	3940
قوات	3940
دو	3940
الزاوية	3939
العملاء	3938
المرّة	3937
تراجعوا	3937
الشبكة	3936
للمدرسة	3936
الجليد	3934
رون	3930
حزينة	3930
ليندا	3929
نعرفه	3929
ايه	3927
اختفت	3926
غالباً	3923
لسماع	3921
امام	3919
بينهم	3919
جوليان	3917
ويلسون	3915
خاصتك	3914
اكتشف	3914
ميلر	3913
الحجم	3913
اللوم	3911
تريدينه	3909
بأنّها	3908
أقدام	3908
مؤخرتي	3905
مياه	3904
معروفاً	3904
جنرال	3903
أخطأت	3902
لمساعدة	3901
حكم	3901
بارع	3900
الحماية	3900
الأخضر	3900
إليزابيث	3899
أنقذت	3897
نسبة	3895
تيدي	3893
السيف	3891
اللّيلة	3891
وافقت	3890
ظل	3890
نغادر	3888
متزوجة	3884
تقرأ	3883
ميكي	3883
للقلق	3883
لكنكِ	3882
قادرين	3881
الحيوان	3881
الصحراء	3880
مذنب	3879
لعدة	3878
ملكي	3874
أخذه	3873
قلتي	3873
تتذكرين	3872
الصحافة	3871
لكان	3871
يصعب	3870
تُريد	3869
نصيحة	3869
الأطوار	3868
هادئ	3866
التغيير	3866
المؤكد	3865
مزعج	3862
وقف	3862
تذكرة	3861
لعنة	3860
الوفاة	3860
المعرفة	3856
فارغة	3856
الآلهة	3855
للشرطة	3854
يُفترض	3853
الجبال	3853
ظٹظ	3853
أليسون	3853
أخذها	3853
فيبي	3852
اضطررت	3852
اسفه	3849
رايلي	3849
قواعد	3844
قرر	3843
حذاء	3840
مسؤول	3839
لابدّ	3838
تحتاجه	3836
أمسكت	3836
لولا	3835
البقر	3835
متعب	3835
نفسى	3834
الرائد	3833
الصحيحة	3833
مليء	3831
لربّما	3831
حمقاء	3831
يكفى	3830
سالي	3829
أهي	3829
رأيتُ	3829
الشرطه	3828
لانني	3826
عدنا	3825
للأمام	3825
لكنّك	3824
التكلم	3823
أعطي	3823
ورطة	3823
منع	3822
لأمر	3820
بالجلوس	3819
ابى	3817
الأمامي	3817
قلبية	3816
جيدًا	3815
إلـى	3815
يود	3814
ولست	3813
إنْ	3812
قدمي	3811
الجسد	3810
المقبلة	3808
ضحية	3808
المحرك	3806
حار	3806
الشىء	3805
المحاكمة	3802
وظيفتي	3802
مساءً	3801
المفتش	3800
الثلاثاء	3800
بيانات	3798
لأجله	3798
شأنك	3796
ميامي	3796
بالمال	3794
لاحقًا	3793
دقيقتين	3792
المقابلة	3792
هيل	3791
البكاء	3791
الطلاب	3790
استمتع	3789
الهدوء	3788
نهر	3787
صدمة	3787
سويا	3786
النقيب	3786
الحياه	3786
تمسك	3784
جائعة	3784
الموجود	3782
ذكرى	3782
رجالك	3782
نطاق	3781
الجوار	3780
سنحتاج	3778
السكر	3778
قدماً	3778
طبق	3777
الاخر	3777
للأطفال	3773
مستر	3773
لجنة	3773
ألعاب	3772
نائم	3772
لأخذ	3772
لعمل	3771
سأتحدث	3770
الجلد	3769
معجزة	3767
وغير	3766
زلنا	3766
الضروري	3765
انتظار	3765
باستخدام	3764
ليوم	3763
كلكم	3763
أستخدم	3762
البقية	3761
المالية	3757
مهتمة	3757
الفن	3756
أوروبا	3755
بوسطن	3754
النجاة	3753
شأن	3751
فين	3749
ولذلك	3746
المحادثة	3744
الصدر	3744
دعم	3744
أنتهي	3743
آمين	3743
المقاطعة	3743
السادس	3741
تقترب	3737
عزيزى	3737
بمفردك	3735
عامين	3735
اعود	3734
باردة	3733
بطاقات	3731
وكأنني	3730
أميال	3730
إنتهت	3729
مان	3729
الأمان	3728
موجوداً	3728
لآخر	3727
لاتقلق	3727
ممّا	3726
طالب	3724
يكُن	3724
قصص	3724
جدول	3724
للعب	3724
تزوجت	3723
مشهد	3721
سنبدأ	3720
برفقة	3720
سيستغرق	3720
حيوانات	3718
مقبول	3716
جزءاً	3715
كارولين	3712
تسقط	3711
أنَّ	3711
روي	3710
بحياتي	3710
فتاه	3709
إبقى	3709
تعرفني	3708
محادثة	3707
العادة	3707
الخلفية	3707
تقضي	3706
الحذر	3703
تبين	3702
تجلب	3701
الخاطئ	3700
راندي	3700
فيجب	3699
عِنْدَهُ	3699
الصراخ	3699
سأفعله	3698
المتاعب	3698
أتعتقدين	3697
مبكر	3696
سيكونون	3695
نتعامل	3695
جيسون	3693
أريدُ	3693
سيمون	3692
كبار	3692
يفهم	3691
مؤكد	3691
مارشال	3688
إتصلت	3688
جرح	3687
هيي	3686
الجراحة	3685
السياره	3682
نظيفة	3682
طرف	3682
الوطني	3681
بأفضل	3679
ترسل	3678
الكامل	3674
أحظى	3674
حقًّا	3673
الواحدة	3673
ارفع	3673
جنود	3672
ابنه	3672
يفعلوا	3671
الجولة	3669
مكانٍ	3666
المره	3664
عميق	3660
اشتريت	3660
فزت	3659
يتمكن	3658
المدعي	3657
لستَ	3657
برج	3656
اخبار	3655
مت	3654
يتصرف	3654
أينما	3653
المرحاض	3652
أجلب	3650
تشاهد	3649
أصحاب	3648
أعرفها	3645
شكر	3642
ثواني	3642
تركته	3642
خصوصاً	3641
عُلم	3640
الجنة	3640
أبيك	3640
الضرائب	3640
بالسيارة	3637
مكتبك	3636
تعتبر	3635
الايام	3635
أعنيه	3634
ويبدو	3634
رأينا	3633
أقود	3633
السرقة	3632
سعيده	3632
فرانسيس	3632
برؤيتك	3630
إد	3630
نأمل	3629
أخت	3628
فكري	3626
تجرؤ	3625
يسمع	3625
احتجت	3625
مورغان	3624
هان	3623
مميزة	3621
ماثيو	3620
ارجع	3620
جاري	3619
الغرب	3618
إنظري	3617
أتأكد	3617
الحمد	3616
سادتي	3616
نائمة	3614
البناء	3613
تحذير	3613
غلطة	3612
قَدْ	3612
ناحية	3609
القطع	3608
حقيقياً	3607
حظيت	3606
إنذار	3606
الدرج	3605
ستجد	3605
شابة	3604
خطاب	3603
براون	3603
البحيرة	3602
لقـد	3600
رسمي	3598
القراءة	3597
ليلى	3597
الصمت	3596
اخذت	3596
قيل	3596
سار	3596
خذها	3595
اسبوع	3595
أيّتها	3595
لحظه	3594
دقيقه	3594
تكونى	3593
الاجتماع	3593
فيهم	3592
الحل	3592
الف	3591
الصحف	3590
مايا	3589
العربة	3588
حلقة	3588
إثارة	3587
الخميس	3587
بجوار	3586
تتحدّث	3586
الربيع	3584
الذكريات	3582
ضعيفة	3582
مزرعة	3582
بالنسبه	3581
آندي	3581
الفترة	3579
يخص	3579
عشرين	3578
أيمكن	3578
ركوب	3577
متأكده	3575
بلطف	3574
الدراسة	3569
الشمالية	3568
المكتبة	3568
صوفيا	3566
بكلمة	3565
للموت	3565
الحبل	3565
جيسيكا	3565
المأمور	3565
يؤدي	3562
كيرا	3562
جميله	3562
أخبرتكِ	3561
يشير	3559
مولدر	3559
جنس	3557
التلفزيون	3556
ممنوع	3556
حزين	3555
كلامك	3555
كارثة	3554
مفاتيح	3554
فلوريدا	3550
القليلة	3550
الأسماء	3550
تخطط	3550
الأخر	3549
سمع	3548
أثبت	3547
رئيسة	3547
نلتقي	3545
ميلادي	3545
حاليا	3545
التواجد	3544
تابع	3543
أخمن	3542
سأجد	3541
أنهما	3540
تعودي	3539
ينام	3539
بقليل	3539
النتيجة	3538
هذان	3535
مخرج	3533
دولاراً	3532
احمق	3532
اجلسي	3532
قمة	3531
تقتلني	3531
المحل	3531
المقابل	3530
بإسم	3529
بريء	3529
السكين	3529
مانع	3527
بالسوء	3526
الزجاج	3526
مثلنا	3525
تتم	3523
جاهزون	3522
سنتحدث	3522
غطاء	3522
اليابان	3522
لأكثر	3521
كى	3520
بشأنك	3519
ستذهبين	3517
الإله	3515
أحتاجك	3515
يقال	3514
معقد	3513
أنتهى	3509
تذكري	3509
وصول	3509
المحلية	3509
مادة	3509
مفقودة	3509
وليست	3508
بأحد	3508
تفاصيل	3506
والديك	3506
كأنني	3506
عملاء	3504
أكمل	3503
أنجيلا	3502
الميت	3501
المفروض	3501
أردنا	3500
أقم	3500
الوزن	3499
مالي	3498
الأضواء	3497
الآلة	3497
فرد	3496
بيدي	3495
مباشر	3495
طاقم	3493
إله	3492
منذُ	3492
الطائرات	3492
جعله	3492
تحبه	3491
جيّداً	3491
خنزير	3490
للأمر	3490
شخصٍ	3489
عليكي	3488
ماي	3488
أفتح	3488
شارلوت	3487
هـذه	3486
أعيد	3485
دواعي	3485
أحدٌ	3482
الحذاء	3481
بالوقت	3480
ليكس	3480
تتعلم	3480
لإيجاد	3480
تستطيعي	3477
المسار	3475
إغلاق	3475
سرطان	3475
للتوّ	3473
احتمال	3473
المدة	3473
يموتون	3473
أسم	3472
صاحبة	3471
دوني	3470
خزانة	3469
بالبحث	3468
ننتهي	3467
أحسن	3466
الطاقم	3465
عِنْدَنا	3465
الأكل	3464
رجلٌ	3464
فـ	3464
جميعها	3463
لنتحدث	3460
حريق	3459
اخرجي	3459
سأطلب	3458
مضحكة	3458
جسد	3458
أبناء	3457
جبان	3457
قناة	3456
اتصلي	3455
أتخيل	3452
وقتٍ	3451
سأرى	3450
نتحرك	3450
ستقول	3449
مارثا	3449
فلماذا	3447
وضعه	3447
بيوم	3446
رعاية	3446
واين	3446
هدوء	3443
للعالم	3443
قذر	3442
أندرو	3442
الإسم	3441
الشهود	3441
كيني	3441
مولاي	3440
الحاسوب	3440
خارجا	3438
وحدها	3438
فريدي	3437
مغلقة	3437
قبالة	3436
يقدم	3436
تعبث	3436
لبقية	3436
صاحبي	3436
الموجودة	3435
سؤالاً	3433
كلامي	3433
إيمي	3433
تتعامل	3432
عيون	3432
الشرقي	3432
الأريكة	3432
نانسي	3430
لأننى	3429
تذكرت	3429
حمراء	3429
يصنع	3428
سيبقى	3428
مبروك	3427
النقل	3426
الحدث	3426
للوقت	3426
دكتورة	3425
التجربة	3424
ترون	3424
نطلب	3422
كبيره	3422
الجواب	3421
مقعد	3421
الناحية	3420
حولها	3420
الأحلام	3420
شأنه	3420
أرضاً	3419
وأيضاً	3418
الجرح	3417
تشاء	3417
اما	3416
المطلوب	3416
تينا	3415
سحر	3414
لمجرد	3412
نرحل	3411
سمعنا	3411
مسرورة	3411
قبعة	3410
بنفسها	3409
مجرم	3409
دواء	3408
مجهول	3407
الوحوش	3406
المعتاد	3406
اتفاق	3401
يرد	3400
إيثان	3399
اعترف	3398
سأموت	3397
مو	3397
التنين	3397
إجابة	3396
الشرير	3395
رايت	3393
اللورد	3393
الجوية	3392
أنهي	3390
الشرعي	3390
الهدايا	3388
القومي	3388
العدد	3388
أندي	3381
الحقائق	3380
معدل	3378
سروري	3378
إفتح	3378
جونسون	3377
أبتعد	3375
لَكنِّي	3375
حرارة	3375
فهل	3375
بيرة	3374
حقيقى	3371
طبيبة	3370
الرياضية	3370
سنفعله	3369
نظيف	3368
أوقات	3365
تنوي	3364
اطفال	3364
سرير	3363
متعبة	3361
هاوس	3361
اليمنى	3360
وجدتُ	3360
أرني	3359
بشأنها	3359
مساعدتنا	3358
ماحدث	3358
مسابقة	3357
مُجدداً	3357
تصرخ	3356
إجتماع	3356
رخصة	3356
شرير	3354
نوم	3353
الجيران	3353
الخارجية	3353
القضايا	3352
يبدون	3352
ويلي	3351
هارولد	3347
وجهها	3346
اسمعوا	3346
الكاملة	3345
الوزراء	3345
بسلام	3344
أَعْني	3344
تتركني	3344
المسكينة	3343
أفقد	3342
الراهن	3342
الأرضية	3339
قالته	3339
كسرت	3339
تاجر	3338
سراح	3337
الأخ	3337
حسنآ	3336
الفتاه	3336
لنخرج	3335
حر	3335
تناولت	3335
الدراجة	3334
مارس	3334
أصعب	3333
التحقق	3332
هاهو	3332
اعذرني	3331
الولادة	3330
يفسر	3328
رفيقي	3328
الثلاث	3327
ساعديني	3327
فطيرة	3327
عـن	3327
جرعة	3326
اسمعني	3326
تعبت	3325
قطّ	3325
ممن	3325
حالات	3325
متر	3324
ملفات	3324
رأيتِ	3323
جايسون	3323
النارية	3323
أتوقف	3321
القذرة	3320
خطأك	3318
أكلت	3318
جسدك	3317
الطلب	3317
يذهبون	3316
السابع	3315
أسنان	3315
بام	3314
ساعه	3314
والدته	3312
يفتح	3309
الذاكرة	3309
ماكان	3309
أتعلمون	3309
تصريح	3308
غلطتي	3308
الفطور	3308
مم	3307
أقضي	3305
ماالذي	3305
يُرام	3305
نوبة	3304
لإعادة	3304
ليمون	3303
عشت	3303
مصابة	3303
محقق	3301
للحديث	3300
امى	3300
غاضباً	3299
ذلـك	3299
فعلتي	3298
مشترك	3298
سنه	3298
الأربعة	3297
الفرنسية	3297
منهما	3297
إخبار	3297
حقوق	3296
كبيرا	3296
البساطة	3295
بكَ	3295
قميص	3294
الشخصي	3294
بعودتك	3293
اخترت	3293
أوسكار	3293
أُريد	3292
روسيا	3291
محمل	3291
هاتفه	3290
كيفَ	3290
إطلاقاً	3290
سيأخذ	3289
فتاتي	3289
الموظفين	3289
نبيذ	3288
تسألني	3288
اقدر	3287
الجدران	3286
أصمت	3286
زوجكِ	3285
مؤسف	3285
أفريقيا	3284
الأمس	3283
سأبدأ	3283
عقل	3282
سير	3282
كات	3280
درس	3279
الرياضة	3278
الحاجة	3276
كافياً	3276
المسؤولية	3276
آجل	3276
رسم	3276
للإهتمام	3275
ضروري	3274
ترتيب	3274
جنوني	3273
أوّل	3273
التدخين	3272
اعتدت	3272
وأنها	3272
جودي	3270
برأيك	3270
مؤسسة	3269
إختبار	3269
مبلغ	3268
ياسيدي	3268
فماذا	3267
بعضكم	3266
أبوك	3266
تبًا	3265
الأساس	3264
يُمكنُ	3262
هنـاك	3261
الفتيان	3261
اجد	3259
الجهة	3258
بصمات	3258
غدًا	3257
القضاء	3256
تحظى	3256
انتما	3255
ريكي	3254
لكنّها	3254
يثبت	3254
سأضع	3253
ريان	3253
يؤثر	3249
أر	3249
روحي	3248
مساحة	3248
للسيد	3248
السقف	3247
البطاقة	3246
للسجن	3244
شريكي	3244
نيت	3244
أدين	3243
الّذي	3243
أقصى	3242
تشتري	3241
التعبير	3241
وسائل	3240
يؤلم	3240
لأنّك	3239
البندقية	3239
والت	3239
الإنجليزية	3238
ساحر	3238
اتضح	3237
أستمر	3237
الغربي	3236
العبث	3236
أقتلك	3236
هتلر	3235
الحادثة	3234
الخزانة	3232
إدوارد	3230
الضرر	3230
يُدعى	3228
القس	3226
بأخذ	3226
الجمهور	3225
بالسجن	3224
أطلقوا	3223
سيادة	3223
سعدت	3223
سأغادر	3223
جديداً	3223
الجبن	3223
أصدقك	3223
الاهتمام	3222
ظˆط	3221
مهماً	3221
المعلم	3220
الكبار	3220
ستيفان	3218
التقدم	3218
مستعدين	3217
يحبك	3216
أجب	3216
باستثناء	3215
شـيء	3213
بشخص	3212
بيري	3212
لغة	3212
ابتعدوا	3211
أخبرنى	3210
دوما	3210
الملعب	3209
المخاطرة	3209
للدخول	3208
الحاضر	3207
الحجر	3205
لَستُ	3205
كاسل	3205
كونه	3203
طبيعة	3203
حظا	3203
كذالك	3202
إبنك	3202
وضعها	3200
القفز	3199
هذين	3199
طں	3198
تأخر	3198
يونغ	3198
المزرعة	3196
بارني	3196
البيع	3195
البنات	3195
مونيكا	3195
أشرح	3194
تجاوز	3194
مشتبه	3194
تحبها	3193
ني	3192
الطائر	3192
تواصل	3192
يكونون	3191
ألمانيا	3190
أنوي	3190
الأحذية	3190
أخذوا	3190
بريد	3187
خبير	3187
تختفي	3187
دراجة	3186
لهناك	3186
أسلوب	3185
الصفحة	3185
إسمها	3185
خذه	3185
كاي	3184
أتعامل	3184
اكره	3184
عندى	3183
تذاكر	3182
جبل	3182
توقع	3181
يستمع	3181
حفرة	3180
تدور	3179
لأيّ	3179
أخبروني	3179
الداخلي	3179
عملها	3178
الاستمرار	3178
سأخذ	3178
قمتُ	3177
أداء	3177
ربّاه	3177
استخدمت	3176
مستعداً	3176
مطلقا	3175
أصلاً	3174
اتخاذ	3173
أووه	3173
ايجاد	3173
ثقة	3173
الإفطار	3172
انظرى	3172
أمانع	3172
عاصفة	3171
حبيبتى	3171
مريح	3170
ارحل	3170
الغالب	3170
كريستين	3170
متي	3169
النور	3169
ستون	3169
أظنك	3165
القطط	3164
أباك	3164
جوردن	3163
الفيروس	3163
المثير	3162
بجانبي	3160
بيتك	3159
أمره	3159
الجنسي	3159
معرض	3158
معينة	3158
مضحكاً	3157
الخريطة	3156
تملكين	3156
كرسي	3155
بالغ	3154
للرجل	3154
أحتاجه	3154
السري	3153
صفر	3153
قرية	3153
جراحة	3153
سأدفع	3152
نجعل	3152
مزاج	3151
الغرف	3149
سادة	3148
أرقام	3148
يأتى	3148
قدما	3148
نتوقف	3147
بالتحدث	3146
انطلق	3146
العيون	3146
أمان	3145
كَمْ	3145
سكان	3145
آسفُ	3144
النهائي	3144
طرد	3144
رأسها	3144
داخلي	3141
مدرب	3141
منكما	3140
آر	3140
يرسل	3139
بعيدًا	3139
تبحثين	3138
جوزيف	3138
الخارجي	3137
قريبًا	3137
عظيماً	3136
الشركات	3134
القذارة	3131
يسعدني	3131
فتحت	3130
أردته	3128
جلالتك	3128
المشروبات	3128
صغيره	3127
المثالي	3127
إنّني	3125
فاشل	3125
الجندي	3125
المجنونة	3124
عليكما	3122
يسقط	3122
وكيل	3122
بات	3121
احتفظ	3121
بيج	3120
السلة	3118
يثير	3118
متأخرة	3118
مسار	3117
التصديق	3116
بسببي	3116
الفائز	3116
تخاف	3115
متحمس	3114
يسأل	3113
استراحة	3112
سنحصل	3112
المخلوقات	3110
هُو	3110
لديَّ	3106
مصنع	3106
إخرس	3106
إيه	3105
إيفان	3105
مفيد	3105
بدت	3104
إليوت	3103
اليهود	3102
انزل	3102
صديقه	3101
روني	3100
بالخلف	3100
يجعله	3099
نحتاجه	3098
باور	3097
هـو	3097
وعندها	3097
يدير	3096
المدينه	3096
نجمة	3095
التقيت	3095
حبك	3095
مرح	3095
معين	3094
ستيوارت	3094
رجاءا	3094
عالق	3094
نفعلها	3092
إلين	3092
الجدد	3091
القلعة	3091
محرج	3091
الطريقه	3089
أري	3089
مشهور	3088
علمي	3088
الاخرى	3087
احضرت	3087
يقوموا	3087
السيناتور	3086
طارئة	3086
وجودك	3086
الفعل	3085
راقب	3085
اكتشاف	3085
سماعي	3084
السعر	3084
القطعة	3084
تلقى	3083
الاتجاه	3083
والسعة	3082
أنفسكم	3082
اليسرى	3080
بالعودة	3079
عاش	3079
يبلغ	3078
القميص	3078
بدلة	3076
جان	3076
الدقيقة	3075
يعطي	3073
الشبح	3073
اخرجوا	3072
ممثل	3071
نأكل	3071
نموت	3069
الملكية	3068
اخبر	3067
المجرمين	3066
دانييل	3065
الرد	3065
خان	3065
الأصوات	3063
الرعاية	3062
حقيبتي	3062
المثيرة	3062
الأشباح	3062
العدل	3061
النائب	3061
الأمـر	3060
وإلى	3060
بصدق	3060
الصخور	3059
إنتظار	3058
محترف	3058
أراكم	3058
طائر	3058
الطبيعية	3058
حاولوا	3057
ابتعدي	3057
مصاص	3057
ربحت	3057
سامي	3056
الزوجة	3056
أسرار	3056
محكمة	3055
قلتها	3055
الأدوية	3055
كانو	3054
السيّارة	3054
سأرسل	3053
الزرقاء	3053
سعر	3053
تلمس	3053
إذهبوا	3052
بايبر	3051
ضعه	3051
بأنّي	3050
نافذة	3049
تحويل	3049
أطفالي	3049
سترى	3047
ترافيس	3047
سيّدة	3047
سؤالي	3046
ليلاً	3046
واصل	3046
ارتداء	3046
تقدير	3045
طفلتي	3043
فيكتوريا	3043
أساعد	3043
وأكثر	3042
نسمع	3042
شيطان	3041
ديل	3040
تبادل	3037
فضلكِ	3036
نشر	3036
وتم	3035
نترك	3033
سليم	3033
اهلاً	3032
إيفا	3032
أشتري	3029
لمشاهدة	3029
وقبل	3028
بقايا	3027
أقابل	3027
إعلان	3027
يدعو	3025
اعتذر	3024
عمك	3023
أهرب	3022
اتعرف	3021
فاز	3021
الضحك	3020
السياسة	3019
أنزل	3018
الجنوبية	3018
افعله	3017
حجر	3017
لنفعل	3013
ساخن	3010
عودوا	3009
فظيعة	3009
أتوسل	3008
نحظى	3007
غضب	3007
غرف	3007
استيقظت	3006
معالجة	3005
دائم	3003
وقلت	3003
عمتي	3002
أخوك	3002
يقترب	3002
لوثر	3000
بحرية	3000
صفحة	3000
لبضعة	3000
سأفعلها	2999
نارية	2999
الحزن	2998
ألّا	2997
لَك	2994
الإدارة	2994
خالي	2994
قابلته	2994
الدب	2994
بالمئة	2993
ستار	2992
خبرة	2992
رهن	2992
القرد	2991
هوَ	2991
ورق	2991
بجانبك	2989
تكلمت	2989
بنى	2986
مثلاً	2985
متأكدا	2985
روث	2984
صديقنا	2983
لَم	2983
نفذ	2983
مين	2983
ضدّ	2982
اثناء	2982
كلاي	2981
بفضل	2980
حتماً	2978
الاختبار	2978
أنتظري	2977
التجارية	2976
يصرخ	2976
حافلة	2974
يملكون	2973
مناقشة	2972
مارأيك	2972
الاحترام	2971
أتفق	2971
تنفس	2968
نورمان	2968
فرانسيسكو	2968
ظننتك	2968
بيتزا	2967
تكره	2966
غني	2966
سأهتم	2965
فإنها	2965
الشيوخ	2965
آلان	2964
إريك	2964
الساحرة	2964
لجميع	2962
حفلات	2961
اتى	2959
سنخرج	2959
المدى	2958
سكر	2958
أستاذ	2957
مارج	2957
للبقاء	2955
ديلان	2954
بعضهما	2954
الساعه	2954
تقدر	2954
واضحاً	2953
أوين	2953
ياللهول	2953
وضعنا	2953
أخاف	2951
تذكرين	2950
فعلناها	2950
بشأني	2950
المضحك	2948
الحالات	2947
الشمالي	2947
لثانية	2946
نورا	2946
للجحيم	2945
طبية	2943
الأسرة	2943
الطبي	2943
ميتش	2942
أستمتع	2941
صغيرتي	2941
التصويت	2940
ننسى	2939
عينة	2938
يخبرك	2937
متأسفة	2935
قصر	2934
جى	2934
خطوط	2934
تقابل	2933
أتركك	2933
طوني	2933
وهى	2932
الرياضيات	2932
سراً	2931
سريعا	2931
خطتك	2931
موظف	2930
جايمس	2930
روك	2929
الجائزة	2929
كاتب	2928
ألاّ	2928
لهؤلاء	2928
إبقي	2928
الينا	2927
أماه	2927
لــ	2927
الزوج	2926
يساوي	2926
منزلها	2926
أتناول	2926
الساحل	2925
تخسر	2925
فورا	2924
الأسرار	2924
القنابل	2924
إفعل	2923
صوتي	2922
وبما	2922
سمعتك	2922
أخرجي	2922
انتقلت	2920
أزال	2919
تلو	2919
نستخدم	2918
إبقاء	2918
شجاعة	2918
الأغراض	2917
مايلز	2917
اليكس	2916
الخشب	2916
محدد	2916
هاريس	2916
ثاني	2916
الزي	2916
السفن	2915
أعذرني	2915
الطويل	2914
الملايين	2914
يفعلها	2914
جئنا	2914
حاولنا	2914
بنك	2914
أبني	2913
اللهي	2912
قانونية	2912
ابقوا	2910
نداء	2910
قبلت	2909
أحبّك	2909
وأنتم	2909
متوترة	2908
المنازل	2907
الفيدرالي	2907
تسمى	2906
فلدي	2905
كال	2905
العصابة	2904
تروي	2903
نشعر	2901
فرصه	2901
عارية	2900
أجزاء	2900
متعلق	2899
الحفلات	2898
إنـه	2897
الإجتماع	2897
مجانين	2896
طفلك	2896
دراسة	2895
السلطات	2895
عبد	2895
سؤالك	2894
ضحك	2894
ايمي	2894
طبقاً	2892
اقسم	2892
الروس	2891
كنيسة	2891
أعتقدُ	2891
تحتفظ	2889
قاسي	2889
أحدنا	2889
أكرر	2887
جسم	2886
العناية	2885
باتي	2882
مازلنا	2881
الديك	2881
الظهيرة	2881
لدىّ	2880
بينكما	2880
تبلغ	2880
سمكة	2879
سعادة	2879
المؤخرة	2878
امسك	2878
اخبريني	2877
عمّ	2877
عائلتنا	2877
حالكِ	2876
صغار	2875
أوافق	2874
القرص	2874
تقارير	2874
الفحص	2873
كوريا	2872
الرهان	2872
دمية	2870
الحزب	2869
أتذكرين	2869
النحو	2867
يسرق	2867
الشريف	2867
الأغلب	2867
تحكم	2867
سترة	2867
الإسبوع	2866
يجلب	2866
فكرتي	2866
هاهي	2865
اشتقت	2865
المرآة	2864
إيلينا	2863
الطويلة	2863
شخصًا	2861
الزناد	2861
الخاصه	2861
تقنية	2859
السهولة	2859
بلاك	2859
الضيوف	2859
نيكول	2859
تراني	2858
فخ	2858
بنات	2857
كايسي	2856
الضخم	2855
سنأخذ	2855
صه	2855
بمعنى	2854
فليس	2854
يكتب	2854
تمانعين	2854
العصابات	2853
حسنُ	2853
سأعمل	2852
تضحك	2852
رضيع	2851
الوراء	2849
القوى	2849
قاتلة	2849
أعطيتك	2849
نكتة	2849
الباقي	2847
الحيوية	2847
أصابع	2847
للرب	2846
جانبي	2846
تجعلك	2845
أقتله	2844
سيّدتي	2844
إثنين	2842
الأحياء	2842
رسمياً	2842
تفضّل	2841
نعد	2840
بشدّة	2840
تتحدثي	2840
املك	2840
دومًا	2839
صدقيني	2838
توافق	2837
فعلتُ	2837
يذكر	2837
إنما	2836
ارسل	2835
تختار	2835
ملاك	2835
الثامن	2833
ألفا	2832
المضي	2832
خلق	2832
تركه	2831
قرارك	2831
أجلها	2830
حضور	2829
تعرفها	2829
يحتوي	2829
بأى	2828
كرات	2828
اعتني	2827
وفى	2826
السافل	2826
تَعتقدُ	2825
جيفري	2824
الإنذار	2823
نتقابل	2823
اجلك	2822
لانها	2822
موريس	2822
ينبغى	2821
نَذْهبُ	2820
لطيفا	2820
هناكَ	2820
تدعي	2819
مدمن	2819
تمشي	2819
يزيد	2818
نجوم	2817
أفسدت	2817
تركتها	2817
معلم	2817
تحتوي	2816
قضيب	2816
الألمان	2815
الأسوأ	2815
والداي	2815
إخفاء	2814
أسرعوا	2813
زاوية	2811
قُتل	2811
شركات	2810
سوق	2810
إف	2808
شراباً	2808
رأيكِ	2807
رُبما	2807
أعاني	2807
قتلنا	2807
لوري	2806
حزام	2806
استعادة	2806
تصبحين	2805
أعطيته	2805
تركها	2801
حولي	2801
أداة	2801
التخلي	2800
الرمز	2800
نجلس	2799
المخرج	2798
تحليل	2797
حذرا	2796
الحجز	2795
بداخلها	2795
تعيد	2795
كف	2795
رغبة	2795
مطلوب	2793
هاربر	2793
ميلادك	2793
فهذه	2793
حيلة	2793
أغلقت	2791
المعروف	2791
ذكريات	2790
مساعدته	2790
ويلز	2789
أعتني	2789
الجرس	2788
تجمع	2787
لنفسه	2786
شأني	2786
الأخطاء	2784
محال	2784
ذراعي	2783
اشرب	2783
رئيسك	2783
يَبْدو	2783
إخراج	2783
ناثان	2782
أسمعك	2782
تعويذة	2782
قذرة	2782
ماركو	2781
جاستن	2781
واجب	2780
قلقاً	2780
ثانيه	2780
تعليق	2780
اجعل	2779
موته	2779
لأقول	2779
الإتجاه	2779
ممل	2778
بربّك	2777
أخى	2776
برلين	2776
يشرب	2775
لوضع	2774
السلوك	2774
كارا	2772
قدميك	2771
خلاف	2771
للقتل	2771
لمقابلة	2770
يعرفوا	2770
مكتبه	2770
عُد	2770
ويمكن	2768
أستحق	2767
حرف	2767
التخرج	2766
بريك	2766
لانا	2766
أمها	2764
سيبدو	2763
بالعالم	2763
بــ	2763
عار	2762
أتينا	2762
قضى	2761
أجري	2761
والا	2761
شيءَ	2760
للعثور	2760
يعرفه	2759
اللذي	2759
المدخل	2758
الخيول	2758
لينا	2758
وجودي	2757
هوب	2757
المواقع	2756
الكافي	2756
فكيف	2755
جرب	2755
للـ	2754
مناسباً	2754
الفستان	2754
الاخبار	2753
أذاً	2753
المقدمة	2753
القبطان	2752
سماعك	2752
فسيكون	2751
نمط	2749
تنتمي	2748
إلاّ	2748
حالته	2748
حالتك	2747
السينما	2746
تطابق	2746
يَجيءُ	2746
اسأل	2745
زوجتى	2745
كاميرون	2743
درو	2743
مقر	2742
السجلات	2742
وزير	2742
مالاً	2741
مشكلتي	2741
عذر	2740
كرجل	2739
أمير	2739
انتقل	2739
راين	2738
ليون	2738
أتحدّث	2738
تحطم	2737
ريس	2736
الماضى	2735
تولي	2735
تعتمد	2735
إصابة	2733
جيرمي	2733
أحلم	2732
لذيذة	2730
اعرفه	2728
نعثر	2728
إيجاده	2728
غباء	2727
الأساسية	2727
أكنت	2725
ستحتاج	2725
عرضت	2725
ثمل	2725
المصرف	2724
غبياً	2724
النيل	2723
شخصيا	2722
طھ	2722
حضرت	2722
اشهر	2718
مبكرا	2718
حسابي	2718
وأعرف	2718
الغرض	2718
ظˆظ	2717
الدائرة	2716
الفجر	2716
ناتالي	2716
يساعدني	2715
الممرضة	2715
ولمَ	2715
اولاً	2714
بالك	2714
التقينا	2713
رجلي	2713
العراق	2713
بويد	2713
شخصين	2713
أصدّق	2713
المركبة	2712
لوحدها	2712
الانتهاء	2712
الرسم	2712
الدكتورة	2711
كـل	2711
سيّارة	2710
عينيه	2709
كلاب	2709
وأنك	2707
متوقع	2707
كولونيل	2706
تواجه	2706
مختلفاً	2705
يفوز	2705
وشأني	2705
الحديد	2704
الذئب	2704
عائد	2704
غالبا	2704
جنسية	2704
خذوا	2703
والنصف	2702
ثروة	2702
نصبح	2702
أليك	2701
سماعه	2701
شربت	2700
كالي	2700
يحين	2699
إنهض	2699
أتدري	2699
الهواتف	2699
الاخيرة	2698
احدى	2698
تفهمني	2698
نحتفل	2696
أبريل	2696
تأخذي	2696
شهود	2696
صدر	2696
القرش	2695
طفلا	2695
دانا	2695
بعملك	2694
البنت	2694
عالقة	2694
ياعزيزتي	2693
الأصلية	2693
أعطيت	2693
لكننى	2693
نود	2692
الإلكتروني	2692
للوطن	2691
شارلي	2691
الثلاجة	2690
الاخرين	2690
الكاميرات	2690
ضحايا	2689
السود	2688
سفر	2688
سأريك	2686
خفيفة	2686
يومًا	2686
وأود	2686
يديه	2686
يرحل	2685
كَيفَ	2685
خلفه	2684
ماجي	2683
تَعْملُ	2683
الشياطين	2682
بالخروج	2682
رقصة	2681
تنسي	2680
تغلق	2680
يالهي	2680
ردة	2680
الجعة	2680
الغرباء	2679
تبعد	2679
الاتفاق	2679
الإيمان	2678
القناة	2676
مدار	2676
حلمت	2675
إزالة	2675
ضدك	2674
حيّ	2673
التنظيف	2673
وكم	2672
بدوني	2671
سأنتظر	2671
اتعلمين	2671
طلقة	2671
بوابة	2670
فرصتك	2669
الرغبة	2669
تساوي	2669
الحشيش	2669
وعن	2669
بعضكما	2669
صحيفة	2669
قوم	2669
محاكمة	2668
تحولت	2668
أودري	2668
الساعات	2667
صدفة	2666
بالحياة	2665
تغطية	2663
فاي	2663
بيرس	2663
تراها	2662
سأخبر	2662
يشعرون	2662
بنسبة	2662
الشديد	2662
آشلي	2661
خريطة	2661
يومي	2660
ضرر	2660
رهيب	2659
عجباً	2659
ميتا	2659
أدع	2658
بداخله	2658
اعنى	2658
يطلقون	2658
صواب	2657
الحشرات	2657
قصّة	2656
سيدني	2655
بتغيير	2655
قلبها	2655
أعمى	2654
حيثما	2654
يكره	2654
الصيني	2653
تسليم	2652
ماتي	2652
جسده	2651
تعرفينه	2651
يَعمَلُ	2651
العشب	2648
العفو	2647
اعادة	2647
أتظنين	2646
تدعني	2646
المناطق	2646
أدعك	2646
مثيراً	2646
سيده	2645
تتزوج	2645
الواجب	2645
تحياتي	2645
أرجع	2645
مشاعري	2642
غاز	2642
لعبت	2641
حافة	2640
الفاعل	2640
الريح	2640
الأمراض	2640
أصنع	2639
انتباه	2639
ساعد	2639
سَيَكُونُ	2638
تحديداً	2637
الروسية	2636
الرجلِ	2635
الانفجار	2634
إنجلترا	2634
ظƒ	2633
تعقب	2633
تضيع	2632
الأشرار	2632
برايان	2631
عصر	2631
مجانية	2629
فمي	2629
صادق	2628
إعطاء	2628
بينهما	2627
البيسبول	2627
اعد	2627
صناعة	2626
رأت	2626
التظاهر	2625
متوتر	2624
أسمي	2623
يسعى	2623
أخرس	2622
التهم	2622
سونغ	2622
بعملي	2622
استمعي	2622
إبنة	2621
الشاهد	2621
توقيع	2620
رسالتك	2620
بروفيسور	2620
الذكاء	2620
يظنون	2620
أذكى	2620
ادفع	2620
عودتك	2620
الشاشة	2620
كابوس	2620
بيشوب	2617
إستمر	2617
برايس	2617
خمسون	2616
الجناح	2616
إدي	2614
اشخاص	2614
بشر	2614
توفيت	2613
سيث	2612
النصر	2612
ولكنّي	2612
تفتيش	2612
درجات	2612
تثبت	2612
شقتي	2611
توجيه	2611
عقله	2611
أمري	2610
غد	2609
تمارس	2608
تخبري	2607
أتطلع	2606
تركتني	2606
لائق	2606
قدرة	2606
إنّما	2605
انسة	2605
أحقاً	2605
علاقتك	2605
تعتقدي	2605
أبن	2605
تمكن	2603
سكين	2603
أساس	2601
ضربت	2600
المقدسة	2599
شرق	2599
وأعلم	2598
نكتشف	2596
سمح	2596
المقام	2596
يقضي	2594
رائعين	2593
كاذبة	2592
شغل	2592
حجرة	2592
حملة	2592
إضافي	2592
تنفيذ	2591
كعك	2591
اغلق	2591
أصوات	2591
اووه	2591
رمي	2590
تؤدي	2590
معقدة	2589
بيك	2589
الجلالة	2589
ببطئ	2589
أعرض	2588
يتبقى	2587
خالية	2587
يمثل	2586
ثقب	2586
أختار	2584
روب	2583
التذاكر	2583
المكالمات	2583
أوضح	2582
ويقول	2582
ابعد	2581
زرقاء	2581
ريتا	2581
يرجع	2580
ستّة	2580
الحقوق	2580
الحبّ	2579
أكتشف	2578
أخرجوا	2578
موهبة	2578
سأجعل	2578
للبيع	2577
المالك	2576
قُلت	2575
خطئي	2574
المحدد	2574
إيرل	2573
أعثر	2572
إختيار	2572
وافق	2571
صديقها	2571
شطيرة	2570
طريقهم	2570
يريدك	2570
الآلي	2570
قضايا	2569
المقاومة	2569
مطاردة	2568
لكـن	2568
فصاعداً	2568
أقصده	2568
يدري	2566
بحياتك	2566
هَلّ	2565
النهائية	2565
لأعلى	2565
تضرب	2564
حذرة	2563
أصاب	2563
ماني	2563
النزول	2561
للتفكير	2561
سيقومون	2560
روحك	2560
هائلة	2559
العاهرات	2559
أخبرتهم	2558
إنتهيت	2558
سيدات	2557
الوطنية	2557
أخيرة	2557
سأرحل	2557
بالغرض	2557
بالحب	2557
بالامر	2557
هذ	2556
تعيشين	2555
كام	2555
حبيب	2554
قبول	2554
عيناي	2554
كافة	2554
فتحة	2554
فذلك	2554
ياالهي	2553
أكرهك	2552
الصديق	2552
اوكي	2552
آخرون	2551
الكعكة	2551
زر	2550
حصلتُ	2550
الوحدات	2550
كالعادة	2550
الانتقام	2549
أخبركم	2549
علية	2547
وأبي	2547
الرسمي	2547
إنَّ	2547
تمنيت	2547
نحضر	2547
فإنّ	2546
وصلوا	2546
النجم	2546
بلير	2545
يجعلنا	2545
لوجه	2543
طيباً	2543
أعطى	2542
سنبقى	2542
اتكلم	2542
لاشئ	2541
أحضري	2540
يختفي	2540
الخضراء	2540
محرك	2540
سياتل	2540
جواز	2540
الضربة	2539
البيانو	2539
الرحمة	2538
ليله	2538
تعترف	2538
لليلة	2537
أسمه	2537
الأصلي	2536
وصف	2536
الورقة	2535
تريدها	2535
ويمكنك	2535
الأخرين	2534
المنافسة	2534
تستمتع	2532
قتلهم	2532
يومياً	2532
اربعة	2532
اختار	2532
صادقة	2532
الآباء	2532
النوافذ	2532
ديانا	2530
ميا	2530
نتصل	2530
أصبحنا	2530
لهُ	2529
بحياة	2529
شركاء	2527
أحمد	2527
نقص	2527
اس	2526
تسرق	2526
البرد	2525
كاثي	2525
زميل	2525
ممرضة	2524
المجرم	2524
عجب	2523
التعليم	2523
اللجنة	2523
ليلا	2522
الشريرة	2522
ستأخذ	2522
فون	2522
النفق	2522
عميلة	2521
لنقم	2521
علاقات	2520
لقول	2520
مسبقا	2520
رواية	2519
الحسابات	2519
بأشياء	2519
أعطيتني	2519
اشكرك	2518
ثانياً	2517
القاعة	2517
مسرحية	2516
أقلق	2516
بداخلي	2515
مي	2515
رجُل	2514
أدريان	2514
العشرين	2514
ستبدأ	2514
الدرس	2514
أخبريه	2512
تخمين	2512
وظيفتك	2511
الإسعاف	2510
إهانة	2509
بري	2509
أشعة	2509
الأعضاء	2509
تام	2509
جسر	2508
العلماء	2508
رائحته	2508
والدى	2506
الخطاب	2506
الانتقال	2506
مـع	2506
الاحتفاظ	2506
كبرت	2506
نظري	2506
سارا	2505
اخري	2505
تمثل	2504
العصر	2504
أنـت	2503
حجز	2503
فيغاس	2502
ويندي	2502
جديده	2501
جولز	2500
التقنية	2500
تبيع	2500
الغربية	2499
الكأس	2499
خبز	2499
مصادفة	2499
الأهم	2499
لطف	2498
افتحي	2498
لأنّني	2496
سيرينا	2495
جنسي	2495
سابقة	2494
الطرف	2493
نتحدّث	2493
أحتفظ	2493
الغباء	2493
يضرب	2493
يزداد	2492
بداخلك	2491
يفقد	2491
حيا	2491
أعدكِ	2490
سيجارة	2489
ثلاثون	2489
قلتَ	2488
توقيت	2488
زواجنا	2488
أيه	2488
داخلية	2488
البار	2487
غريبا	2487
سـ	2487
الإمساك	2486
بحذر	2486
مفيدة	2483
المصنع	2482
وجدناه	2481
جدياً	2481
انتهي	2481
ترجع	2481
يقم	2481
أتمنّى	2480
الأيمن	2480
احيانا	2478
يستطيعوا	2478
أحس	2478
الدخان	2478
حولنا	2477
حمداً	2477
وعشرون	2477
المحمول	2477
قصد	2476
مخطط	2476
مخلوق	2475
الكاهن	2475
المهنية	2474
باستمرار	2474
طعم	2474
أحببته	2474
عامة	2474
قصدت	2473
بيض	2473
نأتي	2473
خذني	2473
أسرعي	2472
إيان	2472
ظƒظ	2472
كُنّا	2471
يخطط	2471
ياصاح	2470
سيف	2470
ملائم	2470
العمال	2470
قالَ	2469
المثالية	2469
إنتبه	2469
وانه	2469
يرجى	2468
رقص	2468
التدخل	2468
الفدرالي	2468
جنازة	2467
تحصلي	2467
مخزن	2467
اقترب	2467
الموسيقية	2467
سنموت	2466
يحبني	2464
بالبرد	2464
غيبز	2463
بحيرة	2463
الأيدي	2463
ساخنة	2462
القوم	2461
سألتني	2461
بأنكم	2461
قررنا	2461
المشاركة	2460
فأن	2460
نيد	2460
تجدي	2460
سلة	2458
جعلها	2458
مخطئاً	2457
أجده	2454
حرة	2454
الساحر	2453
لـن	2452
يثق	2452
الدولارات	2451
الصعود	2451
اتجاه	2449
البرية	2449
غرب	2448
صالة	2448
براندون	2448
بروكلين	2447
العد	2446
السكان	2446
فستان	2446
جوناثان	2445
اعدك	2445
حالها	2445
أمكِ	2443
فربما	2443
حاد	2442
الذرة	2442
راج	2441
طھظ	2440
عثر	2440
ضربات	2440
أتي	2439
كارلا	2439
الإهتمام	2438
الصحة	2438
الاستخبارات	2437
مشاعرك	2437
الأثناء	2437
سأترك	2436
لثلاثة	2436
الفطائر	2436
كافٍ	2435
ذوي	2435
إياك	2435
أره	2435
محزن	2434
دقيق	2434
باهر	2434
كُنتُ	2433
جناح	2433
عرفته	2433
بشري	2432
تنظري	2431
المعرض	2430
بوارو	2430
لص	2429
شبه	2429
سيبدأ	2428
نسيان	2428
الخيارات	2428
النووية	2427
تفكير	2427
تفكري	2426
ومتى	2425
بولي	2425
مغفل	2425
أرادوا	2424
تارا	2424
التمثيل	2424
للروعة	2424
سأصبح	2423
القط	2423
أريدكم	2422
كيث	2422
جونغ	2421
قطة	2421
لأنى	2420
القطة	2420
جلست	2420
بحال	2419
حوالى	2419
القمة	2419
فورد	2419
فأنتِ	2418
فو	2417
أسمك	2417
أمنية	2416
يساعدك	2415
بطولة	2415
نام	2415
فور	2414
تفضلوا	2414
السجناء	2414
منطقياً	2413
أينَ	2413
حقيقةً	2412
سبتمبر	2412
دافع	2412
ضدي	2412
حراس	2412
يقدر	2412
تشعري	2411
تعتني	2411
عيناك	2410
الزر	2410
العلامة	2408
سيجعل	2407
المعدات	2407
أتتذكر	2407
أزمة	2406
بيّ	2405
اقتل	2405
المخزن	2404
قدمك	2404
ممتعا	2404
إلغاء	2404
القبعة	2404
ثلاثه	2403
نظن	2403
بقعة	2403
بجنون	2402
احدا	2401
تدين	2401
إقامة	2401
الزبائن	2401
السحرية	2400
السم	2400
احترس	2400
أحلام	2400
جانبا	2399
بينيت	2399
قراري	2399
مضطرة	2399
تتعلق	2398
ربع	2398
بعملية	2398
جيدين	2398
البرج	2398
صحة	2398
الاعتراف	2397
الذهبية	2396
لترى	2396
حفظ	2396
طرح	2396
موتى	2395
لدية	2394
يتحول	2394
ابنته	2392
شقيق	2392
جرس	2392
غيره	2392
سهلا	2392
شيك	2391
لإطلاق	2391
المدرسه	2390
بالراحة	2390
بنهاية	2389
القتلة	2389
الانضمام	2389
امم	2389
عقب	2389
الآلاف	2389
اسابيع	2388
نموذج	2387
أعلمُ	2387
يقتلني	2386
بغرابة	2386
هال	2386
أسطورة	2385
رالف	2384
لايزال	2384
الأخت	2384
كروز	2383
الأتصال	2383
ينفع	2382
دوايت	2382
لغرفة	2381
خسر	2381
صغيري	2381
تبتعد	2380
نريده	2380
رجلك	2380
مجنوناً	2380
فريقي	2380
بعناية	2379
الأوّل	2378
بمقابلتك	2378
أيمكنكِ	2377
يَذْهبُ	2377
اتركني	2377
تجيب	2376
الفهم	2376
سيئه	2376
تحدثي	2376
مزيفة	2375
عصا	2375
ياصديقي	2374
ارغب	2374
لازالت	2373
فتيان	2373
عالمي	2373
بالمر	2373
تقرر	2372
يفلح	2371
خائفا	2371
العروس	2371
بالـ	2371
والدتها	2370
الإحترام	2370
مصاصي	2370
للتأكد	2370
أمريكية	2369
الأثنين	2369
ولدينا	2369
الأسباب	2369
نتناول	2369
هائل	2368
الأسماك	2368
أحدًا	2367
رجعت	2367
بالمدرسة	2367
المملكة	2366
بارعة	2366
بشعور	2365
مركبة	2365
لايجب	2365
لأفعل	2364
شجاع	2364
الميدان	2363
تعتقدون	2362
اهدئي	2362
ليف	2362
الفلم	2361
سياسة	2360
تتحول	2360
تصدقني	2360
التجارب	2360
مسح	2360
مفاجئة	2359
فهناك	2359
مقاومة	2359
فك	2359
غيبوبة	2359
المجانين	2358
متحمسة	2358
اجلب	2358
الصدمة	2357
السلالم	2357
سراحه	2357
العطلة	2357
دمرت	2356
خطورة	2355
نقدم	2354
أمتلك	2354
نايت	2354
حقل	2354
تطير	2354
بالبيت	2354
جريج	2353
مرضى	2353
قوياً	2353
الساحة	2353
اريده	2353
للحفاظ	2352
وشم	2351
الخلايا	2351
ربطة	2351
مسؤولية	2351
الهبوط	2348
لتغيير	2348
رسمية	2348
أستيقظ	2348
فكرتك	2347
وستكون	2347
خلفنا	2347
امريكا	2346
يَكُونُ	2346
آرون	2346
ترفض	2345
أزرق	2345
الروك	2345
الرعب	2345
أمكنك	2345
كلاوس	2344
امس	2344
التحية	2344
ضيق	2343
تماسك	2343
متورط	2341
بدل	2341
بإطلاق	2341
اعيش	2341
التجارة	2341
مالأمر	2341
الحفرة	2339
خوف	2339
أيدي	2339
الميناء	2338
يخبرنا	2338
ملازم	2338
لَهُ	2337
التوتر	2336
كندا	2336
الغابات	2336
يؤمن	2335
تَستطيعُ	2334
إبق	2334
أغرب	2334
الوكالة	2334
هَل	2333
للوراء	2333
الهوية	2333
دايفيد	2333
حساسية	2332
أتعني	2331
مونرو	2331
ذاكرة	2331
مايو	2331
نستطع	2331
هيون	2330
قصارى	2330
جانيت	2330
نعيد	2330
قلم	2329
خيارات	2329
يبيع	2328
ظريف	2328
دولة	2327
ليديا	2327
تفعلى	2326
الأشعة	2326
وبدون	2325
الرهائن	2325
أسباب	2324
كلتا	2324
ينتمي	2324
فن	2324
صلب	2323
عداد	2322
المخيم	2322
يساعدنا	2322
تخفي	2322
ينتظرون	2321
لينكولن	2321
ميراندا	2321
تصميم	2319
وارد	2318
لنفعلها	2318
العار	2318
يتواجد	2317
الحوض	2317
الوزير	2317
احذر	2317
إعداد	2316
راسل	2316
بامكانك	2315
رومان	2314
الاحمق	2314
تريني	2313
التلاعب	2313
المحك	2313
تكتشف	2312
قصتك	2312
تعرفت	2312
مؤتمر	2312
إنتظروا	2311
ينفذ	2311
أحدٍ	2311
نيابة	2310
مراراً	2310
بديل	2310
وقام	2309
الساقطة	2309
شعوري	2308
بحثاً	2307
فرصتنا	2307
أهدأ	2307
اياه	2306
لقضاء	2306
نفهم	2306
مصلحة	2306
لِماذا	2306
الأستاذ	2305
المعيشة	2305
حكيم	2305
يدفعون	2305
سأجلب	2304
أبكي	2304
يريدني	2304
أمرًا	2303
الخطوط	2303
الحادية	2303
تنزف	2302
السجائر	2302
كشخص	2301
الملعون	2301
طالبة	2301
مصر	2301
باك	2300
رأيكم	2300
سأدخل	2300
سبباً	2300
كريستينا	2300
النزيف	2300
متأخراً	2298
يومان	2298
ساكون	2298
الرجوع	2297
للتعامل	2297
كُنا	2297
بيرت	2296
إنّنا	2296
عقوبة	2295
التكنولوجيا	2295
تقولينه	2295
غياب	2295
بالظبط	2294
الخيال	2294
بصحة	2293
يحلو	2292
أعتبر	2292
القرارات	2292
آوه	2292
جوردان	2292
مطار	2292
السيّدة	2292
أحداث	2291
ضعها	2291
افعلي	2290
جهة	2290
أتوا	2290
لَكنَّه	2289
حمقى	2288
لائحة	2288
تأتين	2288
رأيتي	2288
شريحة	2288
أخطط	2288
مريع	2288
بالقوة	2287
تهمة	2287
الأجرة	2287
بريطانيا	2286
ألي	2286
سول	2285
مواقع	2285
ناري	2285
فيكي	2284
تمازحني	2284
وعدتني	2284
سامحني	2283
وتقول	2283
ساندي	2283
النفسية	2280
كليا	2280
القانونية	2280
الصينية	2279
لبعضنا	2278
الحلقات	2278
مؤقت	2278
كنتى	2277
أكترث	2277
يبكي	2277
حلّ	2277
الأراضي	2277
شعرها	2277
الإحساس	2277
نمر	2277
تخبرنى	2276
السيده	2276
هاتفها	2275
بمفرده	2274
أظنها	2274
بطبيعة	2274
ديبي	2273
المسئول	2273
مرتاح	2273
بإعادة	2273
الجاذبية	2273
جذابة	2273
دجاج	2272
تستيقظ	2272
تقريبًا	2271
نجده	2271
الأقدام	2271
حياتكِ	2271
أجلنا	2271
اساعدك	2270
سيقول	2270
ميغان	2270
يجعلها	2269
لهما	2269
باوند	2269
يذكرني	2268
وداعًا	2268
بعمق	2267
وأنتَ	2267
جوان	2267
سأساعدك	2266
أفتقد	2265
قادرا	2265
مُنذ	2264
المسرحية	2264
منكَ	2263
ليني	2263
الإعلام	2262
كونوا	2262
السلم	2262
دفعة	2261
تشان	2260
طويله	2260
نشرب	2259
الإنفجار	2259
خائن	2259
عل	2259
مطلق	2259
المظهر	2258
أحضروا	2258
هاواي	2258
تنمو	2258
للزواج	2257
الجدة	2257
كلارا	2256
وين	2256
أبو	2255
تخلص	2255
الأوسط	2255
عدّة	2255
تحرّك	2254
موضع	2254
والسادة	2254
تنظرين	2252
أخيرًا	2252
بعضا	2252
عرفنا	2251
جعلته	2251
مرتبط	2250
داريل	2250
متاكد	2249
تافه	2249
دا	2249
زهرة	2249
كسب	2248
دايمُن	2248
سبنسر	2248
لورد	2248
أميرة	2248
كونها	2247
ليزي	2246
موسكو	2246
يي	2246
الصغيره	2245
التأثير	2245
فيونا	2243
موفقاً	2243
محترم	2243
اخبرتني	2243
برؤية	2242
ربط	2242
كومة	2241
رب	2241
بال	2240
ألهذا	2240
عظام	2240
الصناعي	2239
ترقص	2239
حَدثَ	2239
النسخة	2238
بيكر	2238
تركنا	2237
الخاطئة	2237
أعلن	2237
الشرقية	2236
لإحضار	2236
ولما	2236
الأزياء	2236
شفرة	2235
بالموضوع	2235
الخمسة	2234
حساء	2234
جيب	2234
حرق	2234
يبعد	2233
تظل	2232
خصوصا	2232
الوسيم	2232
حظك	2232
بالملل	2232
الابن	2231
ندفع	2230
كولين	2230
الرصيف	2230
الإيجار	2230
التهديد	2230
أنــا	2229
تؤذي	2229
تفسد	2229
أفهمك	2229
النفط	2229
أعز	2229
الخدمات	2228
اتخذت	2228
خطوات	2227
الأغاني	2227
الضباط	2227
وفقا	2227
لوحدنا	2226
ارتدي	2226
قابلة	2225
تدمر	2225
لعيد	2225
بالاضافة	2224
الاختيار	2224
انتظرت	2224
هاورد	2223
تزداد	2223
ألى	2223
رايموند	2223
أحذية	2223
اخيرا	2223
نا	2222
لفعله	2222
مررنا	2222
مارلين	2222
كاتي	2222
عنق	2221
حصلتِ	2221
شريف	2221
جميلا	2220
وقفت	2218
ثقيل	2218
كاد	2217
تسببت	2217
دانيل	2217
رأيتم	2216
يداك	2215
وليام	2215
معلومة	2215
أمّا	2215
نوعًا	2215
تفجير	2214
ولذا	2214
نقضي	2213
انتظرى	2212
حقيبتك	2212
فاتنة	2212
تلمسني	2212
هونغ	2211
باس	2211
يُمكنكِ	2211
لتوي	2210
أمرا	2209
سمعتي	2209
انسي	2209
اريك	2209
دى	2208
المحافظ	2208
المغزى	2207
ظهور	2207
مهلك	2206
الدّكتور	2205
يسعني	2205
يتوقع	2205
نيلسون	2205
هادئاً	2204
أرفض	2204
الجنوبي	2204
أدوات	2201
باربرا	2200
سحرية	2199
غيرك	2199
ثالث	2198
نشاهد	2198
تفهمي	2198
موسم	2198
سيأتون	2198
شيلدون	2197
بالبقاء	2197
العريف	2196
يتذكر	2196
المغفل	2195
تتحسن	2194
العلامات	2193
لمّ	2193
الخنازير	2193
فريقك	2193
الظهور	2193
ساقي	2192
نظره	2192
منخفض	2192
أخذنا	2192
دروس	2191
حليب	2191
ينزف	2191
عثرنا	2190
حصة	2189
سمعتها	2189
الأيسر	2189
يالك	2188
أتذكّر	2188
السمين	2188
مجتمع	2188
يتعامل	2187
سليمة	2187
ألو	2187
توجب	2187
يحق	2187
السخيفة	2186
كورت	2186
عائلتها	2186
إنّكِ	2186
مواد	2185
جلد	2185
وثم	2185
يمشي	2185
الجوي	2185
فرانكلين	2184
البطاقات	2183
عندهم	2183
تستطيعون	2180
غابي	2180
سنغادر	2180
ارتفاع	2179
قرد	2179
مادي	2179
تتكلمين	2179
يحل	2178
تسعى	2178
لايهم	2178
ألان	2178
حسنـًا	2177
التعويذة	2177
اقوله	2176
أروع	2176
الهنود	2175
للمدينة	2175
لانس	2175
باتمان	2175
غرانت	2175
الكوكايين	2173
الحقائب	2171
ليزلي	2171
أنهيت	2171
ممثلة	2170
نواجه	2170
حذائي	2170
تخرجي	2169
التاسع	2169
ادخلي	2169
الإستخبارات	2168
العزيزة	2168
برينان	2168
تحبك	2168
صادقاً	2168
الأسف	2167
مثلهم	2167
الأبرياء	2167
عدو	2166
تتخيل	2166
ارتكبت	2166
شئت	2165
تمضي	2165
إختفى	2165
تهتمين	2164
مدام	2164
تفعلونه	2164
جدتك	2164
مختبر	2163
نظرك	2163
الكهربائية	2162
نفذت	2162
القديس	2162
مرتفع	2162
إبنتك	2161
المعبد	2161
مرّ	2161
بإمكانها	2160
تيس	2160
تتناول	2160
البابا	2159
الأربعاء	2159
العلوم	2159
كيلو	2158
نستمر	2157
مورجان	2157
بأنّهم	2156
ثلج	2156
عديمة	2156
ستارك	2155
ريتشي	2155
أخبري	2155
أخذته	2154
المدارس	2154
أغبياء	2154
استدعاء	2153
يمارس	2153
سونيا	2153
العرش	2152
أخذتها	2152
يعيد	2152
عادلة	2152
مصنوعة	2151
انقاذ	2151
تمطر	2151
لحفلة	2151
بجميع	2151
علمنا	2150
خسرنا	2150
عسكرية	2150
ستعرف	2150
ولديه	2150
أبالي	2149
أيجب	2147
النمر	2147
للمستشفى	2147
بالتفكير	2146
قتلتها	2146
ساعدت	2145
تلاحظ	2145
أعطيه	2145
باول	2145
صغيرا	2145
الأدوات	2144
شريرة	2144
ألهي	2144
اتريد	2143
المفقودين	2143
أدعى	2143
الفئران	2142
وحيدا	2142
طœ	2142
غيري	2142
أحيانًا	2142
مصير	2142
الخارقة	2141
العب	2141
الصحي	2141
أبلغ	2141
استطعنا	2141
تدير	2140
فعليك	2140
مملة	2139
بالمكان	2139
إحساس	2139
والدتكِ	2139
أمارس	2138
تنظيم	2138
هدايا	2138
مور	2137
اللصوص	2137
البروفيسور	2137
صناديق	2136
المتهم	2136
المحققة	2136
رغبت	2135
الشخصيات	2135
نتأكد	2135
الإختبار	2135
أعداء	2135
قلها	2135
كاملاً	2135
لمس	2134
بيكي	2134
النفايات	2134
الكهف	2133
يتعين	2133
تغني	2131
المستشار	2131
اتركه	2130
وعاء	2130
لشركة	2130
أحدث	2130
منصب	2130
الفرسان	2130
الحساء	2130
المركب	2130
المخلوق	2129
أوقفوا	2128
راقصة	2128
وسادتي	2128
فيشر	2127
قطعاً	2127
المصدر	2127
أمّك	2126
الطبخ	2126
واثقاً	2126
العضلات	2125
بدونه	2125
الجنازة	2125
جراء	2125
جننت	2125
لرؤيتي	2124
وأي	2124
ثابت	2124
هايلي	2124
يهمك	2124
مقارنة	2123
الاولاد	2123
وقتنا	2123
اتوقع	2122
تعامل	2122
بأنفسنا	2122
أبله	2121
البريطانية	2121
فعلتم	2120
تقيم	2119
اعتاد	2119
بالقتل	2119
لقب	2119
لاس	2119
حادة	2118
أصغي	2118
ظƒط	2116
بوسعه	2116
تغيّر	2116
مقزز	2116
حمايتك	2115
يأخذون	2115
الضرب	2114
حلوتي	2114
الاتصالات	2114
ميّت	2114
با	2114
اشترى	2113
وفجأة	2112
الغطاء	2112
أخسر	2112
مساعدتكِ	2112
كانغ	2111
وأمي	2111
الكريسماس	2111
تجارة	2111
الملكي	2111
طلقات	2111
أحببتها	2110
المساعده	2110
العناء	2109
بفعله	2109
بريئة	2108
دعينى	2108
دويل	2108
سيتوجب	2107
مدخل	2107
الإتفاق	2107
ضده	2106
تقاتل	2106
أسمعي	2106
للمال	2105
نيكولاس	2105
الليالي	2105
التضحية	2105
العيادة	2105
وضعوا	2105
أخطاء	2104
أجعلك	2104
للهجوم	2104
غرفته	2104
يفضل	2103
واسع	2102
صحفي	2102
اراد	2102
مقدمة	2101
أعدت	2101
الفراغ	2101
يونج	2101
الوحيده	2100
أتحمل	2100
أجمع	2100
حاسوب	2100
تواعد	2100
يزعجك	2100
ستخرج	2099
مختلفين	2099
الآمن	2099
والكر	2099
أعْمَلُ	2099
برمته	2098
يحتفظ	2098
لتحقيق	2098
نسخ	2098
يقتلك	2097
ساعدتني	2097
اهرب	2097
المخ	2096
أفغانستان	2096
الفرنسي	2096
دعهم	2096
ننهي	2095
أهل	2094
باني	2094
أستسلم	2094
التقارير	2093
نثق	2093
الأبله	2093
حساس	2093
قميصك	2092
ميليسا	2092
ظهره	2092
مضطر	2092
أرقص	2091
المؤتمر	2090
ممتن	2090
تغضب	2090
والكثير	2090
بشرية	2089
بشراء	2089
يمضي	2089
هواء	2089
انفجار	2088
يعرض	2088
الوسط	2088
بإستخدام	2088
القوي	2087
بإمكان	2087
الكولونيل	2087
للقتال	2086
حرفياً	2086
البطاطا	2086
التقاط	2085
قوموا	2084
مشاركة	2084
للرجال	2083
أتفقنا	2083
البطولة	2083
اعلى	2083
ظن	2083
الشابة	2082
الصناعية	2081
نهتم	2081
نسمح	2081
النقاط	2081
لِكي	2080
معكَ	2080
تكبر	2080
لتصبح	2080
أرواح	2079
أبّي	2079
سنصل	2079
تحققت	2079
اللحظات	2079
أهلًا	2079
تعرفى	2078
للجنون	2078
إكس	2078
أتود	2078
فوكس	2078
وثيقة	2078
الفم	2078
التعليمات	2078
بائع	2077
يوليو	2077
أقدّر	2077
ونرى	2077
العجلة	2077
أولًا	2077
كلّه	2076
الجدول	2075
الصداقة	2075
لتقديم	2074
التفاح	2074
لاأستطيع	2074
والجميع	2074
الناسِ	2073
غرض	2073
حزب	2073
المنظمة	2073
فعلناه	2072
الحمار	2072
إتفاق	2072
أسعد	2072
زالوا	2072
جيدون	2072
يسرني	2071
الصلب	2071
التخطيط	2071
فال	2071
شرح	2071
بطفل	2071
لمقابلتك	2070
ألقيت	2070
المستودع	2070
الغولف	2070
إنتهينا	2069
الكائنات	2069
تتصلي	2069
أَحتاجُ	2069
عينك	2069
هوك	2069
بيكيت	2069
الركض	2069
الحكمة	2068
تفوز	2068
ديكس	2068
بالي	2068
صعبا	2068
بسرقة	2068
مثلكِ	2068
لزيارة	2067
جنسياً	2066
الأطلاق	2066
يحترق	2066
يدعي	2066
استطاع	2066
أتمني	2066
تنفجر	2065
مزيف	2065
تجنب	2065
هوليوود	2064
إكتشفت	2064
ذاتها	2064
حظي	2064
شعب	2064
إستعادة	2064
بالموت	2063
جسمك	2063
جعة	2063
الساخن	2062
مفاجئ	2062
قريبين	2062
شرعي	2062
الحالية	2062
والناس	2061
يشاهد	2060
أفضّل	2060
مقربة	2060
اقدم	2059
مهووس	2059
طلاب	2059
كأني	2059
ضرباً	2058
أعطه	2058
إنهـا	2058
يهتمون	2058
بحجم	2057
الفقراء	2057
يحظى	2057
مواصلة	2057
مبالغ	2057
الارجح	2057
ساذهب	2057
معروفة	2057
العمة	2057
اختي	2057
مساعدتكم	2057
احترام	2056
ليونارد	2055
تَعمَلُ	2055
تكذبين	2055
المسلسل	2055
سّيد	2054
متعددة	2054
ايا	2054
الدولية	2053
جدك	2052
يشتري	2051
ابدو	2051
رسلك	2051
الكنز	2051
القضيّة	2050
شجار	2050
التوقيع	2050
نزهة	2050
تَكُونَ	2049
وجميع	2049
أتركه	2049
ستنتهي	2049
جذاب	2049
الأمنية	2048
وضعك	2048
ألقى	2048
ظˆ	2048
رحمة	2048
قولك	2047
المنظر	2047
سمعتم	2047
آليكس	2047
الصناديق	2046
أرَ	2046
مش	2046
البطاطس	2046
منظر	2046
كُنتِ	2044
بونز	2044
الذهبي	2043
اتفهم	2043
أعطنى	2043
ظروف	2043
صديقته	2043
لأخبرك	2043
ذراعك	2042
وأخيراً	2041
سمعتني	2041
واجبي	2041
جثث	2041
التنفيذي	2041
يجرى	2040
تشا	2040
ادري	2039
ذهني	2039
اخبرنى	2038
الإعلان	2038
غرايس	2038
أحضره	2038
غامض	2038
مشهورة	2038
تهدأ	2038
نناقش	2037
ويست	2037
مثال	2037
توفير	2037
القضيب	2036
حصلوا	2036
ديني	2036
المثل	2035
الباردة	2035
روزي	2034
الثورة	2034
العقلية	2034
تقترح	2034
منتج	2033
يفعلونه	2033
إيف	2033
استرخي	2032
باكراً	2032
نطلق	2032
يقبل	2031
بجريمة	2031
مارست	2031
بورك	2031
بالمائة	2031
لأسفل	2030
كتابك	2029
تجاهل	2029
استغرق	2029
ملكية	2029
نولان	2029
الاخير	2029
مشغولاً	2028
فإننا	2027
يؤسفني	2026
نادر	2026
الأغبياء	2025
رجالنا	2024
القطاع	2024
عاطفية	2023
سيتي	2023
كونر	2022
كرين	2022
فرص	2021
مستقرة	2021
افترض	2021
الجلسة	2020
أرفع	2020
الضوضاء	2017
يورك	2017
المؤسف	2017
يحصلون	2016
بأمكانك	2016
العقاب	2016
الفضائية	2015
تجاوزت	2015
خطرة	2014
والديّ	2014
شيءِ	2014
دونالد	2013
تصور	2013
عليا	2013
سحقًا	2013
خرجنا	2013
يشكل	2013
بركة	2013
سم	2012
إلاهي	2011
وبالتالي	2010
عينه	2010
ولكننى	2010
يجيب	2010
فكّر	2009
دفاع	2008
لأى	2008
نبض	2008
نشاط	2008
هاتفية	2008
اعطيني	2008
الفتية	2007
جوعاً	2007
الوكيل	2007
جانبك	2007
حرية	2007
يكتشف	2007
همم	2006
التيار	2006
حفنة	2005
الملائكة	2005
قلعة	2005
تحاولي	2005
الشيءِ	2004
فينسنت	2004
تمهلي	2004
يتمّ	2003
سمعتِ	2002
سنعمل	2002
غداء	2002
تفعليه	2002
رأيتهم	2000
نلقي	2000
وضعته	2000
صدق	1999
زوجين	1999
الكوخ	1999
منافسة	1998
خدمات	1998
جدوى	1998
يَعْرفُ	1998
ملكك	1998
صديقاً	1998
اضع	1997
للسخرية	1997
أثار	1997
السخيف	1996
ستصل	1996
الكبد	1996
أذهبي	1995
الحقّ	1995
الامن	1995
الشمبانيا	1994
الصعبة	1994
الحملة	1994
الصبر	1994
أنثى	1994
الإثارة	1993
تذكروا	1993
ضعوا	1993
لآ	1993
وقمت	1993
انهُ	1993
الوجود	1992
اخبارك	1992
حافظ	1991
ثمان	1991
تجارب	1991
كاف	1991
يؤلمني	1991
سقوط	1991
لجلب	1990
علاقه	1990
سرور	1990
إيقافه	1990
تكُن	1989
نراه	1989
أحزر	1988
معسكر	1988
علاقتي	1988
تحمّل	1988
خطأً	1987
سألتك	1987
أخير	1987
الأولي	1987
أجريت	1987
طيار	1986
لَكنَّك	1986
ملئ	1986
شكراَ	1985
أجهل	1985
الغسيل	1985
الإستمرار	1985
جزءا	1985
راعي	1984
أمّ	1984
فنسنت	1984
أيًا	1984
هيكتور	1983
اللحاق	1982
البناية	1982
البدلة	1982
مانهاتن	1982
قلنا	1981
استعد	1981
الخطط	1981
الدوام	1981
الذئاب	1981
الماضيه	1980
بلد	1980
أخاك	1980
الأنفاق	1980
حجة	1979
محظوظين	1979
التزلج	1978
تنهي	1978
الغبار	1978
هزيمة	1978
ثقيلة	1978
درساً	1977
بالضرورة	1977
مافي	1977
ثوان	1977
نقدر	1976
كايتي	1976
غريغ	1976
تتمنى	1976
يمسك	1975
بالخوف	1975
دعي	1975
منخفضة	1975
تطبيق	1975
لأقوم	1975
تعبر	1974
حيثُ	1973
الدعوة	1973
برو	1973
أكانت	1973
كريستي	1972
أحسنتِ	1972
الأصغر	1972
الحراسة	1972
تنتقل	1972
سينجح	1972
مونك	1971
كونغ	1971
أتصرف	1971
أحرزنا	1971
يستخدمون	1970
رقمي	1970
تحبينه	1970
بورتر	1969
المفقودة	1969
ليل	1969
المرآب	1969
موجة	1969
حبلى	1968
سأقتل	1968
زالَ	1968
البحار	1968
تجعله	1967
تكفي	1967
بوند	1967
يبقي	1967
الاحتفال	1966
لتفعل	1966
ماندي	1965
خيانة	1965
مصنوع	1965
المرأه	1965
فرايزر	1964
يقتلون	1964
أتصلت	1963
المنصة	1963
تعجبك	1962
التراجع	1962
يقيم	1962
فيني	1962
الإنتقام	1961
لمنزل	1961
الخمس	1961
ممكنة	1961
الصحيفة	1960
وفاته	1960
ألبرت	1960
ترفع	1960
كتابي	1960
العادية	1960
تشو	1959
طلبته	1959
ناجحة	1958
التسوق	1958
شريكك	1958
موسيقية	1957
مهتماً	1957
يرون	1957
وقتل	1956
اضغط	1956
الصوتي	1956
جولييت	1956
سمعة	1956
سلوك	1956
مَعك	1956
الفضول	1955
بحر	1955
تعليم	1955
بهما	1955
مهرجان	1955
الغلاف	1954
أعطيتها	1954
أتزوج	1953
نقتل	1953
خططت	1953
المئات	1953
اراهن	1952
حذر	1952
تسمعي	1952
ثلاثين	1952
لدفع	1952
وسأكون	1951
