আমি	62498
না	55643
তুমি	34867
আমার	33644
কি	27254
এটা	24032
আর	22565
তোমার	21084
আছে	19261
সে	16923
এই	16910
আমরা	16906
করে	14778
হবে	14123
জন্য	14032
আমাদের	13667
করতে	13516
একটা	13288
আমাকে	12796
ঠিক	12581
আপনি	12523
তো	11893
যে	11434
তার	11204
থেকে	10917
কিছু	10768
সাথে	10611
কিন্তু	10462
এখানে	9373
তোমাকে	9308
এখন	9283
কোন	9239
কথা	9188
মনে	9157
কী	8060
যদি	7580
এবং	7365
হয়	7242
আপনার	7211
নিয়ে	7100
ছিল	7017
তাকে	6734
তারা	6718
নেই	6677
হয়ে	6667
তাহলে	6619
অনেক	6557
কেন	6532
করা	6196
হ্যাঁ	6061
করো	5995
তাই	5886
সব	5841
এক	5538
এর	5506
হচ্ছে	5423
যাও	5261
কাজ	5250
হয়েছে	5230
কে	5075
কাছে	5061
শুধু	5035
একটি	4937
স্যার	4914
দাও	4851
তাদের	4797
ভালো	4782
যা	4540
একজন	4511
ভাল	4509
জানি	4497
যেতে	4477
দিয়ে	4330
খুব	4324
কোথায়	4277
করবে	4126
যাবে	4101
চাই	4070
পারে	3996
শেষ	3981
করার	3947
ধন্যবাদ	3909
যখন	3900
বলতে	3867
কেউ	3857
করি	3766
সময়	3742
তুই	3708
গেছে	3668
বাবা	3660
ওকে	3651
মত	3629
সেটা	3624
হতে	3616
চলে	3563
ওহ	3472
নয়	3471
হ্যা	3423
একটু	3412
পারি	3330
দেখতে	3308
সবাই	3248
আগে	3240
দেখা	3225
করছি	3219
তিনি	3163
বের	3111
বলে	3055
কর	3035
আবার	2967
দিতে	2931
নাম	2861
যায়	2845
ওর	2839
পারবে	2835
নাকি	2817
কিভাবে	2808
মধ্যে	2792
তোমরা	2756
ফিরে	2663
আচ্ছা	2657
সাহায্য	2652
আপনাকে	2645
মানুষ	2594
তা	2558
মা	2555
করেছে	2536
দিকে	2514
দরকার	2512
সেই	2500
আসলে	2494
শুরু	2493
ওটা	2493
দুঃখিত	2489
দিন	2485
চলো	2483
মানে	2483
কিন্ত	2482
তোর	2442
তোমাদের	2410
করছে	2387
বলছি	2380
বিশ্বাস	2374
বন্ধ	2339
করেছি	2332
এমন	2260
অবশ্যই	2248
নিজের	2217
কারণ	2216
বড়	2196
করবো	2185
বেশি	2174
বছর	2155
উপর	2110
যাচ্ছে	2105
আসো	2099
চেষ্টা	2095
তারপর	2092
হল	2087
হয়	2084
হেই	2081
এসব	2064
দেখো	2057
কিছুই	2053
কোনো	2041
এটাই	2035
আছি	2034
টাকা	2032
যাচ্ছি	2032
জানো	2023
বুঝতে	1997
আজ	1979
ছিলো	1978
বলো	1967
মতো	1962
ধরে	1949
কখনো	1936
খারাপ	1934
কেমন	1927
প্লিজ	1916
মারা	1911
পছন্দ	1870
সেখানে	1866
চাও	1850
নাও	1826
সমস্যা	1819
দেখে	1815
নি	1808
পর	1802
থাকে	1801
এখনো	1801
সুন্দর	1775
তখন	1737
ভুল	1727
ভাই	1724
ওখানে	1721
পর্যন্ত	1719
করব	1714
নতুন	1707
পরে	1701
থাকতে	1697
ওরা	1690
যাই	1675
অন্য	1659
হলো	1653
খুঁজে	1633
ভয়	1632
ব্যাপারে	1629
ছেড়ে	1604
আরো	1597
নিতে	1591
থাকবে	1581
করুন	1581
লোক	1577
আরে	1574
ফোন	1557
বন্ধু	1531
হাত	1527
লাগবে	1517
এসো	1512
ওই	1503
যেন	1494
সত্যি	1490
জীবন	1489
বল	1482
চিন্তা	1481
সম্পর্কে	1473
ছেলে	1470
এত	1463
যেটা	1442
সামনে	1437
জিনিস	1432
খুবই	1404
পারবো	1403
এটি	1395
হ্যালো	1389
ছিলাম	1388
অপেক্ষা	1381
করবেন	1379
সবকিছু	1373
উচিত	1359
ব্যাপার	1357
নিচে	1352
থাকো	1347
পারো	1338
নিশ্চিত	1337
হলে	1328
এসেছে	1328
বা	1327
প্রথম	1316
এখান	1316
জলদি	1309
কত	1303
জানতে	1282
মেয়ে	1279
আসবে	1261
হও	1258
এসে	1256
করছ	1255
এরকম	1255
ওদের	1248
দুই	1242
দেখ	1241
তৈরি	1240
জন	1239
পারেন	1225
ছাড়া	1225
হাতে	1222
সবচেয়ে	1219
হয়তো	1218
আসছে	1210
একদম	1208
নাই	1206
লাগছে	1194
যাক	1181
মেরে	1176
সত্যিই	1174
বাইরে	1170
বেশ	1170
আসতে	1168
গুলি	1165
বলা	1164
এটার	1158
এসেছি	1149
পড়ে	1140
পুরো	1137
যান	1134
এগুলো	1122
ছোট	1117
দিয়েছে	1115
আমিও	1112
সবসময়	1104
চল	1095
পেয়েছি	1084
মিনিট	1083
চায়	1082
মজা	1080
আশা	1068
গিয়ে	1067
বলেছে	1063
তোকে	1063
যেখানে	1056
এবার	1049
আরও	1039
থামো	1035
পুলিশ	1033
কাউকে	1032
যাবো	1030
হোক	1029
নিজেকে	1029
পারব	1029
যারা	1027
শুনতে	1025
মানুষের	1024
জায়গা	1022
তাড়াতাড়ি	1016
কীভাবে	1016
বসে	1016
ফেলে	1013
দয়া	1011
জানে	1008
উপরে	1007
মাথা	999
বাড়ি	998
মি	991
দেখি	989
টা	983
খুন	982
আসে	981
সঙ্গে	977
মাত্র	977
অথবা	974
আসছি	972
করলে	965
মাঝে	958
দিচ্ছি	957
আপনাদের	956
রাতে	956
গাড়ি	950
হয়েছিল	949
চুপ	947
ভুলে	946
দাঁড়াও	940
ব্যবহার	939
আছো	935
অবস্থা	934
উচিৎ	933
এখনও	933
মিস	929
করেন	925
করছো	923
যাব	922
সবাইকে	921
তবে	919
এটাকে	916
সবার	915
পেতে	915
বাচ্চা	913
বেঁচে	911
হিসেবে	909
পারছি	906
প্রয়োজন	904
একা	902
যাওয়া	893
উনি	892
চেয়ে	890
তাঁর	886
বলেছি	884
এভাবে	883
পাবে	882
দেখেছি	881
দ্রুত	881
আয়	881
প্রতি	880
ভিতরে	878
পাগল	878
যাওয়ার	877
কারন	874
আপনারা	874
দূরে	867
দেয়	866
যুদ্ধ	865
যার	859
পাওয়া	859
দিবে	858
নই	857
জানেন	852
লাগে	850
শান্ত	850
শুভ	849
আসল	849
একই	848
করেছ	844
খবর	844
একবার	841
মিঃ	839
বাবার	837
খুশি	837
বলবে	836
আগেই	836
পার	836
রাখো	835
গেল	825
চান	820
নিশ্চয়ই	820
সুযোগ	819
কাজে	819
গিয়েছে	817
আসলেই	815
সম্ভব	814
আছেন	813
হয়নি	810
বলছে	807
দেবে	807
বিয়ে	801
যথেষ্ট	801
দরজা	800
রেখে	797
এখানেই	796
এমনকি	794
পথ	787
হওয়ার	785
কিনা	783
তিন	783
জানিনা	782
চোখ	781
ভেতরে	779
যাতে	776
কোথাও	772
প্রশ্ন	768
রাখতে	767
উত্তর	765
এদিকে	762
ভাবে	758
জায়গায়	756
ব্যাপারটা	754
প্রস্তুত	752
আমাদেরকে	749
you	747
করছেন	746
দেখছি	743
চমৎকার	741
সোনা	741
খাবার	740
বলার	738
দেয়া	736
হাই	734
আছ	731
করেছিলাম	731
হুম	730
রয়েছে	730
দে	729
আহ	721
ভেবেছিলাম	720
করেছেন	718
পানি	717
গেলে	715
বলি	715
জ্যাক	714
কেবল	713
শুধুমাত্র	711
দেওয়া	710
দেখুন	707
শব্দ	707
ক্ষমা	706
নষ্ট	706
হত্যা	704
একসাথে	704
সম্ভবত	704
the	703
সহজ	701
ক্যাপ্টেন	699
রাস্তা	696
বলুন	696
রে	696
বলেছিলাম	694
প্রায়	689
আমায়	687
রক্ষা	683
বাকি	681
দিয়েছি	681
কাছ	681
কারো	678
তুমিই	676
কঠিন	675
কল	675
বস	672
গেলো	671
নাম্বার	669
খোদা	667
রাজা	667
এতো	666
ধ্বংস	665
কেনো	664
জীবনের	662
থাকার	661
hey	660
সত্য	660
কষ্ট	656
পিছনে	653
ধরো	648
মন	648
শোন	648
আমিই	647
মুখ	644
এখনই	643
মিথ্যা	643
চুরি	640
একে	637
যেমন	634
থাক	628
সেটাই	623
ঈশ্বর	621
আঘাত	620
একমাত্র	619
কখনোই	619
আসুন	616
পাচ্ছি	613
কম	613
থাকা	612
জানতাম	612
কার	611
রাখা	610
জান	609
দিব	609
কখনও	609
হাজার	609
গেছি	608
হ্যারি	604
আসার	602
জিজ্ঞেস	596
করেছো	594
শক্তি	591
সিদ্ধান্ত	590
খেলা	590
বেশী	588
সরে	585
পরিষ্কার	585
করলাম	582
নিরাপদ	582
খেতে	580
ছিলে	580
দেবো	579
বাদ	579
বলবো	578
ছবি	576
পেছনে	575
মহান	575
এতে	574
পেয়ে	574
কাজের	573
বললে	571
সকল	571
করেছিল	566
কিসের	565
দেরি	565
আসা	564
বিদায়	562
জানা	561
তাইনা	561
বাসায়	561
থাকলে	559
থেকেই	558
হওয়া	556
অস্ত্র	555
শালা	555
পারবেন	554
স্বাগতম	553
আরেকটা	552
ওহ্	551
কারণে	550
তাদেরকে	550
খুজে	548
নামে	548
খুলে	547
দাড়াও	546
ইচ্ছা	546
সঠিক	545
চাচ্ছি	543
তোমায়	542
ঘরে	541
পরিবার	539
পা	538
জন্যে	535
মিস্টার	534
পৃথিবীর	533
মাফ	533
বলছ	532
মৃত্যুর	530
দ্বারা	528
চেক	525
by	525
নিজে	524
দেই	522
ধরনের	521
হারিয়ে	520
বিশেষ	520
আজকে	517
বাড়িতে	517
কাল	517
ফিরিয়ে	516
কখন	514
ডাক্তার	514
হয়েছে	514
বার	512
প্রথমে	512
নিজেই	512
রক্ত	510
ওপর	509
আস্তে	508
ছিলেন	508
গল্প	505
গত	504
মাথায়	503
একদিন	503
দেব	501
আগের	501
দারুণ	499
হা	489
যাচ্ছ	489
উপায়	488
শুনেছি	488
স্বপ্ন	487
ধরতে	486
সময়	486
দল	484
সকাল	484
ভালোই	483
স্ত্রী	483
খালি	483
দু	481
খেয়ে	480
বছরের	476
লড়াই	475
বিষয়	474
অদ্ভুত	473
ছোট্ট	472
ক্ষমতা	472
করিনি	470
বলব	470
পাই	470
পান	468
গান	467
বলেন	466
গুরুত্বপূর্ণ	464
অংশ	463
আলাদা	463
উঠে	462
শোনো	462
মারতে	462
যদিও	461
মৃত	459
প্রমাণ	459
লাভ	458
পাশে	458
বাজে	458
পথে	457
ফেলবে	455
কেটে	453
ধারণা	452
জন্যই	450
মায়ের	449
সাহস	449
তুমিও	448
ধীরে	448
শক্তিশালী	448
পায়	448
তাঁকে	447
তথ্য	447
এসেছ	444
পেরেছি	444
মুক্ত	443
তাকাও	442
দিলে	440
তাতে	439
নিজেদের	438
দোস্ত	438
এরা	436
শুনে	436
হে	436
জিজ্ঞাসা	434
দারুন	431
চালু	431
আনতে	430
গোপন	428
দোষ	428
হয়ত	427
পরিবর্তন	426
বিরুদ্ধে	426
রাত	424
অনুভব	423
তুলে	421
ঠিকই	418
গিয়েছিল	418
অন্তত	418
পেয়েছে	418
পাওয়ার	417
বলেছেন	417
পরীক্ষা	416
হবেনা	416
চাইলে	415
বাচ্চাদের	414
পরিবারের	414
পারবেনা	413
যত	413
অসম্ভব	413
বসো	413
সেরা	412
বদলে	412
প্রিয়	411
এইতো	410
করত	409
ব্যবস্থা	409
মাস	408
মহিলা	408
কোথায়	408
জীবনে	408
হতো	407
মেয়ের	407
তেমন	406
টাকার	406
সামান্য	406
চলছে	406
কিছুটা	405
লুকিয়ে	405
অসাধারণ	405
মৃত্যু	404
এখনি	404
ধরা	403
দিনের	403
কালো	403
বোকা	403
ভেবে	401
করেনি	401
প্রফেসর	400
ফেরত	399
অনুমতি	398
চিৎকার	397
সকালে	397
ডলার	395
করছিলাম	395
সোজা	395
খেয়াল	395
লেগেছে	395
কোনও	395
জীবিত	394
বন্দুক	394
বলছেন	394
অধিকার	393
কয়েক	392
বিক্রি	392
নিন	390
বললাম	389
লেখা	388
দিচ্ছে	388
পৃথিবী	387
হলাম	387
আসি	387
সাবধানে	386
দেখার	386
রাখবে	384
করতাম	384
বলেছিল	384
বয়স	383
সন্দেহ	383
বাহিরে	383
সময়ে	383
বলছো	382
দিও	382
সাধারণ	381
জাহাজ	380
থাম	380
গুলো	379
ঘটনা	379
করেই	378
ইয়াহ	377
মজার	377
ফেলো	376
চার	376
প্রয়োজন	376
বলেছ	376
বলেছিলে	376
করলো	375
সেকেন্ড	375
এইটা	373
দিলাম	372
কাজটা	372
ভালই	372
চেহারা	371
থাকি	371
তাঁরা	371
সারা	370
ডঃ	369
পেলে	369
এইসব	369
পাবেন	368
জনাব	368
সাবধান	368
মাধ্যমে	367
জর্জ	366
পাঁচ	364
মেয়েকে	364
চিনি	362
ধর	362
সপ্তাহ	362
দেখলে	362
স্কুলে	361
চোখে	361
পারিনি	360
বাবাকে	360
পুরনো	359
পরিকল্পনা	358
পরের	357
যাকে	357
চেয়েও	356
মার	356
ভালোবাসি	356
বোন	356
বন্ধুরা	356
মরে	355
হয়েছি	355
গেলাম	355
ফেলেছি	355
ভেঙ্গে	355
এগিয়ে	354
to	354
লোকদের	353
সম্মান	353
হায়	352
কোথাকার	352
শহর	350
প্রধান	350
গিয়েছিলাম	349
নও	348
ভালবাসি	347
জি	347
ভাগ্য	346
হয়েছিলো	346
চোখের	346
ঝামেলা	346
অবস্থায়	346
my	346
ঘৃণা	345
পালিয়ে	345
বাস	344
মধ্যেই	343
শহরের	343
হবার	342
ভালোবাসা	342
দূর	341
দুটো	341
me	340
ভাগ	340
একেবারে	340
আটকে	339
নয়	339
শহরে	338
সময়ের	338
কাছাকাছি	338
বুঝেছি	338
এরপর	338
দেবতা	336
আদেশ	336
দিবো	336
বই	336
দেওয়ার	334
বানিয়ে	333
থাকবো	333
ফেলেছে	333
তোরা	332
এদের	332
যোগাযোগ	332
ঘর	332
দেখাতে	331
আসবো	331
প্ল্যান	329
গরম	329
হিসাবে	329
মতই	329
ম্যাডাম	329
পারতাম	328
দেখাও	328
অনুসরণ	328
and	328
পারলে	328
পরিচিত	328
সমাধান	328
রুমে	327
কই	327
ঘুরে	327
রকম	326
ঘন্টা	326
তাঁদের	326
জোরে	326
দায়িত্ব	325
দুজন	325
বিরক্ত	325
রাখ	324
is	323
বেরিয়ে	322
লর্ড	320
হয়তোবা	319
পড়েছে	319
উনার	319
যেভাবে	319
পরিচয়	319
of	319
ফেল	319
খোলা	319
মাস্টার	318
তে	317
জন্ম	317
আগুন	317
দাঁড়িয়ে	316
ছেলের	316
সম্পর্ক	316
রাজি	316
করতো	315
মেনে	315
নিরাপত্তা	315
মরতে	314
মাই	314
হত	314
নিউ	314
দেয়ার	313
দিক	313
রাতের	313
শান্তি	312
জেনে	312
চেয়েছিলাম	312
সমস্ত	312
রেডি	312
থামাও	311
মানুষকে	311
এজেন্ট	309
জিনিসটা	308
দেখাচ্ছে	308
বললো	308
সাথেই	307
গুড	307
থাকব	307
পিটার	306
বলল	306
ঘটেছে	306
মিনিটের	305
আস	305
ঘুম	304
চাইনা	304
in	303
রুম	303
দেখেছ	303
translated	303
পড়তে	303
ফেলতে	302
ক্ষতি	302
প্রেসিডেন্ট	301
ওরে	301
গাছ	301
যাবার	301
গ্রহণ	301
বাঁচাতে	300
রেখো	300
শক্ত	300
লোকটা	299
দেখলাম	299
কিচ্ছু	298
অামি	298
নিয়েছে	298
পৃথিবীতে	298
এসেছেন	298
করিয়ে	298
চুক্তি	297
অর্থ	297
ধুর	297
মুখে	297
শীঘ্রই	297
লক্ষ্য	297
যতক্ষণ	297
কবে	296
জ্বি	296
সম্পূর্ণ	296
করেছিলে	296
বরং	295
এভাবেই	295
কাহিনী	295
ভেতর	295
সেগুলো	294
চলবে	293
আজকের	292
মেয়েটা	292
বিষয়ে	292
লোকজন	292
দাম	291
কেউই	291
সতর্ক	291
আগামীকাল	291
শরীর	290
তৈরী	290
লাগলো	290
পাচ্ছ	289
মনোযোগ	289
লোকেরা	289
হয়না	288
স্কুল	288
গাড়িতে	288
যেই	288
রাস্তায়	287
আইন	286
নে	286
আল্লাহ	286
দেখেছো	285
শিকার	285
শুনুন	285
বিশাল	285
ওদেরকে	285
কফি	284
লম্বা	284
উপহার	284
হয়ে	284
রাগ	284
হামলা	284
এজন্যই	284
যাবেন	283
বাচ্চারা	283
দেখবে	283
অফিসার	283
নিয়ম	283
ম্যান	283
করোনা	282
it	282
হাহ	282
লাল	282
পুলিশের	282
ডান	282
কিংবা	281
এসেছিল	281
ওগুলো	281
কোড	281
পারবনা	281
আলো	280
জেগে	280
মালিক	280
আম্মু	279
বানাতে	279
গাড়ির	278
নজর	278
রিপোর্ট	277
ক্ষেত্রে	277
একজনকে	275
ভিন্ন	275
যুদ্ধের	275
পুরোপুরি	275
কারনে	274
আবারো	274
যাদের	273
থাকুন	273
কিছুর	273
ঘণ্টা	273
চলুন	272
পাঠিয়ে	271
দশ	271
চা	271
প্রার্থনা	270
অসুস্থ	269
করিস	269
পেলাম	269
লোকের	269
হাসি	269
থেকেও	268
আক্রমণ	268
জী	268
শাস্তি	267
সৃষ্টি	267
বুদ্ধি	267
তাকিয়ে	267
মাকে	266
দেন	266
বানানো	266
দিয়েছিল	266
অবস্থান	266
খাও	265
চুল	264
প্রত্যেক	263
রাখার	263
নেবে	262
পেয়েছ	262
প্রকাশ	262
যেহেতু	262
কেস	262
জায়গাটা	262
তবুও	261
সাবটাইটেল	261
কারা	261
জানার	261
বুঝেছ	261
অর্ধেক	260
শ্বাস	260
ব্যথা	260
প্রতিদিন	260
ফ্র্যাঙ্ক	259
ছেলেকে	259
আমারও	258
থামাতে	258
নিয়েছি	258
জরুরী	258
চাবি	257
বুঝে	257
সবসময়ই	257
অনেকটা	256
মেয়ে	256
নিচু	256
পারছিনা	256
অল্প	255
সবকিছুই	255
কোনটা	255
পিছু	255
প্রভু	255
পরবর্তী	255
অফ	254
কাপড়	254
মূল্য	254
নিয়ে	254
অবশ্য	254
বেছে	253
সন্তান	253
আমারে	253
বাঁচাও	253
বলেছিলেন	253
পাও	252
বলবেন	252
কাম	252
বোমা	252
টিম	252
স্বামী	251
পাবো	251
বন্ধুদের	251
কখনই	251
বাল	250
হলেও	250
নিচ্ছি	250
হাতের	250
সামলে	249
মেশিন	249
গেছেন	249
ছেড়ে	249
আপ	249
প্রেম	249
ট্রেন	249
কথাই	249
ফালতু	248
ইয়া	248
দিয়েছিলাম	248
বাধ্য	248
মনের	248
দেশের	248
খুঁজতে	248
মাথার	247
পিছে	247
চাচ্ছ	247
বলিনি	247
পড়বে	247
ফেলবো	246
শার্লক	246
উদ্ধার	246
যেও	246
চালিয়ে	246
স্বীকার	246
আনা	245
ওয়াও	245
লাইন	245
দেখিনি	245
দিল	245
ডেভিড	245
টি	244
নেয়া	244
যোগ	243
নিবে	243
হিরো	243
রেখেছে	242
কাকে	242
মারার	242
অনুবাদ	242
পড়ো	241
দুইটা	241
এটাও	241
বুঝলে	241
থেকো	240
মারো	240
চিঠি	240
শত্রু	240
হইছে	240
করেছিলো	240
দৌড়াও	240
দিয়েছেন	239
সাহেব	239
বাই	239
গন্ধ	239
ইয়েসাং	238
বাংলা	238
বাস্তব	238
ব্যবসা	238
ওখানেই	237
আউট	237
গড	236
ফেলা	236
বাহ	236
পৌঁছে	236
লেগে	236
হাসপাতালে	236
করছিস	236
ভবিষ্যৎ	235
প্রবেশ	235
সুন্দরী	235
ব্যক্তি	235
নেমে	234
পড়	234
নাহলে	234
মেয়েদের	234
জেলে	233
পবিত্র	233
নীল	233
সেটার	233
ব্যাগ	233
বললেন	232
hello	232
বলছিলাম	232
অফিসে	232
জাদু	231
স্বাভাবিক	231
অপরাধ	231
লাশ	231
দ্যা	231
বিশ্রাম	230
ঈশ্বরের	229
বাজি	229
সাদা	229
চরম	229
মিশন	229
বুঝলাম	229
খাবে	229
রাখুন	229
পানির	228
কথাটা	228
জানাতে	228
যাচ্ছো	227
দিনে	227
এসেছো	227
বিয়ের	226
আরেকটু	226
যত্ন	225
মিলিয়ন	225
করছিল	225
আইডিয়া	225
অন্যান্য	225
শুয়ে	224
শয়তান	224
হঠাৎ	224
আওয়াজ	224
দাঁড়ান	224
সরাসরি	224
কুকুর	224
জনি	224
দিয়েছ	223
পাঠানো	223
গাধা	223
হব	223
ধরণের	222
বেবি	222
অন	222
হবো	221
ভাব	221
স্পর্শ	221
রাখে	221
সত্যিকারের	220
হোমস	220
ক্যামেরা	220
উঠো	220
ভয়ানক	220
চিনতে	220
দ্বিতীয়	220
কুপার	220
ডক্টর	219
তোদের	219
নিও	219
ভালবাসা	219
বেচে	219
রান্না	219
সরিয়ে	219
ওঠো	219
নেয়	218
আসব	218
কার্ড	218
ছিলনা	218
আবারও	217
অবশেষে	217
বুড়ো	217
এক্ষুনি	217
বোঝা	217
ব্যাংক	217
এইযে	217
ভিডিও	217
সহ্য	217
যাচ্ছেন	216
চাপ	216
এসবের	216
ছেলেরা	216
ভাবতে	216
মাইল	215
বিপদজনক	215
উদ্দেশ্য	215
পাথর	215
মুহূর্তে	215
এক্সকিউজ	215
জানিস	213
দিয়ে	213
পার্টি	213
ওটার	213
চাকরি	213
চলতে	213
রেকর্ড	213
আচরণ	212
অনুরোধ	212
ছাড়	212
আব্বু	212
অর্ডার	211
যেকোন	211
অন্যদের	211
মাছ	211
সেখানেই	211
কোরো	211
গতকাল	210
মিলে	210
মিয়া	210
মিষ্টি	210
ভিতর	210
ছাড়াই	210
অই	209
দেখিয়ে	209
অবাক	209
স্যাম	209
মামা	209
রং	209
উম	209
গভীর	209
বিপদে	209
ব্যস্ত	209
নামের	209
খেলতে	208
এনে	208
ক্লান্ত	208
পুত্র	208
সফল	207
ডিম	207
অন্ধকার	207
কিনে	207
পারলাম	206
ব্যর্থ	206
ব্যাথা	206
অামার	206
ফেলব	206
পুরুষ	206
ভাষা	206
আনন্দ	205
বিশ্বের	205
ভাবছিলাম	205
পড়েছি	205
করেছিলেন	205
যোগ্য	205
সিস্টেম	205
খরচ	205
জেনারেল	205
এখানকার	205
দেখেছিলাম	205
পক্ষে	205
ছেলেটা	205
একটাই	204
শিক্ষা	204
বাড়ির	204
কসম	204
যায়না	204
লাফ	204
সুতরাং	204
খাওয়া	204
ভাবো	203
সবই	203
মিসেস	203
ঠাণ্ডা	203
ফুল	203
লাগল	202
পারেনা	202
নিয়ন্ত্রণ	202
খোল	202
সারাজীবন	201
অভিনন্দন	201
পটার	201
করবি	201
মাটিতে	201
পাইনি	201
আগেও	201
বিপদ	200
আত্মা	200
বাড়িতে	200
বিখ্যাত	200
হই	200
কোথা	199
উপভোগ	199
মরার	198
দুঃখ	198
একাই	198
যায়	198
মেরেছে	198
মদ	198
মতে	198
সেদিন	198
শপথ	197
দুর্বল	197
তখনই	197
সামনের	197
ইচ্ছে	197
জিমি	197
চোর	197
পারেনি	197
সপ্তাহে	196
পালা	196
জাহাজের	196
কপি	196
প্রাণ	196
শুনলাম	196
দয়া	196
স্মৃতি	195
সুস্থ	195
কতটা	195
প্রেমে	194
রাজার	194
পরিস্থিতি	194
চাচ্ছিলাম	194
ছয়	193
চালাতে	193
দলের	193
চাচ্ছে	193
পাঠিয়েছে	193
একজনের	193
ঘটে	192
ভাবছি	192
প্রতিটি	192
করবেনা	192
যায়নি	192
কেও	192
ঢুকতে	192
ফাইল	191
করিনা	191
প্রমান	191
ব্ল্যাক	191
জ্ঞান	190
বানর	190
মানুষদের	190
বাপ	190
তদন্ত	190
ঘন্টার	190
নেওয়া	190
ভরসা	190
ঘুমাতে	189
এনেছি	189
যাত্রা	189
টেনে	189
জয়	189
সার্জেন্ট	189
শুধুই	188
চিন্তিত	188
নোংরা	188
on	188
মূল	188
অনুযায়ী	188
সাহায্যের	188
সিরিয়াস	188
পাব	188
অনুমান	188
বড়	188
ম্যাম	187
বাবু	187
থাকেন	187
পালাও	187
যুদ্ধে	186
স্থান	186
করল	186
স্ত্রীর	186
শুনো	186
চাইনি	186
দেশ	186
for	186
হুমকি	186
এরিক	186
জোর	186
হেনরি	186
ভয়ংকর	185
পালাতে	185
দিলো	185
মেরি	185
ভাগ্যবান	185
ধারনা	185
মেয়েরা	184
সবগুলো	184
মুক্তি	184
কথায়	184
চাইবে	184
উনাকে	184
অপেক্ষায়	183
সেও	183
আই	183
হৃদয়	183
বিষয়টা	183
গেছো	182
করেছিস	182
ঠান্ডা	182
মতোই	182
that	182
শিখতে	181
বিল্ডিং	181
বাছা	181
পেয়েছিলাম	181
ভয়	181
সমান	181
জন্মদিন	181
হচ্ছি	181
উঠতে	181
লজ্জা	181
চাস	180
ইয়েস	180
জমি	180
এজন্য	180
সাত	180
ত্যাগ	180
ভাইয়ের	180
কাছেই	180
শেষে	180
বাহিনী	180
ধরেছি	180
প্রতিশোধ	179
ছড়িয়ে	179
আমরাও	179
পোশাক	179
দেশে	179
এমনটা	179
হুমম	178
আলোচনা	178
মাল	178
যেরকম	178
জানলে	177
নিব	177
দেরী	177
এইমাত্র	177
জটিল	176
গ্রেফতার	176
চিহ্ন	176
ঢুকে	176
গাড়িটা	176
বুঝি	176
ব্যাবহার	176
নির্দেশ	175
ধেত্তেরি	175
চালাও	175
খাওয়ার	175
পায়ের	175
দীর্ঘ	175
তাছাড়া	175
চার্লি	175
বৃষ্টি	174
বিল	174
পক্ষ	174
ইঞ্জিন	174
ব্যক্তিগত	174
মুছে	174
রেখেছি	174
করতেই	174
সরো	174
দুনিয়ার	174
সরি	173
হচ্ছিল	173
লিখে	173
তাও	173
প্রতিটা	173
থাকতো	172
subtitle	172
চাচ্ছেন	172
আগ	172
মোটেও	172
বন্দী	172
বসুন	172
কোটি	171
কল্পনা	171
সমস্যাটা	171
পারিনা	171
প্রায়	171
নেব	171
প্লেন	170
যাবেনা	170
love	170
ভাড়া	170
আসেন	170
ঘটবে	170
মাংস	169
অত্যন্ত	169
কোম্পানি	169
নেবো	169
বাধা	169
পিচ্চি	169
স্কুলের	169
বার্তা	169
লাখ	169
যেমনটা	169
জানতো	169
পিতা	168
পারছ	168
পার্থক্য	168
গায়ে	168
ঘুমিয়ে	168
হোন	168
বাতাস	168
টার্গেট	168
this	167
কীসের	167
যেত	167
আমরাই	167
দিবেন	167
ভেঙে	167
মরবে	166
স্পেশাল	166
খোঁজ	166
যিনি	166
কালকে	166
গিয়েছিলো	166
করাতে	166
প্রস্তাব	166
পাচ্ছো	165
পার্ক	165
ডাক	165
নিরাপদে	165
বেড়ে	165
গলা	165
দেখেছে	165
মাসের	165
ভগবান	165
আজব	164
আছিস	164
রাখি	164
বাম	163
প্রচুর	163
চার্লস	163
পরিণত	163
সংখ্যা	163
ছাড়ো	163
কতদিন	163
গ্রামে	163
পড়ছে	163
তাইলে	163
পাখি	163
অর্জন	163
করুক	163
অপরাধী	162
মিথ্যে	162
রক্তের	162
প্রশ্নের	162
কারও	162
সূর্য	162
পূর্ণ	162
কয়েকটা	162
খোলো	162
সন্ধ্যা	162
দিয়েই	161
শরীরের	161
প্রস্তত	161
ভর্তি	161
ব্যাখ্যা	161
বাচ্চার	161
ওটাকে	161
পাশ	161
তিনটা	161
ঠিকাছে	160
oh	160
পায়ে	160
যেনো	160
পারবি	160
দুরে	160
শত	160
যোদ্ধা	159
বুদ্ধিমান	159
বোঝাতে	159
ওসব	159
ইঁদুর	159
নেওয়ার	159
পারতে	159
জবাব	159
বালের	159
টম	159
কবর	158
অনুভূতি	158
বন্ধুর	158
ফোনটা	158
murph	158
পেরেছ	158
সমস্যার	158
বিভিন্ন	158
সংকেত	158
দায়ী	158
তোমাদেরকে	158
পারছো	157
দেখাবে	157
অভিযোগ	157
করলেন	157
কার্ল	157
জঘন্য	157
পাঠাতে	157
হবেন	157
ভাবছ	157
সরকার	157
সেরকম	156
নকল	156
with	156
no	156
সুরক্ষিত	155
ভাষায়	155
নারী	155
জুতা	155
হারাতে	155
এলেক্স	155
রাখবেন	155
সবুজ	155
অফিস	154
প্রোগ্রাম	154
একমত	154
ওভার	154
নাক	154
এইবার	154
দাড়িয়ে	154
পাচ্ছে	154
মিউজিক	154
শিশু	153
বেন	153
লি	153
দাদা	153
দাঁড়া	153
নাইট	153
রবার্ট	153
চালাক	153
রাখবো	153
লাইনে	153
ওপরে	153
চেয়েছিল	153
খুনি	153
ওয়েন	153
গ্রামের	152
জেমস	152
সহজে	152
মেয়েটার	152
দেখছো	152
প্রতিজ্ঞা	152
মিটিং	152
গিয়েছিলে	152
ছুটি	152
ঐটা	152
জানিয়ে	152
বাঁচতে	152
ঝুঁকি	151
নামটা	151
দাবি	151
মোটা	151
don	151
হয়নি	151
জনের	151
বামে	151
অনেকদিন	151
হারিয়েছি	151
এসেছিলাম	151
রাত্রি	151
কোম্পানির	151
দক্ষ	151
দৈত্য	150
এটাতে	150
ইতিহাস	150
সরাও	150
শুন	150
যতদিন	150
স্বপ্নের	150
আগ্রহী	150
মেসেজ	150
ভাবলাম	150
যেগুলো	150
দোকান	149
বোনের	149
খুঁজছি	149
আহত	149
ওনার	149
উপায়	149
কান	149
শালার	149
সেখান	149
দেখেছেন	149
লাগিয়ে	149
নেয়ার	149
সেট	149
এখুনি	149
স্যুট	149
গেছ	148
আট	148
হন	148
নির্ভর	148
দখল	148
বলতো	148
দেখবো	148
are	148
নৌকা	148
কিনতে	148
উদ্দেশ্যে	148
তোমার	148
ভাবি	148
like	148
সারাদিন	147
লোককে	147
সবসময়	147
সিকিউরিটি	147
পাঠাও	147
মেয়েটাকে	147
মারটি	147
প্ল্যাট	147
বলেনি	147
শোনা	146
জাদুর	146
বিচার	146
ফুট	146
কন্ট্রোল	146
গেট	146
হয়তো	146
সাহসী	146
টাইম	146
মানসিক	146
ওষুধ	146
পড়া	146
জানালা	146
গাছের	146
জিন	145
শুনেছ	145
রানী	145
সালে	145
কৌশল	145
আত্মহত্যা	145
গতি	145
নিশ্চয়	145
ইংলিশ	145
পূরণ	145
নং	145
ইনি	145
সম্ভাবনা	144
দলে	144
ভালোবাসার	144
সপ্তাহের	144
ঘরের	144
উড়িয়ে	144
স্বাদ	144
খেলার	144
ডেকে	143
মাতাল	143
ডন	143
বহন	143
ফেলি	143
বছরে	143
এস	143
নামাও	143
কিছুদিন	143
বোধ	143
মুখোমুখি	143
দেখছ	143
চুমু	143
স্যরি	143
নিজ	143
যাইহোক	143
জো	143
পাল্টে	143
আমেরিকান	142
খুলতে	142
ধরার	142
ডিনার	142
হচ্ছেনা	142
দুনিয়া	142
আক্রান্ত	142
আপনিই	142
প্লীজ	142
দরজার	141
রাস্তার	141
ঘোড়া	141
ইউ	141
আনো	141
হাওয়ার্ড	141
প্রাইভেট	141
থাকবেন	141
ভালোভাবে	141
চারপাশে	141
উড়ে	141
ফোনে	141
লাগতে	141
দিয়েছিলে	140
জ্বী	140
রাজ্য	140
নির্দোষ	140
সৈন্য	140
ধাক্কা	140
অবিশ্বাস্য	140
বারবার	140
ঘোষণা	140
ওখান	140
চাইতে	140
দৃষ্টি	140
ব্যাটা	139
বিমান	139
প্রত্যেকটা	139
নেতা	139
your	139
ঠিকানা	139
আগামী	139
পারবোনা	139
খতম	138
পরামর্শ	138
দ্য	138
গিয়েছি	138
জার্মান	138
পরিস্কার	138
বব	138
কতক্ষণ	138
ভাইয়া	138
চাচা	137
বুলেট	137
বলেছো	137
ফরেস্ট	137
ভালোবাসে	137
নামিয়ে	137
হোয়াইট	137
উইলিয়াম	137
আরেক	137
সর্বোচ্চ	137
ফ্লাইট	137
ফায়ার	137
পরেও	136
রোবট	136
স্পষ্ট	136
সদস্য	136
নিচ্ছে	136
ক্লাস	136
পাচ্ছেন	136
বেলা	136
অতিরিক্ত	136
সিগারেট	136
আরেকবার	136
পানিতে	136
হার্ভি	136
কানে	136
পরেই	136
ব্র্যান্ড	136
নিচের	136
টুকরা	135
am	135
সিক্রেট	135
এলে	135
যেকোনো	135
চেনো	135
জিনিষ	135
জানত	135
পালন	135
পেয়েছিলাম	135
দেবার	135
টিভি	134
ক্ষুধার্ত	134
বিশ্বাসই	134
ডি	134
সাক্ষাৎ	134
পয়সা	134
কিং	134
দোষী	134
সবকিছুর	134
কথাবার্তা	134
প্রশংসা	133
বয়সে	133
হলেই	133
স্টার্ক	133
দক্ষিণ	133
উঠ	133
পরিবারকে	133
মাত্রই	133
পুনরায়	133
দেখায়	133
আঙ্গুল	133
দুর্ঘটনা	133
দাগ	133
টুকরো	133
বউ	133
পেয়েছো	133
দিচ্ছ	132
sir	132
ক্রিসমাস	132
বুঝবে	132
মানব	132
নম্বর	132
উঠবে	132
সান	132
সত্যটা	132
আকাশে	132
মরা	132
লাইট	131
করছিলে	131
এলাম	131
ক্ষুধা	131
ইতিমধ্যে	131
এমনিতেই	131
ওঠ	131
কাগজ	131
নয়তো	130
লোকটাকে	130
নইলে	130
থামুন	130
কৃতজ্ঞ	130
শো	130
মাইক	130
কনর	130
ডুবে	130
দেখানোর	130
পুরোনো	130
খুনের	130
নিয়েই	129
প্রভাব	129
এলো	129
গ্রহন	129
পারছেন	129
গ্রাম	129
হোটেলে	129
মাটি	129
ছাড়া	129
ভ্রমণ	128
আজিজ	128
অদৃশ্য	128
পয়েন্ট	128
ব্যাক্তি	128
অপরের	128
অস্তিত্ব	128
মর	128
বাহ্	128
এনেছে	128
যন্ত্র	128
প্রাণী	128
কিছুনা	128
শরীরে	128
দেবেন	128
অতীত	127
ধনী	127
বলেছিলো	127
কতো	127
ভদ্র	127
মামলা	127
কমান্ডার	127
খেল	127
মেরী	127
বাসা	127
আসেনি	127
মধ্য	127
মূল্যবান	126
বলছিস	126
দেখানো	126
ভ্যান	126
ভীত	126
কম্পিউটার	126
এইদিকে	126
তোরে	126
মারবে	126
সম্পন্ন	126
গ্রেপ্তার	126
বেচারা	126
বাতিল	126
অভিশাপ	126
বুঝিয়ে	126
গোয়েন্দা	126
অভিনয়	126
দেখেন	125
তাকান	125
এরকমই	125
চিন্তার	125
ভালভাবে	125
মহিলার	125
রাজ্যের	125
দুজনের	125
লাগানো	125
এখানের	125
জানেনা	125
ড্রাগন	125
ধোঁকা	125
নন	125
দিয়েছিলো	125
চিকিৎসা	124
রন	124
ট্রেনে	124
খায়	124
will	124
we	124
লিখতে	124
হোটেল	124
এতটা	124
তর	124
ইয়র্ক	124
নাহ	124
ডাকো	123
উপরের	123
দিয়েছো	123
চাইনিজ	123
ফিরতে	123
সংগ্রহ	123
আলাপ	123
উড়তে	123
কর্নেল	123
ঝগড়া	123
শারম্যান	123
all	123
ডাকে	123
আসবেন	123
হাস্যকর	123
ঘটনার	122
হাল	122
তারিখ	122
তোমাকেও	122
উপযুক্ত	122
সাধারণত	122
ডানে	122
কুত্তার	122
ভরে	122
থাকত	122
বেশিই	122
বসতে	122
রেগে	122
অতিক্রম	121
মুখের	121
কোত্থেকে	121
গিয়েছ	121
লেফটেন্যান্ট	121
স্বর্গের	121
আনন্দিত	121
ওয়েল	121
আসলো	121
পারতো	120
হাঁ	120
পিকে	120
সহ	120
এলাকা	120
উপস্থিত	120
নিজস্ব	120
যেদিন	120
চেন	120
পদ্ধতি	120
স্বপ্নে	120
নিলাম	119
সর	119
স্যাটেলাইট	119
জিতে	119
come	119
দুজনেই	119
যেতাম	119
hi	119
দেখব	119
দরজাটা	119
যতটা	119
ওদিকে	119
সেটাও	119
তিনজন	119
কারণেই	119
চাইছি	118
সমেত	118
কুত্তা	118
দিয়া	118
লুসি	118
পড়ার	118
লেডি	118
স্থানে	118
রা	118
জাহাজে	118
লাগাও	118
বর্তমান	118
ভোট	117
বানিয়েছে	117
থমাস	117
কয়টা	117
বাঁচানোর	117
মন্দ	117
আঙ্কেল	117
ফ্রেঞ্চ	117
টিকে	117
রাখছি	117
দ্যাখো	117
জন্যও	117
আমিতো	117
আবিষ্কার	116
যাচ্ছিলাম	116
ফেরার	116
স্টার	116
নিশানা	116
মুহূর্ত	116
ভয়াবহ	116
মহামান্য	116
রহস্য	116
দিতাম	116
বিষ	116
জানবে	116
হু	116
গর্বিত	116
এইখানে	116
ঘোড়ার	116
অস্থির	116
এসেছিলো	116
পৌছে	116
দেওয়া	116
সম্পদ	116
জেল	115
পুরা	115
নির্দিষ্ট	115
বিরক্তিকর	115
ভালোবাসো	115
মাসে	115
মিনিটে	115
যাবি	115
মিথ্যুক	115
টান	115
ভয়ে	115
hasan	115
সম্মানিত	114
কাটা	114
হাজির	114
বুঝেছো	114
আমেরিকা	114
জড়িয়ে	114
বলেই	114
heart	114
পুরাই	114
বলছিল	114
ড্রিংক	114
অন্যকিছু	114
ক্লিয়ার	114
সাহায্যে	114
ওনাকে	114
উচ্চ	114
কিস	114
ভরা	114
আল্লাহ্	114
তলায়	114
স্বাধীনতা	114
এগুলোর	113
অন্যরকম	113
জানাচ্ছি	113
তাড়া	113
উহ	113
বিড়াল	113
হার	113
আমাকেও	113
তৃতীয়	113
ভাবছো	113
তারমানে	113
বাইরের	113
রেডিও	112
ওয়ান	112
পাগলামি	112
পাপ	112
সক্ষম	112
থাকতাম	112
ঘটছে	112
গ্যাস	112
কমে	112
পূর্ব	112
বাঁধা	112
ফেলার	112
অন্ধ	112
যখনই	112
ডাকা	112
করেনা	112
জায়গা	112
মানি	111
সম্মানের	111
পাশের	111
জিনিসের	111
খুঁজছে	111
সৎ	111
তুলতে	111
কুকুরের	111
শেষবার	111
খুজতে	111
বসবাস	111
ভাগো	111
আটকা	111
পাহাড়ের	111
জরুরি	111
অন্যের	111
পাওয়া	111
এগুলা	111
পরিমাণ	110
বাড়িয়ে	110
কান্না	110
পরো	110
পাস	110
প্রথমবার	110
ওটাই	110
অনুষ্ঠান	110
সুবিধা	110
লক্ষ	110
ছুরি	110
ফলে	110
বন্ধুকে	110
বলিস	110
চীফ	110
জাদুকর	110
প্রাচীন	110
বাকী	110
চলেছে	110
মুহুর্তে	110
আনার	110
অনেকেই	110
বেল	110
ঝামেলায়	110
ক্রিস	110
দুধ	110
ভবিষ্যত	109
একসময়	109
বিপদের	109
লাথি	109
shams	109
লোকটার	109
আর্থার	109
ঘটতে	109
জঙ্গলে	109
নদীর	108
ঘড়ি	108
নিগ্রো	108
হিসাব	108
ওয়েল	108
নিখুঁত	108
ফেলেছ	108
পরেছে	108
গ্রহ	108
সূর্যের	108
খুলো	108
বিস্তারিত	108
শেয়ার	108
ফলাফল	108
আফসোস	108
সবচেয়ে	108
ইউনিট	108
বুক	108
দুটি	107
বিলি	107
চুপচাপ	107
অনুগ্রহ	107
স্মার্ট	107
গ্রেস	107
হারামজাদা	107
ছাপ	107
sayeem	107
সিট	107
অামাকে	107
পকেটে	107
সেকেন্ডের	107
কোরনা	107
ফ্রোডো	107
জানানো	107
কেক	107
থাকুক	107
পাইলট	107
তুমার	107
কাটাতে	106
করাটা	106
শিট	106
লোগান	106
রাইট	106
একদমই	106
আব্বা	106
পেট	106
আয়লা	106
সাড়া	106
যৌনসঙ্গম	106
দানব	106
রেখ	106
মাঝখানে	106
খুনী	106
তেল	106
তলোয়ার	106
সঙ্গী	106
দেখছে	106
জল	106
আল্লাহর	106
ধরবে	106
কোনকিছু	105
ক্রেন	105
এন্ড	105
সামলাতে	105
দেখাচ্ছি	105
খোদার	105
তারপরও	105
কথার	105
শয়তানের	105
ড্রাইভ	105
ওয়াইন	105
হালকা	105
ট্রাক	105
অপরাধের	105
সিগন্যাল	105
জিম	105
মারামারি	105
খুশী	105
অস্বীকার	105
পার্সি	105
উঁচু	105
পূর্বে	105
সমস্যায়	104
ওজন	104
ভয়ঙ্কর	104
ঠিকঠাক	104
বোঝার	104
পার্কার	104
আকাশ	104
দিয়েছিলেন	104
নিষেধ	104
লাগাতে	104
সমুদ্র	104
অাছে	104
নড়াচড়া	104
উজ্জ্বল	104
মাইকেল	104
ভিক্টর	104
ডেভ	104
জগতে	104
পিবডি	104
কাপ	104
সুখী	103
ভাইকে	103
পরাজিত	103
এইভাবে	103
পাউন্ড	103
এতদিন	103
পুরানো	103
বৃদ্ধ	103
শক্তির	103
দিত	103
সংযোগ	103
ভবিষ্যতে	103
ড্যানি	103
ছাই	103
অপমান	103
কলেজে	103
সাধারন	103
ট্রেনিং	103
শিশুর	103
বাচ্চাকে	103
মিটার	103
পছন্দের	103
একটুও	103
দেখাশোনা	103
আরাম	102
ভবিষ্যতের	102
ঘিরে	102
ব্রুস	102
মিল	102
যেওনা	102
কথাও	102
বিয়ার	102
হেরে	102
পিস্তল	102
দাঁত	102
when	102
হেলিকপ্টার	102
দিই	102
পড়ি	101
জড়িত	101
বুঝাতে	101
মুভি	101
ডাকাতি	101
ফাইট	101
হ্যাঙ্ক	101
যুক্তি	101
বক্সিং	101
পেরে	101
বানিয়েছি	101
ফ্রাঙ্ক	101
আগ্রহ	101
বিশ্ব	101
গ্লাস	101
ভারী	101
বাছাই	101
সুপার	101
জ্বিন	101
চেয়েছিলে	101
চাইছে	101
মানা	101
ওয়াদা	101
ক্লাসে	100
বরফ	100
সেটাকে	100
টিকেট	100
স্কট	100
বিছানায়	100
এইডা	100
টায়	100
শেফ	100
বাচ্চাটা	100
ঠিকমত	100
জাতীয়	100
নিঃসন্দেহে	99
দাদু	99
বুকে	99
সেবা	99
চায়না	99
গ্রুপ	99
ছাড়তে	99
সর্বশেষ	99
কিছুক্ষণ	99
চাচ্ছো	99
সোনার	99
স্বাগত	99
দেহ	99
ফল	99
এড	99
বানানোর	99
পালিয়েছে	99
আনন্দের	99
জামা	99
ভাবিনি	99
যেখানেই	99
অপরকে	99
ঘুরতে	99
চাঁদ	99
দেখেনি	99
আমাকেই	99
রোল	98
দিনটা	98
সম্পত্তি	98
উন্মাদ	98
শিক্ষক	98
পরিশোধ	98
সলোমন	98
ফিট	98
গর্ত	98
জিনিসপত্র	98
নীচে	98
আনবে	98
মারাত্মক	98
নিয়া	98
বিনিময়ে	98
টেবিলে	98
ধার	98
পৃথিবীকে	98
রজার	98
মেলম্যান	98
গল্পটা	98
আমেরিকার	98
বোলো	98
জীবনটা	98
তোলে	98
শাবাশ	98
দড়ি	97
বেঁধে	97
ছিনিয়ে	97
সন্ত্রাসী	97
হার্ট	97
দরজায়	97
ভালবাসে	97
অভ্যাস	97
হতেই	97
পারত	97
সৈনিক	97
উত্তেজিত	97
রোগ	96
করলেই	96
জমা	96
পরোয়া	96
সোনামণি	96
কঠোর	96
এমনভাবে	96
রাখব	96
জিসাস	96
bangla	96
দুইজন	96
হেঁটে	96
লোকটি	96
মোবাইল	96
চায়	96
নাচ	96
ধ্যাত	96
শিভাম	96
পুলিশকে	96
হ্যাগ্রিড	96
সাক্ষী	96
দুনিয়ায়	96
মিউট্যান্ট	96
অপহরণ	96
হয়েছেন	96
কেসের	96
বিজয়ী	95
বরাবর	95
বিচ্ছিন্ন	95
দিলেন	95
ইন	95
দ্বীপে	95
এডি	95
রূপ	95
বিরাট	95
তোলা	95
জঙ্গল	95
শুনি	95
বেঞ্জামিন	95
শুনবে	95
পেয়েছেন	95
can	95
ট্যাক্সি	95
আমারা	95
আহ্	95
ভালবাসার	95
ঐখানে	95
হত্যার	95
নিলে	94
পার্টিতে	94
স্ত্রীকে	94
রেড	94
সংরক্ষণ	94
করতেন	94
he	94
নাটক	94
উন্নতি	94
পালানোর	94
সিংহ	94
এমনি	94
যেখান	94
পাতা	94
খাদ্য	94
কইরা	94
as	94
ড্রাইভার	94
আক্রমন	94
আইনের	94
হতাশ	94
আসলাম	94
বলতেই	94
প্রকৃতির	93
ফার্স্ট	93
হামলার	93
ঢুকিয়ে	93
কামনা	93
আসিনি	93
ছাদে	93
সেন্ট	93
দেখেই	93
টার	93
মায়ের	93
জানোয়ার	93
মুন	93
সহজেই	93
অসংখ্য	93
চেয়ে	93
যেটার	93
কতটুকু	93
হেয়	93
খাই	93
বোতল	93
ওরকম	93
নিরাপত্তার	92
if	92
ডাক্তারের	92
গোসল	92
বিপজ্জনক	92
রিং	92
ঘণ্টার	92
দেখছেন	92
স্বামীর	92
কারনেই	92
দিচ্ছেন	92
বলদ	92
কতবার	92
জানু	92
থেমে	92
হতাম	92
man	92
খেলায়	92
ম্যাক্স	92
হয়েছ	92
টেস্ট	91
পদক্ষেপ	91
যেয়ে	91
আজকাল	91
দোকানে	91
ভয়ের	91
বাঁচিয়ে	91
ভীষণ	91
জনকে	91
মিসাইল	91
নো	91
উপদেশ	91
আপনিও	91
করছিলো	91
সরকারের	91
নিয়েছ	91
সুস্বাদু	91
বাদে	91
নাম্বারে	91
সুখ	91
দৌড়ে	91
ঘটেছিল	91
খেলে	91
স্টারলিং	91
এটাতো	91
হলেন	91
নড়বে	91
ছাড়বে	91
রঙ	91
মানুষেরা	91
ছাগলছানা	90
ফুটবল	90
অস্কার	90
সেরে	90
দেয়নি	90
গেম	90
অন্ধকারে	90
এটুকুই	90
মেজর	90
শোনার	90
একেবারেই	90
tamizh	90
বলত	90
ভিক্ষা	90
স্টেশনে	90
জায়গার	90
অবৈধ	90
যুক্ত	90
বেড়িয়ে	90
হাসপাতাল	90
লাক	89
বোনকে	89
দুঃখের	89
শুনছি	89
লক	89
আস্থা	89
কতজন	89
পি	89
পরী	89
আশেপাশে	89
ছেলেদের	89
বাচ্চাটাকে	89
হারানো	89
সাইন	89
দিবি	89
আনছি	89
প্রতিরোধ	89
বলতাম	89
সূত্র	89
সর্বদা	89
বন্দি	89
ঐযে	89
স্টেশন	89
ভর	89
যেসব	89
হিউ	89
জিগ্যেস	89
ধরুন	89
সিনেমা	89
রাশিয়ান	89
কিউট	89
হারিয়ে	89
যাদুকর	88
টন	88
টাকাটা	88
বিদ্যুৎ	88
পরা	88
ধর্ম	88
বয়কা	88
অথচ	88
দোহাই	88
প্রকৃত	88
বেতন	88
অসাধারন	88
পাবার	88
সবচে	88
তোমাকেই	88
খাবারের	88
নিবো	88
উপকার	88
উঠেছে	88
মতন	88
সন্ধান	88
নিহত	88
ব্যাস্ত	88
চকলেট	88
ভেবেছি	87
পুরোটা	87
পাসপোর্ট	87
বিবাহিত	87
আংটি	87
বলবেনা	87
এল	87
বাতাসের	87
মম	87
ডিটেকটিভ	87
অপারেশন	87
তিনটি	87
পিছিয়ে	87
তারপরে	87
স্বাধীন	87
পাবেনা	87
টনি	87
আরেকজন	87
কলেজ	86
স্টিফেন	86
পুড়িয়ে	86
ছেলেটার	86
পারিস	86
ভিত্তি	86
রুমের	86
ব্রেক	86
চাকরী	86
স্টার্ন	86
পরতে	86
দেয়ালের	86
ভগবানের	86
পেরেছে	86
be	86
দাড়ান	86
নগদ	86
ঐদিকে	86
দ্বিতীয়	86
মানতে	86
সেন্ট্রাল	86
অভিজ্ঞতা	86
কভার	86
চেনা	85
ফলো	85
হবেই	85
প্রেমিক	85
খুঁজছেন	85
বিবেচনা	85
টেবিল	85
প্লান	85
what	85
মিরে	85
যাচ্ছিস	85
সবারই	85
ঘুমের	85
সকালের	85
সময়টা	85
একাকী	85
দেখবেন	85
পেওনা	85
মার্ক	85
দৃশ্য	85
সু	85
ডাকতে	85
ভাঙ্গা	84
মন্ত্র	84
ভুয়া	84
দের	84
শার্ট	84
ব্যাটম্যান	84
সার্ভিস	84
ভরটেক্স	84
লড়তে	84
ব্লক	84
বাইবেল	84
উকিল	84
ওমর	84
সন্তানের	84
ক্যান	84
বুঝা	84
হেইজেল	84
মোকাবেলা	84
ব্যাবস্থা	84
নির্বোধ	84
ll	84
আরেকটি	84
নদী	84
বলবি	84
টিকিট	84
তারাই	84
সেনা	84
ইশান	84
প্রশিক্ষণ	84
চালানো	84
চেয়েছি	84
ভান	83
গুজব	83
ফ্রি	83
নেতৃত্ব	83
মারি	83
শিশুদের	83
ডাম্বলডোর	83
গো	83
পাখির	83
মানচিত্র	83
দৌড়	83
বাইক	83
হারানোর	83
পেছন	83
করনি	83
যন্ত্রণা	83
হাঁটতে	83
রোস	83
কাছের	83
এইজন্য	83
সন্ধ্যায়	83
প্রস্তুতি	83
ছুটে	82
কর্তব্য	82
ঝড়	82
আংকেল	82
দেয়	82
সই	82
আলোর	82
মহিলাকে	82
এমনই	82
দোয়া	82
yacouba	82
পেয়েছেন	82
জিততে	82
তাজা	82
ঋণ	82
সত্ত্বেও	82
ডার্লিং	82
মান	82
ভায়া	82
গ্রেট	82
মেরেই	82
অভ্যস্ত	82
বাড়ি	82
বন	81
জেরেন	81
হুহ	81
টানো	81
বানায়	81
মিলিটারি	81
ভাবতাম	81
একসঙ্গে	81
অধীনে	81
ছুড়ে	81
ইথান	81
চামড়া	81
ওঝা	81
দেয়াল	81
গর্ব	81
বাজবে	81
দিয়ো	81
মিলিয়ন	81
কাগজপত্র	81
অনুষ্ঠানে	81
উল্লেখ	80
দাস	80
ছিঁড়ে	80
উৎস	80
শান্তিতে	80
বদলাতে	80
স্বর্গে	80
গবেষণা	80
আশ্চর্য	80
ওঠে	80
জুড়ে	80
পেয়ে	80
শুনলে	80
বিজ্ঞান	80
আগুনের	80
গর্জন	80
প্রাপ্য	80
ওয়াটসন	80
কিম	80
হচ্ছিলো	80
অনুসন্ধান	80
বি	80
কমিশনার	80
ওভাবে	80
আমারই	80
দর্শন	80
আলফা	79
আইনজীবী	79
জঙ্গলের	79
যতই	79
বয়ফ্রেন্ড	79
নিঃশ্বাস	79
সংবাদ	79
চেয়েছিলেন	79
গার্ড	79
পেরেছো	79
সমর্থন	79
দামী	79
সামরিক	79
চাবিটা	79
হাতিয়ার	79
গলায়	79
ব্রায়ান	79
নিয়ন্ত্রন	79
ব্রিটিশ	79
বোকার	79
সাক্ষ্য	79
আদালতে	79
থাকবেনা	79
আর্মি	78
কৌতুক	78
পরবে	78
ভাবছে	78
পারছে	78
সাইকেল	78
হিউজ	78
ব্যবসার	78
ব্রো	78
দুষ্ট	78
বাতাসে	78
ভাইরাস	78
প্রায়ই	78
করোনি	78
ব্যবহৃত	78
লাগলে	78
তারাতারি	78
পরিবর্তে	78
এসেছিলেন	78
মাটির	78
হ্যাপি	78
বোর্ড	78
ডিরেক্টর	78
সাগর	78
টের	78
মিলিয়ে	78
জেন	78
থামবে	78
নেন	78
পুড়ে	78
আমাগো	78
জোড়া	78
তাড়াতাড়ি	77
গুপ্তচর	77
সেভাবে	77
দেবতার	77
ফাঁদ	77
পাগলা	77
ঢোকার	77
সারপ্রাইজ	77
লাঞ্চ	77
স্বাক্ষর	77
পেপার	77
ভেসে	77
বয়ে	77
লিস্ট	77
ডিল	77
কিছুক্ষণের	77
মাত্রা	77
এতই	77
সমুদ্রের	77
moinul	77
পড়লে	77
কোন	77
দেখতেই	77
দান	77
গল্পের	77
আসছেন	77
সামনেই	77
ফারুক	77
যতক্ষন	77
অফার	77
বললি	77
খেলনা	77
অবসর	77
বইয়ের	77
জেনি	77
at	76
বিজনেস	76
সারাহ	76
অবস্থার	76
ছুঁড়ে	76
প্রতিরক্ষা	76
পিছন	76
দাড়া	76
পাল	76
এয়ার	76
প্রিয়	76
সিঁড়ি	76
অতিথি	76
সার্কাস	76
গেছিলাম	76
যাচ্ছিল	76
কয়েকজন	76
হাতটা	76
পাওনা	76
তুমিতো	76
চ্যালেঞ্জ	76
আকর্ষণ	76
সত্যিটা	76
পোলা	76
সাপ	76
পাহাড়	76
দেখাই	76
ডানদিকে	76
ভাইয়েরা	76
বন্ড	76
পড়ে	76
অনেকে	76
নিকট	76
লন্ডনে	76
এলাকায়	76
পল	76
কিছুতেই	76
দেখান	76
বেকুব	75
গতরাতে	75
ঘড়ির	75
শ্রদ্ধা	75
তাক	75
কথাগুলো	75
রাজকুমারী	75
্যাচেল	75
শুভেচ্ছা	75
প্রথমত	75
একত্র	75
বিস্ফোরণ	75
শিখে	75
পেতাম	75
ভেতরের	75
পাবলিক	75
ঋণী	75
আবেগ	75
চাল	75
খোঁজার	75
সরকারী	75
এডওয়ার্ড	75
ফাঁকা	75
এনা	75
সাইমন	75
পাঠানোর	75
অফিসের	75
অ্যান	75
চাইছ	75
পুরাতন	75
ড্যাড	75
বহু	75
জীবনেও	75
উন্নত	75
আহা	74
ভালোর	74
অনন্ত	74
কপাল	74
দেখছিলাম	74
ফিশার	74
তারাও	74
নিয়েছিলাম	74
ব্লেক	74
কাউকেই	74
ট্যাংক	74
লাগবেনা	74
চাইতাম	74
নড়বেনা	74
আদর্শ	74
এনেছ	74
জগতের	74
দা	74
স্প্যারো	74
সুদর্শন	74
বটে	74
টাওয়ার	74
ভাবেই	74
বন্ধুত্ব	74
শোধ	74
রাজনৈতিক	74
মামনি	74
নিশ্চয়তা	73
সেজন্য	73
গ্রহের	73
আমারটা	73
দিছে	73
প্যারিস	73
ওয়ালেস	73
ব্যারি	73
নোট	73
পরিপূর্ণ	73
গীতা	73
জেড	73
কর্মী	73
রিমোট	73
এম	73
কষ্টের	73
হয়েছিলাম	73
ছেলেটি	73
জন্মের	73
লা	73
ছাত্র	73
জাদুকরী	73
গুলির	73
রাজত্ব	73
ক্রস	73
করায়	73
ভাগ্যের	73
পাহারা	73
দুশ্চিন্তা	73
কেড়ে	73
অশুভ	73
তরুণ	73
সম্মুখীন	73
রোগী	73
বাসে	73
গেলেন	73
লগ	73
স্থির	73
রেখেছিলাম	73
জানতেন	73
দম	72
so	72
অজ	72
ড্রাগ	72
মন্দির	72
মুক্তির	72
পুতুল	72
শুনেছো	72
মন্ত্রী	72
পেল	72
সম্বন্ধে	72
জীবন্ত	72
রঞ্জিত	72
পরিস্থিতিতে	72
শিখেছি	72
সমাপ্তি	72
পৌঁছাতে	72
প্যারিসে	72
উডি	72
গুরুত্ব	72
শন	72
স্যুপ	72
উঠাও	72
তীর	72
দুজনই	72
হারিয়েছে	72
স্প্যানিশ	72
জানাবে	72
মস্তিষ্ক	72
সাথেও	72
অস্বাভাবিক	72
অার	72
টুপি	72
ঘুমাও	72
বদমাশ	72
বিশ	71
খোলার	71
আশীর্বাদ	71
কাটতে	71
প্রধানমন্ত্রী	71
জানাই	71
খিত	71
লোকে	71
আটকাতে	71
ফিলিপ	71
খাবো	71
রকেট	71
পশু	71
দক্ষতা	71
অত	71
ধৈর্য	71
লুকানো	71
পার্টির	71
এতটুকুই	71
সময়ই	71
চাওয়া	71
করছিনা	71
ওইটা	71
খুলবে	71
বালক	71
গিয়েছিলাম	71
আনবো	71
জানাও	71
নীতি	71
লিস্টে	71
ধোকা	71
সকলের	71
কয়েক	71
দিকেই	71
অতি	71
জমে	71
আকাশের	71
বায	71
জাহান্নামে	71
শত্রুদের	71
স্বর্গ	70
মারবো	70
যাস	70
থরিন	70
শ্রেষ্ঠ	70
শুনছ	70
চশমা	70
জানোই	70
uh	70
গাধার	70
হচ্ছেন	70
চার্জ	70
সি	70
যাবত	70
অপরাধীদের	70
করাও	70
পেয়েছি	70
প্যাক	70
কোনদিন	70
পরিশ্রম	70
ইহুদী	70
লাগতো	70
আজাইরা	70
প্রতীক	70
গভীরে	70
যেতো	70
ফোনের	70
ড্যাডি	70
টিভিতে	70
উল্টাপাল্টা	70
ভোগ	70
কোর্ট	70
অ্যান্ডি	70
ধাপ	70
জন্যেই	70
life	70
কেমনে	70
চেয়েছে	70
শেষের	70
খান	70
জলদস্যু	70
অভিযান	70
বিছানা	70
ক্ষমতার	70
নরম	70
গেন্ডালফ	70
মন্দিরে	70
অন্যরা	70
ঘ্রাণ	70
tars	70
ইতিহাসের	70
আড্ডা	70
শক	70
বিয়েতে	69
তত	69
মার্ফ	69
কাটার	69
লিওয়ার	69
চালানোর	69
কড়া	69
প্যান্ট	69
কমপক্ষে	69
চার্চ	69
অনেকগুলো	69
মরেছে	69
ডিজাইন	69
নরকে	69
জামাল	69
ডং	69
লুকাস	69
বিদেশী	69
পশ্চিম	69
তোমারও	69
yeah	69
প্রয়োজনীয়	69
হয়েই	69
বিদায়	69
হিংস্র	69
সরাতে	69
ক্যালেব	69
গিয়েছিলেন	69
তোলো	69
শিওর	69
রাজী	69
সম্রাট	69
বৃদ্ধি	69
দয়ালু	69
তাহলেই	69
রাজ	69
জিউস	69
এদিক	69
সন্তানদের	69
দিলেই	69
বেল্ট	69
টাইপের	69
বাক্স	68
ওস্তাদ	68
ক্ষুদ্র	68
ব্লু	68
দেখেছিলে	68
গড়ে	68
প্লেনে	68
পাওনি	68
islam	68
বেলায়	68
যাওয়া	68
হট	68
আম্মা	68
গুরু	68
চেয়েছিলো	68
একত্রিত	68
ব্যাটারি	68
ইভা	68
স্মরণ	68
খনি	68
উর	68
মঙ্গল	68
বাহিনীর	68
ট্রেনের	68
শখ	68
অভিযুক্ত	68
আবর্জনা	68
জোকার	68
রয়ে	68
wukong	68
বুঝতেই	68
অজানা	68
উইল	68
পায়নি	68
সঙ্গ	68
তারপরেও	68
ব্যাংকে	68
প্রদান	68
উঠুন	68
শুনছো	68
আধা	68
আয়োজন	68
অমন	68
করলি	68
ডেন্ট	68
এড়িয়ে	68
জোস	68
পাগলের	68
ছেলেটাকে	68
ব্যক্তির	67
বক্স	67
টমি	67
মুগ্ধ	67
রাজ্যে	67
লাঠি	67
আগুনে	67
দুজনকে	67
লিখেছে	67
নিখোঁজ	67
মধু	67
নাস্তা	67
উঠছে	67
পাইয়ে	67
বারের	67
ফেলেছো	67
কবিতা	67
mandal	67
পাশেই	67
মিশে	67
মুখোশ	67
ওইখানে	67
প্রেমিকা	67
্যাটি	67
মেরেছি	67
এগসি	67
ক্যাপ	67
উত্তরে	67
অনুশীলন	67
পুরুষদের	67
ইব্রু	67
পাহাড়ে	67
যুবক	67
জাতির	67
ব্যাংকের	67
সেসব	67
দোস্তরা	67
ইহা	67
সস্তা	67
এইরকম	67
ময়লা	67
dear	67
চাপা	67
মর্ফিয়াস	67
কাজেই	67
শুনেছেন	67
প্রাসাদ	67
টেডি	66
তর্ক	66
ক্লার্ক	66
লী	66
টাকাগুলো	66
দাওয়াত	66
ঘুরাও	66
দায়িত্বে	66
লন্ডন	66
from	66
তাইতো	66
বসা	66
অনুসারে	66
সেল	66
নিশ্চই	66
বর্ণনা	66
শাসন	66
ইপস	66
শুনিনি	66
আমারো	66
আরিয়া	66
বেইলী	66
জনগণের	66
শুভরাত্রি	66
অহ	66
তোমারে	66
চলো	66
মৃদুহাসি	66
একরকম	66
নিষিদ্ধ	66
চিনে	66
বড়ই	66
হইবো	66
পর্বত	66
ততক্ষণ	66
তালা	65
ছিলোনা	65
সামাজিক	65
প্রেমের	65
খোঁজে	65
কেট	65
চেইন	65
স্থাপন	65
পাঠাচ্ছি	65
অন্যদিকে	65
এক্ষুণি	65
হিট	65
গ্রে	65
প্রতিভা	65
দূরত্ব	65
দ্বীপ	65
দিতো	65
কেভিন	65
ন্যায়	65
নিজেও	65
বলতেন	65
ভাবা	65
অনুসরন	65
আদালত	65
পেটে	65
শান্তির	65
বিরতি	65
মাঠে	65
শহরবাসী	65
রাতেই	65
মহৎ	65
বিস্মিত	65
ম্যাচ	65
তোল	65
কুমার	65
লেগেছিল	65
দাফন	65
আমদের	65
দিচ্ছো	65
প্রকার	65
হুকুম	65
বরফের	65
রক্ষার	65
রঙের	65
দেখাবো	65
ধরেই	64
হায়রে	64
ভুলেই	64
তখনও	64
এতক্ষণ	64
ঘড়িটা	64
যেতেই	64
নিয়ন্ত্রণ	64
বাড়িটা	64
give	64
শুকিয়ে	64
বজায়	64
বিশ্বস্ত	64
নিয়ন্ত্রণে	64
সুরক্ষা	64
এটায়	64
ফেলছে	64
পড়ুন	64
কামান	64
সময়ে	64
সিদ্ধার্থ	64
লুক	64
বাপরে	64
মে	64
লাগেনি	64
ভেবেছিলে	64
মেডিকেল	64
পারফেক্ট	64
চিয়ার্স	64
মস্তিষ্কের	64
হঠাত	64
সমগ্র	64
এলিস	64
জানাবো	64
থাকবি	64
পাবি	64
ডানা	64
চিহ্নিত	64
এতোটা	63
হিউস্টন	63
সাক্ষাত	63
ওঠা	63
পথের	63
হোসেন	63
আইডি	63
ম্যাসেজ	63
পাসওয়ার্ড	63
শট	63
চেজ	63
আসবি	63
সৌভাগ্য	63
ফাদার	63
করবনা	63
চারিদিকে	63
আজু	63
লেডিস	63
জ্বালিয়ে	63
আসছ	63
মেয়েটি	63
তামিল	63
গোপনে	63
নাচতে	63
পরও	63
সনাক্ত	63
বিশেষজ্ঞ	63
পরিচালনা	63
মনকে	63
গিফট	63
জেসি	63
have	63
বেশিক্ষণ	63
শারীরিক	63
অন্যায়	63
নিয়েছিল	63
ফ্যাক্টরি	63
থামতে	63
সাঁতার	63
বেকার	63
হ্যাক	63
পারছিলাম	63
do	63
নেবার	63
ভূত	63
there	63
মানিয়ে	63
রেখেছ	62
ব্যাস	62
ইন্সপেক্টর	62
বেড়াচ্ছে	62
রকমের	62
চেয়ারম্যান	62
টু	62
নেটওয়ার্ক	62
খুলুন	62
নিই	62
ফাঁদে	62
ফোর্স	62
এখনকার	62
জুতার	62
হাসান	62
ভেবেছ	62
জগত	62
ভাইজান	62
সীমা	62
redwan	62
কমান্ড	62
লাইসেন্স	62
মাসুম	62
হাওয়া	62
উল্টো	62
নিবেন	62
বাচাতে	62
দেখিয়েছে	62
আমন্ত্রণ	62
মাথাটা	62
রাণী	62
টাইলার	62
কাপুরুষ	62
সিটে	62
পুরষ্কার	62
সেইরকম	62
ঠিকভাবে	62
বোকামি	62
নায়ক	62
আর্ট	62
গুপ্ত	62
দীর্ঘশ্বাস	61
গেলেই	61
হলুদ	61
কোনভাবেই	61
দাদার	61
বস্তু	61
ঔষধ	61
সম্পর্কিত	61
বিপক্ষে	61
লাশের	61
চালায়	61
ছবির	61
মাস্ক	61
নমুনা	61
ওহো	61
অভাব	61
করাই	61
জিনিয়াস	61
শুনেছিলাম	61
আধুনিক	61
এদেরকে	61
হচ্ছেটা	61
ভিনু	61
আন	61
দুর্বলতা	61
ক্ষত	61
ul	61
খোকা	61
ফেললে	61
ভাবনা	61
jayanta	61
পিছনের	61
বিজ্ঞানী	61
translators	61
বানাবো	61
মাংসের	61
হাঁটু	61
এমনিতেও	61
মতামত	61
সম্প্রতি	61
পাঁচটা	60
মোট	60
রিচার্ড	60
আরকি	60
দিওনা	60
উভয়	60
বিচারক	60
মানুষটা	60
বোট	60
নেশা	60
জনগণ	60
অর্থহীন	60
লোকগুলো	60
ছুটির	60
অপরিচিত	60
ছাগল	60
সাড়ে	60
সেইলর	60
পরিবেশ	60
শ্রমিক	60
লাইগা	60
হয়েছিল	60
এতক্ষণে	60
নির্ধারণ	60
যতটুকু	60
মনেহয়	60
ভার্ন	60
পার্কের	60
মারব	60
ঘুষ	60
আঃ	60
বেশিরভাগ	60
এসেছিস	60
সত্যিকার	60
আপাতত	60
বিশ্বাসঘাতক	60
জনতা	60
ড্যান্স	60
এডওয়ার্ডস	60
একটাও	60
ব্যাগে	60
ফসল	60
প্রতিশ্রুতি	60
জাননা	60
হৃদয়	60
খাঁটি	60
চেম্বার	60
eyes	60
why	60
আটক	60
গার্লফ্রেন্ড	60
up	60
বললেই	60
ঘুমানোর	60
বাস্তবতা	60
মেজাজ	60
এলাকার	60
নাচের	60
ঘুষি	60
ব্রিজ	60
মহারাজ	60
right	60
ফেললাম	60
প্রদর্শন	60
আপনাদেরকে	60
চলা	60
লোকজনের	59
ডেনিস	59
কাঁদতে	59
ডেরেক	59
out	59
ড্রাইভিং	59
পিঠে	59
হ্যান্ড	59
মূলত	59
ধর্মের	59
টেবিলের	59
বানাবে	59
গাম্প	59
পরেছি	59
ছাড়বো	59
চিকেন	59
পাইছি	59
ব্যাগটা	59
নকশা	59
দিস	59
চলার	59
জেফ	59
স্কিপার	59
কুইল	59
মিশিয়ে	59
হাউজ	59
জিনিসগুলো	59
বলছিনা	59
শত্রুর	59
দেখিয়েছ	59
তুলনায়	59
জীবনকে	59
বুড়ি	59
কষ্টে	59
গায়েব	59
সালের	59
প্লেট	59
সৈন্যদের	59
হাটতে	59
তরবারি	59
ক্যাম্প	59
সংযুক্ত	59
ঘুরিয়ে	59
টেপ	59
জাতি	59
কলা	59
রাজকন্যা	59
অর্চি	59
পড়লো	59
গোথামের	59
টবি	59
পর্যাপ্ত	59
বাপের	59
চুলের	59
ইংল্যান্ড	59
বোম	59
প্রভুর	58
yes	58
এফবিআই	58
মানুষই	58
ফরহাদ	58
দেখাব	58
প্রতারণা	58
লিটল	58
ডাকছে	58
যেটাকে	58
পিট	58
দিলেক	58
চালান	58
ঘুরছে	58
শেরিফ	58
পারোনা	58
লুকানোর	58
হ্যানর	58
মালপত্র	58
ঢেকে	58
গ্যারান্টি	58
চেনে	58
পুরোটাই	58
মেরো	58
ভাববে	58
দিকের	58
আন্টি	58
বসের	58
মোর	58
ছবিগুলো	58
হ্যাট	58
সৈন্যরা	58
বলছিলে	58
অ্যালাকি	58
আসামী	58
তাকেই	58
ডিগ্রী	58
পঞ্চাশ	58
নিজেদেরকে	58
রাখেন	58
প্র্যাকটিস	58
জাল	58
মেলে	58
সালাম	58
ছবিটা	58
অন্যকোন	58
ধরেছে	58
তালিকা	58
টিচার	58
গানের	57
নামো	57
লোকজনদের	57
হয়েছো	57
ডেট	57
যতদূর	57
পেও	57
পিতার	57
সুখে	57
বুঝেছেন	57
স্ট্রিট	57
রাখছে	57
প্রতিক্রিয়া	57
নিষ্ঠুর	57
আন্তর্জাতিক	57
তাড়িয়ে	57
প্রজাতির	57
see	57
সিমবা	57
চেপে	57
বাসার	57
আস্ত	57
এছাড়া	57
ভেবো	57
জানান	57
অংশীদার	57
আবেদন	57
উচু	57
কাঠের	57
মেরামত	57
আংটিটা	57
উধাও	57
প্রয়োগ	57
গর্ডন	57
আশার	57
উষ্ণ	57
গীতাকে	57
কিডন্যাপ	57
ডাইনি	57
সবখানে	57
গা	57
পথেই	57
দুটোই	57
কতোটা	57
নিজেরাই	57
গুস্তো	57
মডেল	57
আসছো	57
সেরকমই	57
কপালে	57
ইতিমধ্যেই	57
who	57
ধেৎ	57
চেনেন	57
ক্যাট	57
অলৌকিক	57
অভিশপ্ত	57
বীজ	57
খুজছি	57
লস	57
নামতে	57
দৃষ্টিতে	57
আসবেনা	57
ঘটলো	57
চারটা	57
ভাবছেন	57
এসপোসিতো	56
জন্মগ্রহণ	56
গুহা	56
রুপ	56
গড়বড়	56
ব্যাক	56
ওঠার	56
কাজই	56
একটার	56
শর্ত	56
পাড়ি	56
রক্ষক	56
হেটে	56
আনন্দে	56
পরিস্থিতির	56
পুনরাবৃত্তি	56
ক্লারিক	56
বাঁচার	56
ল্যাব	56
কেননা	56
ঘটনাটা	56
বুকের	56
মায়া	56
বানাও	56
পাচ্ছিনা	56
শ্য	56
স্ক্যান	56
গ্রহে	56
created	56
জমির	56
কণ্ঠ	56
ভঙ্গ	56
প্রাথমিক	56
নৌকায়	56
আগাও	56
মূর্খ	56
কমিয়ে	56
প্লেনের	56
পারমাণবিক	56
কন্যা	56
আশ্রয়	56
সহকারী	56
মানেই	56
বানান	56
উপাদান	56
ভক্ত	56
মদের	56
শিকারী	56
করেননি	56
বিকল্প	56
এটম	55
নির্বাচন	55
ফাঁস	55
তুইও	55
সামর্থ্য	55
হাসতে	55
ওয়া	55
মর্নিং	55
পেগাসাস	55
সরানো	55
ভুলতে	55
রাউন্ড	55
বইটা	55
one	55
জানানোর	55
নিচ	55
সেক্স	55
ক্যাটনিস	55
বিশ্বাসের	55
লজ্জিত	55
কেনার	55
অধিক	55
পুস	55
লিফট	55
জ্বলে	55
তোলার	55
ম্যাপ	55
পাছায়	55
অজ্ঞান	55
গোত্রের	55
নিষ্পাপ	55
অতীতের	55
ছায়া	55
কয়েকদিন	55
কৃষক	55
ডিনারের	55
কুৎসিত	55
বয়সী	55
লড়াইয়ের	55
রেখেছিল	55
সহযোগিতা	55
ফেলেছিল	55
সাবেক	55
ধর্ষণ	55
হাড্ডি	55
পার্কিং	55
টপ	55
গ্যাং	55
হারমায়োনি	55
এয়ারপোর্টে	55
খেলো	55
বিষ্ঠা	55
বিশ্বাসঘাতকতা	55
বাঘ	55
সুরক্ষার	55
বয়	54
অচেনা	54
চ্যানেল	54
ভিনসেন্ট	54
নার্স	54
ইচ্ছুক	54
খাতিরে	54
কাটিয়ে	54
আম্মুকে	54
প্রশ্নটা	54
উদযাপন	54
good	54
বিভ্রান্ত	54
বিষয়ে	54
মাধ্যাকর্ষণ	54
তাঁদেরকে	54
পেছনের	54
ইংলিশঃ	54
মেশিনের	54
মারে	54
হেড	54
গোল	54
বিশপ	54
সামলাও	54
মোলকের	54
চালাকি	54
এনেছো	54
বলোনি	54
আত্মার	54
সম্ভাব্য	54
ফেলেছিলাম	54
পাছা	54
অংশটা	54
পোষাক	54
বাথরুমে	54
টার্নার	54
বাজারে	54
শুনছেন	54
হৃদয়ের	54
পড়েছিলাম	54
জায়গায়	54
has	54
যোগদান	54
অমর	54
দিবনা	54
ফক্স	54
সমুদ্রে	54
বাঁচবে	54
চলেন	54
সৌন্দর্য	54
সন্দেহভাজন	54
উত্তরের	54
বলছিলো	54
পলাতক	54
মিলিত	54
রেডিওতে	54
সেভাবেই	54
ব্যাক্তিগত	54
অ্যালান	53
ভিতরের	53
জীব	53
পৌঁছানোর	53
ভাঙা	53
ঠেলে	53
মিশনে	53
লিডার	53
দুঃস্বপ্ন	53
ফগ	53
গেছিস	53
চড়ে	53
নিরাশ	53
ড্রেস	53
অ্যালফ্রেড	53
শব্দটা	53
মাছের	53
নিক	53
ছাদ	53
পরীক্ষার	53
হাসবে	53
শতাংশ	53
খাইছে	53
তুলবে	53
নিয়মিত	53
করবা	53
পারনা	53
লিখা	53
দুইবার	53
ছাড়াও	53
ঢুকেছে	53
ওয়াশিংটন	53
গুরুতর	53
হোটেলের	53
অস্ত্রের	53
জা	53
পারা	53
প্রেস	53
স্পট	53
পেয়েছিল	53
দি	53
নির্দেশনা	53
রাজকুমার	53
পাগলামো	53
সেক্রেটারি	53
বৈজ্ঞানিক	53
পরীক্ষায়	53
পর্যায়ে	53
রোম	53
কলম	53
বিমানে	53
সাগরের	53
দেবী	52
শ্বশুর	52
girl	52
ফিল	52
আশায়	52
মুখটা	52
ক্লাব	52
একাউন্ট	52
পার্টনার	52
হ্যান্ডেল	52
বিয়ে	52
ডিনারে	52
ব্রেন্ডা	52
রাখলাম	52
বারে	52
পাল্টাতে	52
ফেটে	52
পর্যবেক্ষণ	52
আয়রন	52
রিকো	52
মহা	52
সারারাত	52
বোঝানো	52
ডে	52
ফিরবে	52
পাঠাবো	52
পশ্চিমে	52
আঙ্গুলের	52
ডলারের	52
নর্ম	52
এসেছিলে	52
রুটি	52
শালারা	52
লগে	52
প্রাকৃতিক	52
বয়স্ক	52
সাজা	52
মনেকরি	52
লোড	52
mr	52
গেড়ে	52
রাহুল	52
মৃতদেহ	52
অংশে	52
গ্র্যান্ড	52
সন্দেহজনক	52
ডাকবে	52
উপস্থাপন	52
কোট	52
জুনিয়র	52
করানো	52
জোগাড়	52
শুভসকাল	52
চাইছিলাম	52
চাষ	52
ইয়র্কে	52
টাই	52
বিচারের	52
ফেলেছেন	52
নাম্বারটা	52
ভুলের	52
করেও	52
মহিমা	52
সৃষ্টিকর্তা	52
দাদীমা	52
ফিলিয়েস	52
দেয়ালে	52
নমস্কার	52
আইল্যান্ড	52
রেখেছো	51
জানবো	51
পরিবর্তিত	51
বাজছে	51
ধরি	51
মিটিয়ে	51
তোমারই	51
পাপা	51
অতটা	51
বার্নি	51
ছুটিতে	51
টাকায়	51
অসীম	51
ভাঙ্গার	51
পড়াশোনা	51
কেবলমাত্র	51
জয়ের	51
মাঝেমধ্যে	51
হো	51
তলা	51
গর্দভ	51
নির্মাণ	51
অব	51
ভদ্রলোক	51
কো	51
এমিলি	51
তাকেও	51
জিগায়	51
নার্ভাস	51
হাতি	51
অক্সিজেন	51
নাগরিক	51
বানাচ্ছি	51
ওয়াশিংটন	51
ভ্রমন	51
ওয়াকার	51
অনুবাদক	51
উদ্ভট	51
ইয়র্কের	51
পেনি	51
বনে	51
গেলি	51
মরণ	51
আপত্তি	51
যাইনি	51
থাকছি	51
নামা	51
দায়	51
বীর	51
গরু	51
আম	51
বাঁচিয়েছে	51
উকং	51
মরিস	51
নিরীহ	51
রওনা	51
খা	51
সংরক্ষিত	50
শতাব্দী	50
ইগো	50
নরক	50
খেয়েছে	50
জিতেছি	50
মাইন	50
পেশ	50
নিচ্ছ	50
সো	50
চার্চে	50
চিনতাম	50
টাইপ	50
ল্যারি	50
সিন্দুক	50
আক্রমণের	50
ক্লাবে	50
ছাড়ার	50
কোলে	50
আত্মসমর্পণ	50
হারাবে	50
যেভাবেই	50
দেবতাদের	50
মৈদেন	50
পরিণতি	50
ডজন	50
যুগের	50
খাচ্ছে	50
জু	50
রয়েছে	50
পাথরের	50
new	50
আমেরিকায়	50
ভাইস	50
আসতো	50
ক্যাটরিনা	50
গুছিয়ে	50
গিয়েছেন	50
মিত্রান	50
জে	50
কোর্টে	50
চিংড়ি	50
এতদূর	50
থামানোর	50
সিং	50
বেয়ে	50
ব্যয়	50
পাইপ	50
বাকিরা	50
স্টাইল	50
এগুলি	50
জিজ্ঞাসাবাদ	50
ব্লা	50
কাওকে	50
ইঞ্চি	50
ব্রুণো	50
মুভির	50
শুরুর	50
ডার্ক	50
কামড়	50
বকবক	50
ক্ষমতাধর	50
ভলডেমর্ট	50
একজনই	50
ফিল্ম	50
ড্রপ	50
চুমো	50
ডাকবো	50
কারিগর	49
কুংফু	49
কোনভাবে	49
পাঠ	49
মাঝেই	49
বেইম্যাক্স	49
পকেট	49
প্রান্তে	49
হসপিটালে	49
এমনিই	49
চারদিকে	49
অবস্থানে	49
মানিব্যাগ	49
কার্ডটা	49
যাদেরকে	49
রক্তে	49
পত্র	49
খাচ্ছি	49
খাবি	49
এটুকু	49
চেয়ারম্যান	49
চলেছি	49
মিলার	49
ফেলছি	49
মাউই	49
ট্র্যাক	49
খাবেন	49
গুলোর	49
নিয়েছেন	49
লাগছিল	49
বিলিয়ন	49
লেজ	49
রইল	49
যত্তসব	49
স্বর্গীয়	49
অপছন্দ	49
যায়গা	49
সরল	49
মোঃ	49
খুল	49
পারতেন	49
ভাগ্যে	49
নাকের	49
বংশের	49
যায়গায়	49
ভাত	49
আত্না	49
লরা	49
কাইল	49
মোড়	49
ভাঙতে	49
ঐতিহাসিক	49
জিনি	49
please	49
খেলছে	49
গন্তব্য	49
জুন	49
অত্যাচার	49
শুভকামনা	49
নির্বাচিত	49
গর্তে	49
whoa	49
নিশ্চিতভাবে	48
স্থানীয়	48
ঢাকা	48
দুর্গন্ধ	48
অপ্রত্যাশিত	48
বন্য	48
প্রাপ্ত	48
little	48
খেলি	48
প্রিয়া	48
মুকুট	48
সন্তুষ্ট	48
আপন	48
এসবে	48
বাচাও	48
বাদাম	48
অনেকবার	48
চূড়ান্ত	48
গোটা	48
অটো	48
ববি	48
নিলো	48
পতন	48
যাচ্ছিলো	48
সুর	48
বমি	48
চাবুক	48
লিঙ্গুঈনি	48
পাইনা	48
ডিভাইস	48
রেমী	48
চাইছো	48
বন্দুকের	48
আসতাম	48
সমাজের	48
ভরুন	48
ক্রিসমাসের	48
ধ্বংসের	48
বিদ্রোহ	48
পেলেন	48
প্রকৃতি	48
ডবি	48
মেমোরি	48
জ্ঞানী	48
ফেসবুক	48
নর্থ	48
ভাবতেও	48
ধরবো	48
সিটি	48
সেলাই	48
নাবিক	48
রাম	48
হাতেই	48
নেবেন	48
সময়মত	48
চেন্নাই	48
খোজ	48
যাবৎ	48
স্বামীকে	48
গাছে	48
মেরেছ	48
শোনে	48
ঝুলিয়ে	48
প্রচার	48
রেখেছেন	48
আসতেছে	48
উপলব্ধি	48
সার্চ	48
ইট	48
খোঁজা	48
নিল	48
ভীতু	48
জাহান্নাম	48
পড়েছ	48
ইতিহাসে	48
সাল	48
কাছেও	48
কাগজে	48
প্রত্যাশা	48
গোপনীয়	48
গানটা	48
মর্যাদা	48
বোধহয়	48
দাবী	48
অামরা	48
ক্রাইস্ট	48
মানবজাতির	48
ডিউক	47
প্রতিবেশী	47
ডাউন	47
উমম	47
ডাবল	47
ডেলিভারি	47
দুজনকেই	47
গাইতে	47
বাহির	47
বারোটা	47
দিয়েছে	47
বুম	47
পরিবর্তনের	47
গোপনীয়তা	47
ভবিষ্যদ্বাণী	47
দক্ষিন	47
বুঝেছিস	47
মেঘ	47
রোজ	47
গোলাম	47
কোরালাইন	47
ইঁদুরের	47
পাঠিয়েছেন	47
ধারণ	47
নিয়তি	47
te	47
খেয়েছি	47
পায়	47
অন্তর	47
দুর্ভাগ্যবশত	47
থাকিস	47
থাকলেও	47
ভুত	47
পার্কে	47
পাঠিয়েছি	47
নিক্ষেপ	47
চরিত্র	47
হাড়	47
জানলেন	47
মিথ্যাবাদী	47
এক্স	47
symon	47
পাকা	47
সকালেই	47
থামান	47
alex	47
কেইল	47
শিল্পী	47
ইন্ডিয়া	47
রেস	47
মারটিন	47
কেটেছে	47
মাউন্ট	47
দুর	47
মোটামুটি	47
প্রজন্মের	47
আশাকরি	47
শেখার	47
ঘাড়ে	47
গাস	47
মূর্তি	47
হ্যাম	47
আউ	47
কোম্পানিতে	47
দৌড়াতে	47
গ্যান্ডালফ	47
রাজকীয়	47
উস্তাদ	47
প্যাট্রিক	47
ছিলি	47
সাবটাইটেলটি	47
সহকর্মী	47
কানের	46
ব্লাক	46
ট্রিনিটি	46
স্বাধীনতার	46
প্রমাণিত	46
চারজন	46
ভিজয়	46
ক্যাসি	46
সুইচ	46
কতদূর	46
মৃদু	46
টাস্ক	46
হাউজে	46
পালাচ্ছে	46
এতেই	46
ক্রেডিট	46
রেঞ্জার	46
কাজিন	46
অর্থাৎ	46
বনের	46
আজকেই	46
রুপাঞ্জেল	46
খুঁজছিলাম	46
abbie	46
পাস্পারতু	46
বাজার	46
দেইনি	46
god	46
ব্যাকআপ	46
জেন্টলম্যান	46
ইঞ্জিনিয়ার	46
go	46
ছোটো	46
ক্যাম্পে	46
হত্যাকারী	46
এক্সিডেন্ট	46
ভেতরেই	46
টেড	46
যাত্রী	46
দৃঢ়	46
রোমান	46
অপূর্ব	46
নানা	46
সচেতন	46
কাঁটা	46
গিয়া	46
গাড়ী	46
মাইরালা	46
সেবায়	46
বাঁ	46
লোকেদের	46
সাবান	46
বিষাক্ত	46
সামুদ্রিক	46
পুরুষের	46
কুবরা	46
একি	46
সাইজ	46
আসলান	46
লুইস	46
aravindh	46
অ্যাভাটার	46
মুন্নী	46
তল্লাশি	46
আমকে	46
বাতি	46
বৈধ	46
আড়ালে	46
লঞ্চ	46
স্টেট	46
অধ্যাপক	46
বাকিটা	46
অনুষ্ঠানের	46
শেষবারের	46
ততই	46
নির্যাতন	46
শিক্ষিত	46
ব্যাপক	46
সাজানো	46
কক্ষনো	46
জেইন	46
would	46
কালকের	45
সাব	45
হূ	45
রাখলে	45
ক্রিশ্চিয়ান	45
তামাশা	45
লজ্জাজনক	45
মেঝেতে	45
বাবুর্চি	45
সেগুলোর	45
উঠিয়ে	45
সারাটা	45
ভারতীয়	45
হইলো	45
মারলে	45
বক্তব্য	45
যাচাই	45
অন্যভাবে	45
ভিলেন	45
বাবাও	45
ভূমি	45
আমাদেরই	45
স্যুটকেস	45
কারাগারে	45
বেহুদা	45
ম্যারি	45
মেয়েটিকে	45
ফটো	45
ক্লাবের	45
দখলে	45
চিন্তায়	45
বুঝছ	45
ওয়াহ	45
দামি	45
আবশ্যক	45
রইলো	45
মারসেলাস	45
ড্যান	45
বয়সী	45
একবারও	45
যীশু	45
মিলস	45
বাজাও	45
ধরছি	45
জর্ডান	45
ইয়োর	45
without	45
অন্ধকারের	45
but	45
বিভাগ	45
ক্যান্সার	45
লাইনের	45
অজয়	45
ধূমপান	45
জালাল	45
আনু	45
অশ্বারোহী	45
কৃতজ্ঞতা	45
শিন্ডলার	45
গুন্ডা	45
আমিন	45
উইক	45
পানীয়	45
গোথাম	45
হাসছে	45
নজরে	45
দাঁড়াবে	45
যন্ত্রপাতি	45
এগিয়ে	45
চেহারার	45
সহায়তা	45
কোনদিকে	45
দোকানের	45
আদর	45
চতুর্থ	45
পাচ্ছিলাম	45
যাওয়াটা	45
ছাদের	45
প্যারিশ	45
বিশৃঙ্খলা	45
কলেজের	45
পাত্তা	45
ব্যবসায়	45
উৎসর্গ	45
গরীব	45
খেলাটা	45
কান্নাকাটি	44
দুর্দান্ত	44
পরই	44
জিম্মি	44
উঠার	44
চিঠিটা	44
চেস্টা	44
জেলের	44
জন্মদিনের	44
ঝামেলার	44
ahmed	44
যাহোক	44
দুঃখজনক	44
ল্যাবে	44
খবরের	44
সুপারিশ	44
দক্ষিণে	44
শুক্রবার	44
ভালোয়	44
শুয়োর	44
দিছি	44
আনে	44
পোষা	44
চেয়েছিলেন	44
বাগান	44
লক্ষণ	44
সুখের	44
কোনকিছুই	44
গঠন	44
প্যান	44
প্রথমবারের	44
করতেছে	44
ষ্টেশন	44
স্যান্ডউইচ	44
চালাচ্ছে	44
বেড়াতে	44
করছিলেন	44
নিয়েছো	44
দুর্ভাগ্য	44
মানুষরা	44
not	44
মায়েরে	44
বিজ্ঞানের	44
সংযুক্তি	44
উঠা	44
শূন্য	44
একশ	44
হেলেন	44
শব্দের	44
শিখিয়ে	44
now	44
বসবে	44
মরবো	44
বুঝিনি	44
লেভেল	44
পড়ল	44
সৃষ্টির	44
খারাপের	44
মোয়ানা	44
যাইতে	44
সুপারম্যান	44
একর	44
একত্রে	44
গ্রূ	44
কর্তৃপক্ষ	44
সিনেমার	44
ডাইনী	44
আবাল	44
কব	44
ফেলুন	44
লেখার	44
মাদার	44
স্টোন	44
সিয়ার্সো	44
অন্যকে	44
দিভিয়া	44
জেসন	44
আজীবন	44
কুট্টান	44
এন্ডারসন	44
আল	44
জিনিসই	44
উঠলো	44
যৌন	44
সিংহের	44
রাজপুত্র	44
উমার	43
হওয়াটা	43
নক	43
ইন্টারনেট	43
বাটন	43
প্রেতাত্মা	43
চিরকাল	43
হওয়ায়	43
সাগরে	43
বেটা	43
ঐসব	43
let	43
সোনালী	43
রাখিস	43
আম্মুর	43
দশটা	43
বিপরীত	43
হ্যান্ডসাম	43
স্নো	43
মাইয়া	43
রাগান্বিত	43
ছি	43
ধাতু	43
কর্তৃত্ব	43
নেভিগেশন	43
অনুভুতি	43
অসহায়	43
এগুলোই	43
মেহমান	43
প্রেসিডেন্টের	43
নিউজ	43
জুতো	43
নাতো	43
বেশ্যা	43
মাননীয়	43
সহায়	43
আইডিয়াটা	43
ইত্যাদি	43
টেইলর	43
হমম	43
সরকারি	43
her	43
পরিমান	43
huh	43
ভদ্রমহোদয়গণ	43
এনেছেন	43
পারিবারিক	43
ট্রাকে	43
সাফ	43
শুরুতে	43
উদ্বিগ্ন	43
থাকলো	43
মাইকি	43
মালিকের	43
ভূমিকম্প	43
বাগানের	43
বোতাম	43
রোমান্টিক	43
করলেও	43
পেলেই	43
শোনাচ্ছে	43
দেখিস	43
যাচ্ছেনা	43
লিন	43
অপচয়	43
আরেকজনের	43
নরম্যান	43
জেমি	43
হোপার	43
ল্যান্ডিং	43
বিল্বো	43
দ্যাখ	43
বলেছিলি	43
তীব্র	43
প্রজন্ম	43
পাপের	43
মধ্যেও	43
যুবা	43
অবতরণ	43
রান্নাঘরে	43
আর্তনাদ	43
কাটুক	43
থাকাটা	43
কাঠ	43
কতগুলো	43
জোন্স	43
লোভ	43
নালিশ	43
ঘাস	43
জ্যান্ত	43
মশাই	43
দেখেছিস	42
দিয়েছিস	42
ফিরিয়ে	42
বিবাহ	42
মোজাম্বিকে	42
রাজাকে	42
পরি	42
কুইন	42
তাপমাত্রা	42
সিদ্ধান্তে	42
তারই	42
লু	42
বাজিয়ে	42
উল্টা	42
ডিয়েটার	42
ইতোমধ্যে	42
বর্তমানে	42
দুদিন	42
প্রদর্শনী	42
পেরিয়ে	42
সর্বনাশ	42
ক্লু	42
জশ	42
হইয়া	42
অমান্য	42
ma	42
জাগিয়ে	42
ধারালো	42
জানিও	42
চিরদিনের	42
ডাল্টন	42
ব্রেইন	42
প্রহরী	42
ল্যান্ড	42
আপেল	42
স্নেইপ	42
অ্যালেন	42
ওপারে	42
প্রক্রিয়া	42
অল	42
চাকু	42
মজাদার	42
তুলনা	42
know	42
আসতেই	42
দেখাশুনা	42
ভালোবাসতে	42
ম্যানেজার	42
বরখাস্ত	42
ক্যামেরার	42
সফর	42
প্রত্যেকে	42
নেড	42
পুরস্কার	42
জানব	42
মাদারচোদ	42
or	42
চার্চের	42
নিয়োগ	42
পড়বো	42
বয়সের	42
যাদু	42
শুনবো	42
জ্বর	42
পড়েছিল	42
ইশ্বর	42
কর্মকর্তা	42
বাথরুম	42
তোমারটা	42
সুবিধার	42
খাওয়া	42
পাঠান	42
শুকনো	42
তদন্তের	42
হয়ো	42
পড়া	42
জামাই	42
খাব	42
প্রচন্ড	42
ডেকেছে	42
দাঁড়াতে	42
চেয়ার	42
ভি	42
কেসটা	42
ঘাড়	42
একবারে	42
মিনা	42
কেনা	41
বিস্ফোরিত	41
অস্পষ্ট	41
প্রতিযোগিতা	41
arabic	41
এটিকে	41
হাউস	41
ঘুমাচ্ছে	41
মাঠ	41
বহিষ্কার	41
যোগ্যতা	41
ইংরেজি	41
চামড়ার	41
অজুহাত	41
শিরোনাম	41
গ্লোরিয়া	41
ভাবার	41
ব্যাবসা	41
মহিলারা	41
বিস্ময়কর	41
বান্ধবী	41
মুরগির	41
বাঁধ	41
স্টাফ	41
মার্কাস	41
শালাকে	41
মোহাম্মদ	41
কিলোমিটার	41
চিকিৎসার	41
সোজাসুজি	41
হারামি	41
জলিল	41
দর্শক	41
শীত	41
ব্যাঙ্ক	41
বিরোধী	41
আসন	41
মেকানিক	41
বোটে	41
দেখলেই	41
নামক	41
জোসেফ	41
ফেরৎ	41
হাসো	41
নিগ্রোদের	41
বিছানার	41
she	41
ওয়াশিংটনের	41
দিবেনা	41
ব্যবসায়ী	41
পেলো	41
বানাই	41
চলি	41
ততটা	41
প্যাকেট	41
world	41
বোঝে	41
বোঝাই	41
কাকু	41
গুরুত্বপূর্ন	41
স্টিভ	41
মাঝ	41
মেধাবী	41
রেস্তোরাঁ	41
তম	41
প্রপোজ	41
তখনি	41
আবদ্ধ	41
okay	41
ডিপার্টমেন্ট	41
জানোনা	41
স্বাস্থ্য	41
বলেছিস	41
প্রেসিডেন্টকে	41
তুলেছে	41
into	41
নদীতে	41
রোমে	41
আঁকা	41
অধিকাংশ	41
টিমের	41
টেলিফোন	41
টানা	41
স্থানান্তর	41
হোম	41
বাঁচাবে	41
থাকলেই	41
আসুক	41
বাঁচা	41
পাখা	41
প্রত্যেকেই	41
বাড়াও	41
অামাদের	41
কক্ষে	41
কিনেছি	41
ভার	41
লাইফ	41
ওয়াটসন	41
লেখক	41
ধর্মীয়	41
ক্ষতির	41
উচ্চারণ	41
লেনদেন	41
জ্যাম	41
ভাইদের	41
এজন্যেই	41
রোগীর	41
পরিবারে	41
গর্ভবতী	41
বেশিদিন	41
নামও	41
দিকটা	41
লুকাতে	41
কোণায়	41
জানিয়েছে	41
ডস	41
টাওয়ারের	41
পুলিশে	41
হস্তক্ষেপ	41
গোমেজ	41
বন্যা	41
চায়নি	41
অফিসারের	41
আজও	41
ইউজিন	41
টিঙ্কার	40
পরম	40
খেয়েছ	40
বাস্তবে	40
বৃষ্টির	40
জুস	40
অযোগ্য	40
সবসময়ের	40
কাটানোর	40
ধারণাই	40
want	40
গলার	40
দিয়েছেন	40
প্রাণীর	40
সাপ্লাই	40
re	40
বাঁচান	40
ভাবুন	40
উৎসাহ	40
একদল	40
mamun	40
মাদক	40
খোঁজো	40
ছবিতে	40
ঐশ্বরিক	40
দুষ্টু	40
রাতটা	40
বডি	40
সম্পাদনা	40
ন্যায্য	40
নিজেরা	40
লুকাও	40
নত	40
মোরালেস	40
সেনাবাহিনী	40
মার্কিন	40
কোনরকম	40
বুঝছি	40
নাহয়	40
ভারসাম্য	40
গুহায়	40
বিভাগের	40
ডক	40
তিমি	40
আত্মীয়	40
দিয়েন	40
ইঞ্জিনের	40
বিগ	40
প্রত্যেকের	40
নৌকার	40
খবরটা	40
গভীরভাবে	40
ট্রাভেল	40
ভগবানকে	40
তুমাকে	40
হচ্ছ	40
বেস্ট	40
জানালার	40
আদৌ	40
অবশিষ্ট	40
নিকটে	40
কাদের	40
চাহিদা	40
ভদ্রমহিলা	40
উদাহরণ	40
নিতাম	40
ঠিকমতো	40
লুট	40
ভারতের	40
পার্ল	40
ভারি	40
দরিদ্র	40
বে	40
ভালোভাবেই	40
ছোকরা	40
ফ্রান্সের	40
দুর্ঘটনার	40
aye	40
চিফ	40
শেখাতে	40
কালি	40
দৌড়া	40
সেজন্যই	40
মুসা	40
যেয়ো	40
চেয়ারে	40
ওটাতে	40
পিস্তলটা	40
পড়লাম	40
এগোও	40
ওয়ালা	40
ভবন	40
ট্যাক্স	40
পাঠায়	40
চাইছেন	40
ছয়	40
ruf	40
পৃষ্ঠা	40
স্মৃতির	40
হবু	40
দূর্ঘটনা	40
উলফ	40
জাতের	40
ঝুলে	40
ঐদিন	40
বেস	40
চালা	40
চুরির	40
অ্যাবাগ্নেল	40
বাচানোর	39
প্রতিষ্ঠান	39
হইসে	39
পারবা	39
মারিয়া	39
খুলি	39
মার্শাল	39
কমলা	39
চিওল	39
প্রজাতি	39
বর্ম	39
দেহে	39
আঘাতের	39
sorry	39
লক্ষী	39
অগাস্টাস	39
mrx	39
বালান	39
ম্যালফয়	39
বেজে	39
গলফ	39
স্বার্থপর	39
পোপ	39
তমিজ	39
জারি	39
ব্যাজ	39
খুশির	39
জন্যেও	39
রস	39
অনুমোদন	39
বিশ্রী	39
ব্যক্তিত্ব	39
মিউট্যান্টদের	39
অতো	39
বাজানো	39
দাওনি	39
মুহূর্তের	39
ফ্রেন্ড	39
ডাকি	39
মারবেন	39
চাকা	39
সেকেন্ডে	39
প্রতিশোধের	39
অসভ্য	39
ম্যাট্রিক্স	39
হাতির	39
সংস্থা	39
মহিলাদের	39
গাড়ী	39
চাক	39
আবহাওয়া	39
সিল্ক	39
শুভসন্ধ্যা	39
এরচেয়ে	39
দ্বিগুণ	39
বিয়ার	39
দেখনি	39
সেখানকার	39
কারণটা	39
ছাড়িয়ে	39
ম্যাজিক	39
চিনো	39
থামিয়ে	39
ঐতিহ্য	39
পতাকা	39
অর্জুন	39
কু	39
পত্রিকা	39
বারো	39
আন্দাজ	39
সোমবার	39
চালাবে	39
প্রভাবিত	39
বলনি	39
সেলিন	39
ফ্লোরে	39
ইজ	39
বেগম	39
গুণ	39
হরিণ	39
শিকারের	39
এডমান্ড	39
নারীর	39
রহস্যময়	39
কামরুল	39
ঘোরাও	39
চাকরিটা	39
অনুবাদকদের	39
কেবিন	39
লক্ষ্যে	39
dna	39
পন্থা	39
মধুর	39
আছেই	39
ঠিকআছে	39
ফুলের	39
fbi	39
ট্রান্সফার	39
প্রিয়তমা	39
ছোটবেলায়	39
মৃত্যুতে	39
দেবতারা	39
ডিনো	39
চলন্ত	39
how	39
হিল	39
অলিভিয়া	39
প্রতিদিনই	39
উহু	39
ইঙ্গিত	39
টাইট	39
ঘটার	39
গরডো	39
তোমাকে	39
দেখলেন	39
প্রয়োজনীয়	38
নামবে	38
সিনেটর	38
কাকতালীয়	38
কিরকম	38
কুবরার	38
কাট	38
হোয়া	38
পেটের	38
গতিতে	38
মনযোগ	38
অন্যতম	38
নিয়েছে	38
জিবা	38
শর্ট	38
পেরেছেন	38
পদ	38
ইউনিফর্ম	38
লড়াইয়ে	38
জেতার	38
জিয়া	38
কেন্দ্র	38
ক্যাপ্টেনের	38
they	38
পেয়ো	38
লাইগ্যা	38
dolores	38
এমিল	38
কেইস	38
ফাউল	38
অভিভাবক	38
হেমা	38
সাপোর্ট	38
ডাইনোসর	38
এগুলোকে	38
লাগত	38
দেও	38
জিরো	38
জিতবে	38
ফ্রেড	38
সমৃদ্ধ	38
টো	38
তখনো	38
পেয়েছিলে	38
গিয়ে	38
font	38
গরুর	38
পজিশন	38
প্রিন্স	38
আত্মহত্যার	38
বিভাগে	38
দুর্ঘটনায়	38
অয়	38
তোমরাই	38
দুর্লভ	38
বামন	38
সজাগ	38
বিন্দু	38
ডিসেম্বর	38
প্রিন্সেস	38
অলরেডি	38
দেখালে	38
প্রথমেই	38
প্রত্যাখ্যান	38
পারলেন	38
জোকারের	38
মজবুত	38
পদ্ধতিতে	38
প্রবেশের	38
ভাবী	38
কার্যক্রম	38
ইসমাইল	38
নিউক্লিয়ার	38
দ্রুতই	38
অকেজো	38
পারস্য	38
দয়াকরে	38
পদার্থ	38
ড্রোন	38
এখানেও	38
গোলা	38
বুঝো	38
ক্রু	38
শিখা	38
বেরোতে	38
দ্বিতীয়বার	38
এইগুলা	38
পশুর	38
স্বাস্থ্যের	37
ভালোবাসবে	37
পিল	37
চাচার	37
যাবনা	37
পিস	37
বন্দুকটা	37
এমা	37
charlie	37
ছেলেটির	37
বাচিয়ে	37
our	37
আজরাতে	37
বাংলায়	37
বিষয়	37
কেহ	37
নাইলে	37
was	37
অ্যাকাউন্ট	37
ভূমিকা	37
বান্দর	37
অ্যানা	37
রিড	37
ধরেছ	37
জনপ্রিয়	37
ফাইনাল	37
ভাজা	37
নির্ধারিত	37
ফ্ল্যাশ	37
সর্বশ্রেষ্ঠ	37
কিটি	37
ইবি	37
আরেকজনকে	37
হোল	37
সত্যের	37
দুজনে	37
ইংরেজী	37
বিলবো	37
থাকেনা	37
মুশকিল	37
দিচ্ছিল	37
পারলো	37
রোগের	37
ভালবাসো	37
মুরগী	37
পিঠ	37
বর	37
উচ্চতা	37
লোন	37
বুদ্ধিমানের	37
চিরতরে	37
জন্তু	37
হওয়া	37
এমনটাই	37
করতেও	37
তিনিই	37
ক্যামনে	37
গোলমাল	37
হাসির	37
দানবের	37
পর্দা	37
বার্থডে	37
পত্রিকায়	37
এইটাই	37
নায়ক	37
মাঝেও	37
অ্যামো	37
বইয়ে	37
ছিদ্র	37
গর্ডি	37
দেখছিস	37
গোল্ডেন	37
এতগুলো	37
বাকিদের	37
সবাইকেই	37
প্যাচ	37
শেখানো	37
চেতনা	37
জায়গাতে	37
maula	37
ইতোমধ্যেই	37
বহুত	37
আমাদেরও	37
স্লিপ	37
যাওনি	37
তারচেয়ে	37
বদলায়	37
মেয়েটির	37
বসিয়ে	37
বুঝলেন	37
সমাধানের	37
সাউথ	37
চান্স	37
যতো	37
সঠিকভাবে	37
চলমান	37
চকোলেট	37
আনুন	37
বাহিরের	37
মানুষজন	37
বিস্ফোরক	37
him	37
বিশ্বাসী	37
যাচ্ছিনা	37
করতেছো	37
প্রজেক্ট	37
শিম	37
বিশুদ্ধ	37
মেডিক্যাল	37
দ্যাট	37
রেন	37
শপিং	37
মাঝেমাঝে	37
ফ্লাগ	37
তরফ	37
রাজধানী	37
সরবরাহ	37
ল্যানিস্টার	37
নর্থাপ	37
যুবতী	37
আনব	36
ডিভোর্স	36
অনুবাদকঃ	36
আসিস	36
ততদিন	36
লুসিয়াস	36
দুনিয়াতে	36
প্রাক্তন	36
লকি	36
এলা	36
গাও	36
অবলম্বন	36
ভেবেছো	36
সতর্কতা	36
লজ্জার	36
রেসিপি	36
ধুয়ে	36
ঢেউ	36
তন্ন	36
সম্পর্কের	36
নীরব	36
বিধ্বস্ত	36
পচা	36
কিছুতে	36
ছুড়ি	36
ফেলল	36
যথেষ্ঠ	36
ঝড়ের	36
শিখিয়েছে	36
উত্তরাধিকারী	36
হুজুর	36
anas	36
ভাগাভাগি	36
আপনাকেও	36
শহীদ	36
বুভ	36
দরকারি	36
সম্মতি	36
পাচ্ছিস	36
ইপ	36
একলা	36
ছোটবেলা	36
জুলস	36
বার্ন	36
মঞ্চে	36
তারকা	36
হইনি	36
ক্যাথরিন	36
কারুর	36
হেসে	36
ট্রাফিক	36
ah	36
ব্যস	36
পরিচালিত	36
fuad	36
ঈশ্বরকে	36
থামানো	36
বাড়াবাড়ি	36
অনুভূত	36
খেলবে	36
সিটির	36
কাঁধে	36
ভানু	36
অন্যকেউ	36
tu	36
দিমু	36
প্রচণ্ড	36
ডেকেছি	36
রনি	36
দ্রুতগামী	36
ছুঁয়ে	36
ইয়ে	36
ভ্রমণের	36
জালে	36
এমব্রোজ	36
ঐটাই	36
সানি	36
বিনিয়োগ	36
ডা	36
নাচো	36
প্যাটসি	36
অনেকক্ষণ	36
মৃত্যুকে	36
মার্টিন	36
বিজয়	36
পরার	36
জাফর	36
ফেরা	36
ট্রাকের	36
ধাওয়া	36
হেলমেট	36
বড়ো	36
হুমকির	36
আটকাও	36
এয়ারপোর্ট	36
জানই	36
পাঠাবে	36
সেনাবাহিনীর	36
হিসেবেই	36
খাঁচা	36
ফুটেজ	36
পাউডার	36
সিংহাসন	36
জায়গাতেই	36
শক্তিকে	36
হাসপাতালের	36
আয়োজন	35
মেয়র	35
টিকতে	35
ডেকেছেন	35
বিকেলে	35
অপরাধীকে	35
ধারে	35
গ্রিন	35
নিচ্ছো	35
রুট	35
আফ্রিকার	35
ওয়ারেন্ট	35
ভেজা	35
চাঁদের	35
কৃত্রিম	35
ইঁসা	35
এইগুলো	35
রূপকথা	35
ঘুমায়	35
বোঝো	35
প্রসারিত	35
কিরে	35
শান	35
ওয়েলকাম	35
উত্তরটা	35
বুঝলি	35
প্রেসার	35
শোক	35
কর্মচারী	35
দ্বিতীয়ত	35
স্পেস	35
ড্যানিয়েল	35
ডুয়েন	35
কারখানা	35
চিনেন	35
বলনা	35
পুত	35
অফিসারদের	35
ঘোড়া	35
হচ্ছো	35
ঢোকা	35
ছয়টা	35
হৃদয়ে	35
আশ্চর্যজনক	35
বিস্ফোরণের	35
জ্যাজ	35
কিসে	35
গেছিল	35
লাকি	35
গভর্নর	35
মরবি	35
বউয়ের	35
মশিউর	35
ল্য	35
ইসলাম	35
গালি	35
টরাস	35
সরফরাজ	35
চর্চা	35
ক্যাসেল	35
রক	35
ওনা	35
রোড	35
ট্যাঙ্ক	35
গুলা	35
ক্রাইম	35
যুক্তরাষ্ট্রের	35
কিচেনে	35
চোরের	35
ফ্যামিলি	35
beautiful	35
কিনবে	35
তুলো	35
সমাপ্ত	35
রান্নাঘর	35
পৃথিবীটা	35
ব্যাগিন্স	35
সাবাস	35
লোভী	35
বাইর	35
একবারই	35
মন্দিরের	35
কোলোস্কি	35
চাকরির	35
উপরেই	35
ব্যালথাজার	35
দুপুরের	35
জানাবেন	35
fuck	35
শ্রেণীর	35
আজেবাজে	35
ঘণ্টায়	35
গ্রীষ্মের	35
লেকটার	35
সিনিয়র	35
গুষ্টি	35
সস	35
গ্রুপের	35
যুগ	35
ভালুক	35
ছুরিটা	35
উত্তম	35
করানোর	35
পুল	35
পেলি	35
লোকই	35
ফাজলামি	35
ইদানীং	35
বন্দীদের	35
কাঁদছে	35
বিনা	35
হউ	35
স্টার্কের	35
কয়	35
বেড়ায়	35
পরিণাম	35
ওষুধের	35
ন্যায়বিচার	35
ডিস্ক	35
জায়গামত	35
বুঝার	35
নাতি	35
গ্রেইস	35
সন্ধ্যার	35
উড়ন্ত	35
চেহারাটা	35
ক্ষতিকর	35
কষ্টকর	35
করবোনা	35
কার্যকর	34
খানেক	34
পোস্ট	34
ভিত্তিতে	34
আকারে	34
খাপ	34
প্রশ্নই	34
ছোটখাটো	34
ভুলো	34
তাপ	34
উইজলি	34
বাক্সে	34
প্রযুক্তি	34
রাত্রে	34
ফেলবেন	34
গুরুজি	34
জ্ঞানের	34
তীরে	34
নির্মিত	34
এহ	34
সাক্ষর	34
সম্পাদনাঃ	34
get	34
নেওয়া	34
বেয়াদব	34
mowgli	34
অসহ্য	34
আয়	34
রূপে	34
সাবমিসিভ	34
রাক্ষস	34
পরিমাণে	34
ভাষণ	34
kiss	34
সাতটা	34
ডিগ্রি	34
একের	34
এতিম	34
মিলিওন	34
কলি	34
বেধে	34
ডল	34
ঘটেছিলো	34
টয়লেট	34
জাদুকরদের	34
আরামে	34
গার্ডিয়ান	34
আঙ্কল	34
কেসে	34
পড়েছেন	34
জীবনযাপন	34
বানাচ্ছে	34
নেতৃত্বে	34
ফুর্তি	34
হ্যাল	34
কাটো	34
মানুষটাকে	34
সক্রিয়	34
কাটানো	34
ইনজেকশন	34
মেরেছো	34
তেমনি	34
শিমুল	34
লাগার	34
মাইর	34
কার্ডের	34
আচরন	34
এটাকেই	34
জগগু	34
অভিযানে	34
পাঠাই	34
স্থগিত	34
অ্যান্ড	34
বয়েজ	34
নিয়মের	34
হেল্প	34
ধ্যাৎ	34
দিতেই	34
কেন্দ্রে	34
জরিমানা	34
ব্লাকউড	34
গাড়ি	34
ওখানকার	34
পাত্র	34
জলে	34
তারে	34
লাগেনা	34
সিস্টেমে	34
চাওনা	34
সাংঘাতিক	34
বন্ধন	34
তালি	34
কাপড়	34
স্কাইনেট	34
তাল	34
নিশ্চয়ই	34
মাষ্টার	34
আদালতের	34
উপস্থিতি	34
নেয়তিরি	34
ড্রাগনের	34
মুস্কিল	34
সিস্টেমের	34
শনিবার	34
সংক্ষিপ্ত	34
শুনেছে	34
প্রতিযোগী	34
বানিয়েছ	34
মেরিন	34
ধাপে	34
দোষারোপ	34
গেলেও	34
থামা	34
আন্তরিক	34
মারছে	34
একক	34
ভালভাবেই	34
আনি	34
হ্যানাহ্	34
জাস্ট	34
গণনা	34
বিকাল	34
যুগে	34
আসেনা	34
জ্যো	34
জেনেছি	34
গল্পে	34
হক	34
আকার	34
লিখিত	34
মিত্রা	34
লাগানোর	34
দুনিয়াটা	34
চিত্কার	34
পালানো	34
সমাজ	34
চমকে	34
কতক্ষন	34
চাকুরি	33
নেভিল	33
ফেললো	33
চালক	33
স্মিথ	33
বলবনা	33
চড়	33
cia	33
কিছুদিনের	33
হাম্পটি	33
ওহে	33
এনাসতাসিয়া	33
সরা	33
মেয়ের	33
বদল	33
সিদ্ধান্তের	33
আটকানো	33
রাজকুমারের	33
মিলসঃ	33
এন	33
পারছনা	33
মামলার	33
উফ	33
স্টপ	33
অনুপস্থিত	33
প্রত্যাহার	33
গ্লিন্ডা	33
জেমা	33
গোলাপি	33
ফাইন	33
লাগছেনা	33
ভেবেছিল	33
হাডসন	33
পঞ্চম	33
মাত্রার	33
ব্যাগের	33
কমই	33
বুংডং	33
অপরাধীরা	33
ট্যাটু	33
দুর্গ	33
মাধ্যমেই	33
ফ্রান্সে	33
হিরা	33
এপ্রিল	33
যাওয়াই	33
ট্রেসারেক্ট	33
লাস	33
পনির	33
জেট	33
লেইন	33
ভালবাসেন	33
জ্যাকেট	33
টেমপ্লেটন	33
রশি	33
আভা	33
করনা	33
বিন্স	33
অনর্থক	33
যেটাতে	33
স্টার্ট	33
লোকসান	33
তাকাবে	33
সুন্দরভাবে	33
ঘোরাফেরা	33
জাগো	33
হাহ্	33
স্থল	33
ছায়ার	33
কমতি	33
অক্ষত	33
চেহারায়	33
গীতার	33
চাকুরী	33
চিত্র	33
টার্স	33
ভুলবেন	33
আক্ষরিক	33
ভিতরেই	33
সারিতে	33
সকলে	33
আসতেছি	33
জয়	33
জ্বিনদের	33
নির্জন	33
ভোর	33
চিন্তাভাবনা	33
প্যারিসের	33
দেশকে	33
অতীতে	33
তিনবার	33
সংস্থার	33
বিক্রির	33
ধাঁধা	33
away	33
গ্লুভার	33
রাষ্ট্রপতি	33
উড়ে	33
টমাস	33
প্রাণীদের	33
আসছিল	33
শিষ্য	33
স্রেফ	33
মানছি	33
শেখান	33
চীনা	33
দিয়েও	33
খুঁজবে	33
শিল্প	33
বাড়ী	33
পুনরায়	33
পর্বতে	33
মেলাতে	33
ক্লিক	33
সেভেন	33
জড়িত	33
ব্যান্ড	33
ক্সি	33
নয়ত	33
ইৎজাক	33
মোতাবেক	33
সেনাপতি	33
জিউসের	33
বিমানের	33
মন্তব্য	33
জোশ	33
মিনাম্মা	33
বাজাতে	33
দাদী	33
অসুখ	33
লন্ডনের	33
তৈরির	33
মানবজাতি	33
ইয়েহ	33
আওতায়	33
ভাবলে	33
রোমের	33
খোদাই	33
টয়লেটে	33
পেয়েছিলো	33
তোমারা	32
দেখায়	32
দুপুর	32
মো	32
সাইট	32
ড্যুড	32
চমক	32
পতিত	32
চালাই	32
মঙ্গলবার	32
ততক্ষণে	32
সততা	32
নখ	32
ফিরেছে	32
only	32
ব্রিজের	32
বৈদ্যুতিক	32
প্রেত	32
কলার	32
এলিজাবেথ	32
gotta	32
পরিত্যক্ত	32
অশ্রু	32
তাতেই	32
রূপান্তরিত	32
নিতেই	32
তারও	32
down	32
চতুর	32
জ্যাকব	32
here	32
লুপ	32
নাম্বারের	32
যন্ত্রণাভোগ	32
সহজভাবে	32
কাজগুলো	32
তবু	32
জয়েন	32
গ্যারেজ	32
কাজটি	32
আহ্বান	32
পিটিয়ে	32
হাঁটা	32
মোটো	32
উড়ছি	32
অ্যাঞ্জিয়ার	32
নাপ	32
পেয়েছিস	32
রেইভেন	32
রিচার	32
ধীর	32
বাড়বে	32
ধ্বংসাবশেষ	32
সন্তানকে	32
সুইট	32
এরজন্য	32
স্যারের	32
পঙ্গু	32
উপড়ে	32
সাধু	32
সাজিয়ে	32
প্ল্যানটা	32
সভ্য	32
প্রার্থনার	32
তাকিয়ে	32
সীল	32
take	32
ব্যবহারের	32
ধরিয়ে	32
ব্যতিক্রম	32
সাফল্যের	32
আনুগত্য	32
অ্যামেরিকান	32
ধরব	32
ওর্ব	32
স্পষ্টভাবে	32
কাঁচের	32
একথা	32
বয়স	32
যদিনা	32
অক্ষর	32
ব্রাভো	32
আইরিন	32
মেইল	32
ক্যান্ডি	32
হাকান	32
জেন্টলমেন	32
ব্যপারে	32
রুমটা	32
চাইব	32
এতটাই	32
চিট	32
জারজ	32
গবেষণার	32
বুঝবেন	32
ঠোঁট	32
পিয়ানো	32
mon	32
হাজারো	32
ফেলতাম	32
বোঝানোর	32
আকর্ষণীয়	32
কনারস	32
ফ্রিজ	32
কিন্তুু	32
করিয়েছে	32
দাঁড়ায়	32
সাদিক	32
ফুফা	32
হার্ড	32
মেরিডা	32
মেঘের	32
ওয়েটার	32
পাচার	32
সমারসেটঃ	32
হ্যান্স	32
অনুমিত	32
রায়ান	32
দায়ে	32
ছেলেটিকে	32
চেঞ্জ	32
কার্ট	32
ভালবাসবে	32
শুটিং	32
নিঃসঙ্গ	32
থামাবে	32
এমএলএ	32
হুঁ	32
উঠল	32
স্তর	32
কয়জন	32
উন্মুক্ত	32
সোফি	32
মাখন	32
ধরেছিলাম	32
প্রোগ্রামের	32
প্রবাহিত	32
ভয়ানক	32
নাচবে	32
স্টুয়ার্ট	32
আশেপাশের	32
লায়ন	32
কয়েকবার	32
কারোর	32
আকস্মিক	32
বিরত	32
মোটেই	32
জায়া	32
মানায়	32
হারলি	32
নজরদারি	32
ফ্রান্স	32
ডোয়ালিন	32
ডাকাত	32
মরব	32
ক্যারল	32
পেত	31
যারাই	31
বাঘের	31
হস্তান্তর	31
ve	31
পাকিস্তান	31
ব্যক্তিগতভাবে	31
সুলি	31
যাওয়ার	31
এসেই	31
জলদিই	31
বিলের	31
মেরেছিল	31
শিকারি	31
ভুলেও	31
চিন্তাও	31
day	31
বর্ডেন	31
খাবারটা	31
চূড়ায়	31
ক্ষতিপূরণ	31
ওপাশে	31
বাবল	31
বক্সে	31
ঘুমোতে	31
মুই	31
অঞ্চলে	31
got	31
আরম্ভ	31
সেথু	31
কার্টার	31
সোহাগ	31
রসায়ন	31
বাঁশ	31
তোই	31
চেখে	31
আনান্দ	31
ঘেউ	31
সার্ভিসের	31
নেকড়ে	31
বিভক্ত	31
তুলনায়	31
কাউন্ট	31
পাতলা	31
আকৃতি	31
ইউরো	31
স্বর্ণের	31
টাকে	31
হারাবো	31
করাবে	31
প্রচেষ্টা	31
ভরপুর	31
জ্বলছে	31
ভালোবাসতো	31
সবথেকে	31
পরেরবার	31
দম্পতি	31
তত্ত্ব	31
রোডস	31
নরমাল	31
করতেছি	31
ঘুরো	31
খাওয়াতে	31
পারোনি	31
জানলাম	31
সবজি	31
ত্রিশূল	31
লাগলাম	31
্যাংগো	31
ধ্যান	31
সুনাম	31
দায়িত্ব	31
হাতুড়ি	31
বিড়ালের	31
নাকে	31
শিং	31
শুয়োরের	31
ট্রিপ	31
গাছটা	31
রোবটের	31
অ্যালেক্স	31
চুলে	31
ঘোড়ায়	31
বেশির	31
সেকশন	31
শহরকে	31
পরবর্তীতে	31
সমবেদনা	31
সভা	31
পারনি	31
বাড়ছে	31
পাক	31
চালাচ্ছি	31
an	31
হংকং	31
পড়ছি	31
গণেশ	31
হউক	31
কিক	31
তাস	31
বেশীরভাগ	31
পাশাপাশি	31
ঘটেনি	31
করিও	31
বৎস	31
জ্বালানি	31
কামাই	31
রবিবার	31
ফ্লিন	31
দুনিয়াকে	31
বিনামূল্যে	31
কোমল	31
মিশেল	31
বদ্ধ	31
ষড়যন্ত্র	31
ভালবাসতে	31
অপারেশনের	31
হিসেব	31
রাইফেল	31
কুখ্যাত	31
তুচ্ছ	31
বেগুনী	31
অসুবিধা	31
ফর্ড	31
ইচ্ছার	31
এলার্ম	31
চাইতো	31
নরকের	31
বহুদিন	31
দলকে	31
সাইড	30
অঞ্চলের	30
লিখেছি	30
চাচ্ছিল	30
ক্ষতিগ্রস্ত	30
প্রোগ্রামে	30
সময়েই	30
গ্রাগ	30
এরপরে	30
অ্যাঁ	30
ব্রাউন	30
দেহের	30
বিদ্যমান	30
বলেনা	30
জিন্দাবাদ	30
সংখ্যায়	30
কাস্টমার	30
চাচাতো	30
পিন	30
শ্রেডার	30
আবিষ্কৃত	30
প্রোফাইল	30
মানের	30
তরঙ্গ	30
চামচ	30
ফেসবুকে	30
বাচ্চাকাচ্চা	30
সরঞ্জাম	30
ছাড়ব	30
মাথামোটা	30
জ্বীন	30
দিতেন	30
ফর্ম	30
শিকাগো	30
লাশটা	30
খাল	30
সারিয়ে	30
স্থায়ী	30
ভালোবেসে	30
gul	30
করছেনা	30
কম্পিউটারের	30
ঢাল	30
বার্গার	30
কেজি	30
পরিদর্শন	30
নাহ্	30
সিরিয়াসলি	30
বন্ধুগণ	30
বিদ্রোহী	30
সাফল্য	30
পরিত্যাগ	30
পোলাপান	30
তলব	30
which	30
টাকারঃ	30
আলিঙ্গন	30
রাশিয়া	30
বিচি	30
ভ্যাটিক্যান	30
কক্ষ	30
denisovich	30
ঐতো	30
ধৈর্য্য	30
জামাটা	30
ভেবেছে	30
সংশোধন	30
আজই	30
খোশ	30
এতটুকু	30
dan	30
শিখাতে	30
হাউজের	30
সামাল	30
গুস্তোর	30
দুপুরে	30
যোগাযোগের	30
দুবার	30
ফ্রেডি	30
হারামী	30
সনি	30
কারেন	30
সামার	30
শিলা	30
শোনেন	30
ডোজ	30
স্পাইডার	30
খ্যাতি	30
হি	30
ক্লাসের	30
জিয়াং	30
পুলিশরা	30
বঁড়শি	30
নিযুক্ত	30
ওলি	30
ডিয়ার	30
জয়ী	30
সাংবাদিক	30
ফ্যান	30
পার্ট	30
বেঞ্জি	30
ওলেক	30
দেখভাল	30
ঘনিষ্ঠ	30
মইরা	30
চলাফেরা	30
আত্মাকে	30
ফৌজ	30
জিতেছে	30
বেলর	30
ফ্রান্সিস	30
তিনজনের	30
শেষমেশ	30
then	30
নিয়েও	30
ছিড়ে	30
মুহুর্ত	30
হুইস্কি	30
মস্তিষ্কে	30
তোমরাও	30
অ্যারোরা	30
অপরাধে	30
বিবৃতি	30
হাটু	30
খাইয়ে	30
সিগনাল	30
মরেই	30
ফিরদাউস	30
দ্বীপের	30
আচার	30
মক্কেল	30
লোহার	30
ঢেলে	30
ichabod	30
দাড়াতে	30
সদস্যদের	30
টেনশন	30
এটিই	30
ফ্ল্যাটে	30
অস্ত্রটা	30
খুশিতে	30
ইমারজেন্সি	30
তেমনই	30
লিখেছেন	30
জেসাস	30
ছাগলের	30
ছোঁয়া	30
জন্মদিনে	30
পুনরুদ্ধার	30
তারপরই	30
ইংল্যান্ডের	30
বঙ্গানুবাদে	30
স্কারলেট	30
যাচ্ছিলে	30
ভাবছিস	29
কোরোনা	29
মিশনের	29
নড়ছে	29
চেকটা	29
মৃতদের	29
অগ্রসর	29
উঠেছি	29
নির্ভরশীল	29
সোভিয়েত	29
বসার	29
অর্থে	29
বিশ্লেষণ	29
দুইজনের	29
সবশেষে	29
বিশেষভাবে	29
আলী	29
যামু	29
সৈকতে	29
বিয়েটা	29
ফু	29
এলেন	29
টমেটো	29
ফার্ম	29
পারছিস	29
ভেদ	29
নামার	29
জানাব	29
গ্রাস	29
বাড়তি	29
অসম্মান	29
চাইবেন	29
miss	29
শত্রুরা	29
দেখোনি	29
টানতে	29
নির্বাচনে	29
বসি	29
গ্রুট	29
টোপ	29
বলটা	29
শোনাও	29
বাছারা	29
নিস	29
মৌলিক	29
পূজার	29
মোটর	29
রুল	29
জাঁহাপনা	29
ঘড়ি	29
জলের	29
পৌছাতে	29
ভাববেন	29
পলি	29
প্রত্যেকদিন	29
বুদ্ধা	29
বাড়ির	29
স্নোডেন	29
অ্যাটাক	29
ক্ষেত্র	29
ওয়াল্টার	29
ধোঁকাবাজ	29
জড়ো	29
ধারনাই	29
পয়দা	29
যন্ত্রটা	29
ক্যারিয়ার	29
কীরকম	29
খামার	29
রাগী	29
আমেন	29
মূল্যে	29
অংশগ্রহণ	29
ব্রেকফাস্ট	29
নক্ষত্র	29
বিচারকের	29
দিচ্ছিস	29
জাহাজটা	29
চড়তে	29
woman	29
চ্যান	29
চুক্তির	29
আইসক্রিম	29
দক্ষতার	29
মাপ	29
পর্বতের	29
কিছুক্ষন	29
ফেলত	29
ফিং	29
পারলেই	29
বিশ্বাসযোগ্য	29
সমাধি	29
লেগ	29
এনি	29
খেলোয়াড়	29
ডিস্টার্ব	29
পৌছতে	29
ধরছে	29
ফ্লোর	29
কবরের	29
বাচস	29
জিগু	29
অনেকের	29
সবচাইতে	29
ত্রুটি	29
উঠলে	29
may	29
পরিচালক	29
অাপনি	29
মাহমুদ	29
came	29
পলিসি	29
বাণী	29
মাইন্ড	29
ট্যুর	29
মেশিনটা	29
উনিই	29
পাতায়	29
ফিউরি	29
ফালাও	29
সীমিত	29
দেখবি	29
পো	29
কারাগার	29
ছদ্মবেশ	29
লাঞ্চের	29
উল্লাস	29
প্রতিভাবান	29
মৃত্যুদণ্ড	29
স্পীড	29
এলি	29
পাতার	29
সেথ	29
চ্যান্সেলর	29
অ্যালবি	29
সচল	29
কফিন	29
মিন	29
পড়ালেখা	29
হতেও	29
কাজকর্ম	29
সাইজের	29
আগমন	29
কাউন্সিল	29
মতো	29
আঁটকে	29
ষ্টেশনে	29
ঘন	29
রেট	29
নিচেই	29
just	29
মিস্	29
ফেলেছিলো	28
টাইগার	28
গিলে	28
কেডা	28
উইশ	28
ইং	28
চাইত	28
ফাটিয়ে	28
মূল্যহীন	28
বিসর্জন	28
বাদামী	28
চালাবো	28
উপায়ে	28
পরিবেশের	28
যেটাই	28
পিরামিড	28
রোমান্স	28
সার্জ	28
ফ্র	28
সিরিয়াল	28
বাসের	28
ঝুকি	28
স্ট্রাইকার	28
পরিকল্পনার	28
আকৃষ্ট	28
মাহিমা	28
শুনছে	28
স্রষ্টা	28
প্রতিবন্ধী	28
আলাইকুম	28
ওগুলোর	28
শহরটা	28
সৌভাগ্যের	28
নিয়েন	28
সালাদ	28
কবির	28
অফিসিয়াল	28
বেলুন	28
কনফারেন্স	28
চিড়িয়াখানা	28
হয়া	28
আবিস্কার	28
সেক্টর	28
ঠাট্টা	28
মোলক	28
ক্রোধ	28
ফুসফুস	28
আশেপাশেই	28
অযথা	28
ভেস্তে	28
মনিব	28
দোষটা	28
সেক্সি	28
চোই	28
কিলি	28
park	28
বাগানে	28
ভারত	28
mere	28
লড়বে	28
টে	28
পারদর্শী	28
lee	28
ঘাঁটিতে	28
সকলকে	28
মারবি	28
মশকরা	28
দেখেননি	28
তাকা	28
রিসার্চ	28
ব্যাট	28
shh	28
পটভূমি	28
সীমানা	28
সমকামী	28
আমন্ত্রন	28
ক্রমে	28
পূর্বের	28
আরামদায়ক	28
বুড়া	28
ধরেছিল	28
সুস্পষ্ট	28
অভাবে	28
ss	28
কারবার	28
রাফায়েল	28
মাগী	28
শ্যাম্পেন	28
আলামত	28
একইভাবে	28
পোকা	28
সর্বত্র	28
আইরিস	28
চূড়ান্ত	28
কন্ঠ	28
সত্যতা	28
ডম	28
গলে	28
এডমন্ড	28
মালার	28
সময়ের	28
পাক্কা	28
ভিজে	28
ইন্টারনেটে	28
খোজার	28
ঢুকলে	28
মেট্রো	28
পর্ব	28
তারিখে	28
অহংকারী	28
অভদ্র	28
পেশা	28
চাইছিল	28
পেরেছিলাম	28
সাম্রাজ্যের	28
ডাকাতির	28
পরিচয়	28
হানি	28
fel	28
মসৃণ	28
চাকর	28
পারফিউম	28
গ্রেনেড	28
লাইভ	28
খুললে	28
তারের	28
বিধবা	28
শামিল	28
ক্ষিপ্ত	28
শুনানি	28
হারান	28
পাঠাব	28
অাপনার	28
much	28
কেঁদো	28
চীন	28
হতাশা	28
ভানুকে	28
কল্পনাও	28
প্রশিক্ষিত	28
নাতাশা	28
stop	28
ড্রাকুলা	28
নাভোরস্কি	28
সশস্ত্র	28
মূল্যায়ন	28
বক্তৃতা	28
বৃথা	28
হাঁটার	28
romilly	28
পরিনত	28
সম্মত	28
edmunds	28
রীতি	28
সহযোগী	28
ওঠাও	28
বলেননি	28
ভালোবাসায়	28
ভাবতেই	28
huaguo	28
এইচ	28
ধোঁয়া	28
কারপভ	28
স্ফটিক	28
time	28
বুঝবো	28
বসেছে	28
পাঠাচ্ছে	28
খেজুর	28
ডিজিটাল	28
মানবে	28
এটির	28
মেইন	28
প্রার্থী	28
অঙ্গীকার	28
মানুষটার	28
ডায়মন্ড	28
বিস্কুট	28
লড়াই	28
কম্পিউটারে	28
উৎপাদন	28
জগৎ	28
প্রতারক	28
পদাতিক	28
গিবস	28
সালাহ্	28
এলাকায়	28
বলোনা	28
হয়ছে	28
সবগুলোই	28
চলছিল	28
খুজছে	28
পায়না	28
দেখাচ্ছ	28
থাকতেই	28
মন্ত্রণালয়	28
শ্রমিকদের	28
ক্রাম	28
সংগ্রাম	28
বালি	28
ছিঃ	28
সইতে	27
আইজ্যাক	27
রেখা	27
ছড়ি	27
অধ্যায়	27
অগ্নি	27
শত্রুতা	27
পালস	27
কয়েন	27
over	27
এরিস	27
সংক্রান্ত	27
ব্রাশ	27
বাঁদর	27
শীতল	27
ধনুক	27
two	27
তৃতীয়	27
বলছিলেন	27
বানিয়েছেন	27
পেঙ্গুইন	27
কর্তৃপক্ষের	27
কর্ম	27
ফ্যারিস	27
বেহুঁশ	27
মিনার	27
হইতাছে	27
অজি	27
বাচ্চাটার	27
ক্লিমেন্স	27
রাশিয়ার	27
মলি	27
সাম্প্রতিক	27
চক্কর	27
আর্মির	27
আদরের	27
ক্লাঙ্ক	27
স্কার	27
অব্যাহত	27
বউকে	27
যুদ্ধক্ষেত্রে	27
আউচ	27
আপু	27
ওম	27
আ্যমন	27
মেয়েরা	27
জলহস্তী	27
শাইরন	27
ট্রাই	27
এরকমটা	27
আতশবাজি	27
আফ্রিকা	27
জ্যাকের	27
রিলাক্স	27
ম্যানেজ	27
পদে	27
থাকলাম	27
প্রতিদ্বন্দ্বী	27
হয়েছিলে	27
পার্সিয়াস	27
ঘটনাস্থলে	27
সিটিতে	27
চিপ	27
সুসান	27
বিশেষত্ব	27
first	27
স্বেচ্ছায়	27
সেন্টার	27
রাণীর	27
রহমত	27
monkey	27
মাফিয়া	27
ফায়ার	27
ক্লেয়ার	27
হান্ট	27
সঙ্গীত	27
ইন্টারভিউ	27
চাপের	27
কন	27
পাউন্ডের	27
আতঙ্কিত	27
হিংসা	27
more	27
ইন্টারেস্টিং	27
অবস্থিত	27
স্বরূপ	27
টেকনোলজি	27
বসন্ত	27
পটারের	27
প্রতিষ্ঠা	27
কোনটি	27
ফুরিয়ে	27
মামুলি	27
যোগাড়	27
মাউন্টেন	27
যায়নি	27
মুড	27
আর্ক	27
সুজান	27
কোমর	27
আয়না	27
দাঁড়	27
টিউরিং	27
জর্জিয়া	27
হারায়	27
ইভি	27
স্টর্ম	27
বাঁধন	27
ইন্ডিয়ার	27
flower	27
সিজার	27
খুঁজছো	27
পেন্সিল	27
ধাতুর	27
পালিশ	27
অসৎ	27
কারখানার	27
দাড়	27
মোকাবিলা	27
রিখটার	27
এগোতে	27
যথাযথ	27
লং	27
চাইলেই	27
ইউনাইটেড	27
মুনাফা	27
ঘৃনা	27
সার্কাসের	27
লাগিয়েছে	27
একশো	27
সাহেবের	27
শেষপর্যন্ত	27
তেমনটা	27
স্বর্ণ	27
প্রদর্শনীর	27
মহামারী	27
তুলি	27
ম্যাট	27
সিঁড়ির	27
চিকন	27
ভেগে	27
গোল্ড	27
মহিলাটা	27
অবচেতন	27
পৃথক	27
বেজন্মা	27
বিস্তার	27
ভিসা	27
আওয়াজের	27
হবি	27
চায়ের	27
গ্রিক	27
ডাঙ্কা	27
ইন্ডি	27
say	27
আচরণের	27
কল্পনার	27
আপা	27
চাবির	27
কাটিয়েছি	27
ম্যালকম	27
উৎসব	27
করুণা	27
ব্যাপারটাই	27
অস্তিত্বের	27
কেঁদে	27
ফাইভ	27
দুনিয়া	27
ক্ষমাপ্রার্থী	27
ম্যাল	27
অর্থের	27
দমন	27
জঞ্জাল	27
পিটা	27
উদারতা	27
বিট	27
চোলা	27
নেগেটিভ	27
পরলে	27
মনিকা	27
উপেক্ষা	27
চাওনি	27
ক্রীতদাস	27
শিখবে	27
খাটো	27
কোর্লেয়নে	27
পেইন্টিং	27
আন্ট	27
চাওয়ার	27
জানিয়েছেন	26
একেই	26
মাইক্রফট	26
পরিকল্পনায়	26
একসাথেই	26
শাহাজাদি	26
হয়েছি	26
নির্দয়	26
মহাকর্ষ	26
কাল্পনিক	26
অগ্রাধিকার	26
ভাড়াটে	26
জানায়	26
অকর্মার	26
মার্কেট	26
দেখেছিল	26
প্রেরণা	26
আলু	26
হতোনা	26
ইচ্ছামত	26
মার্থা	26
গুন	26
ফেলতো	26
আংটির	26
চালিত	26
প্রকৃতপক্ষে	26
ডিস্ট্রিক্ট	26
ফাউন্টেন	26
রক্তপাত	26
দিনেই	26
এক্ষণ	26
রিপোর্টে	26
ড্রাক	26
সুসু	26
বালতি	26
ফর্মুলা	26
চাইবো	26
আমম	26
অন্যকারো	26
হীরা	26
কম্পাস	26
ওয়াজদা	26
ধোয়া	26
যোদ্ধার	26
এলোমেলো	26
টানেল	26
পড়ত	26
খাঁচায়	26
পারার	26
বৈশিষ্ট্য	26
টিপ	26
হুশ	26
জ্যাকসন	26
অভিষেক	26
প্রমাণের	26
হবিট	26
অ্যাডামস	26
পীচ	26
বানাব	26
উনাদের	26
গ্র্যান্ট	26
গর্ধব	26
অনুযায়ী	26
ছোটখাট	26
হেডিস	26
উড়ছে	26
টিমে	26
দলনেতা	26
নারনীয়ার	26
সেতো	26
হাল্কা	26
বালিন	26
এনিগমা	26
জপমালা	26
বর্শা	26
জর্ডানের	26
বেচারি	26
উদ্ভিদ	26
স্যান্ডি	26
নিয়েছিলো	26
উপজাতি	26
নিজেকেই	26
সুরিয়া	26
amanda	26
মার্লিন	26
ত্রিশ	26
পারেননি	26
যন্ত্রের	26
শুতে	26
পরেছ	26
বাঁচিয়েছ	26
ছাইড়া	26
শাহরিয়ার	26
লোভে	26
মিনিয়ন	26
গায়ের	26
ঢুকবে	26
ঘন্টায়	26
নেয়নি	26
ভূল	26
হর্ন	26
জিনিসটার	26
জেনারেটর	26
অঞ্চল	26
অন্তর্ভুক্ত	26
look	26
ষ্টেইল	26
অজ্ঞাত	26
অন্যথায়	26
রেহাই	26
ইজাবেল	26
রোদ	26
সিদ্ধার্থের	26
ধন	26
থাকতেন	26
লাগবেই	26
এজেন্টের	26
সম্মানে	26
আবিষ্কারের	26
বাহু	26
শুনেই	26
বুদ্ধিটা	26
লুকোচুরি	26
খাড়া	26
পশ্চিমা	26
মাইরা	26
প্রান্ত	26
দেখেশুনে	26
ঢুকছে	26
mmm	26
টাকাই	26
শশশ	26
ম্যাগাজিন	26
নিয়েছিলেন	26
আহারে	26
সিস্টার	26
ইশ	26
সিআইএ	26
his	26
জ্বলন্ত	26
হলি	26
আসসালামু	26
তৈরীর	26
নিয়ন্ত্রণের	26
কারখানায়	26
শাস্তির	26
কোর্টের	26
ফরেনসিক	26
excuse	26
লোকজনকে	26
দুর্বৃত্ত	26
পরিবেশন	26
শেখা	26
দূষিত	26
ফেসে	26
বরবাদ	26
মাদারচো	26
আরোহণ	26
দর্শকদের	26
ইউরোপ	26
ব্যাপারটার	26
পাচ	26
ছাপা	26
ডট	26
even	26
কদম	26
দেখলো	26
দুধের	26
করেছিলি	26
জুড়ে	26
অতিবাহিত	26
মুম্বাই	26
শেখর	26
প্রতিবেদন	26
ধুলো	26
রহস্যের	26
us	26
চাদর	26
তুষার	26
ক্রিকেট	26
কাভার	26
বুধবার	26
ভুগতে	26
হান	26
তেলের	26
হয়েও	26
ব্যাটাকে	26
পশ্চিমের	26
উপকূল	26
দেখতেও	26
চীনে	26
রেখেছিলো	26
about	26
তরে	26
dream	26
যাবা	26
নোটিশ	26
hossain	26
বোস	26
করমু	26
অসাম	26
প্রমোশন	26
গরিব	26
thank	26
অবিলম্বে	26
স্বর্গীয়	26
দেয়া	26
অভিজ্ঞ	26
খুঁজো	26
গোষ্ঠী	26
বেচেঁ	26
রকি	26
ঘোর	26
নির্বাচনের	25
হারুন	25
সেনাদের	25
মিশরের	25
অনুতপ্ত	25
অশোক	25
কাদা	25
kham	25
রাখতাম	25
থ্রি	25
ক্যামেরাটা	25
নেতার	25
দেবদূত	25
করিয়ে	25
লোকটিকে	25
ভবানী	25
বাচতে	25
অ্যাম্বুলেন্স	25
ওয়েস্ট	25
রানা	25
কান্ড	25
বামনদের	25
ওটায়	25
নেকড়ে	25
drac	25
মরুভূমিতে	25
হ্যারির	25
আলগা	25
প্রয়োজনে	25
আইরিশ	25
ফুফু	25
মনোভাব	25
কমবয়সী	25
তরুন	25
শিশুকে	25
জ্বালাও	25
প্রমিজ	25
আড়াল	25
জিহ্বা	25
মেক্সিকান	25
গাই	25
ওয়েট	25
লাফাও	25
বদ	25
পশুদের	25
এনগেজমেন্ট	25
সম্পুর্ন	25
ক্রেতা	25
ফ্লাইটে	25
্যান্স	25
বুড়ির	25
অবগত	25
চারপাশের	25
প্রেমিকার	25
বেতনের	25
সায়কভ	25
চিত্তাকর্ষক	25
ফাইলে	25
ফরাসি	25
চৌধুরী	25
জমজ	25
কুফুরি	25
বজ্জাত	25
খানিকটা	25
রানীর	25
জননী	25
বটেই	25
সোহেল	25
বাসিন্দা	25
বিস্ফোরণে	25
তথ্যের	25
কারোরই	25
কুয়েতী	25
দূর্বল	25
যমুনা	25
ওইসব	25
পদত্যাগ	25
ডিফেন্স	25
বাড়িতেই	25
রেজাল্ট	25
প্যান্ডোরা	25
দয়ার	25
পাঠিয়েছিলাম	25
শি	25
কোহলি	25
ক্যাম্পের	25
ফ্যাক্টরির	25
কাটিয়া	25
লাইনটা	25
মুভিতে	25
স্বভাব	25
কাকা	25
গর্বের	25
ঘোষনা	25
বেআইনি	25
ফেডারেল	25
কোরিয়ান	25
খুনির	25
অফেলিয়া	25
হায়তি	25
বিকৃত	25
দৌড়ানো	25
গ্রেনোলি	25
সফলতার	25
ভেগাসে	25
ভূমিতে	25
স্তরে	25
পিছাও	25
অ্যাবি	25
ফিরছি	25
বিশ্বে	25
ইহুদীর	25
আতঙ্ক	25
ফাজিল	25
ফ্রাই	25
ইহুদীদের	25
ফিতা	25
ফিল্ড	25
জিনের	25
রেবেকা	25
আসবেই	25
শিকারে	25
প্রানী	25
আপলোড	25
খুঁজেছি	25
এটাক	25
অন্যকোথাও	25
twa	25
গির্জা	25
সাব্যস্ত	25
গুনে	25
রি	25
ব্যাটম্যানের	25
সিংহাসনে	25
মরটি	25
খুজছিলাম	25
কৃষকদের	25
ওতো	25
বসকে	25
পিঠা	25
অাগে	25
সুপারহিরো	25
বানালাম	25
শাসক	25
সাদমান	25
লিফটের	25
ড্রাগস	25
মেমার	25
রইলাম	25
শ্যাম	25
লে	25
ব্যাঙ্কের	25
বেডরুমে	25
চোখেই	25
ওয়াটার	25
সেলফোন	25
পালিয়ে	25
খুঁজি	25
উড়ার	25
সময়টাতে	25
পেশাদার	25
প্রত্যেকটি	25
পড়তো	25
হতবুদ্ধি	25
দুইটি	25
লাগা	25
আমেরিকানদের	25
খুঁজছ	25
কৌশলটা	25
মার্লা	25
দাঁড়াও	25
চোখগুলো	25
খবরে	25
গ্র্যাডি	25
মেশিনে	25
মরো	25
প্রান	25
গেয়ে	25
দুঃসংবাদ	25
কাবাব	25
গুপ্তধন	25
টিকটিকি	25
মামলাটা	25
ভাষায়	25
নারে	25
বিজয়ের	25
নিয়েছিলে	25
অনুগত	25
লেক	25
বো	25
খুলছে	25
শিখেছ	25
গেছিলো	25
বেড়েই	25
কিট	25
আইলা	25
বড়দের	25
বলিদান	25
থাকায়	25
সর্দার	25
কোটিপতি	25
থাপ্পড়	25
অটোগ্রাফ	25
দুর্গে	25
দেড়	25
ব্যাঙ	25
ক্যাশ	25
কোনোভাবে	25
প্রাণের	24
টেন	24
এবারের	24
তলিয়ে	24
বেঁছে	24
দুষ্টুমি	24
ডুবিয়ে	24
রেটিং	24
দেউলিয়া	24
ঊর্ধ্বশ্বাস	24
চালিয়েছে	24
পোড়া	24
তারপরেই	24
ধারা	24
রেস্তোরাঁয়	24
এছাড়াও	24
অব্যাহতি	24
মাথাব্যথা	24
medivh	24
লাভের	24
থামেন	24
পৌছানোর	24
অপদার্থ	24
অনলাইনে	24
দাত	24
বেসবল	24
প্যাটার্ন	24
অনুরোধে	24
ইয়ার	24
গ্রূট	24
দূরের	24
দুঃখে	24
ছাড়ুন	24
এক্সেল	24
মহোদয়গণ	24
জনসংখ্যা	24
নিশ্বাস	24
মেমরি	24
আসছিলাম	24
বুদ্ধির	24
ওরাই	24
দামে	24
নিয়োজিত	24
কাউন্সিলর	24
মেয়েও	24
ডেক	24
লাগায়	24
fight	24
দেননি	24
কেবলই	24
চলবেনা	24
বোঝেন	24
সেজে	24
অতোটা	24
লোকগুলোর	24
কাটছে	24
ক্রেকোঝিয়া	24
খুলব	24
সফলতা	24
হোমওয়ার্ক	24
এতসব	24
বোঝায়	24
পড়েছিলো	24
ইঁদুরটা	24
জুলিয়ান	24
জায়গাটাকে	24
সুলিভান	24
মনটা	24
আমদেদ	24
মেডেল	24
মজাই	24
আলবার্ট	24
হইতে	24
কইতাছি	24
আনলে	24
ল্যান্ডন	24
ইউস্টেস	24
ভল্ট	24
নোয়া	24
বিকিরণ	24
অহংকার	24
ডেটিং	24
সামলা	24
তরল	24
প্রোজেক্ট	24
taha	24
ফাক	24
দিলি	24
হৃদয়টা	24
weyland	24
চললে	24
বড়দিন	24
প্রাইম	24
পথটা	24
প্রস্রাব	24
প্রশান্ত	24
স্নাইপার	24
দাঁতের	24
মাকড়সা	24
বীমা	24
সোর্স	24
খোজে	24
ধ্বনি	24
চাবায়	24
ফাস্ট	24
পয়সার	24
সড়ে	24
সাবাশ	24
ডেন্টের	24
ফাঁসি	24
বিলুপ্ত	24
নিয়মে	24
মূহুর্তে	24
এতদিনে	24
মরতেই	24
জ্বালানী	24
শুকরিয়া	24
প্রতিনিধিত্ব	24
মাঝামাঝি	24
ইচ্ছায়	24
ধন্য	24
করবেই	24
ফাঁকি	24
অগ্রাহ্য	24
সাক্ষাতের	24
পুড়িয়ে	24
রোপণ	24
স্ট্রিটে	24
শুনবেন	24
আনুকে	24
মুসলিম	24
মেধা	24
ম্মম	24
তারার	24
আপডেট	24
বৈঠা	24
পরবো	24
একদা	24
রেল	24
বৃক্ষ	24
ঈর্ষা	24
বেলার	24
ফুফি	24
সবটুকু	24
সিল	24
সাথের	24
পালাবে	24
কিনব	24
শনি	24
বদলা	24
গ্রিনি	24
ডকুমেন্ট	24
ফাজলামো	24
ফোর্ড	24
প্রতিদান	24
হেলেনা	24
প্রজাপতি	24
উপনিবেশ	24
লড়বো	24
দেখতাম	24
মিলোস	24
আরব	24
বিপ	24
ছেলেই	24
ইস	24
সর্বশক্তিমান	24
কোডটা	24
গ্রুপে	24
টীম	24
bhi	24
চাইলো	24
মার্কার	24
জব	24
আঁহ	24
দিনও	24
নিদর্শন	24
নান্দু	24
ভেড়ার	24
জমিয়ে	24
ছেঁড়ে	24
অগণিত	24
সেইটা	24
ঘোঁৎ	24
পেরেক	24
মাছি	24
কোনটাই	24
চাচ্ছিস	24
ফাটাফাটি	24
দৈনন্দিন	24
লোকটির	24
সার্ভার	24
বসতি	24
মানবিক	24
এক্কেরে	24
নাইন	24
কিংবদন্তী	24
উপযোগী	24
লক্ষ্মী	24
চলছি	24
হুক	24
লাগাবে	24
chuckles	24
ভেদালাম	24
ইশারা	24
সেটি	24
অভিযানের	24
এলিজা	24
সেতু	24
বুঝিনা	24
কুকুরকে	24
ওয়ার্ল্ড	24
রেখেই	24
অলস	24
প্রতিষ্ঠানের	24
ঢোকে	24
টায়ার	24
ব্যাপারই	24
গুণ্ডা	24
যতবার	24
ক্ষেত্রেই	24
করস	24
স্টিভেন	24
কোম্পানী	24
মঞ্জুর	24
কিনবো	24
ইতালিয়ান	24
পড়েছো	24
প্রাসাদে	24
অবিশ্বাস	24
ফ্র্যাঙ্কি	24
সীমানার	24
ঘা	24
ছাতা	24
ঝেড়ে	24
মার্চ	24
আসছেনা	24
নির্মাতা	24
ফিরবো	24
রিপোর্টার	24
প্রত্যেককে	24
ল্যাটিন	24
আজগুবি	24
খোলে	24
চাপে	24
খেলছি	23
উপন্যাস	23
অভ্যন্তরীণ	23
খবরদার	23
রাকিব	23
প্রফেশনাল	23
পরিচিতি	23
সারাজীবনের	23
এপার্টমেন্ট	23
প্রস্থান	23
জিয়ান	23
রাজধানীর	23
যাহাই	23
কানা	23
moon	23
বাঁচানো	23
প্রতিহিংসা	23
বলির	23
কাঞ্চন	23
ফ্যাক্টরিতে	23
খালিসি	23
লিও	23
কাউবয়	23
প্যাকেজ	23
বদমাইশ	23
ধরলে	23
ডোনি	23
মরিয়ার্টি	23
দেখুক	23
দিলেও	23
কিংস	23
এতকিছু	23
ইনফরমেশন	23
বলুক	23
আগাম	23
শনাক্ত	23
এমনটি	23
সামলাচ্ছি	23
বশ	23
চিঠির	23
leito	23
কিসব	23
ইংরেজ	23
অন্যথায়	23
গুডউইন	23
ময়লার	23
মণি	23
এক্কেবারে	23
শব্দও	23
অপর	23
কোরআন	23
সকলেই	23
কার্বন	23
মগজ	23
wangari	23
বললেও	23
চওড়া	23
ডাকার	23
পড়েনি	23
ততটাই	23
হোরাস	23
উত্তেজনা	23
লিখবে	23
গুটিয়ে	23
বেলাঃ	23
ওরাও	23
সৃষ্টিকর্তার	23
ভাল্লুক	23
সৈন্যদল	23
ho	23
গ্যারেজের	23
জমিতে	23
প্রিন্সিপাল	23
পৌঁছেছে	23
সূচনা	23
কমন	23
রাজনীতি	23
কস	23
ডাঃ	23
ইরাক	23
প্যারাসুট	23
রুমাল	23
আফগানিস্তানে	23
প্রতিবার	23
কাক	23
বসন্তের	23
কবি	23
পাবলো	23
ভুলটা	23
উঠলাম	23
দুশমন	23
গোলাপ	23
কাগজের	23
পশুশাবক	23
ডিমেন্টর	23
ওরাকল	23
আব্বার	23
মিথ্যার	23
john	23
কিলাই	23
সহিষ্ণুতা	23
তারিফ	23
ভাগ্যবতী	23
ইটালিয়ান	23
ইনু	23
গার্ডের	23
গালে	23
কোডের	23
সেফটি	23
ধারন	23
পোলার্ড	23
ওগো	23
facebook	23
লড়ে	23
তাহলেও	23
লাগবো	23
সংঘর্ষ	23
সৈন্যবাহিনী	23
turag	23
পড়ব	23
টাইবেরিয়াস	23
নারীদের	23
বাঁচিয়েছেন	23
রহম	23
রক্ষাকর্তা	23
ওষুধটা	23
ডেল্টা	23
বানাচ্ছ	23
আগত	23
বিপরীতে	23
আটকিয়ে	23
বাগিন্স	23
হাততালি	23
মহারাণী	23
বাড়তে	23
থামিসটিক্লিস	23
পোর্টাল	23
বুদ্ধিমত্তা	23
শুষ্ক	23
মনেকর	23
ঘটনায়	23
ওল্ড	23
সুইজারল্যান্ড	23
মহাশয়	23
ব্যারো	23
বায়ু	23
দিনকাল	23
ভারতীয়	23
বেসামরিক	23
অনার	23
পরদিন	23
সিগারেটের	23
বোঝাপড়া	23
দিসে	23
নাগরিকদের	23
বলতেছি	23
নীরবতা	23
ডেসমন্ড	23
চ্যাম্পিয়ন	23
ঝাপ	23
লক্ষন	23
আঙ্গুলগুলো	23
শিক্ষার্থীদের	23
বর্বর	23
বাচ্চাগুলো	23
চান্দু	23
কমসে	23
পেরমুল	23
লিফম্যান	23
অপেক্ষার	23
ইদুর	23
বিবেক	23
পরপরই	23
ডেটে	23
ঘটুক	23
বাঁধতে	23
মানসিকভাবে	23
পাঠিয়েছিল	23
ডাক্তাররা	23
ট্রিগার	23
নামেই	23
টাকাপয়সা	23
লঙ্ঘন	23
নিসা	23
মরুভূমি	23
ভিখারি	23
পে	23
kang	23
সময়ও	23
কওলাস্কি	23
মাঝের	23
সহিত	23
সমস্যাই	23
হুট	23
চর্বি	23
আইপিএস	23
কবরে	23
এমনিতে	23
স্টাইলে	23
উন্মোচন	23
অঙ্গ	23
অন্তরে	23
মস্কো	23
মুভিটি	23
মুরগি	23
কামড়ে	23
ফ্ল্যাট	23
সেটিংস	23
সীমান্ত	23
হয়েছিলো	23
আঙুল	23
এসবই	23
দিল্লি	23
তুলছে	23
কোনকিছুর	23
ইয়াং	23
ফাতেমা	23
স্প্রে	23
অবিচার	23
নিয়ম	23
স্বল্প	23
টিভির	23
ঠেই	23
একেকটা	23
বোর্ডে	23
খারাপভাবে	23
জানলো	23
ছাড়াই	23
একাউন্টে	23
বড্ড	23
পরছে	23
ধ্যাত্তেরি	23
উড়বে	23
won	23
কোষ	23
সমীকরণ	23
বিগত	23
প্রাচীরের	23
মালামাল	23
গ্যারেজে	23
ভাঙার	22
ব্রাদার	22
কথোপকথন	22
ম্যানুয়াল	22
সরান	22
gargantua	22
এতোদিন	22
কয়েকদিনের	22
ধরবেন	22
বিরক্তি	22
মল	22
রেফিকা	22
দেখিয়েছেন	22
প্রতারিত	22
ইয়ার্ড	22
মাতা	22
সুপ্রভাত	22
তপস্বীজি	22
ক্ষেপে	22
কর্মীদের	22
হেলিকপ্টারের	22
অচল	22
তেলুগু	22
phil	22
ভাবেন	22
একঘেয়ে	22
বাইবেলের	22
রোগে	22
এক্সপেক্টো	22
বাঁয়ে	22
emp	22
