da	3514987
je	3468827
ne	1706963
se	1673587
to	1273207
sam	1206559
na	860257
ti	804709
mi	710171
za	708628
si	704628
li	646690
što	592486
ja	567952
su	504949
šta	493795
ali	488800
sa	473195
nije	440797
ovo	392039
samo	388441
te	382875
me	380364
od	375093
ga	359188
bi	353301
kako	341283
dobro	309394
ako	304893
smo	296122
sve	295104
kao	288729
će	259592
tako	258661
znam	249523
mogu	232703
nisam	232544
pa	229169
ste	219619
bio	214398
biti	212923
redu	211183
on	206536
zašto	194953
koji	190422
još	189936
bilo	189629
nešto	182782
ću	182632
vas	175184
kad	173666
hvala	169993
iz	169604
mislim	169009
ima	160712
ovdje	160201
ili	158174
ih	154161
sada	151682
znaš	149191
onda	146644
moj	143267
do	142763
vam	140131
možda	137875
više	136740
zar	135840
rekao	135242
bila	132357
kada	131188
ona	131000
nas	130957
bih	130903
nema	130074
mu	129929
malo	126902
mene	126474
treba	122158
ovde	122110
molim	121218
ništa	119970
tebe	117686
hajde	115060
hej	115022
imam	114389
tamo	111162
sad	110969
ni	108055
gdje	107193
ko	106996
tu	106436
nam	105282
jesi	104727
zbog	104475
želim	104119
možeš	103753
jer	102000
može	101863
vi	101503
nisi	97111
ljudi	96519
svi	95767
stvarno	94595
po	91984
moram	91931
ćemo	90301
zato	89077
koliko	88720
jedan	88690
idemo	88481
oh	87496
moja	84158
stvari	82938
misliš	80958
baš	80550
koje	80287
ćeš	79573
nego	78949
ono	78027
dok	77852
gde	77606
bez	77509
oni	75021
joj	74153
ovaj	73854
već	73408
naravno	72631
reći	72629
sto	72095
toga	71899
imaš	70232
gospodine	69849
ok	69791
tvoj	69145
taj	69137
koja	69078
neće	68874
možemo	68865
prije	68630
posao	68217
moje	67375
imamo	67270
dana	67120
reci	66888
tome	65095
radi	64741
žao	64147
rekla	64143
nikad	64080
kod	63901
zdravo	63850
dan	63737
godina	62922
moramo	62876
mama	62391
put	61793
mogao	61782
bolje	61621
želiš	61266
neko	60664
nemoj	60537
mora	59892
sta	59479
daj	58846
mnogo	58295
jeste	58234
znači	57948
izgleda	57912
vidim	57796
bože	56996
uvijek	56965
ce	56676
bili	56598
meni	55491
radiš	55263
hoćeš	54924
tata	54552
volim	54519
dobar	54508
im	54477
svoje	54448
stvar	54058
dva	53758
idem	53693
moraš	53677
neću	52350
tko	52152
mislio	51489
vremena	51122
vidi	50853
bude	50794
nisu	50780
vrijeme	50750
znate	50287
njega	50083
evo	49942
imao	49828
danas	49772
život	48679
kažem	48565
nikada	48522
odmah	47973
tvoja	47234
zna	47065
kući	46905
puno	45468
ime	45391
neka	45047
tri	44971
tim	44707
upravo	44613
možete	44202
tobom	44189
svoj	43453
koju	43279
svoju	42722
pre	42642
toliko	42616
uvek	42214
neki	41911
idi	40876
mnom	40817
oko	40696
opet	40514
kaže	40505
tvoje	40264
jesam	40166
god	39726
ide	39595
ove	39404
sranje	39196
jednom	39182
cu	39079
radim	38707
čak	38482
nismo	38450
trebalo	38374
čemu	37910
sigurno	37854
žena	37785
vidimo	37462
postoji	37279
nemam	37173
ta	36911
godine	36893
novac	36870
jako	36745
znao	36496
tebi	36445
trebao	36351
otac	36125
vreme	35984
prvi	35857
dovoljno	35692
hoću	35677
veoma	35522
ovamo	35465
želi	35401
puta	35358
pravu	35241
drugi	35024
njih	34778
prema	34694
imate	34599
dalje	34198
jedna	34054
sutra	34050
problem	34047
pomoći	34047
vrlo	33740
nakon	33719
zajedno	33670
vidiš	33584
niko	33535
dušo	33523
sebe	33382
čekaj	33295
ova	32910
slušaj	32896
dosta	32658
odavde	32404
ma	32264
dobra	32071
kroz	32003
drago	31976
vrata	31787
pogledaj	31494
vidio	31435
koga	31177
nekoliko	30897
siguran	30780
mogla	30688
došao	30537
moju	30526
kažeš	30445
brzo	30281
način	30101
njim	29988
pod	29955
vidjeti	29851
zaista	29762
svaki	29526
neke	29510
jednu	29472
uradio	29256
par	28807
gore	28687
unutra	28531
dođi	28420
izvini	28377
ovu	28255
ići	28246
mislila	28236
dugo	28221
super	28215
desilo	27854
ponovo	27575
mali	27547
mogli	27505
minuta	27389
protiv	27344
pravo	27150
isto	27128
nama	27097
previše	27093
naš	27045
ćete	26980
ovog	26973
mog	26964
ovako	26922
dogodilo	26665
imaju	26610
prvo	26482
noć	26384
nećeš	26363
znamo	26281
loše	26212
imala	26179
jedno	26101
pusti	26078
preko	26005
osim	25971
vaš	25957
ubio	25928
mjesto	25911
vama	25758
imati	25741
kasnije	25719
majka	25716
nadam	25671
naći	25661
večeras	25607
ovom	25586
momci	25579
dakle	25533
budem	25326
pravi	25269
tom	24874
auto	24821
video	24813
teško	24675
niste	24665
jednog	24505
doći	24495
vratiti	24248
čovjek	24193
one	24089
ljude	23832
želite	23701
broj	23700
dolazi	23656
čuo	23559
radio	23380
imali	23318
njegov	23291
istina	23236
zapravo	23208
mislite	23181
znati	23179
zove	23074
misli	23043
sviđa	23038
budi	23031
veliki	22882
pomoć	22881
naše	22837
ruke	22793
ju	22781
htio	22494
kakav	22394
tip	22246
nju	22147
stani	22057
jel	22008
pet	21945
netko	21928
dobiti	21864
uz	21839
izvinite	21779
vaše	21740
ideš	21737
rekli	21737
onaj	21697
čini	21639
mrtav	21638
kuće	21605
dešava	21574
zasto	21510
jos	21401
vezi	21379
oprosti	21349
tog	21202
prijatelj	21181
svojim	21150
novi	21092
dao	21030
ubiti	21027
trebali	20970
raditi	20899
uh	20861
iza	20848
prestani	20800
no	20756
lepo	20692
bit	20560
trebala	20487
ovim	20485
nesto	20473
svog	20369
vrati	20343
lijepo	20303
dolara	20192
veze	20189
dobio	20184
hoće	20041
čovječe	19988
otišao	19985
otići	19974
sebi	19939
posla	19886
drugo	19883
trebam	19878
uzmi	19761
tvoju	19729
jednostavno	19725
znala	19446
nekoga	19395
života	19390
sin	19336
govori	19329
bismo	19307
njima	19297
sama	19270
poput	19244
morate	19235
ipak	19226
oprostite	19102
njom	19096
cemo	19064
pitanje	18924
nekog	18826
problema	18664
ćao	18631
budeš	18626
srce	18608
voli	18586
skoro	18571
nazad	18567
učiniti	18541
uraditi	18374
priča	18321
vaša	18300
halo	18196
vidite	18193
radimo	18178
gotovo	18171
dati	18098
briga	18066
sigurna	18064
van	17962
mom	17962
sati	17959
dio	17894
žene	17852
bar	17843
znas	17759
razgovarati	17725
ovoga	17660
događa	17614
njemu	17608
sjajno	17593
posle	17528
gledaj	17504
najbolje	17495
biće	17452
jutro	17419
spreman	17386
jedini	17373
strane	17367
došli	17362
njegova	17333
dvije	17313
drži	17284
mesto	17262
brini	17198
uskoro	17090
tačno	17063
dijete	17033
nitko	17000
potpuno	16953
dole	16901
trenutak	16784
stari	16781
bog	16743
oca	16720
mala	16605
tada	16574
sat	16570
važno	16554
čovek	16443
pitam	16439
ostati	16418
stalno	16378
rade	16373
ozbiljno	16366
prijatelji	16334
ideja	16309
morao	16246
vjerujem	16233
tek	16184
uredu	16157
ljubav	16113
druge	16106
ranije	16103
grad	16092
glavu	16087
ponekad	16087
kakva	16055
došla	16005
odlično	15910
naša	15897
pretpostavljam	15859
bok	15828
vec	15827
pola	15816
nemaš	15813
hteo	15804
lako	15774
napraviti	15755
verujem	15751
našao	15721
između	15675
osoba	15659
pazi	15625
sata	15554
velika	15532
vise	15449
radite	15420
ovoj	15389
jasno	15327
najbolji	15326
napravio	15322
valjda	15283
nemamo	15266
ruku	15259
pred	15249
ženu	15226
prava	15224
znaju	15195
čega	15193
dvoje	15182
nece	15181
ikada	15179
mojoj	15166
svih	15112
blizu	15109
brat	15092
kraj	15078
policija	15055
ljudima	15031
životu	15013
kuću	14975
znaci	14829
mozda	14828
plan	14820
noći	14805
polako	14776
draga	14711
tvog	14647
slučaj	14572
lice	14513
pojma	14483
moći	14477
vidjela	14475
pored	14345
novca	14345
živi	14342
kraju	14327
dve	14300
svom	14256
oči	14233
brod	14140
moji	14135
kažu	14128
voliš	14104
odakle	14101
razumijem	14098
vodi	14070
pričaš	14065
slučaju	14008
vratio	13971
nećemo	13908
sobu	13873
zvuči	13785
ha	13776
biste	13725
svega	13713
čudno	13601
žele	13600
laku	13540
izgledaš	13530
poslije	13514
sina	13460
manje	13416
nje	13404
prilično	13382
uzeti	13334
oružje	13309
razlog	13303
daleko	13270
momak	13243
pištolj	13225
gospodo	13214
smrti	13201
smrt	13200
vjerovati	13150
četiri	13126
pitanja	13111
nista	13041
htjela	13037
sobi	13024
dr	12998
svima	12942
trebaš	12939
takođe	12936
jesu	12897
vode	12784
šanse	12721
uradi	12714
ikad	12682
gospođo	12661
aha	12608
prijatelja	12603
ispod	12587
mojim	12586
hoćete	12565
čujem	12557
njen	12542
neku	12513
našli	12511
dolje	12504
izgubio	12477
telefon	12469
spremni	12438
drugog	12421
istinu	12413
uradim	12411
potrebno	12397
bile	12249
nemojte	12226
trebamo	12221
ostani	12219
nekako	12202
dajte	12192
govorim	12192
moguće	12132
isuse	12091
moglo	12069
gradu	12016
zovem	12012
razumem	11985
poruku	11969
cijeli	11958
ovi	11939
sinoć	11933
kojeg	11921
njoj	11915
šest	11900
mozes	11872
učinio	11850
verovatno	11835
rat	11798
njegove	11791
otišla	11791
sastanak	11759
želio	11739
ispred	11735
volio	11727
dragi	11700
umro	11673
čula	11648
necu	11643
sestra	11626
čoveče	11620
ovome	11605
svijet	11568
uzeo	11566
zaboravi	11559
zelim	11537
ovih	11516
dete	11503
jedina	11480
sine	11479
oboje	11473
mrzim	11469
kola	11464
jedino	11412
nekim	11401
deo	11385
igra	11384
moze	11367
uopšte	11362
iako	11353
dečko	11344
dođe	11337
putu	11335
ljubavi	11321
zvao	11282
pogledajte	11218
krv	11162
dali	11159
kapetane	11068
uradila	11061
pokušavam	11060
čim	11020
kuci	10969
zemlji	10932
dame	10911
svojoj	10887
djevojka	10886
točno	10883
morati	10848
brate	10841
želimo	10824
recite	10822
svim	10789
sva	10786
tražim	10770
ah	10754
ostavi	10739
isti	10731
prva	10727
svijetu	10715
kome	10694
boli	10693
tvom	10690
deset	10685
san	10679
bojim	10636
pitao	10627
ostavio	10614
govoriš	10612
jebeni	10568
zemlju	10559
sami	10555
vjerojatno	10549
divno	10530
poslu	10527
drugu	10518
vidjeli	10500
druga	10498
piće	10493
otvori	10487
takav	10462
jebi	10457
videla	10452
devojka	10436
poziv	10418
jebeno	10385
postoje	10371
barem	10361
njegovo	10295
eto	10290
film	10257
osjećam	10257
smiri	10250
pronaći	10241
prijatelju	10185
niti	10180
jack	10161
kakve	10116
negdje	10088
kim	10063
sretan	10060
pomognem	10041
onog	10025
ostali	10003
čovjeka	9985
pokušao	9984
razloga	9983
miru	9974
nikoga	9973
dobre	9961
muž	9939
nastavi	9910
odem	9897
poslao	9875
svako	9826
kuća	9824
našu	9748
lud	9730
znali	9719
drugom	9675
pitanju	9669
ces	9646
kojoj	9637
tih	9635
traži	9634
ostalo	9632
krevet	9627
koristi	9613
doktor	9600
njegovu	9582
kraja	9573
spremna	9536
natrag	9513
budu	9513
mjesta	9459
školu	9438
nova	9427
čuješ	9427
izlazi	9392
napolje	9383
stan	9358
pošto	9353
jedva	9340
svakog	9330
mislis	9330
pričam	9324
vani	9320
krvi	9320
tvojim	9313
svakom	9257
tražio	9250
bas	9250
mrtva	9246
grada	9231
zemlje	9224
dobili	9218
jutros	9214
vratim	9194
htela	9189
dala	9178
voleo	9177
shvatio	9158
posebno	9157
vašu	9112
dobila	9093
ujutro	9073
budemo	9065
hajdemo	9062
roditelji	9034
djeca	9033
također	9001
kažete	8958
odgovor	8955
pomozi	8950
brata	8947
djecu	8946
godinu	8942
riječ	8932
noge	8927
zanima	8919
ostaviti	8917
red	8914
porodica	8909
idite	8900
našeg	8878
moraju	8871
dolaze	8857
dobri	8833
važi	8830
zao	8812
tijelo	8784
priliku	8768
velike	8762
the	8742
živ	8738
dolazim	8718
gospodin	8706
majku	8702
jesmo	8701
trebaju	8686
zaboravio	8672
nedelje	8652
pravila	8628
sigurni	8625
stavi	8624
tipa	8623
new	8617
strani	8611
bitno	8597
toj	8589
misle	8566
obitelj	8562
ceš	8550
nosi	8530
mjestu	8528
boga	8523
tvojoj	8505
čeka	8498
pričati	8495
pitati	8491
piše	8486
brže	8483
zadnji	8480
radila	8473
zabavno	8471
bolji	8456
cemu	8441
time	8433
priču	8433
sobom	8428
sedam	8423
idu	8413
um	8411
sjećaš	8405
devojke	8396
zbogom	8389
slušajte	8388
svetu	8379
nove	8370
mojih	8365
gđo	8352
hranu	8351
vrsta	8349
morala	8329
kunem	8324
ajde	8318
policiju	8317
napad	8313
umrijeti	8300
večeru	8299
policajac	8285
odeš	8261
obično	8260
ceo	8239
godinama	8225
konačno	8218
trenutno	8216
ode	8188
pustite	8178
radili	8142
svakako	8139
imas	8130
vjerovatno	8126
cekaj	8114
iskreno	8113
cak	8107
glavni	8094
uradiš	8086
školi	8067
kasno	8050
među	8048
kriv	8044
dovraga	8041
kurac	8026
zatvor	8013
hoćemo	7995
postao	7974
počeo	7971
stara	7970
slike	7968
vodu	7965
odlazi	7962
videti	7960
savršeno	7960
pustiti	7956
gdine	7948
doktore	7916
tvoji	7908
prokletstvo	7890
poznajem	7885
negde	7866
čuli	7862
dom	7852
soba	7843
usta	7842
našla	7835
sjećam	7826
да	7825
zatvoru	7805
nekad	7798
svet	7780
veče	7776
strašno	7774
osećam	7731
ka	7729
jest	7724
tokom	7721
vašeg	7711
kojima	7691
hocu	7683
stigao	7680
veliku	7663
prošlo	7662
imena	7661
bogu	7642
kojim	7636
vole	7632
razgovor	7628
sliku	7626
gledam	7616
umrla	7606
odvesti	7593
gledati	7584
novu	7566
mozemo	7565
prošle	7560
drugim	7554
smisla	7552
djevojke	7491
glas	7477
upoznao	7468
miliona	7468
seks	7461
loš	7455
kralj	7443
požuri	7440
uradili	7424
želeo	7421
otišli	7419
uopće	7399
ustvari	7390
boze	7389
zoveš	7367
šef	7359
john	7355
zabavu	7335
znak	7326
nećete	7325
društvo	7319
pas	7304
inače	7298
onoga	7298
ideju	7290
onih	7289
šefe	7285
sreće	7278
cijelu	7268
glave	7250
dođavola	7226
greška	7213
zovi	7204
mjeseci	7202
smiješno	7192
jedne	7187
sedi	7185
pomoci	7178
pare	7159
drugih	7145
rad	7134
rođendan	7131
kladim	7113
porodicu	7111
njena	7100
svaka	7098
izbora	7089
izaći	7082
rukama	7080
čuti	7075
smeta	7074
pogrešno	7055
iznad	7051
shvatam	7045
uradimo	7042
ubije	7033
nemate	7031
zemlja	7025
ubica	7015
hoces	7004
često	7004
gđice	6995
pokušaj	6987
uslugu	6974
završio	6969
kuda	6965
videli	6957
obećavam	6947
radis	6941
živim	6934
potrebna	6933
poklon	6925
ulazi	6923
drugačije	6923
leđa	6919
stranu	6919
dupe	6908
mislili	6902
osam	6887
napravila	6877
njihove	6873
oče	6850
vraćam	6848
slika	6846
druže	6846
sasvim	6843
spusti	6842
deca	6829
kojem	6805
nemoguće	6797
kapetan	6782
stalo	6782
izvoli	6771
jebote	6770
šteta	6768
zatim	6767
kakvo	6761
čoveka	6757
nacin	6756
zvala	6751
nestao	6748
mike	6748
mesta	6737
zelis	6734
sekundi	6730
javi	6730
pismo	6728
daje	6724
izbor	6720
kupio	6720
izgubili	6718
zovu	6713
nedostaje	6706
prestati	6702
је	6700
dokaz	6697
čekajte	6696
sranja	6691
svake	6687
muškarac	6686
mamu	6685
okolo	6668
škole	6666
pokazati	6664
nekom	6661
informacije	6659
očigledno	6658
trenutku	6657
pogled	6654
ubistvo	6644
onu	6641
priče	6635
kaži	6627
tiče	6625
odemo	6625
njihov	6620
beba	6608
sav	6593
knjigu	6577
frank	6576
voljela	6571
nekada	6569
agent	6562
mozak	6552
nemaju	6544
riječi	6541
gledao	6538
novo	6534
definitivno	6531
zaustaviti	6520
ici	6512
najbolja	6510
naši	6507
naprijed	6498
zakon	6495
sistem	6490
išta	6488
apsolutno	6475
dogovor	6474
kreni	6454
nađem	6451
luda	6445
vide	6434
takva	6429
radije	6429
takve	6426
decu	6426
ubila	6424
pivo	6421
vratila	6407
glupo	6404
upoznali	6395
veliko	6392
čekam	6389
počinje	6386
vijesti	6382
prijatelje	6380
svojih	6380
pričao	6373
ubili	6370
charlie	6360
uđi	6357
budite	6353
ovuda	6350
potreban	6350
završiti	6310
okej	6309
pokušava	6300
vratimo	6296
rata	6295
izvolite	6291
učini	6286
postaje	6278
govoriti	6277
razumiješ	6274
srca	6269
loša	6268
srećan	6260
majke	6259
govorio	6258
ludo	6252
dogoditi	6250
dam	6247
stigli	6236
voda	6233
hrane	6229
lijepa	6229
nazvati	6222
ulici	6221
išao	6211
nađemo	6209
platiti	6209
napred	6206
glavi	6205
ostatak	6202
ubijen	6196
opusti	6190
stavio	6187
umjesto	6181
obitelji	6177
postati	6175
al	6172
obzira	6171
saznati	6170
gosp	6169
auta	6167
njegovog	6166
spasiti	6146
gubi	6142
ista	6140
svojom	6140
nikome	6136
desi	6132
ući	6128
porodice	6108
našim	6099
moras	6097
svaku	6088
morali	6073
muža	6073
zvati	6072
nad	6070
poslednji	6064
slobodno	6062
pomogne	6056
svuda	6056
avion	6052
malu	6049
prošli	6038
ostavila	6026
sir	6023
dođite	6022
živjeti	6021
sačekaj	6016
izgubiti	6011
čast	6011
male	6006
ključ	6005
dvojica	6002
fino	6000
tv	5991
jeli	5991
mrtvi	5990
bravo	5989
kamo	5989
probleme	5966
tjedan	5964
volela	5962
doma	5961
stanju	5958
reč	5947
jaja	5945
gledaš	5943
idete	5937
đavola	5937
biću	5936
recimo	5931
početi	5929
djece	5922
michael	5918
psa	5916
igru	5914
srediti	5906
najviše	5898
vjeruj	5890
lepa	5885
svijeta	5876
dobijem	5871
razgovaramo	5868
mjesec	5862
vezu	5862
žive	5858
prevod	5857
bol	5850
noc	5850
ponovno	5823
devojku	5820
odjednom	5813
pomislio	5813
njene	5805
reči	5802
pažnju	5793
njegovom	5793
napolju	5789
izvan	5780
baci	5772
mjeseca	5767
mestu	5765
desiti	5765
naših	5759
prati	5758
bolnici	5756
tvojih	5751
majko	5743
dečki	5741
našem	5738
kazem	5735
prijateljica	5734
svemu	5726
ostale	5724
pokaži	5723
fbi	5715
knjige	5712
vratite	5712
užasno	5699
veceras	5698
telo	5696
stoji	5685
tražiš	5685
hoceš	5679
sobe	5676
onim	5672
izvući	5671
nalazi	5659
putem	5654
pričaj	5653
pričamo	5651
duboko	5638
zbilja	5637
korak	5629
igrati	5624
osjećaj	5619
većina	5615
djevojku	5607
zauvijek	5590
odgovara	5588
nogu	5588
pun	5586
moć	5584
prozor	5582
razgovaram	5580
zabava	5580
bebu	5576
čestitam	5575
ukrao	5574
momka	5557
prave	5541
potrebe	5540
stvarima	5531
glava	5529
nazvao	5526
izgubila	5524
brinuti	5522
sećaš	5507
čekati	5507
pronašli	5489
pitaj	5487
šansu	5486
kupiti	5475
završi	5474
razumeš	5463
morat	5461
napravi	5455
vašem	5449
željela	5448
gotov	5446
naci	5445
govore	5442
vozi	5440
cura	5440
poslati	5430
pronašao	5420
zivot	5415
sveta	5410
joe	5406
lica	5404
ionako	5388
pokušati	5387
svoja	5386
nastaviti	5383
trebate	5376
bolnicu	5372
zaboraviti	5372
cete	5353
budućnost	5353
lakše	5350
prokleti	5347
budete	5345
pada	5345
nikakve	5342
tajna	5339
gleda	5333
stanite	5333
niz	5330
upoznati	5326
lično	5324
zadovoljstvo	5321
de	5316
njihova	5315
krevetu	5308
pomalo	5306
račun	5306
pitala	5297
nestala	5296
ručak	5295
knjiga	5294
duh	5288
ostao	5287
pao	5284
karte	5284
doveo	5283
ostavite	5280
slobodan	5270
pozvao	5265
našoj	5264
mlada	5263
donesi	5262
trag	5261
ostane	5255
spava	5246
sretno	5236
napravili	5226
napisao	5225
novog	5218
tražimo	5215
ubistva	5212
počela	5209
jesti	5201
misliti	5187
umre	5185
shvatiti	5185
sjedi	5180
doci	5167
juče	5165
koristiti	5163
držati	5162
eno	5155
njeno	5154
slažem	5149
minut	5149
blizini	5139
probudi	5139
george	5131
cuo	5122
sestre	5105
kakvu	5101
mnogi	5100
staviti	5098
pomoc	5097
doba	5095
mir	5086
udario	5083
zadnje	5081
spavati	5081
kog	5078
šališ	5077
gledajte	5077
hladno	5064
došlo	5063
trebati	5059
kafu	5057
uspio	5053
cipele	5053
božić	5050
sjajan	5048
test	5043
otkad	5032
opasno	5026
sem	5024
sunce	5016
dogodi	5015
nekih	5009
vlada	5007
pitaš	5006
otkud	4995
zadatak	4986
gospođice	4982
ben	4979
onako	4972
pametan	4968
dobru	4963
očito	4955
iznenađenje	4954
poznaješ	4953
ijudi	4950
vratiš	4947
početak	4947
jezik	4946
dozvoliti	4940
upoznala	4936
svejedno	4935
meseci	4920
mary	4916
umukni	4911
naučio	4910
cao	4898
ej	4898
prekini	4894
cini	4890
pomogao	4885
pažljivo	4885
sestru	4884
sretna	4880
meseca	4879
brine	4875
nositi	4874
pri	4871
jebem	4867
uzela	4860
gospodaru	4859
skroz	4850
gospode	4848
razgovarao	4837
tijela	4833
slatko	4830
metara	4829
opasnosti	4824
usput	4823
pomaže	4819
kosu	4816
veza	4816
proći	4814
htjeli	4812
brodu	4806
snage	4804
glup	4801
prsten	4796
večeri	4789
kuce	4788
hrana	4782
krenuo	4779
klub	4765
dopustiti	4759
vesti	4758
sljedeći	4751
držite	4750
ženom	4749
uglavnom	4748
tražiti	4740
živa	4739
ušao	4737
jake	4737
smešno	4733
idiot	4721
jebena	4718
zaboga	4717
dodji	4714
osjećaš	4713
živiš	4712
klinac	4708
pristup	4708
ženi	4705
mojom	4700
glupa	4690
covek	4685
devet	4683
vraga	4678
zaustavi	4677
ozbiljan	4675
ured	4673
trudna	4669
učinila	4667
alex	4660
autu	4657
km	4657
strah	4653
la	4651
probaj	4650
svu	4649
davno	4646
gluposti	4643
pomozite	4643
uzmite	4638
jane	4637
zaboravila	4631
nevolji	4626
odlučio	4625
doktora	4618
razgovarali	4610
celu	4610
seksi	4605
prošao	4605
nazovi	4604
slučajno	4602
dobrodošli	4601
lagao	4594
brak	4593
traže	4592
dođem	4590
program	4587
nastavite	4583
promijeniti	4582
sećam	4579
cijelo	4576
hoce	4576
normalno	4568
zanimljivo	4566
muškarci	4563
mirno	4559
desno	4556
uzmem	4554
izašao	4549
kaze	4547
para	4542
hotel	4540
rano	4539
gle	4535
bolestan	4535
izgledam	4533
dajem	4526
razmišljao	4523
napada	4521
prekasno	4519
narod	4517
žrtva	4499
mišljenje	4493
smijem	4492
telefona	4491
brinem	4489
spasio	4482
skloni	4478
dece	4477
cure	4475
zlato	4473
pobrinuti	4472
nosim	4467
napokon	4464
lik	4453
ljut	4447
vodim	4443
mislimo	4439
dođeš	4437
nos	4437
pripada	4433
poruka	4431
odlazim	4428
kul	4426
krenuti	4411
samnom	4411
izgledaju	4407
objasniti	4406
boje	4404
pogledati	4401
mozete	4392
želela	4390
stići	4389
sledeći	4387
posljednji	4385
divan	4377
kontrolu	4375
onom	4371
vjeruješ	4369
budala	4369
čime	4365
signal	4361
mark	4354
vikend	4353
zvali	4353
duže	4353
mladi	4352
obojica	4347
najmanje	4347
ostanite	4344
njenu	4344
tajne	4342
rekoh	4340
zadržati	4334
detektiv	4334
neverovatno	4332
totalno	4327
čuvaj	4326
rado	4326
vidjet	4322
pokušala	4319
žrtve	4318
uzeli	4315
ples	4310
pokret	4305
igre	4303
ondje	4303
hey	4302
sud	4299
advokat	4291
uciniti	4289
glupi	4288
riješiti	4285
čisto	4283
ostaje	4283
metak	4280
kamion	4279
pita	4277
sarah	4268
očima	4266
prilika	4266
odmor	4260
izvinjavam	4257
zid	4256
prica	4254
jimmy	4251
postala	4249
nikako	4244
pakao	4243
vratili	4241
prvog	4238
stigla	4235
razmisli	4233
spavao	4233
james	4228
vašim	4227
prestanite	4226
henry	4219
cool	4219
zauzet	4217
umesto	4215
predsjednik	4211
čudo	4207
hm	4201
sumnjam	4199
ocu	4196
stiže	4195
ulice	4194
shvatila	4193
stare	4190
tražila	4187
tiho	4186
njegovim	4185
you	4180
ostala	4177
dozvolu	4175
životinje	4174
dokaze	4172
govorite	4171
covece	4170
prijateljima	4166
gotova	4165
kate	4162
novine	4160
obzirom	4160
drugoj	4160
bice	4159
naučiti	4159
pokušavaš	4156
završili	4152
sjajna	4150
iste	4149
konja	4146
pozvati	4142
sreću	4140
počeli	4133
gladan	4126
njegovoj	4120
saznao	4119
odluka	4110
mesec	4107
grupa	4097
ubijem	4096
platio	4096
stanje	4095
ruka	4094
dobije	4085
vau	4084
oružja	4079
ostanem	4079
šala	4078
obećao	4076
nekome	4073
hmm	4070
policije	4068
otkaz	4067
partner	4066
vidis	4065
boriti	4064
dama	4060
nož	4058
kraljica	4058
džek	4053
otici	4048
škola	4046
kolima	4045
ubojica	4045
tjedna	4042
ujutru	4035
zvuk	4033
cilj	4030
istu	4027
težak	4026
čaj	4025
njegovi	4024
tajnu	4022
umire	4021
uđite	4017
odatle	4011
by	4004
slično	4003
mami	3997
duso	3995
odličan	3994
njenog	3989
let	3989
večer	3986
kasnim	3984
droge	3983
pričali	3979
centar	3975
jednim	3971
oba	3971
zatvori	3966
ludi	3963
ratu	3960
sedmice	3960
zena	3952
vojska	3952
baka	3948
tatu	3946
unutar	3938
šansa	3936
nađi	3933
veruj	3929
dug	3927
poslala	3922
brinite	3921
situacija	3915
dovesti	3914
kreten	3910
bježi	3910
divna	3905
lep	3904
zabave	3901
udarac	3899
more	3899
gđa	3895
držim	3892
nosiš	3889
broda	3887
don	3884
pravim	3881
muškarca	3872
deda	3872
vino	3871
dokaza	3870
stanu	3865
poslali	3860
spavam	3858
proveo	3858
boja	3857
zeli	3856
adresu	3847
slušam	3845
ugovor	3840
upomoć	3834
kontakt	3827
iskren	3820
pali	3820
covjek	3817
meso	3814
kartu	3811
ubij	3810
velikog	3809
dnk	3807
veći	3806
los	3806
dopada	3805
situaciju	3803
nažalost	3797
putovanje	3795
nedelju	3792
vašoj	3791
uništiti	3789
kojom	3788
išla	3787
harry	3787
okreni	3786
troje	3780
mrdaj	3779
supruga	3778
donio	3775
otkrio	3772
osobe	3771
bob	3768
prve	3765
spavanje	3760
osobu	3757
pokažem	3756
malog	3755
dat	3753
zauvek	3750
star	3749
shvataš	3747
vatru	3745
igraš	3744
otvoriti	3742
komad	3737
ukoliko	3733
hiljada	3730
tražite	3730
govor	3729
tražili	3728
uhvatiti	3728
kćer	3728
daju	3725
podatke	3721
pazite	3721
pojavio	3718
pogledam	3715
jede	3713
vrag	3712
puna	3712
doista	3711
dozvoli	3709
izlaz	3707
odlicno	3705
nikog	3704
doviđenja	3697
životinja	3695
sreća	3695
odgovori	3695
veruješ	3693
kriva	3690
velikim	3687
strana	3687
majci	3686
volimo	3686
pozdrav	3685
nick	3684
imenu	3683
ustani	3683
zadnja	3679
postane	3678
riba	3675
napustio	3675
policiji	3675
jučer	3672
osiguranje	3669
poslednje	3663
igram	3662
naredniče	3662
provjeriti	3661
skini	3661
zločina	3661
pustio	3660
završila	3653
svo	3652
razmišljam	3649
kucu	3649
lijep	3648
zatvora	3641
tacno	3634
obrada	3634
tajni	3633
tišina	3631
nigdje	3630
ubija	3627
slusaj	3622
dečka	3620
meta	3620
tad	3614
kazes	3601
vrijedi	3599
ubojstvo	3597
bićeš	3592
brineš	3592
vraća	3592
ničega	3592
prošlost	3588
mnoge	3587
kralja	3583
jednoj	3578
donijeti	3574
operaciju	3573
same	3573
uhvati	3572
zamisliti	3571
moga	3566
kvragu	3564
otkriti	3563
pozovi	3563
koriste	3560
pokazao	3556
pamet	3554
rečeno	3548
zlo	3548
zabavi	3548
david	3545
najveći	3544
takvo	3544
engleski	3541
taksi	3541
onome	3537
generale	3536
koristio	3534
sara	3532
takvu	3531
nek	3528
odluku	3526
snagu	3525
napravim	3525
prošla	3524
zvuci	3524
sladak	3523
peter	3515
umoran	3514
mada	3513
danny	3513
ljuta	3511
zgrade	3509
smije	3508
usred	3507
prosto	3506
liči	3506
zamisli	3504
heroj	3498
živote	3498
vrstu	3497
vrste	3496
ubiješ	3488
popodne	3486
prvu	3485
dječak	3484
zabrinut	3483
operacija	3483
kuca	3482
prokleto	3481
milijuna	3477
tommy	3474
pričala	3473
uspeo	3469
osobno	3468
jak	3465
restoran	3464
vaši	3462
grozno	3461
govno	3458
miči	3455
zapamti	3451
drvo	3450
srećna	3449
covjece	3447
dobiješ	3446
rachel	3444
voditi	3440
drugima	3436
suviše	3435
sestro	3433
pritisak	3431
priznati	3429
petak	3422
hitno	3419
nedavno	3418
učinili	3416
pokazuje	3410
laži	3407
igramo	3405
zavisi	3402
borbu	3400
pol	3399
damo	3397
tvojom	3394
bolesna	3391
paul	3391
skupa	3390
hotelu	3383
krivica	3383
napustiti	3382
vratima	3376
general	3374
prošlosti	3373
shvaćam	3369
daš	3368
vratit	3366
steve	3366
vlasnik	3366
zube	3365
moci	3362
plus	3360
živimo	3360
uhvatio	3358
traje	3358
porodici	3358
kosa	3355
pobjeći	3355
max	3354
čuje	3354
york	3353
sumnje	3350
jutra	3348
poručniče	3347
umreti	3343
obožavam	3341
doručak	3339
bivši	3336
smiješ	3332
pucaj	3332
prodaju	3332
išli	3331
sazna	3329
fer	3326
slatka	3325
samog	3325
noću	3318
mogućnosti	3318
cijela	3315
slušati	3315
prvom	3313
voziti	3311
dosao	3308
oci	3305
čujete	3304
čekaju	3304
lažeš	3303
daću	3301
nalog	3300
park	3300
and	3300
krenemo	3299
jedni	3299
računa	3299
srcu	3297
americi	3291
kutiju	3291
spavala	3290
stavite	3289
zrak	3288
vozim	3287
uspjeti	3287
iko	3284
pratiti	3283
sunca	3282
svidja	3278
ser	3278
odavno	3278
centru	3277
plašim	3277
noci	3277
primjer	3276
čuj	3276
bori	3276
odgovornost	3272
mame	3272
ii	3271
pijan	3271
neces	3271
razliku	3267
vremenu	3266
trenutka	3266
ostaneš	3265
kamere	3263
love	3262
borba	3262
primer	3260
predivno	3258
sledeće	3256
odvratno	3253
ruci	3248
volite	3247
početka	3247
narode	3245
gori	3244
pošteno	3243
ponosan	3242
nečega	3242
pomogneš	3241
dar	3241
licu	3240
motor	3238
mrzi	3236
otprilike	3236
pobjegao	3236
načina	3233
bliže	3232
ubit	3232
država	3230
sretni	3227
njenom	3226
vojnik	3226
miris	3225
tela	3219
rupu	3218
nađe	3217
milion	3216
poznato	3215
osećaj	3215
gospodina	3214
držiš	3212
informacija	3209
dođu	3209
trči	3208
drogu	3208
starog	3206
kamera	3205
opa	3204
poruke	3202
beži	3200
не	3200
začepi	3198
banke	3198
milja	3193
cega	3193
gospođa	3189
uhvatili	3188
dogovoreno	3184
frenk	3183
stariji	3180
ključeve	3179
lovu	3179
sudu	3179
pogodi	3177
vina	3171
jebeš	3169
valja	3169
veće	3165
uspjeli	3165
bolest	3162
sekundu	3161
sudbina	3160
očekivao	3158
nađeš	3158
muziku	3157
prihvatiti	3157
šalim	3156
pravilo	3152
dužnost	3150
završim	3149
sjedni	3148
poziva	3148
claire	3144
potez	3142
popraviti	3142
zaveži	3142
vojnici	3141
čekamo	3141
minute	3139
се	3138
savršen	3138
opasnost	3130
ray	3124
dozvolite	3123
torbu	3123
dolaziš	3122
osećaš	3122
neprijatelja	3120
bacio	3120
granice	3117
planove	3116
sredi	3114
vođa	3113
snaga	3112
kurva	3111
otvorite	3108
izvor	3103
kupila	3102
grudi	3101
prodaje	3101
umrem	3100
laž	3098
tony	3094
povrijediti	3092
čekao	3091
nedelja	3088
hteli	3087
dosadno	3086
uradite	3083
glupost	3082
duga	3080
ček	3079
diraj	3079
vrat	3079
kopile	3077
stati	3076
provesti	3076
slucaju	3075
pokušali	3072
važan	3071
gej	3068
kamen	3067
advokata	3066
budućnosti	3064
nijedan	3063
vojnika	3059
pala	3050
kćerka	3050
slušaš	3049
pokušavao	3047
poznat	3046
posto	3045
zla	3045
kojih	3044
ribe	3044
vozila	3043
minutu	3042
nagradu	3038
luke	3033
pametno	3027
dušu	3027
zločin	3025
razlika	3025
raj	3024
nevjerojatno	3024
krug	3023
lose	3023
necemo	3022
igrao	3022
roditelje	3021
smirite	3020
muzika	3018
prijevod	3013
roditelja	3009
vodite	3007
bomba	3005
njegovih	3003
sramota	3003
dugujem	3002
odjebi	3002
cudno	3001
zadrži	3001
mozga	2998
istom	2997
govorila	2996
prolazi	2996
lijevo	2993
neprijatelj	2992
huh	2992
visoko	2992
slucaj	2990
bebe	2988
kupi	2985
doneo	2985
spavaš	2985
opasan	2981
smeće	2981
ravno	2980
kažemo	2979
okay	2976
kosti	2975
njihovu	2973
makni	2972
govorimo	2971
dokazati	2971
ubijena	2968
poslednja	2967
borbe	2967
trik	2965
noćas	2962
rada	2961
pošalji	2961
prokleta	2958
pogledao	2958
policajci	2957
dobrog	2951
ženama	2948
vaših	2947
pojavi	2946
reče	2941
billy	2941
ponudu	2938
kratko	2932
činjenica	2931
večera	2931
gledala	2929
crni	2927
gledaju	2927
prilicno	2927
zvijezda	2926
jaka	2924
jedem	2923
stolu	2922
velikom	2922
sedite	2921
previse	2920
spasi	2918
ujak	2915
podataka	2913
poznajete	2913
napravimo	2913
tima	2911
izađe	2910
umorna	2908
svjetlo	2906
bre	2906
robert	2905
novom	2896
pukovniče	2895
nivo	2895
prodati	2893
operacije	2892
mobitel	2890
brige	2887
udari	2887
treći	2884
provjeri	2884
objasnim	2883
karen	2881
čarli	2881
bolnice	2881
cijenim	2880
zakona	2878
nosio	2878
vojsku	2878
prođe	2875
umu	2875
pametna	2873
pričaju	2873
emily	2872
profesor	2871
pozvala	2867
autobus	2866
bolja	2864
ocem	2864
ubiju	2864
srećno	2863
zaboravite	2862
predstavlja	2861
kakvi	2857
vijest	2856
crna	2854
plati	2854
nesreća	2854
ostavili	2853
države	2853
jim	2852
ubojstva	2851
obje	2850
odgovoran	2847
blago	2846
pete	2846
decko	2844
poći	2843
bolesti	2843
otvorena	2843
odrastao	2841
nadao	2839
zahvaljujući	2837
pomislila	2836
prodao	2833
haljinu	2833
svakoga	2833
rođen	2831
zaljubljen	2830
desava	2830
nazvala	2829
vrhu	2829
gomila	2827
čudovište	2824
eric	2822
idiote	2822
pronašla	2821
upoznam	2820
ukus	2820
ubrzo	2818
sredio	2818
kavu	2818
kontrolom	2817
krivi	2816
savjet	2815
braku	2814
pucao	2813
poštovanje	2810
grupe	2810
kom	2809
dvaput	2809
tesko	2808
trebaće	2807
majk	2806
izađi	2806
dobit	2805
zgodan	2803
ćerka	2802
slobodna	2801
ucinio	2799
meri	2798
ptica	2796
početku	2795
najgore	2792
krenuli	2791
uzmeš	2791
stanice	2790
vjeruje	2789
odnos	2789
počne	2788
iskoristiti	2785
direktno	2785
sreli	2785
agente	2778
eddie	2777
most	2776
završimo	2776
gledali	2773
izabrao	2772
neznam	2766
pričate	2765
prostor	2765
nevolje	2761
cujem	2758
loptu	2757
klubu	2757
slobodu	2754
požurite	2749
liniju	2749
kameru	2749
neceš	2748
ulogu	2746
bobby	2744
stoj	2744
iznenada	2742
pisma	2742
ideje	2742
vozio	2741
voz	2739
bill	2736
otkrili	2735
kancelariju	2735
partnera	2735
policajca	2732
kancelariji	2731
poljubac	2731
takodje	2731
sreo	2731
ispravno	2730
energije	2729
trebat	2727
direktor	2726
popričati	2721
pojesti	2720
izvukao	2717
kiša	2717
ptice	2714
učinim	2714
princ	2713
snimak	2712
kučko	2711
pozovem	2707
ozbiljna	2706
kuhinji	2706
javiti	2705
nasamo	2705
živio	2702
oduvijek	2702
džo	2702
ides	2701
mogućnost	2701
odjeću	2699
borbi	2699
selo	2699
vruće	2699
bojiš	2696
čas	2693
odete	2692
vodio	2690
glavom	2690
izgledao	2689
gđica	2688
amy	2687
nebo	2686
čudan	2686
roditeljima	2686
preveo	2684
rezultat	2681
vatra	2680
počelo	2679
preuzeti	2677
gotovi	2676
sigurnost	2676
vazduh	2674
nigde	2668
uključujući	2667
laže	2665
upali	2665
poseban	2663
verovati	2663
ulica	2662
ulicu	2662
novinama	2661
jelo	2661
chuck	2660
šefa	2659
pobijediti	2658
guzicu	2658
američki	2658
ekipa	2655
of	2655
will	2649
sinoc	2646
duše	2645
piti	2645
ponašanje	2645
obaviti	2643
tetka	2643
pokušavaju	2642
pravom	2641
momke	2638
nada	2638
iskustva	2637
kombi	2636
širom	2636
poslove	2636
robin	2636
poznaje	2636
parku	2635
novcem	2634
uzme	2634
imenom	2634
čitav	2633
gledamo	2633
teška	2630
prst	2630
sinko	2629
lijek	2628
grešku	2628
oprostiti	2626
odluke	2625
jedinica	2624
pozadi	2624
hiljade	2623
drugačiji	2622
velik	2620
odlična	2619
raste	2619
napao	2618
crveni	2617
wow	2616
pratio	2616
stotine	2615
chris	2613
predstavu	2612
pijem	2609
martin	2608
pođi	2607
kilometara	2606
plaši	2604
madam	2603
imat	2603
član	2602
pročitao	2602
potrazi	2602
lisa	2599
lee	2598
čist	2598
mrtvih	2597
novim	2596
kučka	2595
stanica	2594
mo	2593
tragove	2593
oženjen	2592
helen	2592
odveo	2592
položaj	2591
visosti	2591
razgovara	2590
pjesmu	2589
rak	2587
izgledalo	2587
jedinice	2586
makar	2586
ovakav	2584
šalje	2583
funti	2583
ostalih	2582
drže	2581
majkom	2581
cetiri	2579
pice	2578
fali	2576
lagala	2575
propustio	2574
njihovim	2572
listu	2572
zovite	2571
padne	2568
držao	2568
filmu	2567
odgovore	2566
potpunosti	2566
yeah	2565
šumi	2564
fin	2563
kaznu	2559
leti	2556
odoh	2556
gubitak	2554
mlad	2553
nose	2548
vozilo	2546
stanicu	2544
miran	2544
sviđaš	2541
odlučila	2541
hocete	2540
zadnjih	2540
smrdi	2539
klijent	2537
lov	2537
dovedi	2533
misija	2531
plašiš	2531
jedeš	2528
dogovorili	2528
nevjerovatno	2527
kreće	2525
nečemu	2523
jeo	2522
cula	2521
moguce	2519
johne	2519
charles	2519
moli	2517
vjerovao	2517
opremu	2517
nestalo	2517
javite	2516
molimo	2515
uđe	2513
izvještaj	2513
izašla	2512
ubice	2512
london	2509
poslom	2508
zgradu	2506
stanici	2506
fantastično	2505
momče	2505
džon	2503
annie	2502
oduvek	2500
stavila	2500
linija	2499
sladoled	2494
svjetla	2494
kompanije	2490
zgrada	2490
predlažem	2489
it	2488
donosi	2487
kćeri	2487
jebene	2487
hitnu	2486
predsednik	2485
igri	2485
zezaš	2480
mamom	2475
muči	2472
živjeli	2470
osecam	2469
iznutra	2468
čujemo	2467
podnijeti	2467
boji	2466
stoga	2466
počnemo	2465
led	2465
kreveta	2462
isus	2460
ulaz	2459
stol	2456
ispričavam	2456
gazda	2453
kompanija	2453
gomilu	2453
leži	2453
međuvremenu	2452
njihovo	2452
dužnosti	2450
cela	2449
rupa	2448
detektive	2448
johnny	2446
trajati	2445
iskustvo	2445
nogama	2444
žalim	2444
obzir	2440
šou	2440
sudija	2439
vece	2438
plaća	2437
gladna	2436
muka	2434
jedi	2432
uši	2431
bićemo	2431
obuci	2431
prijateljice	2429
zaštititi	2428
baru	2426
če	2425
pokušavamo	2424
pricam	2421
željeli	2420
životom	2419
ribu	2418
postali	2415
probudio	2411
kupim	2409
princeza	2408
zvezda	2408
nervozan	2408
glavna	2405
izgledati	2404
majkl	2403
stoje	2401
jebenu	2401
smem	2400
dave	2400
igraju	2397
velikoj	2396
pacijent	2394
vjenčanje	2393
sekund	2389
bako	2389
vojske	2388
krećemo	2387
zaslužuje	2386
odgovoriti	2384
ubiću	2384
popričamo	2384
košta	2382
duša	2380
izgledate	2380
nikakav	2379
dani	2379
posljednje	2379
poenta	2379
zovete	2378
čine	2378
udar	2377
nastavimo	2377
ted	2375
koristim	2374
mač	2373
ovakve	2372
nade	2371
sinu	2370
kurvin	2369
konj	2369
drugar	2368
uzimam	2366
odlučili	2365
zovemo	2365
prestao	2364
plana	2364
otkako	2362
miss	2361
ostavim	2361
saznala	2361
primio	2359
ustaj	2359
ana	2357
gospodar	2357
aviona	2357
uzima	2356
dobija	2354
nase	2353
pripremite	2351
sok	2351
vratiću	2349
bombe	2349
momaka	2349
zaštitu	2346
kučkin	2346
zamalo	2345
filma	2344
moru	2343
budalo	2343
rizik	2342
dopusti	2336
lezi	2334
stvorio	2334
pića	2333
pucati	2332
malom	2331
obe	2330
zgradi	2329
svašta	2329
leta	2329
pomogla	2329
čiji	2328
baciti	2328
kutija	2328
pariz	2327
udara	2326
krivo	2326
carl	2324
fotografije	2323
područje	2323
predsjednika	2322
udala	2322
istog	2322
jao	2321
ispalo	2319
ponavljam	2317
nik	2317
pesmu	2317
krivim	2317
ameriku	2316
djevojčica	2314
duha	2314
amerikanci	2314
podršku	2314
crvena	2314
stavim	2314
virus	2312
deco	2310
nabaviti	2309
njihovih	2306
svetlo	2304
predati	2303
naučila	2303
normalan	2303
pogodio	2303
pitate	2303
bombu	2302
dvadeset	2301
slučaja	2301
svoga	2301
srednje	2301
razumijete	2300
papir	2300
razmišljala	2300
sigurnosti	2300
mrtve	2300
sigurnom	2299
sekunde	2298
podigni	2298
zelite	2298
probati	2296
pozdravi	2295
vatre	2294
veličanstvo	2294
krije	2293
model	2292
nosila	2291
deluje	2291
susan	2290
pronaci	2290
planine	2289
wc	2288
informaciju	2288
el	2287
budes	2287
stigne	2287
polje	2286
razumio	2284
dovodi	2282
istragu	2282
dokle	2282
krene	2280
henri	2280
pije	2280
šešir	2279
vlade	2279
uzet	2279
vozač	2278
zabrinuta	2277
postaviti	2277
teže	2276
poručnik	2275
izmedju	2275
čista	2275
njime	2273
vremenom	2273
curu	2273
spremno	2272
osnovu	2271
stavili	2270
praviš	2269
richard	2267
in	2267
tati	2267
ljudsko	2267
razmišljaš	2265
cijenu	2265
pratite	2264
profesore	2262
navodno	2262
ubicu	2262
pridružiti	2262
očekujem	2262
kapetana	2261
stana	2261
leo	2261
detalje	2261
odu	2261
ooh	2260
svemir	2260
dodaj	2259
vrate	2259
ponoviti	2259
njenim	2259
sef	2257
shvatili	2257
ed	2255
podu	2255
uveče	2255
muškaraca	2255
ušla	2253
cim	2253
cia	2251
dobrih	2251
sačekajte	2250
zaštiti	2246
odustati	2244
razgovarala	2240
rej	2240
nekoj	2240
kamp	2239
mira	2238
utakmicu	2237
povratak	2237
nered	2236
pitali	2236
posljednja	2235
stil	2235
gledate	2235
greške	2235
terenu	2234
sastanku	2234
dnevnik	2233
prostora	2232
tijekom	2230
šerife	2230
rose	2229
naređenja	2229
stopala	2227
mlade	2227
dnevno	2227
palo	2224
saznam	2223
malim	2222
svjedoka	2221
prednost	2220
paket	2220
promijenio	2219
uspeti	2219
slobodni	2218
karijeru	2217
nestati	2216
situaciji	2215
nazvat	2214
izvrsno	2208
imalo	2207
uništio	2207
izlazim	2206
rane	2205
uzrok	2203
jedu	2203
poljubi	2202
muda	2201
pažnja	2200
restoranu	2198
pasti	2198
piter	2197
gadno	2197
važna	2196
dobrodošao	2194
ljuti	2194
nagrada	2194
subotu	2193
parizu	2191
zahvalan	2189
jela	2189
krenula	2187
pobegao	2186
živeli	2186
pogotovo	2183
mm	2182
poznavao	2182
crkvu	2181
pobrini	2181
izjavu	2180
planeta	2179
momcima	2178
uzmemo	2177
linije	2177
svatko	2175
straha	2175
dobijemo	2175
ču	2174
otvorio	2173
harvey	2171
tvrdi	2171
izvuci	2171
leda	2171
besplatno	2171
molly	2169
šerif	2169
savršena	2167
samu	2166
pravog	2161
dosije	2161
rupe	2161
karticu	2160
pratim	2160
vraćamo	2159
sise	2159
vredi	2158
postavio	2156
postaju	2156
voziš	2156
anna	2155
počni	2155
saznali	2153
sredim	2152
suđenje	2151
dečak	2151
planete	2149
ušli	2149
bore	2148
ponašaš	2148
sljedeće	2148
nebi	2148
nestali	2148
časni	2146
donesem	2145
papire	2145
uspori	2144
zamolio	2144
jednoga	2143
čvrsto	2143
uspjela	2142
izraz	2142
bogom	2142
traga	2141
duguješ	2141
devojčica	2141
strava	2141
lily	2140
mogle	2140
mrtvog	2140
zahvalnosti	2139
djed	2139
pojeo	2139
knjizi	2139
noga	2138
mobilni	2137
kevin	2136
problemi	2136
udati	2136
zivota	2136
seronja	2135
sme	2135
banku	2134
nimalo	2134
razgovora	2133
droga	2132
crne	2132
danima	2131
spomenuo	2131
rukom	2128
jadni	2126
izvesti	2126
razumeo	2124
staro	2124
vlasti	2123
naročito	2123
napisala	2122
lopov	2121
diži	2120
psi	2119
pokupiti	2119
hari	2118
tužno	2118
ponudio	2116
agenta	2115
smisao	2114
čekaš	2114
mmm	2114
mijenja	2113
tate	2113
alarm	2113
ortak	2112
istoj	2110
velikih	2109
snimke	2109
zahvalim	2109
go	2108
borio	2108
braća	2107
bogatstvo	2107
vase	2105
vest	2103
uostalom	2103
onima	2103
grace	2102
puni	2102
izgubim	2101
završava	2100
sveti	2099
fina	2099
zauzeta	2097
dječaka	2097
prste	2097
služi	2097
odvedi	2096
gospodjo	2095
dobrim	2095
piva	2095
tocno	2094
savet	2093
srećom	2092
oluja	2091
izdržati	2090
prijem	2090
gubimo	2087
stajati	2085
izveštaj	2085
umirem	2084
želja	2084
takvim	2083
visok	2083
oblik	2082
uzorak	2082
stop	2080
listi	2079
dozvoljeno	2078
genije	2077
lagati	2077
nastavlja	2077
pripremi	2076
zaustavite	2076
veruje	2075
lažem	2075
nikakvog	2075
vrh	2075
čuva	2075
zaslužio	2072
itko	2072
omiljeni	2071
novih	2071
seksa	2071
cijelom	2070
jerry	2069
nestane	2068
crno	2067
dosad	2067
francuski	2066
uspeli	2066
nasa	2065
hiljadu	2065
pukovnik	2065
yorku	2065
dovela	2065
šuti	2064
najveća	2063
sjesti	2063
povuci	2062
umiru	2060
rezultate	2060
londonu	2060
sustav	2059
mesa	2059
njihovi	2058
najgori	2057
smatra	2057
upucao	2056
planeti	2055
toni	2054
otisao	2052
posvuda	2052
osiguranja	2052
pricas	2052
napraviš	2051
energiju	2050
vojsci	2050
crveno	2049
javio	2048
napustila	2048
stomak	2048
narednik	2048
pogodak	2047
amerika	2047
stav	2046
očekuje	2046
pričekaj	2046
hodati	2046
uzbudljivo	2045
djeco	2044
plaži	2044
jače	2043
krila	2043
pišem	2042
dela	2040
milosti	2040
budan	2040
otrov	2038
upozorenje	2038
pse	2038
nalaze	2038
bolju	2037
najboljih	2037
počinjem	2037
kćerku	2036
levo	2036
morgan	2036
sjetiti	2035
putovanja	2035
haljina	2033
gladi	2032
javlja	2032
sklonite	2031
ponuda	2031
ovoliko	2031
kelly	2031
izgled	2030
priznajem	2029
miriše	2028
razumete	2028
popiti	2027
vodom	2026
kontrole	2026
mačka	2026
spremi	2026
očiju	2025
sela	2025
nov	2024
spoj	2024
izuzetno	2023
starom	2022
pravcu	2021
zahvaliti	2021
tren	2020
prošlog	2017
izađem	2017
jadna	2016
rana	2015
adam	2015
umreš	2015
toku	2014
dolazimo	2014
kazna	2013
djeci	2013
larry	2012
trudim	2011
skinuti	2009
uzeću	2009
slatki	2009
timu	2008
odlazimo	2008
izdao	2008
marija	2006
prolaz	2006
bazu	2005
djeluje	2005
neobično	2004
razumjeti	2004
amerike	2004
proveri	2003
izgledala	2003
zatvoren	2002
moraćeš	2002
sakriti	1999
smijemo	1997
naroda	1996
međutim	1995
jenny	1994
vodiš	1994
prestane	1994
uđem	1993
kći	1992
otvoren	1992
deni	1992
sred	1992
crkvi	1991
primljeno	1990
odbio	1988
clark	1988
tipom	1987
dane	1987
сам	1986
coveka	1985
eli	1984
davide	1984
čašu	1982
ispričati	1981
brzinu	1981
adresa	1980
spavaj	1979
ostrvo	1978
otvoreno	1978
uništi	1976
uživo	1976
zdravlje	1976
onoj	1975
hrabrosti	1974
drzi	1973
datum	1973
krov	1973
poznata	1972
koristili	1971
podne	1971
govorili	1970
čovjeku	1970
staru	1970
то	1969
tjedana	1969
klinci	1969
krenem	1967
klijenta	1967
lucy	1966
izazov	1965
odrasla	1964
preživjeti	1963
kluba	1962
bića	1962
svetla	1962
sluša	1961
sali	1961
dokazi	1960
poludio	1959
kompjuter	1958
kukavica	1956
mrziš	1955
telefonu	1955
objasni	1955
slomio	1954
zaboravim	1954
ljubomoran	1954
spisak	1953
uživaj	1951
otiske	1951
stola	1951
josh	1950
andy	1950
pokupi	1949
kaput	1948
pantalone	1948
ajmo	1947
nevin	1946
osjecam	1946
njezin	1945
spustite	1945
provela	1945
seronjo	1945
kutije	1945
stao	1944
alice	1942
emma	1941
teorija	1941
gas	1941
razmislim	1941
čin	1940
prate	1940
neba	1939
pjesma	1938
krenite	1938
dodjavola	1937
proces	1937
sjećate	1937
rok	1937
veća	1936
zvijezde	1935
vic	1934
umrli	1933
celo	1932
sjediti	1932
srecan	1932
koristiš	1931
držimo	1930
takvi	1929
bogat	1928
pustili	1927
zene	1927
tatice	1927
srednjoj	1925
njenoj	1924
raspored	1923
zatvorena	1922
ljudski	1922
vikenda	1921
pobogu	1920
bolnica	1918
viski	1918
napasti	1917
smeš	1917
poginuo	1916
ukrala	1916
saznamo	1915
popij	1914
posebna	1914
praviti	1913
zaljubljena	1913
robu	1912
interesantno	1912
stolom	1912
ubijaju	1912
postalo	1912
mašina	1912
svinja	1911
želje	1909
diši	1909
planu	1909
bratu	1908
sklanjaj	1906
epizoda	1906
abby	1905
lepe	1905
jednako	1904
karta	1903
korist	1903
matt	1902
osloboditi	1901
cele	1901
obale	1901
granica	1901
zatvoriti	1900
pustim	1899
piješ	1899
misiju	1899
zadovoljan	1898
naređenje	1898
paziti	1896
danu	1896
želju	1896
sistema	1894
pozive	1893
greg	1893
drug	1892
pogleda	1892
donijela	1892
pojavila	1892
sude	1892
živeo	1892
priuštiti	1892
alane	1891
pricati	1890
uhvate	1890
ponosna	1889
grupu	1888
slučajnost	1888
stignemo	1888
predugo	1887
izađeš	1887
osjeća	1887
ostalima	1886
hotela	1885
pojaviti	1885
snova	1885
trener	1884
odijelo	1884
sposoban	1883
svakoj	1879
odrasli	1878
prijatno	1877
pomoglo	1876
zamislite	1875
srećni	1875
liniji	1874
br	1873
toplo	1872
ljudska	1872
sila	1870
pozvali	1869
pustiš	1869
bobi	1867
predstava	1867
volje	1866
stepenice	1866
edi	1866
mraku	1865
izađemo	1864
suprug	1864
upoznaš	1864
pisati	1864
činjenice	1863
starim	1862
cuti	1862
vodimo	1861
čija	1860
razgovaraš	1860
napravite	1860
pisao	1859
kupatilo	1858
izbaciti	1856
značilo	1856
đubre	1854
sezona	1853
prozora	1853
čitati	1852
osjećao	1852
ujka	1852
sviđaju	1851
vjeruju	1851
ponaša	1850
jedemo	1850
ceka	1850
pisac	1849
doveli	1849
poslat	1848
dolazio	1848
banka	1848
popio	1848
oprezan	1847
džejn	1847
simon	1846
prešao	1843
shvatim	1842
istraživanje	1842
zidu	1842
naredio	1841
zraka	1841
sjednite	1840
stvorenja	1839
plesati	1839
gubite	1838
većinu	1838
učitelj	1838
pricu	1837
moraću	1837
gary	1835
glasine	1835
materijal	1835
alison	1834
đavo	1834
odlazite	1834
veceru	1834
shvati	1832
voljeti	1832
domu	1831
snove	1831
punu	1831
stižem	1830
učiniš	1829
osoblje	1827
filmove	1826
običan	1825
dogadja	1822
prijavio	1821
prirodno	1821
znanje	1821
kožu	1820
toalet	1820
čekali	1820
poznati	1820
završiš	1818
lagano	1817
laura	1817
alo	1816
neugodno	1815
selu	1814
scott	1814
objašnjenje	1814
smjesta	1813
pronađem	1813
kose	1810
čekala	1810
karl	1809
zauzeti	1809
ćerku	1809
ludilo	1808
dna	1808
fred	1806
konacno	1805
sanjao	1805
uređaj	1805
suprotno	1805
snu	1804
čudna	1804
spasila	1803
uma	1803
povući	1803
naporno	1803
usluge	1802
zivotu	1802
stvara	1800
istine	1799
price	1798
kartice	1798
muškarce	1798
zmija	1798
primetio	1797
nebu	1797
platim	1796
žurku	1796
znanja	1796
avionu	1795
uhapšen	1795
podrumu	1795
prezime	1794
čuvar	1794
parker	1793
teret	1793
svrhe	1792
luk	1791
ogroman	1790
usne	1789
dolar	1789
kafe	1788
svira	1787
odveli	1786
članak	1785
stojim	1785
dosli	1783
rec	1782
počnem	1781
pio	1781
pucajte	1780
spratu	1778
najvažnije	1777
bend	1776
ryan	1775
osjetiti	1775
brz	1773
dođemo	1772
ponuditi	1772
golf	1772
nemogu	1771
promenio	1770
odeću	1770
hrabar	1770
djeteta	1769
oslobodi	1769
nedostaješ	1768
otkrila	1768
king	1768
ukrali	1767
opasna	1767
kolega	1766
rođak	1765
hitler	1764
takvih	1763
rim	1763
postojati	1762
ugasi	1762
aerodrom	1761
prekinuti	1761
prestaneš	1760
ponovi	1760
sudbinu	1759
pobijedio	1758
odavdje	1758
lokaciju	1758
gubim	1757
ho	1757
koledž	1755
budući	1753
gost	1753
iznova	1752
nekakav	1751
nemas	1750
nadu	1750
pogledaš	1749
iznenađen	1749
bliski	1748
daniel	1747
pomognemo	1747
oružjem	1747
ostavlja	1746
plava	1746
zgodna	1746
djelo	1746
čitam	1746
dopustite	1745
pokazala	1745
hoda	1745
ostanemo	1744
čitao	1743
veličine	1743
utorak	1743
vazno	1742
lijepe	1740
cenim	1740
hrabrost	1739
oženio	1739
živite	1739
ogromna	1739
izlazite	1739
thomas	1738
potrebni	1738
zapamtite	1738
istraživanja	1737
džejms	1737
smatram	1737
policijski	1737
probao	1736
muško	1735
nosite	1735
venčanje	1734
smetati	1734
zaboravili	1734
odvjetnik	1734
ostaviš	1733
nađu	1732
prirode	1731
puca	1731
primiti	1730
primili	1730
bogati	1730
njihovom	1729
maggie	1728
natjerati	1727
inspektore	1726
zlata	1724
pitajte	1724
vraćaj	1724
pobjegla	1721
uplašen	1720
uplašio	1720
odlaziš	1720
sredini	1719
unazad	1719
mr	1718
bicikl	1716
dodje	1715
boju	1715
poslova	1715
amanda	1713
planirao	1713
momenat	1712
svemiru	1712
elizabeth	1711
barry	1710
nasao	1710
nina	1709
koristimo	1708
kuhinju	1708
mac	1707
takvog	1707
obećaj	1707
bazi	1707
slijedi	1706
lova	1706
uči	1706
usluga	1705
njihovog	1705
pušku	1704
omiljena	1704
volis	1704
pune	1704
pošaljite	1703
date	1703
stajao	1703
rob	1702
dvojicu	1701
uvjeriti	1701
obicno	1701
banci	1700
izašli	1700
samoubistvo	1699
debeli	1698
pacijenta	1698
privatni	1697
vasa	1696
pokazuju	1696
novosti	1696
pomislim	1696
igraj	1695
izgovor	1695
borim	1695
crkve	1695
bocu	1694
hocemo	1694
pogledamo	1694
linda	1693
culi	1693
donna	1692
oteo	1691
završen	1690
promjene	1689
nikakvih	1689
preklinjem	1688
igrali	1687
staviš	1687
skidaj	1687
razmišljati	1686
svjedok	1684
kože	1684
ovisi	1684
teren	1684
cvijeće	1683
pozovite	1683
bazen	1683
ocigledno	1682
zvaću	1681
jesse	1681
godini	1681
čuvati	1681
stolicu	1680
deci	1680
džone	1680
proklet	1680
intervju	1678
internet	1677
vrijedno	1677
zaraditi	1676
uvrede	1676
pogrešan	1676
anđeo	1675
amen	1675
identitet	1675
margaret	1674
hank	1674
prekinite	1673
jebe	1673
pesma	1672
dosla	1672
akcija	1672
liz	1671
osumnjičeni	1671
zenu	1670
grlo	1670
licem	1670
društvu	1669
mačke	1669
malih	1669
probuditi	1669
ulicama	1669
majore	1669
pilot	1669
vožnju	1669
provjerio	1669
službe	1668
osjećati	1668
whoa	1668
odmori	1668
budale	1667
štiti	1665
prstiju	1665
alkohol	1664
helikopter	1664
videćemo	1664
nesreću	1663
večere	1663
poceo	1663
man	1663
pogriješio	1662
počneš	1662
udarila	1662
hana	1660
dnu	1660
priznanje	1660
drveta	1659
kupili	1659
borimo	1659
paklu	1658
planetu	1658
julie	1658
zida	1657
spremite	1657
kontaktu	1656
promjena	1656
djecom	1655
prazan	1655
obecavam	1655
nikom	1654
struje	1654
promeniti	1654
nervozna	1654
pokazaću	1653
aktivnosti	1653
bum	1653
satima	1651
rodila	1651
predmet	1650
račune	1649
lek	1649
različite	1648
nikakvu	1648
nabavio	1647
kriste	1646
nauči	1646
braka	1646
izgledas	1646
uopce	1646
celog	1645
rijeci	1645
polja	1645
postanem	1645
ostalim	1644
osećanja	1644
napali	1644
odlazak	1643
jeff	1643
plavi	1643
akciju	1643
pauzu	1643
godišnje	1643
očekuješ	1641
glasno	1641
tajno	1640
doktori	1640
iskoristio	1640
džordž	1640
prazna	1640
vojni	1640
ostajem	1640
metu	1639
šumu	1638
požar	1638
objašnjava	1638
brinuo	1638
klinca	1638
ureda	1638
iskrena	1637
pokazat	1637
žrtava	1636
žrtvu	1636
covjeka	1635
razvod	1635
nevolju	1634
želeli	1634
vjerujte	1634
magija	1633
priznao	1633
dim	1633
živeti	1632
slušao	1632
prvih	1631
napravit	1631
stane	1631
napisati	1631
obali	1630
sendvič	1630
pomogli	1629
opcija	1629
walter	1629
doneti	1627
uprkos	1627
prljavi	1627
šupak	1627
istraga	1627
dođete	1626
nevolja	1626
namjerno	1626
konje	1625
shvaćaš	1625
scenu	1625
poslednjih	1624
automobila	1624
stali	1623
nesreće	1622
kyle	1622
generala	1622
vragu	1622
papira	1622
smisliti	1622
veštica	1621
izgubiš	1621
prekidam	1621
chloe	1620
plakati	1619
umalo	1618
donela	1618
trebale	1618
kancelarije	1618
izgubi	1616
kasniš	1616
javnosti	1615
uđeš	1615
koristite	1615
reda	1614
crvene	1614
čisti	1613
prerano	1613
pricaš	1612
nečeg	1612
predivna	1612
prijateljstvo	1611
stvorenje	1610
novčanik	1609
uplašena	1608
devojkom	1608
otvara	1608
interesuje	1608
prijateljem	1607
gay	1607
kutiji	1607
razmisliti	1606
mrak	1606
vjetar	1606
oku	1606
povijesti	1606
povesti	1606
cijele	1605
slijedeći	1605
nijedna	1604
okrenuti	1604
kretenu	1604
zvezde	1604
akcije	1604
tipovi	1604
rođaka	1603
rame	1603
jasan	1602
upao	1602
goste	1602
služba	1601
odjel	1601
bande	1601
važnije	1600
odelo	1600
poziciju	1600
optužbe	1599
pustila	1599
alan	1599
slab	1598
plaćam	1597
obliku	1597
на	1597
jadno	1597
uglu	1596
uživajte	1596
zahtjev	1596
poludeo	1595
jo	1594
bobe	1594
urade	1593
crkva	1593
odlučiti	1593
nedostajao	1593
skladište	1593
eh	1592
ćuti	1591
učinite	1591
jaknu	1591
inace	1590
probudila	1589
sinom	1589
zivi	1589
kafa	1589
krenimo	1588
uci	1588
smislu	1588
kolica	1586
hrani	1585
sprat	1584
prihvati	1583
julia	1583
roberte	1581
goriva	1580
шта	1580
donese	1579
povijest	1578
čije	1578
ijude	1578
koljena	1578
obična	1577
posjetiti	1577
nasilje	1577
bene	1577
mrtvo	1576
američke	1576
događaj	1576
bavi	1576
drugacije	1576
menja	1576
razmislite	1575
granicu	1575
učitelju	1574
louis	1574
rukavice	1574
kanal	1573
silazi	1573
popis	1573
shvatiš	1573
društva	1573
gorivo	1573
kolege	1572
fakultet	1570
rješenje	1570
sakrio	1570
telefonom	1570
automobil	1570
brian	1569
rođena	1569
verovao	1568
džepu	1567
tragova	1567
mlađi	1567
proveli	1566
razgovaraj	1566
istrage	1565
duplo	1565
francuske	1564
vjerujemo	1564
ovakvim	1563
zabrinuti	1563
bogovi	1563
izbaci	1562
motiv	1561
luka	1560
državi	1558
jones	1558
poslušaj	1556
vještica	1556
snovi	1556
prestala	1555
vracam	1555
stručnjak	1555
razredu	1555
čitaš	1553
tatom	1553
dugme	1553
sprema	1553
tablete	1552
sposobnosti	1551
vjerujete	1551
uživati	1550
kontrola	1550
kurve	1549
kostim	1549
elena	1548
učinimo	1548
telefonski	1548
šampanjac	1547
odvjetnika	1547
oseća	1547
pomoću	1545
teta	1545
okrenuo	1544
rick	1544
tehnički	1542
izabrala	1542
cenu	1542
maria	1541
obećanje	1541
pardon	1541
direktora	1540
prevario	1540
lord	1540
ispostavilo	1540
sedmica	1539
voljeli	1539
moraćemo	1539
sacekaj	1536
izlaze	1535
bivša	1535
prekrasno	1535
nadala	1535
katastrofa	1534
cijena	1534
odlaze	1533
njujork	1533
car	1533
rijeke	1532
srela	1531
donesite	1531
nečim	1531
daješ	1530
išlo	1530
sestri	1530
celom	1528
tisuća	1528
neprijatno	1528
zlu	1528
događaja	1527
srece	1527
ljudske	1527
platili	1526
podaci	1526
cipela	1525
ispitivanje	1525
ženska	1524
partneri	1523
upaliti	1523
obećala	1522
lika	1521
spriječiti	1521
lekciju	1521
pluća	1520
rez	1520
pokušajte	1520
javno	1519
udariti	1519
dobrom	1519
loši	1519
volja	1518
ekipu	1517
impresivno	1517
debela	1517
zamka	1516
glasa	1516
pokušat	1516
dovedite	1514
odnosi	1514
pustimo	1513
ostavimo	1512
dvorištu	1512
bijeli	1512
sredimo	1511
tortu	1511
jebenog	1510
nate	1510
penis	1510
zaštite	1509
rock	1509
dobijam	1509
kazne	1508
djevojkom	1508
najboljeg	1508
kompaniju	1508
igrač	1508
pridruži	1507
kurs	1507
rusi	1507
leđima	1507
bicu	1506
očekivala	1506
internetu	1506
jezero	1506
prijateljicu	1505
kakvog	1505
lisice	1504
princa	1504
poštovanja	1503
uspela	1503
kompa	1502
inspektor	1502
necete	1502
pronađemo	1501
plate	1500
dosje	1500
gdin	1499
penny	1499
sastanka	1498
porodicom	1498
nađite	1498
javnost	1497
gade	1497
džimi	1497
maks	1496
pameti	1496
javim	1495
ženske	1495
ukrasti	1495
probam	1495
bla	1495
tema	1494
iznenađenja	1494
glupe	1494
nazvali	1494
zamku	1493
kazu	1493
uhvatila	1493
baby	1492
ispričaj	1492
washington	1491
jay	1491
ostanu	1490
jackie	1490
vožnja	1490
pravimo	1489
novaca	1489
svidjeti	1488
plaćaju	1488
potpisao	1488
nemoguce	1487
ovakva	1487
ustima	1487
udata	1487
pratili	1487
pad	1486
pištoljem	1486
održati	1486
brzi	1485
facu	1485
predsjedniče	1485
gosti	1484
osjetio	1484
crnu	1484
mamac	1484
simbol	1484
centi	1484
koža	1484
izlazak	1484
temu	1484
činilo	1484
slobode	1483
slaže	1483
kasni	1483
boj	1482
suze	1482
šume	1482
odluči	1482
grob	1482
agenti	1481
polju	1481
uradiću	1480
proverim	1480
dah	1480
problemima	1479
susret	1478
stavimo	1478
službeno	1478
pokupio	1477
nivou	1477
erik	1476
istim	1476
ostrva	1476
pricao	1476
so	1476
oprezno	1475
ispao	1475
uživam	1474
zemljom	1474
grupi	1473
kg	1473
jezera	1472
pratimo	1472
zaslužuješ	1472
ubijanje	1472
nađete	1472
činiš	1472
carter	1471
alibi	1471
pregled	1471
kartica	1470
hranom	1470
hlače	1470
signala	1470
mete	1470
diše	1469
završena	1468
poznajemo	1468
novinar	1468
utisak	1468
travu	1468
sposobnost	1468
bros	1467
drag	1467
oka	1466
napusti	1466
poslovni	1465
situacije	1465
oruzje	1465
ugodno	1465
malena	1464
pocinje	1463
pobedio	1463
gad	1463
rijec	1462
jebo	1461
treneru	1461
istoriji	1460
mrze	1460
gradonačelnik	1460
mosta	1459
mrežu	1459
viđenja	1458
stvarnost	1458
ovakvu	1458
my	1458
pretvara	1457
zatvorite	1456
povodom	1456
nadajmo	1455
restorana	1455
brojeve	1455
klase	1455
prijaviti	1455
čuda	1455
odbor	1454
pravde	1454
plače	1454
slomiti	1453
majicu	1452
povezan	1452
centra	1452
joey	1452
dozvolio	1452
tipu	1451
jebiga	1451
ostat	1451
spasim	1451
sistemu	1450
pažnje	1450
student	1450
navečer	1449
unajmio	1448
osjećala	1448
spasili	1448
pricamo	1447
aah	1446
pogodim	1446
uhvatite	1445
koristila	1444
nazovem	1444
kat	1443
potpisati	1442
sjedite	1442
borili	1442
desna	1441
smith	1441
otpušten	1441
pročitati	1440
nastavim	1440
sean	1440
kralju	1440
pođite	1440
otvorim	1439
zamjenu	1439
živog	1439
prihvatio	1439
kolač	1438
sanse	1438
neophodno	1438
luis	1437
sloboda	1437
sresti	1437
izabrati	1437
užasna	1437
svemira	1437
legenda	1437
pitaju	1436
pomisli	1436
izaci	1436
potrebne	1436
roku	1436
komada	1435
prigovor	1435
pištolja	1435
tijelu	1435
brze	1434
napreduje	1433
dobiju	1432
funkcioniše	1432
svakih	1431
radnika	1431
vraćaš	1431
prelepa	1430
kancelarija	1430
radnju	1430
dogovora	1430
jaje	1429
pjesme	1429
postojao	1427
živjela	1427
cekam	1427
jug	1426
odgovorio	1426
cveće	1425
pristao	1425
četvrti	1425
emili	1425
zaradio	1424
ostrvu	1424
počinjemo	1424
kakvom	1423
brzinom	1423
sredstva	1423
predsednika	1421
lijekove	1421
ubijeni	1420
oce	1420
sna	1420
tužna	1419
povedi	1419
govoreći	1418
potrajati	1418
magiju	1418
glumac	1417
odnosu	1417
ogledalo	1417
pijana	1416
lovac	1416
neprijatelji	1415
izgubljen	1415
sile	1415
specijalni	1415
uhvatimo	1415
cm	1414
tvoga	1414
vlak	1412
min	1412
suda	1411
dozvole	1411
ubiće	1411
kamiona	1410
cigaretu	1410
tice	1409
šaljem	1409
jessica	1409
secam	1409
torbe	1408
devojčice	1408
odmoru	1408
pozove	1407
užasan	1407
zdrav	1407
di	1406
gubiš	1406
bratom	1406
otisci	1405
au	1405
bukvalno	1404
potpis	1404
vlastiti	1404
vrha	1404
ugodan	1403
lopta	1403
bacila	1403
yo	1403
vlast	1402
projekat	1402
obrok	1402
snimanje	1402
zasigurno	1401
del	1401
tragovi	1400
najveće	1400
uzbuđen	1400
top	1400
gaće	1399
drugdje	1399
leš	1399
tomu	1399
izlaziš	1399
mel	1398
masku	1398
ostavljam	1398
čaja	1398
за	1397
otvaraj	1397
proklete	1397
izmislio	1396
roba	1396
zele	1395
pokušavala	1393
eva	1393
struju	1392
podrum	1392
osvojio	1390
milijardi	1390
zadatku	1390
prepoznao	1389
podalje	1389
budna	1389
oženiti	1389
katie	1388
svrha	1388
baze	1388
zapad	1388
razlogom	1387
pogođen	1387
bacite	1387
sinovi	1387
amerikanac	1387
francuska	1387
trening	1386
moc	1385
zabranjeno	1385
kraljice	1385
zbunjen	1385
oficir	1385
krvlju	1385
stižu	1384
humor	1384
razred	1384
prevoz	1384
pogledate	1384
djeda	1383
osveta	1383
cekajte	1383
odbija	1382
veš	1382
okolnosti	1382
razume	1381
brigu	1381
cigarete	1381
oliver	1381
promeni	1380
fotografija	1380
njeni	1380
kratak	1379
sestrom	1379
milijun	1379
big	1378
povjerenje	1378
aii	1378
slici	1378
djevojčice	1377
shvatate	1377
barbara	1377
cesto	1377
zatvorenika	1377
marta	1377
naopako	1376
području	1376
primijetio	1374
damu	1374
slažeš	1374
ти	1374
normalna	1374
četvrtak	1373
dijelu	1373
stignem	1373
stranac	1373
uopste	1372
baza	1371
osnovi	1371
derek	1371
tomi	1370
pročitala	1369
peder	1369
ničeg	1367
pokaže	1367
bruce	1367
francuskoj	1367
ulazim	1367
broja	1366
pakla	1366
nastaviš	1366
njenih	1366
razlike	1365
različitih	1365
cijelog	1365
jason	1365
delu	1365
smetalo	1365
čuju	1364
postaneš	1364
pretvorio	1364
smesta	1364
smislio	1363
maloj	1363
povukao	1363
nula	1363
kljuc	1363
ramena	1362
najbolju	1362
brodova	1362
šale	1361
sally	1361
pretvoriti	1361
sledećeg	1361
gospodara	1360
temperatura	1360
sviđam	1360
propustiti	1360
upozorio	1359
pokušavajući	1359
kriviti	1359
bejzbol	1359
štetu	1359
noćna	1359
firma	1358
planira	1358
lude	1357
poziciji	1357
pojas	1357
ukusno	1357
city	1357
dolazite	1356
kupovinu	1355
učinit	1355
pati	1355
najgora	1355
zakonu	1355
utakmica	1354
tužan	1353
pomažem	1353
špijun	1352
krivicu	1352
trci	1352
sledeci	1351
izvinjenje	1351
prokletu	1351
kap	1350
provjerite	1350
zabavan	1349
ispočetka	1349
odvest	1349
ludost	1349
taylor	1349
kit	1348
von	1348
izađite	1347
iskoristi	1347
pokušam	1346
delo	1346
činiti	1346
govora	1345
curo	1345
trojica	1344
prvoj	1343
odvedem	1343
ucini	1343
potom	1343
teške	1342
pomeri	1342
decki	1342
stojiš	1342
aleks	1342
dublje	1340
predaleko	1339
kakvih	1338
skup	1337
megan	1336
plave	1336
medicinski	1336
hitna	1336
uzgred	1336
harper	1335
angela	1335
gordon	1335
teoriju	1334
gola	1334
vrti	1334
starih	1334
kontroli	1334
jackson	1334
obojicu	1334
nedostajati	1334
blagoslovio	1334
ministar	1333
pratiš	1332
pravilima	1332
policajaca	1332
sanjala	1332
ponos	1331
povredio	1331
čamac	1331
hitne	1330
uđemo	1330
mladić	1330
mužu	1330
preuzeo	1330
ugla	1330
recept	1329
pesme	1328
vjerovala	1328
william	1328
suzan	1328
osvetu	1328
ejmi	1327
dijela	1327
mladu	1326
mari	1326
širi	1326
smetam	1326
hong	1326
bojao	1325
zvučiš	1325
trebas	1325
promene	1324
upravu	1324
prilike	1323
razumije	1322
bijela	1322
posljednjih	1322
menadžer	1322
visoka	1322
vecina	1321
odbiti	1321
počinju	1321
koncert	1321
pljačka	1321
ranjen	1320
pogledala	1319
mačku	1318
predstavim	1318
suprotnom	1318
naučili	1318
pokraj	1317
budimo	1317
poklone	1317
zahvaljujem	1316
metka	1315
dečaka	1315
idioti	1315
milost	1315
zvanično	1315
zainteresovan	1314
fora	1314
stvoriti	1314
popričam	1313
stavlja	1313
kriminalac	1313
pokrenuti	1313
andrew	1312
zaglavio	1312
znajući	1312
blair	1312
službi	1312
košulju	1311
uvjek	1311
africi	1311
odbrane	1311
dolazak	1311
krovu	1311
firme	1311
sjetio	1310
privremeno	1310
vuk	1309
posade	1309
ćelije	1309
priroda	1309
osobi	1309
štap	1309
guzice	1308
prelepo	1308
krilo	1308
otisak	1307
beth	1307
drugoga	1307
bela	1307
oprezni	1306
povjerovati	1305
fizički	1305
vlastitu	1305
uspjelo	1305
mlijeko	1304
čudne	1304
firmu	1304
ljubazni	1303
povrijedio	1303
usuđuješ	1303
gledajući	1303
prijetnja	1302
pravdu	1302
planiraš	1302
pronađe	1302
poštujem	1302
isusa	1302
lista	1302
laboratoriju	1302
krivu	1301
pričekati	1301
martine	1301
spavaju	1301
gospoda	1300
duge	1300
drugačija	1299
pišeš	1299
stroj	1299
državni	1299
glavnog	1299
politika	1299
katkad	1299
dokazuje	1298
pronađi	1298
prebrzo	1297
počnimo	1296
krvarenje	1296
ubojice	1296
napredak	1295
duhovi	1295
puške	1295
postavi	1295
ruski	1295
dodati	1295
doug	1295
oblasti	1294
prijedlog	1294
svidjelo	1293
popravi	1293
džoni	1293
devojaka	1293
krasno	1292
visi	1292
pokažite	1292
voleli	1291
skinuo	1291
divne	1291
planina	1291
njezina	1291
nakit	1291
promijenila	1290
puls	1290
prilikom	1290
otvorila	1290
istoriju	1289
zaustavimo	1289
faca	1289
autom	1288
staklo	1288
pogrešio	1288
čudovišta	1287
radnik	1287
pomognete	1287
ustati	1287
pojačanje	1287
glupane	1287
povrediti	1287
jači	1286
taman	1286
dokumenta	1285
mjesecima	1285
svinje	1285
čuvam	1285
poštu	1284
buku	1284
hodniku	1284
kevine	1284
zatvorenik	1284
kamenje	1284
torbi	1284
podnesem	1283
brojevi	1283
djevojaka	1283
kenny	1283
ujaka	1283
terry	1283
tunel	1282
molio	1282
verujete	1282
kime	1281
džej	1281
približava	1280
čuvajte	1280
nadamo	1279
praktično	1278
slabo	1277
njujorku	1277
predivan	1277
zaustavio	1277
žalost	1277
prilazi	1277
ponosni	1277
sedim	1276
sjecam	1276
period	1276
zaboraviš	1276
baba	1275
pričekajte	1275
vetar	1274
pistolj	1274
gubitnik	1274
sjećanja	1274
treća	1274
broju	1273
žurka	1273
kost	1273
traku	1272
imale	1272
povrede	1272
mamice	1271
blagoslov	1271
samom	1271
ljubomorna	1271
ми	1271
povremeno	1271
pica	1271
međusobno	1270
emisiju	1270
kraljicu	1270
curi	1270
ulazite	1269
bitka	1269
uspije	1268
ključevi	1268
duguje	1268
bola	1268
rezultati	1267
pomoćnik	1267
putuje	1267
čoveku	1266
bolesno	1266
maleni	1266
meg	1266
odnose	1265
mozgu	1265
patrick	1265
gibbs	1265
mužem	1265
razum	1264
kurvo	1263
otok	1263
smrad	1263
poljubiti	1263
cestitam	1263
pravio	1263
smrću	1262
članovi	1262
си	1262
dokumente	1261
skupo	1261
djela	1261
haos	1261
pricaj	1260
peti	1260
slučajeva	1260
zatreba	1260
bil	1260
dodi	1259
porota	1259
aerodromu	1259
idući	1259
naprave	1258
bavim	1258
vladu	1258
podići	1258
opustite	1257
uzbuđena	1257
hram	1257
zasad	1257
demon	1256
položaju	1256
upoznaj	1256
starac	1256
ponedeljak	1256
beli	1255
postanu	1255
preći	1254
lažov	1254
zeleo	1254
spavali	1254
eksplozije	1253
major	1253
zli	1253
potrebu	1253
zvoni	1253
pozvaću	1252
marty	1252
pogoditi	1252
ispričao	1252
uistinu	1252
pokuša	1252
novoj	1252
doslovno	1251
zaboravimo	1251
zamoliti	1251
provalio	1250
meksiko	1250
povezani	1250
disati	1249
april	1249
gladni	1249
lažni	1249
srcem	1249
vazduha	1249
smemo	1248
takvom	1248
naručio	1247
engleske	1246
eksplozija	1246
niki	1246
učim	1246
is	1246
ostaješ	1246
agencija	1246
uništen	1245
slova	1245
decom	1245
obući	1244
brodom	1244
sv	1244
časti	1244
nedostajala	1244
ogromne	1244
viši	1243
mladiću	1243
programa	1243
ubijemo	1243
istovremeno	1243
punom	1243
stopa	1243
kineski	1243
usamljen	1243
ponašati	1242
majmun	1242
prepoznati	1242
uzimaš	1242
viđam	1241
sjajne	1241
nasli	1241
odobrenje	1241
plačeš	1241
prethodno	1240
pokušaš	1240
en	1240
strast	1240
igrate	1240
rešenje	1239
marie	1239
fudbal	1239
gospođica	1239
rep	1239
tlo	1238
kara	1238
isključi	1237
bojati	1237
glumi	1236
mila	1236
uključuje	1236
dopustio	1236
devojko	1236
dušice	1235
veruju	1235
starija	1235
alat	1234
naučiš	1234
učiti	1234
glumica	1234
promijenilo	1233
naucio	1233
kreći	1233
pošaljem	1232
ubijte	1230
dean	1230
kris	1230
preda	1230
uradis	1229
kupatilu	1229
umri	1229
američka	1229
mirni	1228
izabrali	1228
ross	1228
hi	1228
nazove	1228
zaštitim	1227
nazovite	1227
visine	1227
vegas	1227
ljeto	1227
smiju	1226
rođenja	1226
paula	1225
pripazi	1225
visoke	1225
caroline	1225
jugu	1225
struja	1225
zapovjednik	1225
kraljevstvo	1224
pamćenje	1224
sport	1224
nagrade	1224
princezo	1224
kejt	1223
hodnik	1223
pametni	1223
razreda	1223
ekipe	1223
gospod	1223
muškarcima	1223
snimio	1223
brzina	1222
ispit	1222
priprema	1222
nastup	1222
mirna	1222
ostanete	1222
muzike	1222
torba	1222
drugovi	1221
zgodno	1221
carol	1221
maknite	1221
baviš	1221
kirk	1221
zvijer	1221
tačke	1220
policijom	1220
sredili	1220
status	1220
pošao	1220
uhvatim	1219
santa	1219
zahvalna	1219
sudac	1219
otisla	1219
hladna	1218
misije	1218
sezone	1217
skok	1217
poželiš	1217
dolaziti	1217
fotografiju	1217
slava	1217
jedanput	1217
odande	1217
odustao	1216
kakvim	1216
njihovoj	1215
vašom	1215
bonnie	1215
utakmice	1215
lou	1214
dobićeš	1214
povratka	1213
čišćenje	1213
zamolila	1212
energija	1212
upucati	1212
zamislim	1212
propustila	1212
arthur	1212
apartman	1212
primi	1211
keri	1211
kopiju	1211
vera	1211
nadjem	1211
pasa	1211
radnje	1211
priznaj	1211
posada	1209
istoku	1209
zelena	1209
trupe	1209
izvukli	1209
boriš	1209
upozoravam	1209
lois	1209
rucak	1208
hriste	1208
ućuti	1208
pokretu	1208
ljubazan	1208
služe	1208
novina	1207
cast	1207
značiti	1207
pretvarati	1207
saznaju	1206
planet	1206
pripremiti	1206
uloga	1206
detektiva	1206
najboljem	1205
cooper	1205
promena	1205
shto	1204
ли	1204
pošalje	1203
pritiskom	1203
televiziji	1203
vrt	1203
muški	1203
sastanke	1203
reke	1201
firmi	1201
aparat	1201
narednih	1201
uznemiren	1201
spustiti	1201
seksualno	1201
metra	1200
nasilja	1200
platila	1200
riješi	1200
kažite	1199
poceti	1199
mašinu	1198
prešli	1198
zeleno	1198
džejk	1196
vodili	1196
tyler	1196
alfa	1195
ulje	1195
zmije	1195
posve	1195
show	1195
keli	1194
sluga	1194
odgovora	1194
veću	1194
scena	1194
ikoga	1194
optužen	1193
stvaran	1193
očekivati	1193
roman	1192
val	1192
guverner	1192
šetnju	1191
dženi	1191
catherine	1191
betty	1191
trazim	1191
rimu	1191
zubima	1191
živela	1190
bitku	1190
novcu	1190
ostaju	1190
zapovijed	1189
ženski	1189
jednostavan	1189
treće	1189
kupiš	1189
prestanem	1188
zaljubio	1188
phil	1187
sereš	1186
papa	1186
svjestan	1186
juri	1186
probaš	1186
em	1186
skinem	1185
bara	1184
biljke	1184
preživio	1183
htjeti	1183
žensko	1183
predpostavljam	1183
kasnimo	1183
trake	1183
olovku	1182
crnac	1180
čizme	1180
pritvoru	1180
svedoka	1180
osjećate	1180
adame	1180
mnogih	1179
pucaju	1179
čuvara	1179
racun	1179
engleskoj	1179
obalu	1179
dobijete	1179
okolnostima	1178
eni	1178
čita	1178
oprema	1178
povrijeđen	1177
jadan	1177
brda	1177
buraz	1177
brinula	1176
prolaze	1176
ujače	1176
pobegla	1176
gume	1175
završeno	1175
ratni	1175
studio	1175
sudar	1175
hitan	1174
ranu	1174
deteta	1174
dobrodošlicu	1174
puši	1173
mraz	1173
zajebavaš	1173
ponedjeljak	1173
trideset	1173
bijeg	1173
tiše	1173
prijatan	1173
profil	1173
vjenčanja	1172
poglavlje	1172
spasao	1172
metaka	1171
pjevati	1171
češ	1170
prednosti	1170
straža	1170
spomenula	1170
that	1169
banda	1169
učinilo	1169
misao	1169
anne	1168
mreže	1168
zaustavim	1167
pokušaću	1167
stepeni	1167
ubilo	1166
bolesni	1166
izaziva	1166
uobičajeno	1165
živo	1165
tražeći	1165
predajem	1165
uhvaćen	1164
gubitka	1164
lanac	1164
uzbuna	1164
rastu	1164
prevara	1164
uništila	1163
sadrži	1163
pokušavate	1163
nalazimo	1163
farmi	1163
niže	1163
fini	1163
pustinji	1163
pokažeš	1162
verujemo	1162
dogodila	1162
podigao	1162
roger	1161
carrie	1161
koristeći	1161
ubaci	1161
sjeti	1161
kupuje	1161
svome	1161
izvadi	1161
natjerao	1160
poljubio	1160
izaberi	1160
pilule	1160
zalihe	1160
potragu	1160
brinu	1160
projekt	1159
razgovarat	1159
picu	1159
incident	1158
kreću	1158
mleko	1158
napravljen	1158
upucan	1158
trgovine	1158
stotinu	1158
trave	1158
radnici	1157
drogom	1157
smiriti	1157
odmora	1157
tekst	1156
uokolo	1156
biznis	1156
cena	1156
odeljenje	1156
pravda	1156
razbio	1156
sačekati	1155
roy	1155
zvat	1155
zapadu	1154
tačka	1154
bijele	1154
krvari	1154
javit	1154
hrabro	1154
prirodi	1154
udobno	1154
smijete	1153
wilson	1153
kontrolirati	1153
nadzor	1153
riskirati	1153
louise	1153
nalik	1152
majmuna	1152
bezbedno	1152
odgovorite	1152
zvono	1152
pomognu	1152
suprugu	1152
zamisao	1151
zlatni	1151
odabrao	1151
ponašanja	1151
ovakvom	1151
predaj	1151
vojniče	1150
carstvo	1149
uživao	1149
radu	1148
rodio	1148
nastavio	1148
zoe	1148
juce	1148
proba	1147
novčić	1147
teri	1147
iskreni	1147
trudi	1147
kler	1147
dovoljan	1146
tina	1145
ostatke	1145
ušuti	1145
igrala	1145
slobodi	1145
teorije	1144
stiglo	1144
dijelove	1144
pažljiv	1144
morski	1144
jezika	1144
lewis	1144
cijeloj	1144
rijetko	1143
mašine	1143
miller	1142
mnogim	1142
saznaš	1142
milijarde	1142
znakova	1142
izveo	1142
ratnik	1142
motora	1142
vozača	1141
osećao	1141
nestaje	1141
smio	1141
jezivo	1140
činim	1139
uspjeh	1139
razbiti	1139
lmam	1139
dosadan	1139
tehnologija	1139
snažan	1139
sanjam	1139
divlje	1138
nožem	1138
službu	1137
miranda	1137
stvarna	1137
cujes	1137
ritam	1137
cijevi	1136
prljava	1136
nudi	1136
parka	1136
otkrije	1136
pozornost	1135
razmišlja	1135
pobjeda	1135
odbila	1134
smjeru	1134
odlaska	1134
dadilja	1133
uništili	1133
učio	1133
drukčije	1131
promjenu	1131
komplikovano	1131
prelijepa	1131
imaj	1131
nedostaju	1130
propast	1130
brodovi	1130
kapiram	1130
napustili	1130
radnji	1130
predao	1130
ovakvo	1129
maja	1129
francusku	1129
letjeti	1129
jamie	1129
slaba	1129
umjetnost	1129
šalju	1128
platiš	1128
pomažeš	1128
reakcija	1128
cisto	1128
manji	1128
emocije	1127
brown	1127
upozoriti	1127
tisuće	1126
lažna	1126
postići	1126
prekinuo	1125
smiješan	1125
umrijet	1125
onamo	1125
vožnje	1124
domaći	1124
lili	1124
alkohola	1124
dovoljna	1124
marcus	1124
zvučalo	1124
postavili	1123
nazvaću	1123
pročitaj	1123
unaprijed	1122
raju	1122
sest	1122
odmakni	1122
naziva	1121
uspe	1121
lepu	1121
monk	1121
čujte	1120
vojne	1120
pokusavam	1120
house	1120
probamo	1120
razne	1119
dovelo	1119
rita	1119
priznam	1119
nosa	1119
kreneš	1118
zajebi	1117
sećate	1117
zaspao	1117
filmova	1117
čitala	1116
odjeća	1116
buducnost	1116
vrijedan	1116
pokazali	1116
djevojko	1116
promenila	1116
lift	1115
oluje	1115
prljavo	1115
prioritet	1115
dobrodošla	1114
sredit	1114
nedjelje	1114
podijeliti	1114
zadržite	1113
guraj	1113
držala	1113
lijepu	1113
podrška	1112
mia	1112
desila	1112
nalazim	1112
upalilo	1112
zub	1111
ludak	1111
šok	1111
sex	1111
zaslužujem	1110
lokalni	1110
šerifa	1110
snovima	1110
izbacio	1110
pobjedu	1109
sjedio	1109
vid	1109
licno	1109
predstave	1108
ukazuje	1108
počnu	1108
vampir	1108
govna	1108
angel	1108
liste	1108
lošu	1107
lekove	1107
činjenicu	1107
očekivali	1107
otvorene	1106
ponudi	1106
važne	1106
čiste	1106
budalu	1106
silu	1106
urađeno	1106
nikakva	1105
zuba	1105
pojedi	1105
audrey	1104
kolena	1104
smatraju	1104
pij	1103
slomljena	1103
scenario	1103
priči	1103
odvede	1102
izvuče	1102
stiv	1102
pocetak	1102
radeći	1101
lažne	1101
govoris	1101
programu	1101
profesora	1100
zraku	1100
započeo	1100
nikuda	1100
garaži	1099
rodjendan	1099
anđela	1099
zahteva	1099
izgubimo	1099
tona	1098
ručka	1098
sveštenik	1098
obični	1097
skot	1097
imaćemo	1097
skolu	1097
krećem	1096
baca	1096
buka	1096
muz	1095
cekati	1095
pokusao	1095
saslušaj	1095
liječnik	1094
zadnjem	1094
suđenja	1094
zauzvrat	1094
slučajeve	1094
mater	1094
slažete	1093
dale	1093
miloga	1093
odbranu	1093
osoblja	1093
posljedice	1092
pripadaju	1092
riječima	1092
hannah	1092
ellen	1092
razmišljanje	1092
poprilično	1091
howard	1091
marš	1090
umru	1090
stvorili	1090
kave	1090
užas	1089
stvarni	1089
srčani	1088
vraćaju	1088
zajedničko	1087
ponoći	1087
dvanaest	1087
područja	1087
zabavna	1087
medicinska	1086
tajnom	1086
verzija	1086
ustanite	1085
zamijeniti	1085
osmeh	1085
gužva	1085
oteli	1085
suočiti	1085
plavo	1084
vlasništvo	1084
nadjemo	1084
našom	1083
brad	1083
bolno	1083
gol	1083
randy	1082
najzad	1082
medju	1082
toby	1082
počnite	1082
vila	1082
usudio	1082
postupak	1081
dylan	1081
navikao	1081
pobegne	1081
narodu	1081
ostavljaj	1081
rublje	1081
ken	1080
junak	1080
videćeš	1080
ženo	1080
eksperiment	1080
plakala	1079
pametniji	1079
pozuri	1079
ulazimo	1078
šifra	1078
raspoložen	1078
lucas	1078
curica	1078
brdo	1078
pokušaju	1078
javila	1077
vodila	1077
trgovinu	1077
zadržao	1077
otvoriš	1077
sedmicu	1077
planirali	1076
secas	1076
barney	1076
svakim	1076
toma	1076
amin	1075
stignu	1075
mili	1075
kukavice	1075
ispričajte	1075
štete	1075
dolaska	1075
zubi	1074
dick	1074
raka	1074
nestale	1074
nabavi	1074
peni	1074
krade	1074
zabaviti	1074
prekrasna	1073
kostiju	1073
radilo	1073
kriješ	1072
tragedija	1072
nadimak	1072
usamljena	1072
poslaću	1072
albert	1071
ponoć	1071
odmoriti	1071
he	1071
stotina	1070
životi	1070
sjedim	1070
prljave	1069
serena	1069
radiju	1069
napadaju	1069
padaju	1069
nisko	1069
poznavali	1068
slažemo	1068
lutke	1068
scene	1068
stric	1068
svrhu	1068
glazba	1067
džin	1067
namerno	1067
svirati	1067
drugome	1066
čovjekom	1065
uključen	1065
borac	1065
zona	1065
koraka	1065
veceri	1065
opasni	1064
vijestima	1064
izgubljeni	1064
uspomene	1064
momkom	1064
pristojan	1064
razumeti	1064
jezeru	1063
bivšeg	1063
mušterija	1063
prodajem	1062
odbij	1062
uzalud	1062
carla	1062
naočale	1062
publika	1062
pomisliti	1062
pobediti	1061
pocela	1061
potvrditi	1061
uznemirena	1061
uloge	1060
suncu	1060
odbora	1060
nora	1060
nemojmo	1060
lane	1059
vuci	1058
upozna	1058
boljeg	1058
stvarnosti	1058
davis	1058
čarape	1058
mjestima	1058
trka	1058
kokain	1058
rekord	1057
poželim	1057
ubojicu	1057
mome	1057
majstor	1057
odustajem	1056
visoki	1056
salatu	1056
odlucio	1056
pritiska	1055
snima	1055
prazno	1055
ogromnu	1055
seri	1054
verujte	1054
vođe	1054
bićete	1054
vlastite	1054
mičite	1054
tužilac	1054
endi	1054
lijepi	1053
teži	1053
avionom	1053
starije	1053
prihvatam	1053
najvećih	1053
uživaš	1053
muzej	1053
grant	1053
računalo	1051
moralo	1051
johnson	1051
prevariti	1051
svedok	1051
očistiti	1051
džeri	1051
plažu	1050
pogon	1050
devojkama	1049
radost	1049
organizacija	1049
krava	1049
sumnja	1048
odvela	1048
rođeni	1048
katu	1048
ruža	1048
seksualni	1048
rakete	1048
šećer	1048
popila	1047
pobjegli	1047
ian	1047
tomas	1047
zadovoljni	1046
kiše	1046
terorista	1046
obavi	1046
stolice	1045
pitu	1045
kampu	1045
snimku	1045
šalite	1045
casey	1045
partneru	1044
lošeg	1044
vjerovali	1044
strašna	1044
uklapa	1044
vara	1044
izvora	1043
odgovorni	1043
dvorac	1043
ispada	1043
charlotte	1043
vazi	1043
hodam	1043
predstavi	1043
osjecaj	1042
dobiva	1042
neprijatelje	1042
las	1042
kuhinja	1042
snaći	1042
predstavljam	1042
preživi	1042
volju	1041
zatvorili	1041
nancy	1041
wendy	1041
leto	1041
bitke	1041
porez	1041
sledeća	1041
izlaza	1040
vrijednost	1040
odlican	1040
konobar	1040
upala	1040
trenutaka	1040
trazi	1040
staze	1039
uključi	1039
lokacija	1039
vojnike	1039
agencije	1039
pokreta	1039
skladu	1039
sira	1038
voleti	1038
vlasnika	1038
zajednice	1038
uvjeravam	1038
farmu	1038
igračke	1037
pođeš	1037
vrijednosti	1037
rene	1036
prijevoz	1036
megi	1036
predavanje	1036
čemo	1036
osecaj	1036
savršeni	1036
fonta	1035
čitavu	1035
ljubazno	1035
donijet	1035
odgovarati	1035
proci	1035
djevojci	1035
kauču	1035
lekcija	1035
prstima	1035
djavola	1034
engleskog	1034
kini	1034
porazgovaramo	1034
glazbu	1033
pristala	1033
setim	1033
stranica	1033
hit	1033
nesreći	1033
svetlost	1033
platit	1033
senator	1033
prisustvo	1033
pozdravite	1033
bo	1032
ružno	1032
uzmete	1032
mreža	1032
magije	1032
prsa	1031
sjever	1031
lutka	1031
dokument	1031
sporazum	1031
gubljenje	1031
seme	1031
pomisao	1031
zeleni	1031
odnesi	1031
srecna	1030
rouz	1030
meksiku	1030
preuzme	1030
pedeset	1029
izdrži	1029
podsjeća	1029
johna	1028
primila	1028
zanimljiv	1028
došle	1028
jennifer	1027
haljine	1027
vezan	1027
sjeban	1027
probala	1027
proizvod	1027
sveto	1027
poželi	1026
mušterije	1026
engleskom	1025
sljedeća	1025
naredbe	1025
tvrde	1024
frankie	1024
kladiti	1024
planovi	1024
zaključana	1024
smatrao	1024
slucajno	1023
су	1023
bojala	1023
lance	1023
postavim	1023
donijeli	1023
lav	1022
pojela	1022
rebecca	1021
grozan	1021
kupite	1021
nasu	1020
obrazovanje	1018
jean	1018
nauditi	1018
kofer	1018
obaveza	1018
jedinicu	1018
brodove	1017
osjetila	1017
set	1016
crnom	1016
pite	1016
slušalicu	1016
vincent	1016
kila	1016
otkrijemo	1016
prestaje	1016
jasna	1016
fine	1015
posebne	1015
koledžu	1015
pravilno	1015
vjere	1014
uho	1014
korisno	1014
moliti	1014
jacka	1014
nađimo	1014
cijene	1013
lete	1013
uništena	1013
drveće	1013
odgovaraju	1012
zelimo	1012
pozoveš	1012
lažno	1012
teddy	1011
peva	1011
grozna	1011
amber	1010
alis	1010
prelijepo	1010
ceste	1010
američkih	1010
mladih	1010
toliki	1010
završilo	1010
pit	1010
nedeljno	1010
skinite	1009
jill	1009
vasu	1009
demona	1009
glasove	1009
sala	1009
prijateljski	1008
postojala	1008
planiram	1008
bake	1008
tehnologiju	1008
poznavala	1008
pružiti	1007
vredno	1007
roberta	1007
kujo	1007
istok	1007
svetog	1006
upadaj	1006
državu	1006
gospodjice	1006
povređen	1005
posjetu	1005
punim	1005
radom	1005
slabost	1004
potražiti	1004
povezano	1004
žice	1004
uspelo	1004
materijala	1004
naomi	1004
kosom	1004
upasti	1003
biram	1003
otpustiti	1003
potrošio	1003
izjava	1003
upropastio	1003
podignite	1002
odvešću	1002
aj	1002
zatvorio	1002
sredila	1002
ustao	1002
pricali	1002
vile	1002
ubaciti	1001
sudeći	1001
radujem	1001
brani	1001
heroja	1001
odvedite	1001
baterije	1000
pozvan	1000
posuditi	1000
uplašila	1000
hladan	999
izvučem	999
ulaze	999
objaviti	999
sljedećeg	999
trazio	999
pokupim	998
ormar	998
dejvide	998
pobedi	998
ocito	998
pokušamo	998
loših	998
pasoš	998
cole	998
ugao	998
satu	997
pobjednik	997
uniformu	997
strogo	997
pobiti	997
medeni	997
ogrlicu	997
odes	996
otpora	996
devojci	996
muškarcem	996
strašan	995
vojna	995
stilu	994
provjerim	994
brenda	994
odrasle	994
svugdje	994
karijera	994
spremne	994
beše	993
miles	993
pazim	993
skoli	993
naučim	992
maknuti	992
zaljubila	992
krenu	992
molitve	992
opcije	992
baku	992
objasnio	991
izgubljena	991
oduzeti	991
drugarica	991
krajnje	991
skreni	991
obećajem	991
bogata	991
častim	990
novinari	990
pobjegne	990
obavio	990
udji	990
istorije	989
slomila	989
pritisni	989
glavne	989
romantično	989
pop	989
tretman	988
držali	988
cilja	988
osetio	988
predavanja	988
stranice	988
vratu	987
ron	987
ostavit	987
zoni	986
složiti	986
odjela	986
saznaj	986
obrati	985
gospo	985
napuni	985
lovi	985
troškove	985
prodavnice	985
posebnu	984
promenilo	984
kloi	983
guma	983
crvenu	983
formi	983
hrabri	983
pošten	983
sporo	983
razgovarate	983
dozvola	982
uzmu	982
ziv	982
pićem	982
koliki	982
smijeh	981
misterija	981
otkrijem	981
grejs	980
kolače	980
re	980
brza	980
pucali	980
osvojiti	980
sredstvo	980
sirom	980
prozore	980
djetetu	980
osjećaje	980
prima	980
karijere	980
legalno	979
ekstra	979
članova	979
zone	979
trajalo	979
pljačke	979
spasimo	979
ponesi	979
noćne	979
kapiju	978
privatno	978
povezati	978
radno	978
protokol	978
pravite	977
pijani	977
poznate	977
pristojno	976
kaj	976
generacije	976
spencer	976
svakome	975
jaki	975
upravlja	975
ostavku	974
drugde	974
ružna	974
oblast	974
štititi	974
pregledati	974
samoubojstvo	974
pridružite	974
dovedem	973
onoliko	973
rejčel	973
ijubav	973
rima	972
tradicija	972
dodjite	972
ijudima	972
lepi	972
odnijeti	971
yorka	970
ispitivanja	970
sređeno	970
dajemo	969
laka	969
dejvid	969
snagom	968
kava	968
iznenađena	968
imanje	968
zaštita	967
telu	967
događaju	967
slatke	967
we	967
mudro	967
prijavila	966
sandy	966
zahtev	966
tone	966
kapu	965
slave	965
gus	965
stojimo	965
zagrljaj	965
silovanje	965
djevojčicu	965
jess	965
profesionalac	964
grudima	964
murphy	964
proslavimo	964
izbacili	964
hleb	964
ikakve	964
poverenje	964
ton	964
chicago	964
kužim	963
zanimaju	963
obožava	963
dovde	963
takmičenje	963
album	963
opis	962
meredith	962
klark	962
srušio	962
lak	962
setio	961
tržište	961
bježite	961
ispuniti	961
hajmo	961
kćerke	961
životima	961
šećera	961
nudim	961
lopova	960
probajte	960
zadovoljstvom	960
očekuju	960
pranje	959
kopija	959
granici	959
svjetlost	959
ја	959
matori	959
psihijatar	959
preci	958
odbaciti	958
ljudskog	958
odgovornosti	958
snijeg	958
vegasu	958
drolja	958
udovica	958
poreza	958
kontroliše	958
pisala	957
potraži	957
sjedinjenih	957
pacijenata	957
posjeduje	957
sahranu	956
slavu	956
sklonište	956
policijska	956
znače	956
pušiš	955
predlog	955
izvaditi	955
pucanj	955
uspeh	955
platu	955
kazete	955
lady	955
trava	954
pravac	954
nogom	954
radit	954
pauza	954
silovao	953
vadi	953
rijeku	953
boca	953
trena	953
održava	953
koordinate	952
seti	952
istorija	952
gdjo	951
carlos	951
tumor	951
zbunjena	951
dobijaš	951
bozic	951
zadužen	951
fibi	950
površine	950
venčanja	950
gaćice	950
jeremy	950
suđeno	950
jeftino	950
mjesecu	949
prodavnici	948
spašavanje	948
nemci	948
krave	948
koštati	948
tajnosti	948
trećeg	947
ubistava	947
taoca	947
gradonačelnika	947
najprije	947
dodir	946
pogledu	946
žuri	946
shvatite	946
završite	946
tihi	946
blok	946
pablo	946
nedostatak	946
white	946
filmovima	946
mijenjaju	945
ministarstvo	945
kretati	945
opustiti	945
naseg	945
pila	945
kretanje	944
umetnost	944
long	944
naočare	944
pepeo	944
bacim	944
srednju	944
neprestano	944
dvostruko	943
povjerenja	943
uhapsili	943
skoči	943
prodali	943
ponosim	943
plaše	942
izlazio	942
komi	942
razumes	942
složio	942
tužioca	942
nedjelju	942
zelio	941
ledja	941
disanje	941
odgovorna	940
psu	940
zadnjeg	940
desert	940
sumnjivo	940
doneseš	940
kamena	940
victor	939
holly	939
šifru	939
seksu	939
politiku	939
erica	939
potpuni	939
ljeta	939
anderson	939
ljubavlju	938
prodavnicu	938
vezano	938
svjetski	937
majki	937
tisuću	937
serijski	936
testove	936
temperaturu	936
jabuka	936
divlji	936
sefe	936
optuženi	935
proslo	935
porodični	935
pitamo	935
okrenite	935
zahvalni	935
maske	935
plakao	935
nijemci	934
hot	933
isplati	933
logan	933
pile	933
nevina	933
svida	932
posetu	932
dobrovoljno	932
zadnju	932
klavir	932
mona	932
djede	932
ponašao	932
prekinula	931
pojavljuje	931
tjera	931
west	931
zima	931
zanimljiva	931
životinjama	931
pogledajmo	931
skladištu	931
ucinila	931
bijes	931
logor	931
nevinost	930
rupi	930
izlazimo	930
komandant	930
otpor	930
konji	930
propustili	930
predstaviti	930
zgrabi	930
gps	929
pomažu	929
slučajem	929
crnog	929
odraditi	929
pustit	928
potvrdu	928
francis	928
časa	928
nekakva	928
vrtu	928
unapred	928
načine	927
osobom	927
krova	927
slušate	927
ormaru	927
mis	927
braniti	927
londona	927
ubacio	927
steven	927
stolica	927
stranicu	927
sos	927
nicole	926
žurbi	926
prsta	926
mason	926
isteklo	926
tatica	926
erin	926
rubu	925
značku	925
uhapsiti	925
englesku	924
pozdraviti	924
putnika	924
evropi	924
monica	924
upamti	924
krađa	924
jebenom	924
divni	923
sledece	923
olivia	923
ukraden	923
divim	923
andrea	923
prostoriji	922
list	922
luđak	922
uvjeren	922
obezbeđenje	922
hrpu	921
doc	921
for	921
edward	921
bacanje	921
petnaest	921
krugu	920
obavim	920
momku	920
poveo	920
prihvatim	920
pam	920
your	920
sun	919
opreme	919
dogovoriti	919
duhova	919
naučnici	919
kuja	918
noćni	918
glavnu	918
ispadne	918
nivoa	918
proverite	918
pisalo	918
mračno	918
greska	918
svetom	918
zahtijeva	918
proverio	918
osumnjičenog	917
dirati	917
složili	916
sjajni	916
stopalo	916
cime	916
duž	916
am	916
kompliment	916
prosle	915
dečkom	915
običaj	915
specijalno	915
srušiti	915
sophie	915
stepenicama	915
dešavaju	914
jok	914
praznik	914
brinete	914
ludnica	914
smeju	913
brajane	913
pratila	913
zadržim	913
bježati	913
utočište	913
eksplodira	913
komunikacije	913
privlači	913
savez	912
dvorište	912
bes	912
čelu	912
probudim	912
krenulo	912
hrabra	912
benzin	912
mapu	912
smijati	911
otvaranje	911
cuješ	911
bioskop	911
hodaš	911
uzimaju	911
mladog	911
robot	911
robe	911
pokvario	911
stranci	911
preživjeli	910
dno	910
michelle	910
proda	910
zagrli	910
otvorenom	910
plin	910
oprati	909
stark	909
iii	909
ćeliju	909
zastrašujuće	909
kombinacija	909
naokolo	909
rosie	909
pucam	908
lokalne	908
poljubila	908
površinu	908
uže	908
junior	907
tlu	907
policajce	907
stanley	907
nijedno	907
sudbine	907
obecao	907
bazena	907
slušaju	906
mjere	906
čaše	906
diler	906
sram	906
doneću	906
polovina	906
gđe	906
svježe	906
istrazi	906
prepoznaješ	905
glasnije	905
nesporazum	904
pronađeš	904
otoku	904
tužbu	904
cijev	903
са	903
okus	903
lažu	903
otišlo	903
flote	903
južno	903
izgubljeno	903
disk	903
molila	903
parking	902
odanost	902
obavljeno	902
gospodinu	902
griješiš	902
pušenje	902
aferu	902
jabuke	901
ford	901
druze	901
talenat	901
mišel	901
marko	901
izvanredno	901
kampanju	901
pokušavali	901
bacili	900
predložio	900
ocima	900
kilograma	900
ubijete	900
reputaciju	899
nosimo	899
osuđen	899
bingo	899
poena	899
uticaj	899
voljan	899
poslušati	899
cudo	898
zadovoljna	898
ćale	898
funkcionira	898
služio	898
divnu	898
nauciti	898
značenje	898
mislima	898
medicinske	898
ispričam	897
određene	897
izbore	897
dolazila	897
walker	897
požara	897
politički	897
hill	897
porazgovarati	896
viziju	896
pogrešnu	896
provedem	896
klasa	896
all	896
prepoznajem	896
izlaziti	895
asistent	895
znaj	895
connor	895
mars	895
kino	895
zakleo	895
najvažnija	895
bandi	895
napišem	894
poker	894
christine	894
pogrešnom	894
popravim	894
bradu	894
davati	893
sakrij	893
fort	893
većinom	893
out	893
detalja	892
guzica	892
kloni	892
blagoslovi	892
otvorili	892
lični	892
božića	891
pozor	891
eksploziv	891
ziva	891
srecu	891
lagali	890
džim	890
počinio	890
detektivi	890
vida	890
bliži	890
prevarant	890
opisati	890
prizor	890
zmaja	890
lovci	889
patrik	889
igrača	889
sljedeci	889
šampion	889
konju	889
člana	888
obučen	888
britanski	888
bille	888
senatore	888
ludim	888
autobusa	888
dvojice	887
provodi	887
raja	887
lusi	887
sjeveru	887
sukob	887
izazvati	887
stici	887
ubijaš	886
odmaknite	886
ume	886
ponestaje	886
plesa	885
istinski	885
visočanstvo	885
donose	885
staroj	884
povratku	884
tuš	884
porter	884
keš	884
luku	884
trgovina	884
kandidat	884
tipova	883
zaslužila	883
puštaj	883
viđaš	883
površini	883
den	883
južnoj	883
otvor	883
plemena	883
dugu	883
kuhinje	883
skladišta	882
okreće	882
toranj	882
nacije	882
crvenom	882
teroristi	882
prljav	881
pojave	881
izvinim	881
hapšenje	881
decka	881
braće	881
desne	880
cuvaj	880
kojega	880
kupujem	879
ponijeti	879
plači	879
odvratan	879
serija	879
komšije	879
pobrinut	879
predaje	878
boce	878
unuka	878
skriva	878
ožiljak	878
debbie	878
svratio	878
milione	877
engleska	877
postavlja	877
danom	877
poceli	877
spasiš	877
slikama	877
napušta	877
dokažem	877
siđi	876
le	876
stigneš	876
trčati	876
prekinuli	876
srecno	875
todd	875
galaksije	875
nastavljamo	875
čekate	874
nazivaju	874
ispala	874
ljubavnik	874
jezikom	874
povezana	874
donosim	874
girl	874
bele	874
vrišti	874
mostu	873
jules	873
vozite	873
vještine	873
kauč	872
zoves	872
provedi	872
besmisleno	872
prestali	872
marka	872
današnji	872
kredit	872
kcer	872
tehnologije	872
adrese	872
slicno	872
termin	872
polovinu	872
umem	872
saslušanje	872
cesti	871
kazi	871
živce	871
duhove	870
džep	870
pandur	869
get	869
pričom	869
prvim	869
digni	868
zatvoreni	868
oslobodio	868
smanjiti	868
tvrtka	868
zime	868
instinkt	868
hvataj	868
odjeće	868
pronađen	868
izjave	867
kavez	867
nathan	867
hello	867
knjigama	867
nijednu	867
vladi	866
paljbu	866
tepih	866
bitna	865
policijske	865
dona	865
bitan	865
hrpa	865
terapiju	865
razgovaraju	865
krajeva	864
ukupno	864
donji	864
oslobodite	864
kolika	864
heather	864
ružan	863
obuku	863
djevojkama	863
okean	863
karata	863
roditelj	863
zarobljen	863
pecanje	862
povreda	862
uništava	862
norman	862
poslužiti	862
zoru	862
operaciji	862
armija	862
džuli	861
znat	861
upomoc	861
sofi	861
tržištu	861
lari	861
riješio	861
vanzemaljci	861
ozbiljne	860
stakla	860
doneli	860
najboljim	860
veka	860
tipove	859
jedinu	859
tracy	859
brajan	859
berlin	859
desetak	859
fakultetu	859
klijenata	859
kupimo	859
počinješ	859
ograde	858
nacija	858
razloge	858
normalni	858
prodam	858
slučajevima	858
eve	858
be	858
umjetnosti	858
prebaci	857
strasno	857
petka	857
zatvara	857
gurnuo	857
prijateljstva	856
pozovemo	856
ogromno	856
ldemo	856
ljutiti	856
ovime	856
rod	855
dejv	855
bet	855
dovede	855
nauka	855
heroin	855
obaveze	855
glupu	855
pokušavaj	855
zamjenik	855
kazni	855
uzorke	855
ram	855
subota	855
chuckles	854
milje	854
planinu	854
poznaju	854
davao	854
smesno	853
očisti	853
pristaje	853
puste	853
grubo	853
privatne	853
jača	853
natalie	853
odradio	853
matthew	853
nestanak	852
idiota	852
družiti	852
koktel	852
miki	852
piju	852
nadi	852
stomaku	852
nasla	852
xena	852
gđu	852
uživa	852
letim	852
pobeći	852
pregledao	852
džime	852
povucite	851
cerka	851
savjetnik	851
fredi	851
leonard	851
sigurnosni	851
naporan	851
green	851
prolazim	850
sudnici	850
æe	850
parče	850
ellie	850
dogada	850
zvona	850
pojavili	850
viđati	849
jime	849
ros	849
drva	849
vraca	849
provjerili	849
jastuk	849
naoružani	849
promijeni	849
redom	849
zgodni	849
putovati	849
čuvaš	848
ubistvu	848
off	848
haljini	848
ugled	848
dolazili	847
profesionalni	847
fuj	847
šalio	847
ulazak	847
zaposlio	847
veci	847
naterao	847
pat	847
francuzi	847
plavu	847
polazi	847
šuma	846
završe	846
slažu	846
stajala	846
javiću	846
ukrade	845
ned	845
odgovorim	845
upute	845
razumijemo	845
postaješ	844
voće	844
foster	844
pomenuo	844
sposobna	843
pretvori	843
odjelu	843
dokazao	843
razvoj	843
slusajte	843
svestan	843
započeti	843
češće	842
ponašaju	842
pomislili	842
harold	842
vizije	842
prepusti	842
mitch	842
ashley	842
pruža	841
napustim	841
zajednički	841
preuzmi	841
pušim	841
mrtvu	841
prisutan	841
jen	841
udahni	840
mraka	840
izvukla	840
najveci	840
očajan	840
aaron	840
zajednica	840
aerodroma	839
pokusaj	839
povlačenje	839
muke	839
komade	839
upoznajte	839
bloka	839
odbrana	839
svidelo	838
zivim	838
žensku	838
raketa	838
brinemo	838
itekako	838
lične	838
predomislio	838
pomagao	838
generacija	838
održavanje	837
briši	837
šon	837
napadu	837
pozicije	837
stižemo	837
pogresno	837
osjećaju	836
agenata	836
izluđuje	836
poljubim	836
crane	836
stacy	836
jakna	836
prolazu	835
olakšanje	835
uđu	835
omiljeno	835
but	835
delove	835
bazenu	835
zec	835
plašio	835
kakvoj	835
frizuru	834
pogodila	834
službenik	834
piletinu	834
šolju	834
napala	834
kulture	834
caj	834
braun	834
up	833
black	833
simpson	833
nabavim	833
teče	833
pripreme	833
deb	833
pili	833
sammy	832
imaćeš	832
napadne	832
stresom	832
ruže	832
gostiju	832
bena	832
organizacije	832
jordan	832
užasne	832
postigao	831
dozvoljava	831
svemirski	831
rečima	831
borite	831
interneta	831
razmisliš	831
ostajemo	831
али	831
palmer	831
skočio	830
otisaka	830
slušala	830
stupnjeva	830
prstom	830
pobijedili	830
kontaktirati	830
vjeru	830
sranjem	830
raspada	830
suza	830
osvete	830
snažno	829
planirala	829
zezam	829
sid	829
zmaj	829
ratnika	829
garantujem	829
ketrin	829
subs	829
okruga	829
pričajte	829
napravljena	829
propao	829
denise	829
karton	829
uhapšeni	829
suludo	829
kruh	829
marshall	829
gitaru	828
kent	828
osećate	828
zatvorenici	828
mrzio	828
rukopis	827
javni	827
obavimo	827
jednostavna	827
trgovini	827
parkingu	827
martha	827
salu	827
proizvodi	827
rory	827
raspolaganju	826
met	826
earl	826
blagi	826
stavit	826
učitelja	825
uradit	825
čekat	825
plaže	825
planinama	825
božja	825
utiče	825
zaljubljeni	824
pobeda	824
primjetio	824
kopije	824
gosta	824
stavljam	824
osigurati	824
bole	824
proteklih	824
pošla	824
frajer	823
osećala	823
žestoko	823
savrseno	823
ann	823
proizvode	823
laptop	823
dozvolim	823
ćerke	823
kamionet	823
otvoreni	822
grand	822
zaklon	822
dosadna	822
ponašaj	822
tiha	822
plivati	822
kriza	822
propasti	822
reklama	822
zidovi	822
strasti	822
javili	821
saberi	821
dogovorimo	821
zaslužuju	821
gina	821
prodala	821
simone	821
lma	820
ispasti	820
zonu	820
ploče	820
obavezno	820
bart	820
zelene	820
sigurnosne	820
cara	820
pisanje	820
primetila	819
kud	819
putovao	819
analizu	819
pilota	819
služiti	819
hodaj	819
ispraviti	819
neverovatan	819
sekretarica	818
učenik	818
učenika	818
dečaci	818
med	818
lori	818
ćelija	818
uvrnuto	818
solo	818
vanessa	818
operi	818
street	818
spremiti	818
laboratorija	817
cirkus	817
prodaješ	817
prešla	816
michaela	816
naslov	816
spasite	816
izađete	816
pogriješila	816
rodi	816
udam	815
opasne	815
šefu	815
naprotiv	815
kung	815
zapovjedniče	815
uda	815
upoznate	815
vaseg	815
računati	815
shaw	815
lopovi	814
guzu	814
pošalju	814
izazvao	814
slobodnog	814
božje	814
nokte	814
ledi	814
ema	813
dacu	813
iraku	813
lekar	813
vampira	812
tara	812
obilazak	812
ispitati	812
napisali	811
zapalio	811
ivici	811
suštini	811
divlja	810
časove	810
narednice	810
izgraditi	810
upoznamo	810
zamenu	809
dozvolila	809
muzeju	809
craig	809
krajem	808
prebaciti	808
trud	808
muza	808
erika	808
ostaviću	808
ovakvih	808
sjajnu	807
majica	807
britanci	807
poslednju	807
debeo	807
odred	807
studenti	807
predaju	807
najveću	807
traka	807
pucnjave	806
pale	806
katherine	806
desnu	806
oficira	806
fond	806
zatvoreno	806
what	806
izdati	806
razgovoru	806
privatna	806
pise	806
kum	806
emisija	806
peg	806
grof	805
mišljenju	805
mit	805
tukao	805
dennis	805
williams	805
odvezao	805
izabran	805
osmijeh	805
mek	805
soli	805
ploča	804
kanala	804
napustite	804
pregleda	804
zločine	804
povezuje	803
smiješna	803
obećanja	803
posjeti	803
tablice	802
lici	802
otvorimo	802
anthony	802
poštovanjem	802
pozvat	802
vili	802
vazduhu	802
kong	802
sue	802
ukusa	802
drugari	802
tačku	802
potraga	801
bezveze	801
zidove	801
pucnjava	801
marti	801
gadovi	801
clay	801
štogod	801
njemački	801
misiji	801
lana	801
čestitke	801
zapaliti	801
pogreška	801
prepoznala	801
dodatak	801
plavuša	800
ostvariti	800
upoznat	800
odsutan	800
glavno	800
odrasti	800
tužiti	800
mobitela	800
zdrava	799
odlučiš	799
receno	799
luci	799
psst	799
pricala	799
izbjeći	799
prođem	799
spisku	798
nazoveš	798
taoce	798
ponio	798
upozorenja	798
drugarice	798
radnja	798
oduševljen	798
wayne	798
otpada	798
retko	798
vozili	798
ivan	798
okrugu	798
ilegalno	797
admirale	797
pokvaren	797
lijeva	797
obećati	797
nekretnine	797
zaspala	797
bezbednost	797
kampanje	797
verovala	797
prodaja	797
porno	796
ohh	796
napade	796
mici	796
šarlot	796
pticu	796
moraćete	796
sudski	795
prilagodio	795
krilu	795
zavrsio	795
prekrasan	795
poludela	794
rosa	794
džoi	794
bauer	794
rudnik	794
konferenciju	793
svjetlosti	793
princezu	793
košulja	793
trke	793
plačem	793
losa	792
usamljeni	792
eksplodirati	792
mogucnosti	792
čaša	792
pričaćemo	792
racuna	792
није	791
kapi	791
ubijati	791
aplauz	791
zabavlja	791
dobijamo	791
živu	791
hugo	791
ploču	790
naoružan	790
те	790
presudu	790
keith	790
teritoriju	790
zakasnio	790
blizak	789
ostaci	789
izlazila	789
izvadio	789
znakove	789
ogradu	789
negativno	789
festival	789
bailey	789
komu	789
pucaš	788
tulum	788
grijeh	788
terapija	788
frenki	788
damon	788
stefan	788
trudio	787
odi	787
neverovatna	787
komadu	787
izlet	787
kina	787
kadi	787
faza	787
povredim	787
pogodite	787
popravio	787
odaje	787
japanci	786
brus	786
varao	786
skole	786
spavaćoj	786
pripadam	786
seli	786
maloprije	786
kontrolisati	786
karla	786
sydney	786
nastupa	786
sediš	786
viđao	786
fil	786
pokreni	786
klijente	785
otoka	785
sviram	785
torta	785
obećali	785
tvrtke	785
verziju	785
uništenje	785
pobrinem	785
džesi	784
il	784
nosili	784
rešiti	784
oženi	784
pruži	783
tvome	783
promenim	783
umorni	783
amerikanaca	783
sačuvaj	783
opsjednut	783
ugovora	783
paziš	782
građani	782
lu	782
sreca	782
sceni	781
audiciju	781
pretnja	781
okidač	781
blake	781
pojede	781
pokušaja	781
srediću	781
mentalno	780
crnjo	780
studija	780
prsti	780
meč	780
flašu	780
penji	780
namjeravam	779
rizika	779
trgovac	779
drustvo	779
provjerit	779
delta	779
dodjem	779
promašio	778
kolicima	778
učiš	778
studiju	778
jenna	778
zamak	778
gledas	778
poginuli	778
haj	778
ličnost	778
plijen	777
konobarica	777
mržnje	777
celoj	777
drveća	777
uslovima	777
afrike	777
interesu	777
premijer	777
stvaraju	777
pokupili	777
učiteljica	777
šali	776
slatkiše	776
ćeliji	776
umeš	776
slijediti	776
slomljeno	776
pljačku	776
moćan	775
letu	775
mapa	775
čvrst	775
cek	775
najvažniji	775
boba	775
izbacila	775
evan	775
strpljenje	775
spok	775
postojanje	775
iznenadio	775
tera	775
beri	775
mcgee	774
prirodu	774
svijetom	774
grey	774
kreteni	774
metke	774
sedeo	774
ruth	774
privatnosti	774
ulog	774
ičega	774
povredi	773
nelson	773
prekršio	773
preselio	773
jucer	773
justin	773
zajednici	773
tame	773
ukloniti	773
kravatu	773
lutku	773
impresioniran	772
kapije	772
činio	772
chase	772
adrian	772
oblika	772
kine	772
čuvari	772
putovanju	771
kaliforniji	771
zakone	771
ozbiljni	771
pacijente	771
italiji	771
topla	771
poslednjeg	770
laboratoriji	770
osetim	770
brži	770
slabi	770
sjediš	770
jeziku	770
isključiti	770
postajem	770
nozi	770
točka	769
oproštaj	769
interes	769
stoljeća	769
leva	769
nazivaš	769
emisije	769
očajnički	769
cigareta	769
provodim	769
interesa	769
olivere	769
richarde	768
lola	768
majice	768
sahrani	768
vatrom	768
tuče	768
šećeru	768
allison	768
svideti	768
ubijam	768
puška	768
čovekom	768
sledi	767
slavimo	767
nebesa	767
komandu	767
bejbi	767
andre	767
koledža	767
ag	767
trku	767
sagni	767
zlatna	767
hal	767
sjeća	766
otpustio	766
čuvaju	766
očekujete	766
ljutiš	766
owen	766
dobijaju	766
stražu	766
