la	18438
mi	16311
vi	13927
ne	11163
estas	10726
kaj	7070
ĉu	6139
de	5988
al	5482
ni	5259
en	4287
li	3806
ke	3667
por	3144
ĉi	3026
tio	2674
sed	2512
ili	2215
kiel	2198
vin	2092
tie	2051
pri	1967
min	1958
jes	1905
kio	1810
mia	1807
kun	1793
estis	1755
kion	1748
ĝi	1703
povas	1635
kiu	1590
via	1563
tiu	1533
ĝin	1415
ŝi	1412
bone	1409
tion	1407
se	1382
volas	1359
havas	1347
do	1311
pli	1273
nur	1268
oni	1229
nun	1202
scias	1120
kial	1048
devas	987
lin	949
el	903
kiam	899
unu	874
kie	869
ja	849
jam	824
jen	811
tiel	790
nu	790
da	788
sur	786
ankaŭ	769
pro	763
tre	753
per	729
ĉiuj	708
je	702
diris	693
aŭ	658
estos	657
ilin	651
ho	648
vian	640
tiun	603
iru	597
ĉar	594
nin	584
nia	584
plu	578
ĉio	575
dum	574
mian	557
sinjoro	550
ankoraŭ	548
dankon	547
vere	536
esti	535
eĉ	533
ĝis	526
neniam	510
venu	509
eble	497
diras	495
dio	486
ion	485
du	477
antaŭ	466
ĉe	463
ĉiam	463
tiuj	457
ol	454
post	453
iu	448
fari	444
tien	442
bezonas	442
plej	438
tiom	434
homoj	432
kia	426
ĉion	416
bona	409
certe	407
bonan	406
rigardu	406
faras	402
tuj	398
patro	393
faris	389
bonvolu	382
diru	380
sen	369
paĉjo	367
kiuj	366
pardonu	363
panjo	363
poste	362
lia	361
saluton	359
mem	358
vidis	357
tempo	352
vivo	349
tute	349
neniu	348
kiom	347
tro	345
ŝin	334
ek	333
pensas	327
kiun	325
laŭ	324
vidas	322
okazas	313
nenion	310
okazis	309
viaj	308
estu	306
multe	303
atendu	302
petas	302
hodiaŭ	301
faru	294
iom	292
diri	290
lasu	288
granda	288
komprenas	286
alia	284
homo	282
tiam	279
miaj	278
for	278
tamen	277
venis	275
mondo	272
ĉiu	268
estus	267
ha	267
io	263
kien	260
nenio	258
vidi	258
jaroj	256
rapide	253
iras	245
iri	245
ci	241
ŝatas	235
havis	234
denove	233
patrino	233
povus	230
tri	230
niaj	229
ajn	227
tagon	226
eblas	226
volis	225
parolas	224
donu	221
sia	221
aliaj	218
kredas	218
kontraŭ	218
ĝuste	218
aŭskultu	212
rajtas	212
unua	212
tia	211
sian	211
viajn	210
sin	207
prenu	205
sola	205
konas	201
kara	201
nek	201
morgaŭ	201
filo	201
bela	199
he	198
faros	197
tuta	192
ĉiujn	189
gravas	188
ŝajnas	187
infanoj	187
sinjorino	187
vidu	186
venas	186
trovis	185
nomo	184
alian	184
iros	183
kune	180
opinias	180
necesas	178
iam	175
timas	174
helpu	173
afero	172
venos	171
inter	167
sentas	167
tago	166
amas	165
baldaŭ	165
amiko	163
ekde	162
simple	162
povos	161
kompreneble	161
paroli	161
longe	160
preskaŭ	160
pensis	159
edzino	159
tero	158
foriru	157
fartas	156
bonege	156
mortis	155
ĉesu	155
frato	155
restu	154
ekzistas	152
tiujn	152
vivon	151
hej	151
tra	151
reĝo	150
sub	150
atentu	150
tutan	150
iun	150
aŭdis	149
haltu	149
milito	147
knabo	147
vera	147
domo	147
helpi	146
loko	146
aŭdas	145
vivas	145
povis	144
kvazaŭ	144
nian	143
bedaŭras	143
deziras	142
antaŭe	141
viro	141
aspektas	141
revenos	140
fratino	140
morto	140
unue	140
bonvole	137
ordo	137
sufiĉas	137
tempon	136
sciis	135
memoras	134
miajn	134
amo	133
gvidanto	133
hejmen	132
nova	132
sufiĉe	130
moŝto	130
laboro	130
ŝia	128
certas	127
kiujn	127
komprenis	127
iomete	126
devus	126
zorgu	126
amikoj	125
akvo	122
fino	121
signifas	118
malfermu	117
iris	117
sankta	116
ĵus	116
devos	116
kvin	114
virino	114
verŝajne	114
æu	112
lando	112
atendas	112
kapablas	111
koro	111
barono	110
scii	110
manĝi	109
damne	108
restos	108
lian	108
horo	108
monon	107
finfine	107
tial	107
almenaŭ	106
multaj	106
nokton	106
dek	106
mortos	106
mono	105
malbone	104
pretas	104
ilia	103
forgesis	103
restas	103
vojo	103
malpli	102
donis	102
okazos	102
lasta	100
ku	100
restis	100
decidis	100
malbona	99
ege	99
eniru	98
foriri	98
tagoj	98
apud	97
urbo	97
iŝan	97
perdis	97
knabino	96
grava	96
bonas	95
havi	95
kapo	95
mankas	95
niajn	95
parolu	95
ĉielo	94
okuloj	94
momenton	94
vidos	94
lernejo	94
temas	93
petis	93
sidiĝu	93
fakte	93
devis	93
alvenis	93
morti	92
nepre	92
siajn	92
trovi	91
jaro	91
pravas	91
diros	90
mortigi	90
tiaj	89
ŝipo	89
resti	89
grandan	88
kapitano	88
havos	88
pablo	88
homojn	88
hejme	88
traduko	87
chico	87
manĝu	87
nomiĝas	87
sukcesis	87
arbaro	87
avinjo	86
edzo	86
pordon	86
jarojn	86
haŭl	86
dua	86
same	86
kompreni	86
krom	85
infano	85
nederlanda	85
rigardas	85
kelkaj	85
liaj	85
permesu	84
æi	84
familio	84
mak	84
planedo	84
laboron	83
vivi	83
kvar	82
revenis	82
problemo	82
daŭre	82
novan	82
trovos	82
laboras	82
prenis	82
aferoj	82
silentu	82
veni	82
serĉas	81
loĝas	80
facile	79
rigardi	79
esperas	79
tenu	79
preni	79
vivu	79
minutoj	79
knaboj	79
provu	79
donos	78
eta	78
filino	78
kamarado	78
revenu	78
sukcesos	78
donas	77
nokto	77
billy	77
ambaŭ	76
neniun	76
juna	76
volus	75
ĉiun	75
parolis	75
manĝas	74
gepatroj	74
ŝatus	74
funkcias	74
trankviliĝu	74
momento	73
belega	73
manojn	73
pordo	73
multajn	73
fine	73
pardonon	72
foriris	72
sama	71
iliaj	71
muziko	71
sofi	70
nomon	70
stulta	70
malfrue	70
mej	70
ĉirkaŭ	70
prefere	70
ekstere	70
ricevis	70
diable	70
vesperon	69
prenos	69
ideo	69
eniri	69
celas	69
lokon	69
hieraŭ	69
ludi	69
matenon	69
akvon	68
mortigos	68
supre	68
manoj	68
foje	68
lo	68
princino	67
pastro	67
alportis	67
onklo	67
aliajn	67
fantoci	67
adiaŭ	67
daŭrigu	67
libro	67
macario	67
skribis	66
libera	66
frue	66
feliĉa	66
estro	65
trankvile	65
chu	65
eliru	65
kelkajn	64
stultulo	64
lumo	64
helpon	64
hejmo	64
labori	64
dormas	64
montru	64
kuru	63
mortigis	63
idioto	63
flugi	63
si	63
helpos	63
ofte	63
fojon	63
siaj	63
scipovas	63
suno	62
eliri	62
iuj	62
turf	62
metu	62
revido	62
similas	61
doloras	61
celo	61
peppino	61
rapidu	61
doni	61
reveni	61
virinoj	61
okulojn	61
forgesu	60
veron	60
vero	60
caro	60
intencas	60
ŝajne	60
viroj	60
infanojn	60
alvenas	60
staras	60
ĝojas	60
ekzemple	60
ve	60
elnederlandigis	59
korpo	59
aĉeti	59
kapon	59
preta	59
supren	59
vento	59
komencis	59
propra	59
aŭdi	59
animo	59
vojon	59
sekvu	59
ĉeestas	58
oro	58
arbo	58
kian	58
longa	58
sango	58
freneziĝis	58
alportu	58
sorĉistino	58
popolo	58
homa	58
tian	57
demandas	57
trajno	57
ricevos	57
terura	57
antaŭen	57
mondon	57
timo	57
rolo	57
ene	56
foriros	56
eminenco	56
klare	56
reĝa	56
ah	56
ulo	56
lasi	56
demandis	56
preferas	56
malfacile	56
profesoro	55
sal	55
dormis	55
lasis	55
stranga	55
ĉie	55
ludo	55
timu	55
aferojn	55
fajro	55
pensu	55
bonvenon	55
tria	55
sciu	55
alvenos	55
ranĉo	55
forlasis	55
ludas	55
jesuo	55
dreverhaven	55
sendis	54
ĉambro	54
savi	54
sinjoroj	54
skribi	54
dormi	54
mastro	54
paco	54
malaperis	54
foriras	54
nokte	54
haku	53
fek	53
ŝtelis	53
kies	53
demandi	53
patron	53
parto	52
legi	52
forta	52
lasos	52
atendi	52
maro	52
bebo	52
falis	52
terure	52
ia	52
atingis	52
plaĉas	52
karulo	51
anstataŭ	51
pafis	51
matene	51
kulpas	51
bonaj	51
malgranda	51
bele	51
mil	51
polico	51
eniris	51
festo	51
kristo	51
fraŭlino	51
malamas	50
dankas	50
kuracisto	50
horoj	50
diablo	50
aŭto	50
manon	50
speciala	50
grandaj	50
phil	50
unuan	50
domon	50
vizaĝo	49
petegas	49
ordonis	49
trafis	49
kaptu	49
sidas	49
finiĝis	49
koron	49
rekte	49
brave	49
ĉiutage	49
avino	49
naskiĝis	49
rakontis	48
montri	48
kiki	48
karlo	48
manĝaĵo	48
doktoro	48
cervo	48
iĝos	48
historio	48
direktoro	48
atingi	48
dubi	47
miĉjo	47
vortoj	47
atendis	47
finis	47
oficejo	47
patrick	47
uzi	47
aŭskultas	47
imagu	47
flugas	47
iĝis	47
vespere	47
propran	47
esperanto	47
ideon	47
danĝero	47
knabinoj	47
parolos	46
instruisto	46
ŝanĝi	46
zorgas	46
raĝu	46
entute	46
lingvo	46
kiaj	46
nomas	46
halo	46
kredis	46
filon	46
manĝis	46
demando	46
strange	46
taŭgas	46
ĝardeno	46
viĉjo	46
zubi	45
aĵoj	45
manĝos	45
instruis	45
birdo	45
mazi	45
portas	45
renkontis	45
viva	45
apartenas	45
fermu	45
bedaŭrinde	45
mano	45
farus	44
katadreuffe	44
kredi	44
serĉi	44
brazilo	44
hotelo	44
lumon	44
maljuna	44
ŝian	44
delonge	44
ie	44
kazaroza	44
lernis	44
korvaks	44
marko	44
pia	44
bonega	44
fiulo	43
militon	43
prave	43
kaptis	43
strato	43
malnova	43
troviĝas	43
provis	43
hm	43
trankvila	43
promesas	43
pafu	43
kaĉjo	43
ŝatis	43
plena	43
fojo	43
pablito	43
uzas	42
elektis	42
infero	42
forte	42
reĝino	42
ĝia	42
pasis	42
ruĝa	42
metis	42
proksime	42
pardonpetas	42
plene	42
po	42
princo	42
ses	42
ĝenas	42
tiajn	42
aŭton	42
apenaŭ	42
nekredeble	42
pensi	42
nigra	42
øi	41
trovu	41
morton	41
monatoj	41
sonas	41
aĥ	41
komprenu	41
violonisto	41
paŭleta	41
telefonis	41
vojaĝo	41
sep	41
malmulte	41
filmo	41
legis	41
alie	41
malantaŭ	41
karl	40
respondu	40
helpo	40
flanko	40
tuŝu	40
montros	40
kvankam	40
lerni	40
reiru	40
komenco	40
perfekta	40
ankoraŭfoje	40
gaj	40
pjel	40
naturo	40
atenton	40
komencu	40
demandu	40
precize	39
mortas	39
vizaĝon	39
gesinjoroj	39
homon	39
saman	39
kostas	39
moviĝu	39
hundo	39
aĉetis	39
memoru	39
tiru	39
aero	39
krome	39
persono	39
libron	39
forlasi	39
dank	39
radio	39
edzinon	39
kantas	39
promesis	39
rakontu	39
hastu	39
avo	38
gajnis	38
bezonos	38
freneza	38
ordono	38
helpas	38
indas	38
inklinalriks	38
steloj	38
punkto	38
aferon	38
supozas	38
savu	38
ricevas	38
klaso	38
mallumo	38
absolute	38
sole	38
donaco	38
nura	38
soldatoj	38
nomis	38
atendos	38
rekonas	38
brendano	38
ŝancon	38
subite	38
nenia	37
dudek	37
veturu	37
mortu	37
plian	37
korbin	37
malfruas	37
tano	37
sekundoj	37
rivero	37
kuras	37
lago	37
massarakŝ	37
trovas	37
reen	37
rimarkis	37
malsana	37
super	37
bestoj	37
armeo	37
ŝlosilon	37
konsentite	37
ian	37
skribu	37
libroj	37
ĉarma	37
horojn	36
farhan	36
problemojn	36
lastan	36
minuton	36
dume	36
totoro	36
portis	36
pagos	36
serioze	36
cxu	36
minutojn	36
ĝiĝi	36
havu	36
duono	36
fratoj	36
finu	35
unufoje	35
kelkfoje	35
laŭte	35
savis	35
porti	35
farita	35
mirinde	35
viziti	35
luno	35
vivos	35
malamiko	35
pura	35
veras	35
trinku	35
mortintoj	35
kamaradoj	35
spirito	35
ĝafaro	35
lara	35
nome	35
sukcesas	35
ricevi	35
legu	35
jaron	35
belan	35
kantu	35
dirus	35
malbono	35
kuŝas	35
belaj	35
feliĉaj	34
gardu	34
mortinta	34
provas	34
lito	34
imagas	34
sklavoj	34
alta	34
konsentas	34
muzikon	34
vivis	34
sentis	34
urbon	34
revenas	34
héctor	34
kalcifer	34
homaro	34
muso	34
junulo	33
serĉu	33
ŝanĝiĝis	33
feston	33
demandon	33
voĉo	33
cetere	33
kredu	33
aperis	33
teatro	33
malsatas	33
pafi	33
provos	33
proponas	33
deziron	33
aĝo	33
eksteren	33
klaras	33
portu	33
proksima	33
parizo	33
centro	33
laboris	33
trinki	33
majstro	33
uzu	33
batali	32
ĉambron	32
car	32
respondi	32
male	32
ridinda	32
berlino	32
flugo	32
ĝusta	32
neniel	32
etan	32
vilaĝo	32
blanka	32
kulpo	32
aĵojn	32
varma	32
aĉa	32
prenas	32
iliajn	32
prezentas	32
vorton	32
novajn	32
rigardis	32
jacob	32
amikon	32
bezonis	32
ludis	32
forlasu	32
mateno	32
frenezas	32
besto	32
mar	32
mirinda	32
marta	32
vorto	31
dormu	31
espero	31
aĉetos	31
numero	31
surmetu	31
amuza	31
ĉihiro	31
bebon	31
preĝu	31
eŭropo	31
iĝas	31
muro	31
pagi	31
veran	31
finita	31
rakonti	31
eva	31
vespero	31
finiĝos	31
redonu	31
ŝtonoj	31
rusoj	31
samtempe	31
vortojn	31
libereco	31
novaj	31
kuraĝa	31
honoro	31
demetu	30
situacio	30
vokas	30
kutime	30
korpon	30
maŝino	30
dallas	30
evidente	30
ŝajnis	30
tasko	30
ludu	30
amis	30
tridek	30
nenian	30
malsupren	30
francisko	30
mensogas	30
akcepti	30
sveĉnikov	30
fariĝos	30
amon	30
tablo	30
munĥauzen	30
kreskas	30
problemon	30
usono	30
policon	30
renkonti	29
kafon	29
malfermi	29
maria	29
verda	29
rublojn	29
merdo	29
ŝanĝis	29
postenon	29
permesas	29
karulino	29
tempoj	29
kontrolu	29
utilas	29
animon	29
degeneruloj	29
ok	29
tagojn	29
des	29
vico	29
icka	29
ĉefe	29
vivojn	29
nelonge	29
ĵuras	29
malproksime	29
forto	29
iel	29
piedoj	29
bezonatas	29
floroj	29
trans	29
atingos	28
voku	28
malamikoj	28
kvara	28
saĝa	28
simpla	28
socio	28
pripensis	28
aj	28
sistemo	28
skribas	28
kaŝis	28
provi	28
normale	28
hejmon	28
leteron	28
domaĝe	28
komprenos	28
plezuro	28
mortigu	28
buŝon	28
irufor	28
fronto	28
telefono	28
rompis	28
malsanulejo	28
klarigi	28
perdos	28
demandoj	28
sekvas	27
ivan	27
pripensu	27
milionoj	27
patrinon	27
serĉis	27
etulo	27
pardonas	27
elia	27
reala	27
lernejon	27
kialo	27
virinon	27
kece	27
knabon	27
agas	27
hazarde	27
kompatinda	27
maksim	27
surprizo	27
inĝeniero	27
doloro	27
aminda	27
efektive	27
neeblas	27
teron	27
ĉampiono	27
pavĉjo	27
agrable	27
cin	27
kaŝas	27
grandega	27
vivaj	27
konservu	27
omoj	27
fariĝis	27
frenezulo	27
silenton	27
obeliks	27
sekura	27
kosmo	27
sano	27
palaco	27
aŭskulti	27
geknaboj	27
oĉjo	27
aĵo	27
volo	27
malvarma	27
aperas	27
eniras	27
vokis	26
kvina	26
richard	26
harojn	26
scius	26
elteni	26
lastaj	26
batalo	26
sovaĝa	26
oh	26
ĉevalo	26
haltigu	26
vaganto	26
rato	26
amikojn	26
leĝo	26
kaptos	26
sekreto	26
vekiĝu	26
plano	26
fingroj	26
ŝlosilo	26
jubaba	26
radion	26
aĝa	26
eksciis	26
okulo	26
sonĝo	26
blua	26
finos	26
bono	26
ludon	26
vane	26
fini	26
interese	26
flugu	26
loĝejo	26
opiniis	26
ofelja	26
montris	26
librojn	25
ĉefo	25
haroj	25
morta	25
klarisa	25
malfermita	25
daŭras	25
montras	25
flugos	25
vintro	25
jeromo	25
asertas	25
kreis	25
rifuzas	25
dependas	25
sento	25
kafo	25
valoras	25
atanarjuat	25
pardoni	25
bongusta	25
ekzameno	25
ĉefa	25
kju	25
liajn	25
revolucio	25
sorto	25
servo	25
rakontos	25
rakonto	25
ekster	25
konis	25
eliris	25
cent	25
dekstre	25
sekreta	25
turoj	25
puŝu	25
helpis	25
demono	25
fenestro	25
duonon	25
murdis	25
diogo	25
pereis	25
klopodu	25
ilian	25
igis	25
suferas	25
perdita	25
kato	24
gastoj	24
sana	24
komencas	24
ranĉodas	24
rimarkas	24
impastato	24
tiamaniere	24
sendas	24
leŭtenanto	24
koncernas	24
krei	24
lokoj	24
heroo	24
vasiljeviĉ	24
belege	24
pistolon	24
volonte	24
krias	24
vetero	24
perfekte	24
oki	24
landon	24
aĉulo	24
arnold	24
florojn	24
maniero	24
tiukaze	24
bordo	24
koleras	24
eterne	24
postulas	24
knabinon	24
peti	24
ekstaru	24
alporti	24
suben	24
robotoj	24
pangur	24
sendu	24
havus	24
problemoj	24
semajno	24
respondas	24
on	24
eboshi	24
lasas	24
urĝe	24
izzi	24
movu	24
meti	24
ĵetu	24
malkovris	24
interesa	24
nuntempe	24
studis	24
malgraŭ	24
silvja	24
memoro	24
facila	24
malrapide	24
eliros	24
karesu	24
sekva	24
arboj	24
viando	24
finiĝas	24
multon	23
princ	23
lingvon	23
interesiĝas	23
karaj	23
meze	23
familion	23
mallonga	23
nazon	23
bonfartas	23
batis	23
scios	23
precipe	23
ŝipon	23
kastelo	23
uzis	23
letero	23
rusa	23
dioj	23
you	23
duan	23
venkis	23
malsanas	23
inĉjo	23
renkontos	23
monstro	23
sonĝis	23
cerbo	23
sendube	23
invitis	23
telefonon	23
sufiĉos	23
maltrankviliĝu	23
multan	23
seĝo	23
reiri	23
fidu	23
murdo	23
tombo	23
kompatu	23
klubo	23
levu	23
birdoj	23
feliĉan	23
pacon	23
forestas	23
crispina	23
deziris	23
instruas	23
historion	23
tommy	23
franca	23
malvarme	23
legas	23
malplena	23
etaĝo	23
laca	23
flugis	23
trinkas	23
kristnaskon	23
ree	23
eraro	23
kreskis	23
vundita	23
perdas	23
malsano	22
aperos	22
monto	22
leonard	22
familia	22
feliĉon	22
okazi	22
elektu	22
muroj	22
schultz	22
venigu	22
respondo	22
tedis	22
ŝategas	22
akceptas	22
tenas	22
agu	22
akompanu	22
progresas	22
pagas	22
insulo	22
ashitaka	22
enamiĝis	22
sidu	22
rakontas	22
fama	22
komenciĝas	22
seĝoj	22
konata	22
kioma	22
gravan	22
glason	22
londono	22
generalo	22
posedas	22
komence	22
larmoj	22
ŝaltu	22
revidi	22
forton	22
viandon	22
panon	22
akceptu	22
pantalonon	22
universo	22
kris	22
redonos	22
taskon	22
mordis	22
turnu	22
tuŝis	22
okazo	22
lupo	22
veturas	22
timon	22
revo	22
plenumi	22
klopodas	22
rapidiĝu	22
grupo	22
kontenta	22
ŝipanaro	22
neĝo	22
bum	22
supo	22
finite	22
milan	21
portos	21
vlaĉjo	21
ŝiaj	21
ej	21
danĝera	21
respondis	21
mond	21
annie	21
printempo	21
connors	21
naskiĝtago	21
sereda	21
teon	21
eviti	21
hinkel	21
akuzito	21
akcidento	21
afabla	21
sube	21
iujn	21
danki	21
profunde	21
falas	21
eraris	21
ĉesis	21
telefonos	21
ĝian	21
isabelle	21
karno	21
ŝanco	21
eliras	21
edziĝi	21
ĉeestis	21
komenci	21
uloj	21
nazo	21
ĉatur	21
ajdan	21
planto	21
aha	21
francio	21
kanajlo	21
feliĉo	21
ties	21
interesas	21
tiele	21
tomas	21
truo	21
celon	21
interalie	21
forigu	21
neniuj	21
patroj	21
spaco	21
ĉiukaze	21
liberaj	21
maŝinoj	21
iĝi	21
em	21
akiris	21
mapo	21
vivanta	21
prezidento	21
pasas	21
sim	21
endas	21
merdon	21
freŝa	21
malfacila	21
homaj	21
aŭskultis	21
loĝis	21
agi	21
mortigas	21
eniros	21
projekto	21
fermita	21
sklavo	21
maŝinon	21
aŭdu	21
personoj	21
fuĝi	21
formo	21
daŭrigi	20
ordonoj	20
well	20
klarigos	20
kredos	20
kaŝi	20
albumo	20
devo	20
ordinara	20
dufoje	20
filmon	20
neniom	20
dormos	20
registaro	20
ŝtonojn	20
kazimiro	20
langon	20
klopodis	20
gaal	20
vespermanĝo	20
senĉese	20
germanoj	20
klarigu	20
daŭros	20
avasti	20
soldato	20
leonid	20
miraklo	20
ŝerco	20
persone	20
ordonas	20
protekti	20
sendi	20
perdido	20
spegulo	20
rilatas	20
vizitis	20
ekiru	20
orelojn	20
desperanto	20
bartolomeo	20
pikul	20
ĉevalon	20
malbonan	20
parton	20
ŝtono	20
taŭga	20
brilas	20
rompita	20
sorĉisto	20
koncerto	20
komencos	20
silento	20
mercedes	20
elekti	20
sekreton	20
malbeno	20
kasiopeo	20
preparis	20
lupoj	20
alfa	20
infanon	20
mapon	20
probable	20
grandajn	20
nuda	20
zorgojn	20
tuŝi	20
premu	20
bildoj	20
konservi	20
sekve	20
apetiton	20
amuze	20
planedon	20
vetas	20
telefoni	20
ŝtata	20
simila	19
forprenu	19
terkultivisto	19
flanken	19
sopiras	19
pugon	19
kutimo	19
ekis	19
stato	19
forlasas	19
liberigu	19
aŭdacas	19
nomu	19
bravulo	19
supozeble	19
ŝuoj	19
maŭrico	19
trezoro	19
maldekstre	19
sidi	19
veturi	19
junaj	19
suliman	19
timi	19
lilu	19
kontroli	19
ferioj	19
sablo	19
potenco	19
osipov	19
amen	19
elekto	19
somero	19
eraron	19
kuŝis	19
venigis	19
estimata	19
sekvan	19
pluraj	19
leviĝu	19
permeson	19
eklezio	19
estonteco	19
atakis	19
ovojn	19
silentas	19
ordonon	19
draagoj	19
survoje	19
konduku	19
ŝuojn	19
reiros	19
zorgi	19
aeron	19
instrui	19
klarigis	19
aliloke	19
ripozu	19
fidas	19
ripetas	19
regas	19
monato	19
alportos	19
mario	19
sendos	19
stiri	19
interne	19
gasto	19
boato	19
virginia	19
pano	19
akceptis	19
lakton	19
stulte	19
komandanto	19
rigardos	19
kiajn	19
chiuj	19
samaj	19
dia	19
trankvilu	19
ĵetas	19
kuraĝon	19
dubas	19
ĝustatempe	19
sesa	19
varinjo	19
turo	19
haltis	19
rezulto	19
kutima	19
telefonu	19
grandegan	19
malfermos	18
minuto	18
igas	18
novaĵo	18
dorso	18
ivanova	18
dometo	18
solvi	18
tina	18
trafi	18
malfermas	18
rin	18
ghi	18
lipoj	18
pekoj	18
malamo	18
intencis	18
ekscii	18
donacon	18
decidi	18
instruistino	18
malbonas	18
perforto	18
larry	18
bildo	18
pafas	18
elektas	18
plenumis	18
lisa	18
dolĉa	18
permesos	18
aldo	18
kuzo	18
haŭto	18
vestaĵojn	18
malgrandaj	18
reĝisoro	18
ploras	18
firmao	18
arto	18
junulino	18
venki	18
amaso	18
vestojn	18
zorgos	18
allegra	18
alte	18
magistro	18
ripozi	18
voĉon	18
peko	18
kontraŭas	18
odoras	18
fajron	18
reguloj	18
bruas	18
malfacilas	18
elekton	18
ridetu	18
kristnasko	18
unuafoje	18
pentristo	18
finas	18
ju	18
fedĉjo	18
horon	18
eltenas	18
stelo	18
fajfas	18
farite	18
kanti	18
viktor	18
kison	18
deka	18
silvani	18
ŝercas	18
milady	18
plie	18
okkoto	18
kelo	18
kapti	18
laboros	18
okupita	18
loĝejon	18
alportas	18
pagis	18
fero	18
peĉjo	18
renkontiĝis	18
malŝaltu	18
rubloj	18
teni	18
travivis	18
sekvos	18
preter	18
fia	18
radiado	18
sidis	18
ĉiuokaze	18
timigas	18
videblas	18
imperiestro	18
naskis	18
krizo	18
kvardek	18
naŭ	18
kuraĝo	18
silentiĝu	18
mutaciintoj	18
petu	18
putino	17
bonkora	17
situacion	17
fiŝo	17
belas	17
venkos	17
anĝelo	17
vasko	17
kunulo	17
metas	17
skribita	17
luigi	17
forkuris	17
mathias	17
redoni	17
ratoj	17
gajni	17
agrabla	17
stultuloj	17
gratulas	17
veraj	17
øin	17
grave	17
armilo	17
ruĝan	17
senpage	17
signo	17
vizitos	17
plenas	17
silbado	17
ekscios	17
danĝere	17
plia	17
specialan	17
ajna	17
konstruaĵo	17
akceptos	17
konfesi	17
boaton	17
halti	17
viv	17
doloron	17
popolon	17
aal	17
laboru	17
eh	17
permesi	17
imagis	17
kvindek	17
tomenio	17
izz	17
gloro	17
alferjev	17
moskvo	17
malsata	17
vendas	17
proksimume	17
iĝu	17
pluvo	17
forprenis	17
envenu	17
kuraĝas	17
certa	17
aliĝu	17
brila	17
vangdu	17
rapida	17
napaloni	17
seĝojn	17
televido	17
ridas	17
unuaj	17
emas	17
juĝisto	17
moviĝas	17
bondezirojn	17
perdu	17
kaŭzo	17
rompi	17
plaĝo	17
stacidomo	17
onklino	17
domoj	17
bileton	17
foren	17
brava	17
obeas	17
staru	17
rotestro	17
profunda	17
pam	17
miras	17
mankis	17
lakto	17
mortus	17
clausewitz	17
halt	17
perdi	17
anglio	17
penso	17
malaperu	17
roberto	17
senton	17
studento	17
avertis	17
nune	17
vino	17
ŝtelas	17
majo	17
konscias	17
dentojn	17
malbela	17
batalas	17
dezerto	17
proksimiĝas	17
kverelas	17
grekio	17
apartamento	16
oreloj	16
diskuti	16
universitato	16
sacuki	16
magdalena	16
senti	16
venja	16
plus	16
manĝaĵon	16
serĉos	16
ĉesi	16
guldenoj	16
zef	16
funkciis	16
lecionon	16
malpermesas	16
dezirus	16
plue	16
propraj	16
pensoj	16
rilaton	16
kolumbo	16
nikolaj	16
juste	16
kells	16
mona	16
pluvas	16
invitas	16
merde	16
spektaklo	16
infaneco	16
respekto	16
suda	16
levi	16
politiko	16
similan	16
koloroj	16
bovino	16
limo	16
johan	16
milionojn	16
diversaj	16
vekiĝis	16
batas	16
ugo	16
malvarmas	16
prizorgu	16
nobla	16
valida	16
ĥanjo	16
rompos	16
senprokraste	16
hispanoj	16
malsato	16
stultaĵo	16
fenestron	16
virinojn	16
banko	16
menso	16
vojaĝon	16
ido	16
skribos	16
vikingoj	16
falos	16
aparato	16
sekvi	16
fojojn	16
oficiro	16
demonoj	16
ĉesos	16
abba	16
partio	16
popola	16
antaŭa	16
asteriks	16
strangas	16
existenz	16
speciale	16
albert	16
piedojn	16
samon	16
bonajn	16
najbaro	16
komunisto	16
ŝuldas	16
kisi	16
vika	16
beleco	16
viruso	16
forgesos	16
ejo	16
imperio	16
kuri	16
urso	16
bonŝancon	16
fraton	16
pentraĵo	16
ĉanĉad	16
simbolo	16
peza	16
virgulino	16
okcidento	16
malaperos	16
agoj	16
fi	16
kapablis	16
ien	16
niila	16
danke	16
privata	16
kreas	16
timis	16
bonegan	16
normala	16
lacas	16
hura	16
estaĵo	16
posteno	16
zinjo	16
plezure	16
elpensis	16
paradizo	16
loĝi	16
teruran	15
gajnas	15
simpatia	15
rapidas	15
kuglo	15
rekonis	15
aviadilo	15
vladimir	15
malsupre	15
instruos	15
spiritoj	15
kuirejo	15
fariĝi	15
komforte	15
parencoj	15
pafilon	15
ami	15
klara	15
tutegale	15
trakti	15
hmm	15
km	15
horloĝo	15
dika	15
aĝas	15
sergej	15
viron	15
trafos	15
aŭtoro	15
jack	15
angulo	15
decidu	15
malbenita	15
maltrankviliĝas	15
paĉjon	15
supreniru	15
parolo	15
sinjorinoj	15
kaptita	15
franco	15
lavi	15
amata	15
foton	15
pereos	15
libere	15
mojose	15
danci	15
scienco	15
sovaĝaj	15
feliĉe	15
oj	15
varme	15
malantaŭe	15
robĉjo	15
ĝuu	15
demokratio	15
liberigi	15
imagi	15
senlime	15
paĝo	15
gvidon	15
aĉetu	15
guldenojn	15
malantaŭen	15
ghin	15
kutejŝĉikova	15
judoj	15
iama	15
beauregard	15
premion	15
malbonaj	15
dolarojn	15
salutu	15
kampo	15
kaporalo	15
gravicapon	15
ŝanĝos	15
ŝtato	15
kamentubisto	15
bonŝanca	15
advokato	15
pilkon	15
finon	15
kristy	15
kamparo	15
rada	15
kunportis	15
due	15
kanton	15
voĉoj	15
ĝenerale	15
marĝinjo	15
karamuru	15
turni	15
dorson	15
ludoj	15
kialon	15
eksarĥio	15
moema	15
inferon	15
necesejo	15
trompis	15
malpermesis	15
amantino	15
dankegon	15
gratulon	15
frapis	15
kriis	15
ŝtelisto	15
povon	15
ekspedicio	15
lageto	15
ŝtuparo	15
kondukos	15
zorge	15
kaptilo	15
serioza	15
lernas	15
mesaĝon	15
pliajn	15
hundoj	15
gankelaar	15
energio	15
stroomkoning	15
eltiri	15
malliberejo	15
memori	15
necesis	15
maron	15
dirite	15
kristina	15
kantis	15
demandos	15
ordonojn	15
segismundo	15
decido	14
salajro	14
iona	14
truon	14
aleksandr	14
piedo	14
diversajn	14
amikino	14
geedziĝo	14
katja	14
faritaj	14
gepatrojn	14
donus	14
nekonataj	14
birdeto	14
bati	14
kisa	14
notojn	14
paŝtistino	14
nikumb	14
estante	14
anna	14
aldone	14
respondon	14
sidiĝi	14
teo	14
specialaj	14
sepa	14
destino	14
daŭrigos	14
biletojn	14
horloĝon	14
kil	14
superas	14
joĉjo	14
eraras	14
fare	14
paragŭasu	14
ĉeesto	14
jennifer	14
ventro	14
gradoj	14
aspektis	14
krurojn	14
irus	14
himmler	14
marĝane	14
ruĝaj	14
mallonge	14
energion	14
konstante	14
revidos	14
detrui	14
civilizo	14
parolon	14
hodiaŭa	14
trinkos	14
plenumas	14
ángela	14
fortoj	14
utila	14
keston	14
kaŝe	14
fumas	14
spiri	14
forgesas	14
longan	14
scio	14
gardisto	14
kesto	14
jarcento	14
tamara	14
animojn	14
hispanio	14
forpreni	14
manjo	14
ploru	14
ickarus	14
forkuri	14
leciono	14
igi	14
scenaro	14
ŝŝŝ	14
romano	14
promenas	14
duobla	14
suferis	14
plenan	14
infanaĝo	14
alex	14
ceremonio	14
mision	14
kuris	14
imago	14
maldekstren	14
dekstren	14
odoro	14
arkadjeviĉ	14
maljunulino	14
antonio	14
kontentas	14
realo	14
verdire	14
similaj	14
programo	14
proceso	14
kaŭzas	14
antenna	14
nigraj	14
lernos	14
ekzakte	14
brusto	14
ĉeestos	14
lucky	14
flugilojn	14
landlimo	14
ekstera	14
magio	14
ŝpak	14
volos	14
arestita	14
notoj	14
pripensi	14
honoron	14
osterlish	14
ĵuris	14
the	14
posttagmeze	14
rita	14
buso	14
mirindan	14
arestis	14
kisis	14
oriento	14
vinon	14
proprajn	14
armilon	14
komenciĝis	14
diktatoro	14
sago	14
laborpostenon	14
ironworks	14
dancas	14
vilaĝon	14
von	14
singardu	14
vojaĝis	14
aspekto	14
seĝon	14
don	14
grigorjeviĉ	14
cinisi	14
adreso	14
savos	14
fidela	14
noktoj	14
komenciĝos	14
francan	14
kliento	14
semajnon	14
forkuru	14
ŝuo	14
teatraĵo	14
informi	14
laciĝis	14
korekte	14
transdonu	14
povu	14
lastatempe	14
pardonos	14
spertas	14
lerta	14
regno	14
rendevuon	14
fileto	14
trafas	14
linio	14
pasigis	14
movado	14
detruis	14
atako	14
hundon	14
brakoj	14
rajton	14
egalas	14
porkoj	14
skatolo	14
inviti	14
biciklo	14
antikva	14
ŝatata	14
agapit	14
surhavas	14
sice	14
kvartalo	14
kondiĉoj	14
saltano	14
horloĝojn	14
verko	14
mensogo	14
sukcesi	14
krii	14
enordas	14
okulon	14
pecon	14
murdisto	13
tegmento	13
danku	13
tombon	13
veturos	13
hispana	13
kilometrojn	13
urbestro	13
rakonton	13
sugestas	13
utilos	13
vendejo	13
membroj	13
germanio	13
plaĉis	13
vivoj	13
germana	13
enlitiĝu	13
ĉian	13
alvoku	13
anstataŭe	13
blinda	13
tage	13
esperon	13
banejo	13
aleĉjo	13
kazarozan	13
aranĝos	13
esperanton	13
hitler	13
laboristoj	13
tuŝos	13
batu	13
amikeco	13
studio	13
fariĝas	13
hontas	13
mensogoj	13
grandioza	13
nomojn	13
zoolando	13
animoj	13
pasigi	13
ŭaŭ	13
oceano	13
sudo	13
fratinon	13
solaj	13
uzos	13
kruro	13
donacis	13
ipolit	13
paŝo	13
koĉjo	13
guþo	13
riveron	13
lernu	13
necesos	13
frapu	13
devenas	13
knabinojn	13
servas	13
malseka	13
riĉa	13
ĉesigi	13
sekvis	13
bonordas	13
poŝo	13
kontakto	13
talenton	13
ŝanĝu	13
purigi	13
avertas	13
zono	13
pendas	13
far	13
revis	13
malpura	13
jean	13
familinomo	13
dolaroj	13
alumetojn	13
idoj	13
sidanta	13
lerneja	13
kuiri	13
aŭdos	13
kandidato	13
sonjo	13
estonta	13
devintus	13
efikas	13
petos	13
filmoj	13
venonta	13
duonhoro	13
bedaŭros	13
promeni	13
neeble	13
vizitu	13
giganta	13
nature	13
jakin	13
poeto	13
natura	13
okaze	13
sincere	13
rimarkos	13
trinkis	13
æiuj	13
epoko	13
studi	13
glora	13
malforta	13
fidi	13
elektro	13
sangon	13
perdiĝis	13
ned	13
rubi	13
agata	13
spuron	13
malfermis	13
merdulo	13
meritas	13
planas	13
pantalono	13
inoj	13
kolektis	13
ministro	13
solvo	13
silenti	13
aleks	13
pirata	13
teamo	13
espereble	13
juĝo	13
cia	13
kostis	13
civitanoj	13
sukceson	13
atente	13
strangaj	13
kalkulu	13
fianĉino	13
kolero	13
forlasos	13
trombo	13
malĝusta	13
kontrolo	13
edzon	13
kaŝu	13
miskompreno	13
grafino	13
demandojn	13
escepte	13
ĝentila	13
graŭlo	13
celis	13
metos	13
kompatas	13
clarissa	13
plezuron	13
rizo	13
mensogi	13
verkisto	13
ideojn	13
neebla	13
naskiĝas	13
steiner	13
polujo	13
edziĝis	13
portugalan	13
ŝtormo	13
tim	13
vetu	13
kamaĝi	13
erinaceto	13
studas	13
atuat	13
intence	13
nekredebla	13
baronino	13
instruistoj	13
hilke	13
simioj	13
insul	13
preĝejo	13
tempas	13
hospitalo	13
loka	13
duka	13
van	13
munkeno	13
elangligis	13
stariĝu	13
pugo	13
ejon	13
punkton	13
estaĵoj	13
emmanuel	13
insistas	13
bestojn	13
peraŝ	13
veturis	13
dan	13
muller	13
planon	13
multege	13
komputilo	13
julia	13
firme	13
raĝan	13
diferenco	12
veturigos	12
idiotoj	12
lavu	12
uniformon	12
propono	12
nenien	12
kontrolos	12
filinoj	12
grundo	12
manĝon	12
pilolojn	12
batalis	12
pordojn	12
hastas	12
vekiĝas	12
brako	12
lingvojn	12
indianoj	12
ĝoje	12
kapablon	12
murdi	12
robo	12
tutcerte	12
saĝulo	12
subskribis	12
prezentos	12
stultaĵojn	12
rekomendas	12
lli	12
prizorgos	12
certis	12
gravicapo	12
ĝenerala	12
belajn	12
malmultaj	12
boars	12
freneze	12
ecilopp	12
sistemon	12
arbaroj	12
kukon	12
brigado	12
legendo	12
vestaĵoj	12
ĝakomo	12
odoron	12
eterna	12
liberigita	12
trupo	12
vidus	12
kruron	12
menson	12
aerŝipo	12
belegaj	12
angla	12
honesta	12
fortaj	12
junuloj	12
kontrakton	12
frapo	12
partopreni	12
eblos	12
rezisti	12
festeno	12
dion	12
landoj	12
singarde	12
mesaĝo	12
feliĉas	12
ruliĝas	12
sukceso	12
malsama	12
malbonon	12
malfacileco	12
vendi	12
vundiĝis	12
monatojn	12
kontakti	12
moshto	12
stelŝipo	12
refoje	12
daŭrigas	12
ranĉon	12
ĝenos	12
definitive	12
blovas	12
semajnoj	12
kreteno	12
bofrato	12
kapojn	12
ridetas	12
formetu	12
kristalo	12
belegan	12
arbaron	12
okulvitrojn	12
piratoj	12
artisto	12
bán	12
maldekstra	12
nomiĝis	12
gratulojn	12
marmota	12
nevidebla	12
dokumentojn	12
kvieta	12
paul	12
ridis	12
speco	12
konfesas	12
gardistoj	12
preparu	12
nokta	12
katon	12
unika	12
ridi	12
forigi	12
inkluzive	12
fenestroj	12
aliĝi	12
potencon	12
alimaniere	12
peno	12
vokos	12
plori	12
puŝi	12
ombro	12
gusto	12
kontakton	12
agis	12
rilato	12
novalo	12
muzeo	12
forflugis	12
rememoras	12
genia	12
sheldon	12
staris	12
pisis	12
ter	12
savo	12
am	12
mamoj	12
atentas	12
sciigi	12
naĝi	12
robon	12
bonegas	12
joachim	12
ulysse	12
elfrancigis	12
violonon	12
gardi	12
ŝuldojn	12
permeso	12
aktoro	12
seka	12
gajnos	12
műnchhausen	12
magistratestro	12
fakto	12
ivano	12
mafio	12
igos	12
sencon	12
sciigu	12
eskapi	12
komprenite	12
konatiĝi	12
interkonsento	12
regi	12
ŝajnigas	12
ĉirkaŭe	12
anasido	12
sonĝas	12
koni	12
alveni	12
markizino	12
donovan	12
ŝatos	12
valoro	12
afable	12
subskribas	12
koloro	12
komunikado	12
benu	12
prezenti	12
tribo	12
straton	12
terr	12
timema	12
laŭvole	12
instituto	12
batalu	12
tiva	12
haltigi	12
hispanujo	12
rimedoj	12
ĵetis	12
edukado	12
trupoj	12
memoron	12
placo	12
kovru	12
cerbon	12
hazardo	12
taksion	12
batos	12
mikrofono	12
penis	12
fortas	12
ludos	12
álvares	12
pardono	12
supozis	11
enloĝantoj	11
alvokis	11
enen	11
tason	11
maŭra	11
ŝteli	11
venigi	11
koto	11
cak	11
pacak	11
feliks	11
permesis	11
preparas	11
spiras	11
hannah	11
multa	11
vestoj	11
stelon	11
pliaj	11
ĉatlano	11
etaj	11
minejo	11
ĉiaokaze	11
purigu	11
legos	11
porko	11
rekonos	11
shi	11
hararo	11
ĝojan	11
adreson	11
sentos	11
mensogulo	11
tenis	11
panjon	11
pasos	11
oraj	11
tag	11
pentri	11
sentu	11
klientoj	11
pruvo	11
ial	11
bonegaj	11
yakul	11
butiko	11
stultas	11
rememorigas	11
nebulo	11
televidon	11
frat	11
parolado	11
rompiĝis	11
anglan	11
servi	11
turniĝas	11
filoj	11
oron	11
pacakoj	11
ekvidis	11
vekis	11
jakobo	11
hindioj	11
moŝtino	11
arao	11
malvarmo	11
arta	11
malaperi	11
monda	11
cedu	11
premo	11
supera	11
servisto	11
videbla	11
ŝaltas	11
george	11
kontrakto	11
operacio	11
fabriko	11
popoloj	11
detruas	11
pensojn	11
kosmon	11
sinjor	11
distrikto	11
elirejo	11
kunportos	11
ies	11
hispanion	11
trompas	11
lecionojn	11
taskojn	11
konsideru	11
rompas	11
pace	11
nomi	11
surmetis	11
ĉielon	11
ekvidos	11
sciur	11
rapideco	11
trafe	11
dentisto	11
transdoni	11
erik	11
duko	11
kuraĝe	11
forveturas	11
saŭlo	11
blondulo	11
kafejo	11
okazu	11
sinjoron	11
riskas	11
anne	11
planoj	11
vizito	11
rimedojn	11
roskuro	11
treege	11
infanino	11
vasilisa	11
museto	11
geller	11
ĝustas	11
miloj	11
bastardo	11
bunŝa	11
subskribi	11
subskribu	11
mathilde	11
pordego	11
surskriboj	11
kilometroj	11
karow	11
antau	11
gravis	11
ricevu	11
fajfiĝas	11
ovoj	11
rilatojn	11
kor	11
sentojn	11
faŝistoj	11
dekstra	11
restoracio	11
agado	11
putinido	11
frenezaĵo	11
bender	11
paĝon	11
matvejeviĉ	11
scenejo	11
estonto	11
kapoj	11
malhela	11
libero	11
rastogi	11
ĉirkaŭas	11
naŭzas	11
senco	11
surda	11
traktas	11
devizo	11
nuna	11
duŝo	11
peĵe	11
aprilo	11
sekundon	11
venus	11
modelo	11
zvart	11
deziro	11
vestita	11
nomoj	11
pacako	11
saltis	11
rideto	11
arbon	11
temon	11
nomata	11
paŝi	11
leĝoj	11
monstroj	11
kuracistoj	11
certigas	11
apro	11
stacio	11
monumento	11
distanco	11
sensencaĵo	11
malofte	11
perfidis	11
aĵon	11
decidas	11
ombron	11
prokuroro	11
domojn	11
koroj	11
aŝlin	11
nader	11
maldika	11
kalkulas	11
eku	11
objekto	11
fratinoj	11
mortanta	11
branĉoj	11
travivi	11
maljunuloj	11
publika	11
duelo	11
fiŝoj	11
nivelo	11
gregoro	11
telefonas	11
religio	11
opinion	11
morrow	11
blankan	11
ĉelo	11
trairi	11
akiri	11
kondutu	11
batalon	11
ŝlosilojn	11
konatiĝis	11
ray	11
lu	11
akompani	11
rozkolora	11
amuziĝu	11
afriko	11
liveri	11
rememoru	11
sikorskij	11
alproksimiĝu	11
biciklon	11
nedankinde	11
finnlando	11
nessa	11
edziniĝis	11
flughaveno	11
akompanos	11
anthony	11
renkontiĝi	11
gvidu	11
majesto	11
havante	11
tranĉilo	11
magia	11
balailo	11
dokumentoj	11
petro	11
sono	11
fuĝis	11
buŝo	11
regiono	11
edziĝos	11
ĵurnalon	11
brakon	11
inteligenta	11
mallume	11
nenie	11
gloron	11
alvokos	11
nigran	11
okej	11
kanto	11
ameriko	10
ĝentlemano	10
decidos	10
ŝtonon	10
gvidos	10
edziĝo	10
katie	10
filini	10
anuŝo	10
pretaj	10
saluti	10
decas	10
simile	10
pretigu	10
montaro	10
in	10
gastojn	10
perforte	10
malproksimen	10
pozicio	10
ponto	10
klason	10
katolika	10
ljoĉjo	10
kalboni	10
forgesi	10
senkulpigu	10
obei	10
tagmanĝo	10
dentoj	10
enorde	10
fieras	10
rekta	10
rimedo	10
mansaketon	10
juĝa	10
strangan	10
ĝojo	10
voĉojn	10
kiso	10
ĉampionon	10
situas	10
puraj	10
ĝardenisto	10
oficejon	10
ĉia	10
aliflanke	10
amik	10
botelon	10
martin	10
rekoni	10
pete	10
junge	10
okupiĝas	10
sanktan	10
peto	10
rememori	10
povintus	10
seriozas	10
rezignis	10
malfortaj	10
esprimi	10
najbarino	10
penas	10
hor	10
trapasis	10
faligis	10
partoprenas	10
foriro	10
riski	10
kelnero	10
naskiĝtagon	10
puja	10
au	10
kronon	10
ĉapelon	10
enhavas	10
elirigu	10
nuboj	10
celoj	10
pruntis	10
persona	10
komunistoj	10
posttagmezon	10
kazo	10
malsupreniru	10
turon	10
gvidas	10
vendu	10
pinto	10
draaga	10
wenck	10
þi	10
nacioj	10
duone	10
notu	10
boris	10
ĉesigu	10
tulimaq	10
alarmo	10
norda	10
vundo	10
aviadiloj	10
babilono	10
liberigis	10
naskiĝo	10
konduto	10
malaperas	10
fore	10
fremda	10
manu	10
fingron	10
ĉenon	10
libelidoj	10
forpelis	10
fin	10
elturniĝos	10
templo	10
bildojn	10
vojaĝi	10
fiŝon	10
ĉinokte	10
sanon	10
kisu	10
milionon	10
misio	10
ataki	10
elemento	10
tenos	10
ekzamenon	10
pentraĵoj	10
ovo	10
malvarmon	10
decidon	10
registru	10
multas	10
ĉiaj	10
vigle	10
enlasu	10
aŭtomobilo	10
fora	10
prepari	10
iz	10
organizas	10
multfoje	10
nacio	10
laboratorio	10
ripetu	10
katastrofo	10
malkovri	10
apude	10
kamerao	10
liberigos	10
eblis	10
bieno	10
muzikisto	10
averti	10
bileto	10
alumetoj	10
resto	10
monteto	10
puno	10
strikte	10
gravaj	10
numeron	10
fali	10
kaĉo	10
jozefo	10
interkonsentis	10
nokoj	10
esploroj	10
flanke	10
prizorgas	10
malsukcesis	10
palacon	10
raporti	10
pa	10
marie	10
varman	10
alice	10
justa	10
vjolon	10
eltenos	10
bernardo	10
forveturis	10
vincent	10
fremduloj	10
prepariĝu	10
forĵetis	10
punon	10
karcero	10
veku	10
vidvino	10
desegni	10
kuraci	10
voki	10
hernhutter	10
ŝanĝas	10
ĉapitro	10
militoj	10
turojn	10
surmeti	10
rusio	10
rara	10
kunporti	10
bombo	10
korpoj	10
eksterordinare	10
aranĝi	10
pico	10
pitsburgo	10
listo	10
belulino	10
konvenas	10
torton	10
pago	10
kreski	10
ridinde	10
matenmanĝon	10
luc	10
kopekojn	10
jurij	10
fiuloj	10
malgrandan	10
onidire	10
ŝajnigu	10
freneziĝas	10
plenaj	10
gardas	10
subtenas	10
ĵetos	10
komponisto	10
marmoton	10
ĉampanon	10
malhelpas	10
novaĵon	10
honeste	10
dormo	10
vestu	10
sekundo	10
kristnaska	10
defendi	10
germanan	10
taksas	10
paŝas	10
anstataŭas	10
leterojn	10
fiera	10
armiloj	10
gazeto	10
gefiloj	10
klarigas	10
tablon	10
ago	10
tombejo	10
ino	10
damnita	10
fortan	10
internacia	10
skuu	10
giovanni	10
glacio	10
cara	10
willem	10
zorgis	10
nancy	10
subskribos	10
latina	10
studentoj	10
pensos	10
resanigi	10
defendas	10
knabineto	10
rajtos	10
kunuloj	10
ekhavis	10
reago	10
vundis	10
teatron	10
kaptas	10
feo	10
arbojn	10
berta	10
komunan	10
te	10
nesto	10
koloron	10
jakobina	10
portugala	10
metrojn	10
respubliko	10
fojoj	10
klaŭdo	10
malpermesita	10
travivas	10
kanta	10
muron	10
pasporton	10
cracowiack	10
ester	10
brasiko	10
fluas	10
mendis	10
rentenstein	10
atakas	10
esperis	10
horizonto	10
eksidu	10
dolonoj	10
kapabla	10
devigi	10
fraĉjo	10
politika	9
justeco	9
ĉiufoje	9
doloris	9
cindruletoj	9
ripozo	9
nadinjo	9
aĉaj	9
ĝangalo	9
blankaj	9
fronte	9
fjodoro	9
parte	9
ĝakoĉjo	9
dolorigas	9
pasio	9
artilerio	9
stratoj	9
kuko	9
senĉesa	9
joy	9
sekure	9
longaj	9
silentigulo	9
pafos	9
areo	9
kliniko	9
ŝiajn	9
malica	9
usona	9
kompanio	9
preferus	9
nudaj	9
restus	9
najbaroj	9
fako	9
dolore	9
malamikon	9
ebleco	9
promeson	9
demeti	9
gamma	9
faŝismo	9
salmaĵon	9
klinkhamer	9
cortical	9
systematics	9
malfeliĉa	9
vidpunkto	9
favora	9
eniro	9
hoj	9
manĝante	9
protektu	9
ronda	9
angoro	9
posttagmezo	9
reĝon	9
soifas	9
louis	9
ĉasi	9
sukero	9
reĝisorado	9
aŭtune	9
ktp	9
malproksimiĝu	9
maksimume	9
kunportu	9
altaj	9
stultulino	9
ondoj	9
laŭdire	9
beston	9
verkoj	9
verde	9
maljunulo	9
falĉilo	9
sinjoridino	9
datreveno	9
silente	9
supreniri	9
proponi	9
elektita	9
destinon	9
defendo	9
ĝiaj	9
matenmanĝo	9
katino	9
dalloway	9
nelly	9
vieno	9
kapablos	9
pomon	9
rigardon	9
marĉo	9
frakasis	9
butonon	9
degenerulo	9
mortintaj	9
kuiras	9
haltos	9
profesoron	9
minimume	9
fekaĵo	9
mordas	9
lernanto	9
kuraĝaj	9
pajala	9
baptopatro	9
lastajn	9
konsideras	9
stultaj	9
ŝajnigi	9
kristanoj	9
rezultoj	9
oka	9
konvinki	9
postmorgaŭ	9
konstruis	9
proponis	9
malsamaj	9
mallaŭte	9
jula	9
fiodoras	9
param	9
iaj	9
monaton	9
konstrui	9
teruro	9
gondolando	9
alfronti	9
spertis	9
ploros	9
servis	9
liberon	9
pruvi	9
dubis	9
malfruiĝas	9
bunkro	9
profito	9
manĝaĵoj	9
kantos	9
maltrafis	9
pado	9
kondiĉo	9
reveno	9
revojn	9
ceteraj	9
ruinoj	9
dormanta	9
progreso	9
antono	9
okazus	9
duona	9
sociala	9
duo	9
starigi	9
provinco	9
fermi	9
voli	9
frenezuloj	9
olaf	9
publiko	9
forportu	9
fiaskis	9
kosma	9
atingas	9
funsuk	9
bongustega	9
observas	9
julio	9
robert	9
konscienco	9
subskribo	9
kompleta	9
sonĝoj	9
tiuokaze	9
pripensas	9
paca	9
elĉerpiĝis	9
moneron	9
severa	9
bastono	9
stari	9
marteno	9
novaĵojn	9
konstruas	9
kalkuli	9
bada	9
muziku	9
invado	9
mark	9
eltrovi	9
klarneton	9
subtekstoj	9
ŝaltis	9
aĉan	9
kameraon	9
genio	9
flankon	9
fenestrojn	9
rano	9
plezur	9
policisto	9
minaco	9
pentras	9
timigis	9
saltu	9
demetos	9
mortigita	9
ripeti	9
gvidis	9
dediĉita	9
aviadilon	9
atakos	9
palermo	9
gvardio	9
revuo	9
sauri	9
piede	9
tonina	9
sinmortigo	9
audis	9
tuŝas	9
multo	9
foto	9
inventis	9
plurfoje	9
ĝenu	9
emon	9
reĝimo	9
proksimas	9
pentraĵon	9
ĉit	9
falsa	9
rahmkopf	9
daneviĉ	9
forpasis	9
viktimo	9
deklaras	9
aliokaze	9
pordisto	9
baby	9
gracias	9
parolante	9
sekcio	9
murdita	9
penny	9
gambon	9
pastroj	9
bruligu	9
gvidi	9
caron	9
liroj	9
sekso	9
feĉjo	9
no	9
loĝlernejo	9
turniĝu	9
karuloj	9
tankoj	9
ĉeesti	9
divenis	9
revenigi	9
ostojn	9
botojn	9
promesu	9
pagu	9
ekamis	9
divorco	9
paŭzon	9
nago	9
ordon	9
varankin	9
sergejevna	9
valora	9
surstrate	9
manĝo	9
gustumu	9
inverse	9
mensogis	9
øuste	9
flaras	9
barelon	9
ŝercis	9
frua	9
krimo	9
kondutas	9
eliro	9
kulturo	9
þajnas	9
normalaj	9
okupiĝu	9
figuro	9
sidos	9
ĉies	9
orlando	9
surfaco	9
pendragon	9
urbeto	9
drinki	9
tricent	9
nestor	9
forĵetu	9
bataloj	9
sovaĝulo	9
perfidulo	9
kuraciston	9
fojfoje	9
kutimas	9
planojn	9
daŭris	9
sidiĝas	9
gluo	9
fermiĝis	9
kaŝita	9
envias	9
aý	9
eciĥ	9
necesus	9
prezentis	9
kaĉon	9
lernantoj	9
lunde	9
sergeeviĉ	9
satano	9
kompato	9
zorg	9
perfidas	9
ĉiutagan	9
frazon	9
racio	9
orelo	9
eltenis	9
geedziĝos	9
serpento	9
sullivan	9
mamojn	9
aldonu	9
ĉokolado	9
junjo	9
edziniĝi	9
nikolajeviĉ	9
kelka	9
barilon	9
rezignu	9
rod	9
kristana	9
fluganta	9
artistoj	9
kunsido	9
pistolo	9
mordi	9
sonon	9
renkontiĝu	9
ŝarĝon	9
medalon	9
moderna	9
nubo	9
konfidis	9
majuskla	9
aŭskultos	9
gedevan	9
trian	9
lecionoj	9
dimanĉon	9
movi	9
matti	9
bonon	9
delikata	9
indiĝenoj	9
malŝparu	9
ŝtelo	9
konstruos	9
tupinambaoj	9
pavel	9
marŝas	9
konservas	9
kanajloj	9
bildon	9
plantis	8
tuton	8
nuraj	8
flosas	8
bazaro	8
revoj	8
gvidanton	8
iajn	8
moŝtulo	8
filinojn	8
observu	8
translokiĝis	8
muelejo	8
dancis	8
oho	8
svedio	8
reĝlando	8
signalojn	8
vizitas	8
kolorojn	8
remetu	8
mallongan	8
hundaĉo	8
nekonata	8
mikaelo	8
krion	8
pantalonoj	8
flamo	8
vendos	8
kontraŭe	8
fumi	8
woolf	8
specifa	8
suferi	8
ĉaperono	8
aroganta	8
penu	8
krea	8
propraĵo	8
adiaŭi	8
karaktero	8
metroj	8
telerojn	8
ĉefaj	8
vaŝe	8
zinaida	8
erarojn	8
putinoj	8
solan	8
enirejo	8
kruco	8
spiro	8
enmeti	8
necese	8
festivalo	8
drinkis	8
ĵeromo	8
mararmeo	8
xavier	8
skatolon	8
ĵurnalistoj	8
nombro	8
stas	8
prezentu	8
sekretan	8
gaja	8
mistera	8
agento	8
bezonata	8
agrablan	8
loĝos	8
benata	8
arton	8
sonis	8
koncentriĝu	8
venĝo	8
avertu	8
ludilo	8
tupinambaa	8
toleri	8
forigis	8
persekutas	8
fantazio	8
samopinias	8
rifuzis	8
neniujn	8
plenforte	8
kuracilon	8
azeno	8
johano	8
fingro	8
vagis	8
merkato	8
amaqjuat	8
bestaĉo	8
carino	8
ŝipoj	8
kreado	8
esta	8
magana	8
peĉkeno	8
amindan	8
flugon	8
pirato	8
apartan	8
enestas	8
ferias	8
forlasita	8
ŝirmu	8
katoj	8
jefim	8
uzante	8
permesilon	8
kristano	8
lida	8
rusan	8
forflugas	8
antaŭaj	8
lumas	8
lastfoje	8
ekpensis	8
baba	8
ĉapelo	8
intenco	8
peceton	8
montriĝis	8
bano	8
æio	8
fiasko	8
deklaris	8
ĝuis	8
proksimaj	8
hamako	8
simplan	8
tagiĝo	8
paro	8
tiras	8
bluan	8
amason	8
kovras	8
bluaj	8
paŝojn	8
sako	8
brakojn	8
lignon	8
koncerne	8
ekrano	8
kastelon	8
nutri	8
fina	8
manieron	8
benzinejo	8
veturigu	8
signalon	8
majstroj	8
bernadette	8
brutaĉo	8
starigas	8
kompare	8
lingvoj	8
proksimiĝu	8
pecojn	8
fidinda	8
galaksio	8
valizon	8
okazoj	8
una	8
promenos	8
servon	8
kruela	8
flava	8
ĵe	8
aranĝis	8
pasu	8
sorton	8
filinjo	8
patricia	8
oferi	8
pruvas	8
manĵ	8
leviĝas	8
aĉ	8
naski	8
ramiro	8
dirante	8
ebria	8
komuniki	8
gardistaro	8
movas	8
musoj	8
savas	8
kajo	8
sekundojn	8
malliberulo	8
civilizacio	8
specimenojn	8
vivan	8
tinon	8
malgaja	8
blonda	8
ambasadoro	8
mezo	8
meritis	8
luffy	8
rostislav	8
malhelpu	8
solvon	8
malvero	8
uvaoj	8
gento	8
neee	8
nordo	8
trezoron	8
ĉiopova	8
obeu	8
elegante	8
doro	8
sopiris	8
marmoto	8
fortojn	8
saltos	8
piedon	8
atento	8
zamenhof	8
hinketo	8
inĝenierarton	8
facilas	8
skribilon	8
forestos	8
aliel	8
meblojn	8
serĉanta	8
nomita	8
koran	8
ĉemizon	8
longajn	8
realaj	8
ĝeni	8
zorgo	8
nomos	8
profesio	8
perfido	8
ŝranko	8
koridoro	8
komuna	8
biblioteko	8
proletara	8
misas	8
batalantoj	8
sorĉistinoj	8
monakinoj	8
cm	8
cesare	8
gazetoj	8
leĝon	8
luis	8
senfina	8
bastonon	8
memorigas	8
eventoj	8
raporto	8
jan	8
sociaj	8
boneco	8
filinon	8
ruza	8
para	8
adoras	8
kameraisto	8
vido	8
lokojn	8
kundancanta	8
ŝpin	8
plenluno	8
kvarono	8
samajn	8
gravajn	8
pretiĝu	8
malkovros	8
to	8
ambulancon	8
estontecon	8
junio	8
pafoj	8
eltrovos	8
originala	8
tradukis	8
spektas	8
bruo	8
ŝuldon	8
preparos	8
edziniĝo	8
milano	8
kontinento	8
malbonajn	8
kredo	8
priparolu	8
frapas	8
socia	8
ŝanĝo	8
sklaveco	8
hontu	8
dankema	8
manĝejo	8
konsilas	8
rilate	8
kolekti	8
okazaĵo	8
esperantistoj	8
singarda	8
kapablo	8
daniloviĉ	8
avizo	8
le	8
ŝanĝiĝas	8
bremsu	8
supreniras	8
ofendiĝu	8
paradokso	8
intertempe	8
plibone	8
kunigu	8
getto	8
sentoj	8
japana	8
liton	8
plankon	8
kojonulaĉo	8
hundeto	8
preferis	8
mami	8
redonas	8
cigaredon	8
globo	8
batojn	8
arestu	8
momente	8
fido	8
spiriton	8
kviete	8
surloke	8
atakon	8
agojn	8
alumeto	8
grafo	8
resaniĝos	8
devid	8
plenumos	8
onidiroj	8
ĉatlojn	8
brulas	8
nejman	8
pasi	8
flavan	8
fuĝas	8
bordon	8
alvoki	8
simplas	8
tubo	8
trupojn	8
ŝtelita	8
fidon	8
uef	8
ĝojon	8
perdiĝas	8
ĉiel	8
propagando	8
lob	8
afablaj	8
toki	8
ĉirkaŭita	8
babili	8
knabojn	8
sxin	8
karuletoj	8
malfruiĝis	8
kvadrato	8
trankvilon	8
nevada	8
danĝeras	8
ĥerben	8
oran	8
konsilo	8
venontan	8
mortigo	8
manĝaĵojn	8
kelaĥ	8
barko	8
lom	8
proponon	8
frenezaj	8
impresis	8
divenu	8
kruroj	8
vojoj	8
alikaze	8
spiru	8
pasigos	8
atenti	8
oldulo	8
dormoĉambro	8
mallumon	8
nordanoj	8
opinio	8
civitano	8
indikas	8
ateno	8
aparte	8
sumo	8
oficistoj	8
ligno	8
kunprenis	8
ponĉel	8
leteroj	8
enlitiĝi	8
plenigi	8
princinon	8
regis	8
forveturi	8
brazila	8
me	8
blizardo	8
pravis	8
konkurso	8
prezidanto	8
naŭa	8
gloria	8
spiono	8
fermis	8
majoro	8
tiri	8
defalis	8
onklon	8
proksimen	8
elien	8
berlinon	8
translokiĝo	8
italio	8
plaĉe	8
henri	8
amuziĝis	8
invito	8
aventuroj	8
kolbason	8
dekomence	8
fallasos	8
naĝos	8
bazo	8
bofilo	8
fruas	8
ĝenis	8
ŝuldo	8
ringo	8
yuki	8
mokas	8
povo	8
alkutimiĝis	8
bonŝance	8
batalos	8
malamikojn	8
malĝustan	8
itala	8
sumon	8
vosto	8
nepo	8
ĝovani	8
bonŝanco	8
verecon	8
salti	8
ligita	8
batalanto	8
revas	8
pafo	8
minacas	8
partoprenis	8
teroj	8
direkton	8
kondukas	8
konto	7
bremen	7
konfuzis	7
kunveno	7
kaco	7
sjoro	7
picon	7
irano	7
perfidi	7
konduton	7
tono	7
registri	7
elŝalti	7
malsaĝa	7
nevo	7
kriu	7
temo	7
uhu	7
centra	7
fritz	7
aknot	7
tera	7
oficon	7
muzikistoj	7
sufiĉa	7
kompatindan	7
donacojn	7
rezistos	7
ĉampano	7
familioj	7
londona	7
diva	7
purigistino	7
tereza	7
ofico	7
konvinkis	7
fuĝu	7
protektos	7
povoj	7
haveno	7
maja	7
oracle	7
francisco	7
kreita	7
sir	7
spiritojn	7
jarcentoj	7
spiritaj	7
baptopatrino	7
margaret	7
vesto	7
ŝŝŝŝŝ	7
konnor	7
pala	7
lasus	7
kamioneto	7
gaje	7
olda	7
epstein	7
geamikoj	7
supon	7
trompi	7
liten	7
katelani	7
tipa	7
eminenta	7
milaŝevskaja	7
senditaj	7
vunditoj	7
atestanto	7
malliberuloj	7
bryan	7
amikinoj	7
fluton	7
linioj	7
kinejo	7
februaro	7
aperu	7
premas	7
civiluloj	7
oficiroj	7
amika	7
okazon	7
sekureco	7
kukolo	7
eksterordinara	7
literoj	7
lamentoj	7
kuraĝis	7
komponis	7
ram	7
bujano	7
preteksto	7
moviĝi	7
val	7
bankroto	7
preĝis	7
promesojn	7
akademiano	7
malhelpos	7
arbara	7
meijer	7
portempe	7
tranĉeo	7
peka	7
sergei	7
transloĝiĝis	7
belecon	7
arbar	7
tereno	7
estimas	7
volon	7
ĉarlatano	7
freŝaj	7
malkuraĝulo	7
pasinteco	7
jej	7
absoluta	7
menciis	7
ventron	7
nutras	7
salono	7
vespera	7
kontrolis	7
felicia	7
serchas	7
umas	7
teksto	7
giuseppe	7
salvo	7
profesia	7
amoris	7
jiko	7
funkcios	7
plendas	7
botelojn	7
favoron	7
igu	7
krimon	7
regos	7
elsendo	7
fermos	7
rose	7
akton	7
kolego	7
pruvoj	7
homajn	7
veston	7
ĝuas	7
tonight	7
ĉien	7
sonoras	7
sekson	7
romo	7
milita	7
pasintecon	7
rememoris	7
spacon	7
berlin	7
rimarku	7
getting	7
informu	7
ebligis	7
rektaj	7
kulpigas	7
armeon	7
stomako	7
patrujo	7
martiroj	7
papero	7
trovita	7
alifoje	7
perditaj	7
spiron	7
aŭtomata	7
jardekoj	7
chiam	7
eltiru	7
tagmanĝi	7
direktiĝas	7
perforton	7
samkiel	7
nazoj	7
piedbatis	7
truoj	7
ebligas	7
angelica	7
centfoje	7
temploj	7
vendis	7
riĉaj	7
monumenton	7
konstruaĵon	7
komplete	7
momentoj	7
liberiĝis	7
bastardulo	7
interrompas	7
puran	7
tradukita	7
atendante	7
krono	7
reĝoj	7
juluntaso	7
na	7
sis	7
gefratoj	7
pretigis	7
vunditaj	7
sigelo	7
naĝis	7
malsanulejon	7
priskribas	7
socion	7
rubaĵo	7
detenas	7
evidentiĝis	7
svarmas	7
sude	7
ekzamenojn	7
laŭiris	7
skotero	7
melodion	7
peterburgo	7
perfektas	7
pantalonojn	7
malproksimas	7
gardos	7
pensado	7
movis	7
specimeno	7
homaron	7
maldekstran	7
tv	7
forflugos	7
ekzemplo	7
tedas	7
frenezigas	7
falo	7
asekuro	7
malfrua	7
lifto	7
kuracas	7
teorio	7
junularo	7
honto	7
paŝon	7
fraŭlo	7
centron	7
programon	7
operaco	7
salutas	7
daŭriĝas	7
paroloj	7
luktas	7
kovrilo	7
piloto	7
saĝaj	7
tunelo	7
dimanĉo	7
plaĉos	7
malagrablan	7
tagmezo	7
ceteron	7
planedoj	7
gvardiano	7
laŭdata	7
konfirmas	7
paron	7
signifon	7
pizo	7
raporton	7
laura	7
premio	7
haste	7
nazmukulo	7
bovinon	7
malfacilan	7
novaĵoj	7
elektra	7
batalgvardio	7
limon	7
laŭri	7
kalsonon	7
idojn	7
porkojn	7
ekvolos	7
milda	7
kitty	7
pensante	7
makuloj	7
vidal	7
acida	7
feka	7
anĝeloj	7
fortikaĵo	7
taskoj	7
tukon	7
ordinaraj	7
tabulo	7
malnovaj	7
kurieron	7
faktoj	7
eraroj	7
rio	7
ovon	7
diabla	7
seksperforti	7
luna	7
ŝanĝiĝos	7
sunsubiro	7
ebla	7
foriĝu	7
proceson	7
ĉasas	7
komisiis	7
mebloj	7
konduti	7
fiksita	7
promeso	7
viaopinie	7
limoj	7
lam	7
sceno	7
famo	7
ŝafojn	7
komputilon	7
eksterlando	7
daŭru	7
amos	7
ĵuro	7
aŭtomobilon	7
frunto	7
sanigos	7
bruligos	7
vestis	7
variano	7
maljunaj	7
karakteron	7
ĉatlanoj	7
sciencan	7
sciencistoj	7
silenta	7
memkompreneble	7
fuŝis	7
aparta	7
memoris	7
donaci	7
kuŝi	7
malproksima	7
plumoj	7
tolstoj	7
limojn	7
faŝisto	7
scivolas	7
ega	7
krucon	7
ŝafo	7
renkonto	7
pesetoj	7
limigita	7
koramikino	7
estrella	7
corona	7
kuiru	7
flavajn	7
petrogrado	7
kondamnita	7
demetis	7
venuso	7
koncerton	7
personon	7
potenca	7
artikolo	7
valoron	7
ejnŝtejno	7
kozelkov	7
vestaĵon	7
diabloj	7
familinomon	7
traf	7
invitos	7
statas	7
ĉiujare	7
gefilojn	7
konstelacio	7
renkontiĝo	7
barbisto	7
verkis	7
aĉetas	7
leti	7
laŭta	7
ora	7
homan	7
registras	7
venko	7
kometo	7
necesa	7
diskutas	7
timegas	7
renkontiĝos	7
inventi	7
pasintan	7
ideologio	7
fruktoj	7
kancero	7
evitu	7
skribilo	7
cigaredojn	7
lucia	7
rupiojn	7
estiĝis	7
veneno	7
edziniĝos	7
oferis	7
ekkriu	7
cigaredoj	7
enuas	7
mankon	7
forestis	7
rabo	7
fegelein	7
forpelas	7
rifuĝis	7
poŝtisto	7
pluko	7
pretendas	7
vetkuro	7
interna	7
vivantaj	7
filojn	7
muĝas	7
versoj	7
forfalis	7
tostu	7
alineo	7
modesta	7
brueton	7
inko	7
sintenon	7
capon	7
erari	7
idisto	7
vori	7
rilatoj	7
stokholmo	7
ŝamaldas	7
aŭtomate	7
fungojn	7
skribite	7
krabroj	7
paciencon	7
fariĝu	7
terojn	7
organizis	7
malsanaj	7
subteni	7
poŝtelefonon	7
barelo	7
devigata	7
ŝiu	7
terpomojn	7
pasporto	7
herooj	7
skandalo	7
kruda	7
reale	7
komunumo	7
fermas	7
sezono	7
prosperis	7
haltigos	7
kabano	7
drinku	7
ofertas	7
verŝu	7
mirakloj	7
mmm	7
riproĉas	7
malfermiĝis	7
glavo	7
nourish	7
morgaŭa	7
rajtis	7
maŝinojn	7
strangolos	7
lavas	7
ir	7
valo	7
stefan	7
alvida	7
buletoj	7
damna	7
salo	7
ekdormis	7
torto	7
henrieta	7
milde	7
amuziĝas	7
mara	7
malliberejon	7
folioj	7
surprizon	7
motoro	7
kadavroj	7
benzino	7
fromaĝo	7
kobi	7
ŝnuro	7
taŭgan	7
ektimis	7
malamis	7
serĉado	7
prizorgi	7
detruita	7
nederlando	7
levis	7
venton	7
trovus	7
direkto	7
tutmonda	7
danĝeron	7
evitis	7
pupo	7
iafoje	7
dato	7
tutsole	7
henjo	7
nepras	7
kacon	7
stiras	7
verdan	7
sinteno	7
ekzerco	7
guþon	7
gorĝo	7
klopodi	7
alten	7
oceanon	7
veti	7
bravo	7
fonto	7
guton	7
fremdulo	7
ekas	7
prezon	7
respektinda	7
knabeto	7
korvoj	7
urĝas	7
nacia	7
atendanta	7
esenco	7
ĉevaloj	7
peco	7
ĉefurbo	7
esplori	7
danĝeraj	7
neas	7
kunprenu	7
rokoj	7
surprize	7
troviĝis	7
signalo	7
similajn	7
bovo	7
venigos	7
mansaketo	7
rozo	7
renkontas	7
kunportas	7
konfuzas	7
marto	7
eltiris	7
uniformo	7
vent	7
promenu	7
aparaton	7
varmo	7
esploras	7
unuiĝo	7
miĥail	7
honore	7
obeis	7
diveni	7
stabila	7
ellasu	7
ekkonis	7
osono	7
michael	7
respekton	7
postlasis	7
eklaboru	7
trinity	7
gravulo	7
bordelo	7
demetas	7
helpus	7
ankaý	7
iloj	7
rifuzi	7
alumeton	7
salon	7
konsenti	7
pensanta	6
tenton	6
vesti	6
kursano	6
signojn	6
kanonoj	6
kalibro	6
dispono	6
tankojn	6
konsideri	6
kandelojn	6
esence	6
prezo	6
spektaklon	6
ŝercu	6
films	6
ekvilibro	6
bonguste	6
antaŭdiris	6
germane	6
karulinjo	6
meksiko	6
soldatojn	6
kolerigas	6
ekdormu	6
muŝo	6
devigis	6
flugus	6
kodo	6
ŝipanoj	6
detruo	6
alkoholo	6
roto	6
quick	6
domaĝo	6
fortika	6
respond	6
sciencisto	6
amore	6
mikrofonon	6
pakaĵon	6
guma	6
insultas	6
trapasi	6
vigla	6
riveroj	6
studado	6
voj	6
ekkoni	6
spacoj	6
kreu	6
paŝis	6
enmetis	6
permesitas	6
jar	6
pina	6
who	6
ĉeloj	6
posedis	6
guy	6
bongustaj	6
viruson	6
projekton	6
edziniĝas	6
junaĝo	6
ankoraý	6
kolo	6
sitelo	6
fuŝi	6
mizeruloj	6
radiiloj	6
birdon	6
necesejon	6
elpensi	6
infekto	6
konduki	6
beĉjo	6
pardonpeti	6
malsekas	6
sabla	6
ted	6
arndis	6
stultajn	6
departamento	6
momenteton	6
akceptita	6
patrinoj	6
mafiurbo	6
manĝado	6
par	6
raciaj	6
haltas	6
normalas	6
ekscelenco	6
kuiris	6
kovrita	6
miliardoj	6
fontano	6
pluvon	6
bankroton	6
sekrete	6
kameleono	6
invertilon	6
probableco	6
antaŭvidas	6
malluman	6
okupiĝi	6
vodko	6
honoru	6
kristala	6
okulharon	6
atestantino	6
suspektas	6
faranta	6
koroku	6
pliboniĝos	6
justecon	6
kolektas	6
ripozas	6
baton	6
oriente	6
viziton	6
riflemen	6
varmiĝi	6
leviĝos	6
traudl	6
eksplodigi	6
bon	6
movigu	6
temperaturo	6
absurde	6
purigas	6
interparolis	6
arestitaj	6
trinkejo	6
respondecas	6
pruvis	6
drinkas	6
nuksojn	6
truko	6
estrellita	6
fotoj	6
ĉatloj	6
enspiru	6
maskon	6
transdonos	6
malŝalti	6
poemo	6
aŭtuno	6
maneto	6
lukti	6
ajlo	6
greger	6
deponejo	6
babilu	6
politikaj	6
agadon	6
di	6
ĉasisto	6
kapitalismo	6
portreton	6
afablas	6
ĉarman	6
karieron	6
papa	6
skribaĵon	6
mankos	6
temis	6
malklara	6
amasetoj	6
vestiblo	6
militistoj	6
ŝovu	6
estrarestro	6
kuniĝas	6
pozicion	6
rajtus	6
estroj	6
fiŝojn	6
poemojn	6
donacu	6
jose	6
mareno	6
malsataj	6
ŝercoj	6
dancu	6
judo	6
festenon	6
un	6
jado	6
nombru	6
eblecon	6
guruo	6
specio	6
atingu	6
ryerson	6
alparolis	6
kvartaloj	6
mantelo	6
schuwagt	6
ĉevalino	6
malutilas	6
akiras	6
senomigo	6
kelon	6
konsentis	6
orkestro	6
moviĝos	6
varmega	6
intereso	6
floston	6
tremas	6
cian	6
ma	6
ĉambroj	6
reĝinon	6
severe	6
superi	6
alparolas	6
malplenaj	6
ĉarme	6
evidentiĝas	6
senpaga	6
informoj	6
ach	6
funebra	6
bakos	6
influon	6
roko	6
memoraĵoj	6
brakhorloĝo	6
politikan	6
kabral	6
ĉarmulo	6
murdinto	6
memoraĵojn	6
verdaj	6
komitato	6
kalkulis	6
lernejoj	6
posedanto	6
ilojn	6
spite	6
planko	6
heroino	6
persekutisto	6
forpelos	6
fragojn	6
korto	6
sperto	6
plumo	6
sekureca	6
tang	6
ombroj	6
tabako	6
regulo	6
vereco	6
avon	6
gloja	6
malpeza	6
tranĉu	6
be	6
trairas	6
centimetroj	6
surdaj	6
profundan	6
ploroj	6
branĉo	6
akademio	6
peniso	6
organizo	6
ŝuldantoj	6
eltiras	6
genuoj	6
angel	6
mortpafis	6
nervoj	6
matton	6
malami	6
difektis	6
konfesis	6
ŝurik	6
perforti	6
ataku	6
lunon	6
murdistoj	6
ĉarmaj	6
mastroj	6
sentema	6
benita	6
noko	6
indulgis	6
motorciklo	6
nubojn	6
someron	6
ruinigas	6
mirindaĵo	6
agon	6
povi	6
re	6
detaloj	6
and	6
joba	6
cuca	6
ruinigis	6
maltrankvila	6
plurajn	6
veton	6
febron	6
evakuado	6
malamon	6
moro	6
maneton	6
plantkulturado	6
defendis	6
pilko	6
guto	6
ramin	6
insuloj	6
gravecon	6
eliron	6
malrapida	6
planton	6
anni	6
bruon	6
maan	6
vidaĵo	6
ŝtopu	6
bibliotekon	6
krio	6
ĉagrenas	6
kaŭzis	6
timigu	6
perfortos	6
aliuloj	6
ridos	6
jaeckel	6
oficiala	6
vasta	6
lisbono	6
miaopinie	6
suhas	6
ritmon	6
egalaj	6
estras	6
senpezeco	6
francino	6
solas	6
cetero	6
usonon	6
malsanulojn	6
etajn	6
venĉjo	6
jakon	6
venkas	6
infektita	6
okupiĝos	6
irene	6
politikon	6
karega	6
sablon	6
vualon	6
sciigos	6
kampon	6
kruaĥ	6
servos	6
amuziĝi	6
kaŭzon	6
hararon	6
aspekti	6
kosmoŝipo	6
rijn	6
sonoj	6
okupis	6
finger	6
lundo	6
saviĝis	6
paperon	6
junan	6
puŝkin	6
ekzilita	6
ŝanĝoj	6
provo	6
ŝekspiro	6
alveno	6
donacos	6
ĝemeloj	6
alkutimiĝi	6
glate	6
abomena	6
kravaton	6
mirakl	6
piloloj	6
eblan	6
akran	6
us	6
buleto	6
right	6
surhavis	6
striko	6
is	6
unun	6
invadi	6
diplomon	6
kunvenoj	6
fusilon	6
rezigni	6
aziz	6
tondro	6
fosas	6
spegulon	6
buboj	6
profeto	6
agnoskas	6
alproksimiĝas	6
malhelpi	6
bruligita	6
loĝantoj	6
sprink	6
oudejans	6
moŝtoj	6
minjo	6
diskrete	6
protektas	6
forno	6
aŭgusto	6
neniigi	6
fartos	6
elckerlyc	6
povinta	6
dronas	6
suboficiro	6
pentris	6
karton	6
rezultojn	6
kravato	6
maljunas	6
nombron	6
malsanon	6
germano	6
pafado	6
posta	6
ripozon	6
medicina	6
memmortigis	6
planis	6
barbaroj	6
france	6
sakon	6
impreson	6
pere	6
balda	6
mohnke	6
fjodor	6
kapsulo	6
movilojn	6
kolegoj	6
krajonon	6
rimarki	6
ŝpari	6
mense	6
rezisto	6
jupitero	6
filozofio	6
entrepreno	6
kamentubiston	6
briliantojn	6
vestas	6
mojosas	6
fianĉo	6
altas	6
sepdek	6
malordo	6
penos	6
koleru	6
miriga	6
malnovan	6
armilojn	6
kajero	6
havigis	6
minuso	6
organizos	6
ripari	6
dr	6
altaro	6
aro	6
malstreĉiĝu	6
vojaĝas	6
unuvorte	6
aldonas	6
miloslavskij	6
fanfaronulo	6
baronon	6
aleksej	6
jekaterina	6
spirita	6
sonigas	6
festi	6
malŝatas	6
paniku	6
ĉerizarbo	6
tuje	6
ĉefkomandanto	6
konfidu	6
fusilo	6
ĝustan	6
sekuraj	6
aspiro	6
kampoj	6
bezonus	6
hey	6
societo	6
bedaŭro	6
verne	6
ludojn	6
kontrolas	6
okupon	6
personaj	6
kavaliro	6
urbojn	6
rezistas	6
tino	6
septembro	6
salutis	6
kunprenos	6
malbele	6
gillem	6
fuŝu	6
lunoj	6
laŭvice	6
plenigos	6
noktomezo	6
volante	6
apero	6
humilan	6
bartoŝeviĉ	6
najloj	6
purigis	6
invitu	6
katojn	6
eskapis	6
minus	6
direktas	6
estontaj	6
land	6
varvara	6
memmortigo	6
ekmoviĝis	6
plenumantoj	6
ĉiama	6
ŝnuron	6
paŝtistinon	6
pomojn	6
belegas	6
tenere	6
svedoj	6
ekvidi	6
konkeris	6
odino	6
damnaj	6
areon	6
feke	6
primokas	6
donacoj	6
almozon	6
faraĉas	6
polvo	6
garces	6
lordino	6
multekosta	6
komplika	6
jako	6
stelojn	6
geedziĝi	6
kulpigi	6
elirejon	6
mensogu	6
tekstila	6
humuro	6
mortintojn	6
analizo	6
blokita	6
pariza	6
procentoj	6
tumoro	6
aglo	6
inĝenieroj	6
chiu	6
memoros	6
artefarita	6
kolono	6
albumon	6
rusujo	6
devon	6
insistu	6
botelo	6
beleta	6
juĝejo	6
eleison	6
nenial	6
gratuli	6
poentojn	6
testo	6
genuojn	6
terpomoj	6
starante	6
kurso	6
tipo	6
ĉasis	6
frapos	6
organizi	6
stel	6
germanojn	6
lundon	6
perdo	6
ghis	6
geedziĝon	6
akiru	6
movojn	6
neniaj	6
bedauras	6
agrablas	6
vestiĝu	6
neniuokaze	6
ledo	6
panksutoni	6
malantaŭa	6
anim	6
gajno	6
okcidenta	6
koleron	6
magnetofono	6
disigu	6
dece	6
gamboj	6
dekdu	6
parolanta	6
pensus	6
dubo	6
kanono	6
konsilio	6
berlina	6
faktojn	6
komando	6
instruu	6
aĉuloj	6
lukto	6
frazo	6
generaloj	6
frostas	6
kolektu	6
akvario	6
creo	6
doktoroj	6
bankon	6
decembro	6
kresku	6
karesi	6
shatas	6
vilma	6
peren	6
lertas	6
keto	6
ordonos	6
herbon	6
kristoforo	6
rabi	6
enuis	6
sopiro	6
versojn	6
diradis	6
urson	6
gantoj	6
manko	6
lerte	6
mirakla	6
forflugi	6
akurate	6
tegmenton	6
kristoforon	6
pasaĝero	6
sonojn	6
vittorio	6
okupiĝis	6
ĝardenon	6
edzinoj	6
sciigo	6
kokinoj	6
kaptilon	6
hore	6
raso	6
antaýe	6
erara	6
sankto	6
matĉo	6
parolus	6
pezas	6
aŭtoj	6
manĝus	6
malĝojo	6
fajrobrigadisto	6
kialoj	6
cikatron	6
noktaj	6
tileno	6
gorfo	6
kopiis	6
esperantigis	6
spiritismo	6
oferton	6
jupon	6
timofejev	6
klubon	6
fiaĵo	6
chiujn	6
rubo	6
vermo	6
lernado	6
pilolo	6
karlon	6
formanĝos	6
sidiĝis	6
bubo	6
avantaĝo	6
distingi	6
hundojn	6
taksio	6
edzinojn	6
starigu	6
sukcesa	6
pelto	6
abomeninda	6
kuniklojn	6
stefano	6
rezervis	6
geedzoj	6
vicon	6
venuti	6
stultumu	6
efikis	6
saltan	6
hospitalon	6
eterno	6
ostoj	6
membro	6
egale	6
sinjorinon	6
ankau	6
kuŝu	6
ridu	6
or	6
sperta	6
feroca	6
profesion	6
verkas	6
paŭlo	6
anoncas	6
alflugos	6
memorigi	6
mortaj	6
glaso	6
gajdaj	6
amatino	6
turnis	6
origina	6
somere	6
vorobjaninov	6
leviĝi	6
ambaý	6
prezento	6
savitaj	6
grandioze	6
sankton	6
plimulto	6
cxiuj	6
dikfingro	6
novjorko	6
genie	6
speer	6
artikolon	6
rolon	6
mekanikisto	6
malpermesitas	6
alteco	6
sata	6
pianon	5
tielmaniere	5
ĵaluzas	5
galkin	5
subakve	5
kreitaĵoj	5
bridget	5
lango	5
solvita	5
saturno	5
saŭcon	5
maizon	5
konkero	5
zzzum	5
ŝminkisto	5
kranion	5
elimini	5
medito	5
persekutis	5
soleca	5
malfermaj	5
blindaj	5
samo	5
atestis	5
ta	5
leonardo	5
frenezo	5
pluvis	5
ŝatatan	5
cigno	5
sensenca	5
altlernejo	5
korobejnikov	5
nutros	5
sufero	5
naŭza	5
intervjuo	5
konfesu	5
sekretariino	5
studo	5
gult	5
provlegis	5
majstron	5
sciuro	5
elspezi	5
rigardus	5
juveloj	5
edukita	5
renkontiĝas	5
ŝoforo	5
kadavro	5
kunpuŝiĝas	5
denuncos	5
transdonis	5
stiru	5
eĥ	5
utopio	5
anaso	5
renault	5
mikropoliso	5
dankinde	5
senkiale	5
surfacon	5
ekzistis	5
literojn	5
esperanta	5
kruelaj	5
ĉesas	5
poezion	5
gambojn	5
kunvenos	5
ord	5
sanaj	5
mizera	5
benzinon	5
estimplene	5
bofratino	5
silo	5
san	5
genajbaroj	5
emocio	5
aýdu	5
pisi	5
admirinda	5
rimedon	5
mare	5
senkompata	5
jonjo	5
krioj	5
brulanta	5
traktos	5
palac	5
pelteso	5
informis	5
uzon	5
kamero	5
mankus	5
justas	5
teruraj	5
ĵur	5
federico	5
neatendite	5
fratinjo	5
kapdoloron	5
avara	5
mirakle	5
movadon	5
antaŭvidi	5
kriojn	5
malfruis	5
portofino	5
enamiĝi	5
namaste	5
malkuraĝuloj	5
herbejoj	5
kerno	5
maybe	5
malkuraĝulon	5
vintre	5
partopreno	5
komparo	5
vojaĝoj	5
sihn	5
ŝipet	5
senlaboreco	5
daŭrigis	5
ansereto	5
paĝojn	5
lumigu	5
invitito	5
dian	5
monaĥejestro	5
feriojn	5
kvanto	5
meksikio	5
fil	5
maljunulinon	5
delikataj	5
iome	5
kontentaj	5
eblus	5
hele	5
kopio	5
subteno	5
omo	5
ebi	5
komisiono	5
solidara	5
litoj	5
krudulo	5
protekton	5
malkuraĝa	5
it	5
fotisto	5
produktanto	5
publikon	5
raro	5
pejzaĝo	5
ekloĝis	5
hering	5
pakak	5
ĵuriĝis	5
preterpasis	5
ŝancoj	5
inteligentaj	5
difektaj	5
aliĝos	5
gripo	5
koko	5
malsaniĝis	5
troa	5
direktu	5
teruron	5
malvarman	5
observi	5
interparoli	5
ducent	5
ensorĉo	5
pluvu	5
mimi	5
pendumiĝi	5
skribaĵoj	5
tortoj	5
barbon	5
riproĉi	5
venĝi	5
ekzamenoj	5
fikas	5
stacy	5
feliĉis	5
monte	5
liberan	5
kokino	5
singardaj	5
fatraso	5
greka	5
kelkan	5
frenezan	5
bezono	5
disigos	5
funde	5
rupioj	5
torturon	5
kremo	5
netrafe	5
ursoj	5
damnitaj	5
unuajn	5
produktado	5
ĉita	5
eventuale	5
regardu	5
kuniklo	5
rompitaj	5
glitas	5
salajron	5
vladik	5
vitron	5
antaŭhieraŭ	5
aŭtoritato	5
solvis	5
riskis	5
sensence	5
reportu	5
halon	5
dentopasto	5
elspezis	5
marjanĝela	5
asano	5
kapablus	5
moment	5
iluzio	5
algebron	5
alivorte	5
ĉijare	5
dometon	5
alveturis	5
got	5
virojn	5
kuglon	5
valoraj	5
putras	5
vokto	5
carin	5
amuzo	5
spuroj	5
diego	5
prizorgis	5
malsanulo	5
rajdis	5
puŝas	5
informojn	5
strangajn	5
trankvilaj	5
alvokas	5
urinan	5
sufoki	5
altiris	5
banĉambro	5
fiziko	5
ero	5
vasilij	5
tron	5
dorse	5
fartu	5
samurái	5
dankis	5
mola	5
bonŝancas	5
movo	5
ŝafinoj	5
eksterordinaran	5
astronaŭtoj	5
sofoklo	5
balado	5
korbon	5
konkrete	5
kaĝo	5
resanigos	5
ekiros	5
bovido	5
rubaĵon	5
pinglis	5
idon	5
projektojn	5
virinaĉo	5
guldenon	5
pingleton	5
partoj	5
ĉaro	5
haltejo	5
deklaron	5
naskas	5
plibonigi	5
hop	5
enpaŝu	5
favorata	5
jare	5
blinde	5
fabeloj	5
trie	5
apogu	5
vel	5
pesetojn	5
vespermanĝi	5
kalmiĝu	5
celu	5
pola	5
spekti	5
amoras	5
televizio	5
poento	5
minacis	5
regu	5
medikamenton	5
vasjuki	5
klinu	5
mistero	5
detalojn	5
henriko	5
rekompenco	5
ŝanĝiĝi	5
gastamo	5
risko	5
diplomo	5
cedi	5
fiaskas	5
etendi	5
grandmajstro	5
lavos	5
revidis	5
marsano	5
valoran	5
renkontu	5
biletoj	5
rumo	5
kolon	5
malalta	5
pridemandi	5
larĝa	5
sugesti	5
enlasis	5
certecon	5
ŝaka	5
get	5
yevgeny	5
imitu	5
retrovu	5
tertremo	5
fizika	5
ignoru	5
edukas	5
gustumi	5
farinta	5
casey	5
eleganta	5
plenkreskulo	5
suvereno	5
divenas	5
perfektaj	5
eĥo	5
pentas	5
proverbo	5
atenteme	5
vivajn	5
ŝipestro	5
elektron	5
riĉuloj	5
now	5
principo	5
time	5
hispanojn	5
dungis	5
folieto	5
nervoziĝas	5
werner	5
plantojn	5
poentoj	5
anguloj	5
dumviva	5
dimanĉe	5
kanalo	5
eskapas	5
interesan	5
surhavi	5
stirŝlosilon	5
ŝtuparon	5
rabis	5
enirante	5
gvidantoj	5
satrapi	5
malĝoja	5
streĉu	5
postaĵo	5
so	5
malfacilaĵojn	5
fortkampo	5
hipotezon	5
suferos	5
mango	5
cel	5
lady	5
homarano	5
fiaskos	5
brakhorloĝon	5
ekzekuto	5
belulo	5
sekvontfoje	5
ligitaj	5
aĉulon	5
transformos	5
voko	5
enhavi	5
fieraj	5
malvarmiĝis	5
repagos	5
mortinto	5
gestas	5
huliganoj	5
lagoj	5
malvarmaj	5
orli	5
evento	5
modo	5
daton	5
arcy	5
kandelo	5
kapitulacos	5
malsekiĝis	5
teorie	5
geedzeco	5
naĝu	5
mamzonon	5
kuniri	5
fadeno	5
obeos	5
sudul	5
edziĝinta	5
doto	5
nulo	5
ĝino	5
kaprico	5
kakaĵo	5
rediras	5
riĉulo	5
metodo	5
malsame	5
intereson	5
chio	5
reston	5
havaĵo	5
bruligas	5
kompatindaj	5
atentis	5
sterko	5
mojosa	5
æina	5
briliantoj	5
kranoj	5
guston	5
gas	5
toleru	5
instrukciojn	5
muzelo	5
komplezon	5
kaze	5
kugloj	5
adiaŭan	5
regionon	5
rezulton	5
mienon	5
ŝalti	5
konstruejo	5
liniojn	5
lunĉon	5
konversacio	5
ellitiĝi	5
figuroj	5
sunon	5
akompanis	5
aleksandroviĉ	5
revon	5
varmigas	5
malriĉaj	5
timus	5
pigra	5
haŭton	5
malsanoj	5
eulalia	5
generacioj	5
okupo	5
infana	5
kreskos	5
resanigis	5
kameraoj	5
liston	5
erkki	5
fondis	5
sonoriloj	5
dolĉaj	5
terenoj	5
prava	5
kurejo	5
pi	5
rilatis	5
ridetis	5
pako	5
sprita	5
oleo	5
laux	5
kolonelo	5
fiki	5
prodoj	5
naskita	5
luleo	5
seanco	5
boĉjo	5
kunigi	5
subskribon	5
tendaranoj	5
kamaradon	5
fuelo	5
rigardo	5
fluo	5
geinfanoj	5
defias	5
timiga	5
sendependa	5
cxi	5
metodoj	5
kuglego	5
stultaĵon	5
kaŝiĝas	5
edziĝu	5
renadu	5
grandas	5
purigos	5
ketŝef	5
ordi	5
kredus	5
pretigas	5
brindisi	5
vojaĝos	5
nomatan	5
turmentas	5
retrovi	5
eltrovu	5
apliki	5
rolas	5
klera	5
meleagron	5
kantistino	5
deziru	5
paniko	5
almetu	5
kredeble	5
urĝa	5
rezultos	5
ununuran	5
okupata	5
ĝui	5
konsciencon	5
buroo	5
freneziĝos	5
zeniba	5
fumo	5
sendita	5
larĝaj	5
pakaĵo	5
faro	5
submarinoj	5
kreskanta	5
matematiko	5
eksplodis	5
norde	5
ech	5
alkondukis	5
ĉasistoj	5
licenco	5
finnoj	5
kinejon	5
elito	5
þajne	5
mindoĉivoj	5
farante	5
formoj	5
peras	5
fremdan	5
tanko	5
puto	5
forbrulis	5
urino	5
maku	5
dezerton	5
mato	5
biskvitoj	5
instruiston	5
okupi	5
totoron	5
dolor	5
sume	5
raton	5
kuvon	5
deprenu	5
ekselenco	5
kvietiĝu	5
ĵurnalo	5
ripetos	5
malĝoju	5
bruselo	5
admiranto	5
ekzisti	5
soerensen	5
hejma	5
ekhavu	5
senvalora	5
preciza	5
rajtojn	5
sorĉita	5
aa	5
rapidos	5
malligu	5
cignin	5
punktoj	5
birdojn	5
maroj	5
aranĝo	5
ioma	5
ligu	5
senvizaĝulo	5
frosto	5
rivereto	5
titolo	5
veki	5
fank	5
amnestiita	5
pagita	5
trumpetoj	5
departemento	5
paŝu	5
revenigu	5
futuron	5
transe	5
antonovna	5
metro	5
gena	5
maldungi	5
muzika	5
televidilo	5
batalisto	5
ekestis	5
kiomfoje	5
subtitoloj	5
arda	5
senfine	5
perfiduloj	5
gekamaradoj	5
aktorino	5
semjonoviĉ	5
anton	5
informo	5
paŭzo	5
guensche	5
miĥajlovna	5
protokolo	5
korpojn	5
keitel	5
lutecio	5
alan	5
moskvon	5
antikvan	5
tenturo	5
kriptograf	5
popper	5
venadis	5
magazeno	5
gaŭloj	5
francoj	5
necesan	5
novas	5
reiris	5
biologia	5
paĝoj	5
tranoktos	5
grandegaj	5
fromaĝon	5
vespermanĝon	5
instruado	5
spiralo	5
seriozan	5
publikigita	5
ĉina	5
transiri	5
solecas	5
etulino	5
murdu	5
natalja	5
rekomencu	5
monstron	5
pafadoj	5
greim	5
absurda	5
troigu	5
eskapos	5
kartoĉoj	5
inventaĵo	5
semajnojn	5
respektas	5
ekflugo	5
goering	5
cirkonstancoj	5
fotis	5
rolis	5
signifus	5
mirego	5
falintaj	5
gagri	5
bastardoj	5
goebbels	5
ĝoja	5
bovlo	5
sciigas	5
talento	5
ĉiumatene	5
tributon	5
hermann	5
triopo	5
fremdaj	5
indus	5
trejnado	5
pure	5
juda	5
utili	5
trifoje	5
malbelega	5
feran	5
dancejo	5
zorgeme	5
hurlas	5
forpeli	5
vundoj	5
raportis	5
eldorado	5
dolorigis	5
red	5
ĝoju	5
golon	5
kapitanon	5
buson	5
leviĝis	5
hejm	5
eblo	5
fermitaj	5
sovetia	5
pma	5
faŭno	5
ununura	5
kokido	5
forfikiĝu	5
transloĝiĝos	5
garantias	5
lasante	5
usonan	5
ĉasado	5
pastron	5
vazo	5
tragedio	5
pepelaco	5
maltrankviligas	5
fornon	5
kapitulaciis	5
vagin	5
forflugu	5
familianoj	5
gutas	5
ĉiele	5
tiris	5
paŝoj	5
parkere	5
pugen	5
toro	5
sektoro	5
nekutima	5
regulojn	5
frukto	5
fantomoj	5
detektivo	5
trajnon	5
konservis	5
graco	5
maltrankvilas	5
inkvizitoro	5
simio	5
troas	5
aŭskultilon	5
cimo	5
bukedo	5
komprenus	5
forkuras	5
stultaĵoj	5
sciigis	5
submeti	5
steletojn	5
flankoj	5
lojaleco	5
supreniris	5
rompu	5
vendo	5
manieroj	5
akto	5
angloj	5
difinas	5
impona	5
ĉiajn	5
ŝtataj	5
ĝardenoj	5
konsciis	5
ĉiutaga	5
klienton	5
gerda	5
veturilo	5
retelefonu	5
ligi	5
shon	5
reĝaj	5
germanaj	5
vestaĵo	5
teamon	5
biologio	5
malplaĉas	5
abundas	5
pisos	5
liberiĝi	5
malliberigis	5
kondukis	5
disciplino	5
ruinigos	5
kruta	5
martiro	5
antaŭvidis	5
grundon	5
anglujo	5
spurojn	5
ciklo	5
kontrollaboron	5
estingu	5
meksika	5
liberecon	5
finnan	5
velkas	5
flagon	5
kartografiejo	5
disiĝis	5
paspermesilon	5
arestos	5
aludas	5
pordoj	5
ĉevalojn	5
premis	5
vinberoj	5
desegnu	5
signaloj	5
diurnojn	5
mediumo	5
stendert	5
vidinta	5
agadojn	5
grimpu	5
lena	5
interesoj	5
seksa	5
asteroido	5
objekton	5
sorokina	5
federacia	5
subtera	5
venkinto	5
antaŭtempa	5
agnoski	5
rehejmiĝu	5
aldonis	5
naciojn	5
herbo	5
hotelon	5
respekti	5
kaĝoj	5
meza	5
vundon	5
elŝaltu	5
gajeco	5
vesperoj	5
kopanigin	5
interesiĝos	5
advokaton	5
senprobleme	5
chion	5
aresti	5
ideoj	5
moviĝis	5
kondiĉojn	5
sintra	5
pripensos	5
venteto	5
bando	5
hela	5
vizaĝoj	5
nepino	5
mortigitaj	5
eŭgeno	5
konsento	5
vanteco	5
pafnutij	5
grandeco	5
suko	5
entenas	5
levas	5
alternigu	5
forprenas	5
konstruita	5
rakontoj	5
kaduka	5
æiam	5
osto	5
kantado	5
senvestiĝu	5
kongruas	5
premon	5
viktimoj	5
servoj	5
rajdas	5
ĉagreniĝu	5
serĉadas	5
envio	5
fragoj	5
signoj	5
frukton	5
senhezite	5
fingrojn	5
konsideros	5
ou	5
calling	5
honorarion	5
ricevus	5
murego	5
ekscita	5
malĝuste	5
inkon	5
molaj	5
ĵurnalisto	5
þatas	5
edzoj	5
lumojn	5
rido	5
atmosfero	5
dolĉan	5
lumoj	5
unuigita	5
ploris	5
arestito	5
pasteĉon	5
lastjare	5
fendas	5
transiris	5
cedis	5
kakis	5
gepatra	5
asfalto	5
krude	5
geografio	5
diranta	5
tekuleroj	5
fratineto	5
rikolto	5
bi	5
surmetas	5
senmove	5
ursino	5
rapido	5
sanktega	5
damo	5
vualo	5
kondiĉe	5
oksigeno	5
toleros	5
naskiĝi	5
cedas	5
mastrumas	5
reciproka	5
kaŝiĝis	5
montoj	5
skotoj	5
william	5
mendo	5
ŝovis	5
enspezoj	5
malobeis	5
spermo	5
navigisto	5
paragrafo	5
amuziĝadis	5
rezignas	5
lun	5
solidareco	5
anarĥiistoj	5
programoj	5
senigas	5
elefanto	5
malfruos	5
zonon	5
ĉerizojn	5
kortego	5
malĝojon	5
eduku	5
aldebarano	5
transformi	5
koleris	5
kaverno	5
æion	5
sonorileton	5
spadon	5
kaŝitaj	5
rusaj	5
friedrich	5
gardejo	4
that	4
fundo	4
ekscitita	4
darling	4
malliberiĝis	4
ignori	4
felicha	4
korojn	4
paciento	4
komforto	4
frapi	4
nervozigas	4
neatendita	4
postmara	4
lincoln	4
zorgema	4
veikko	4
graŭlon	4
nbk	4
danco	4
ĥalkidiko	4
teleroj	4
strebos	4
promeno	4
sunbrilon	4
trairu	4
vundebla	4
mefito	4
sidante	4
municioj	4
ansero	4
juĝu	4
trudi	4
bilardo	4
postulis	4
poŝtelefono	4
izolitaj	4
angino	4
ekzameni	4
vegetara	4
montaron	4
pafon	4
ekonomio	4
pintaj	4
maltrafos	4
formetis	4
sonoril	4
ŝtipulo	4
june	4
idiota	4
konfirmita	4
melodiojn	4
ekparolis	4
nobelo	4
divizio	4
maldorma	4
mallevi	4
noton	4
forportis	4
son	4
malsupra	4
ĝentile	4
allasis	4
pruvon	4
stultan	4
bombon	4
timwi	4
angle	4
disvastigi	4
et	4
ofero	4
stablo	4
malsaĝe	4
altigu	4
neeltenebla	4
transloĝiĝi	4
heil	4
semoj	4
detruos	4
decidite	4
duope	4
ophelia	4
merdulino	4
pripensadis	4
bruleblas	4
maltrankviliĝi	4
have	4
enirigi	4
kontrolon	4
kaŭras	4
enviciĝu	4
senkulpa	4
waters	4
cepoj	4
stariĝas	4
kontaktis	4
favoras	4
ulino	4
harligo	4
forĵetas	4
subleŭtenanto	4
punu	4
kamparano	4
duŝanta	4
vana	4
nokt	4
apudec	4
patrineto	4
fidele	4
fantomo	4
liza	4
konfidas	4
plumbo	4
mirindas	4
volu	4
faruno	4
engaĝiĝo	4
agadoj	4
ĉagrenita	4
fervore	4
tradicia	4
bang	4
telegramon	4
hororo	4
kompletan	4
bakformujon	4
malafabla	4
tigro	4
femuron	4
estonte	4
kontentigi	4
amato	4
sojuzmultfilm	4
staton	4
sekaj	4
ridigas	4
proksimuloj	4
esperu	4
spino	4
sofo	4
aperi	4
princineton	4
festojn	4
scivolemas	4
sakeo	4
toma	4
meleagro	4
negoci	4
forglutis	4
richmond	4
konfirmi	4
sinkas	4
pureco	4
lavakvon	4
zingibro	4
notario	4
pruvos	4
simileco	4
mito	4
frazoj	4
tesaloniko	4
kutimaj	4
malsate	4
militis	4
atendata	4
patrin	4
fascina	4
resume	4
rimarkinde	4
disŝiris	4
instrukcion	4
ŝovas	4
kostumisto	4
go	4
transiros	4
mandatoj	4
katedralo	4
putinidoj	4
koramikon	4
aĉajn	4
ghia	4
mezaĝaj	4
trukoj	4
sally	4
ĉagreno	4
ĉekoni	4
betina	4
biskvitojn	4
disleksio	4
kvietu	4
pulson	4
pomoj	4
klasoj	4
malfeliĉaj	4
starigos	4
civilaj	4
defendos	4
enspiri	4
kondutis	4
mistere	4
moviĝon	4
fanfaronu	4
lorna	4
konsenton	4
trompo	4
che	4
brambilla	4
medikamentojn	4
reziston	4
kiucele	4
ĉeĥa	4
muntisto	4
sonreĝisoro	4
postenoj	4
japanoj	4
firmigu	4
restoracioj	4
tagmanĝon	4
malgrava	4
kvaran	4
rajto	4
funebro	4
demonstron	4
inspiron	4
venĝon	4
magie	4
bicikli	4
makaroniojn	4
mikrofonojn	4
manoĥin	4
triste	4
filin	4
hareto	4
fianĉinon	4
skribaĵo	4
feron	4
kokoj	4
irako	4
privatajn	4
aventuro	4
okupighu	4
faradas	4
juneco	4
korpa	4
ŝildo	4
flustras	4
fikse	4
nuligita	4
nombri	4
okulvitroj	4
jhus	4
kursoj	4
penison	4
instrumento	4
simbole	4
boĝen	4
operacion	4
kukoj	4
staĝon	4
ĉeno	4
negocas	4
kompleton	4
socian	4
interkonsenti	4
mastrino	4
omaĝi	4
donaceto	4
urĝan	4
objektiva	4
garaĝo	4
cigaredo	4
mezuru	4
kornelius	4
malbonŝance	4
signifo	4
denuncis	4
stirilo	4
butikon	4
vernon	4
enlitigi	4
sinergeio	4
universon	4
malfeliĉas	4
tranokti	4
dancado	4
silentis	4
fatala	4
vendisto	4
gasti	4
reganta	4
ruse	4
biŝof	4
surtretas	4
monate	4
mm	4
pasintjare	4
projektoj	4
troigis	4
gejo	4
garbitsch	4
vundos	4
infaninon	4
maltrankviligi	4
aĉas	4
fazeoloj	4
impostoj	4
intertrakti	4
kompleto	4
sinmortigintoj	4
tranklukos	4
komencon	4
hontis	4
fungoj	4
sociajn	4
konstruisto	4
magion	4
translokiĝos	4
kompreno	4
nereala	4
horora	4
plilongigas	4
senespere	4
avancas	4
ludanta	4
jaga	4
malsaniĝos	4
observis	4
tabakon	4
parenteze	4
seksumi	4
aldoni	4
kovros	4
nom	4
folio	4
eksterlande	4
negocon	4
friends	4
ajeje	4
honoras	4
reporti	4
ond	4
fortajn	4
desupre	4
politikajn	4
ĉapeloj	4
evidenta	4
ĉemizo	4
titano	4
tin	4
mendon	4
bezonoj	4
aut	4
mejloj	4
ŝanĝon	4
gets	4
koncentrejoj	4
my	4
kliniĝas	4
malgajigas	4
ama	4
vetur	4
tagordo	4
aspektus	4
antaue	4
provokis	4
dupo	4
vaportrajno	4
pleto	4
prenante	4
vaste	4
ordonu	4
parlamentano	4
balkono	4
lui	4
diskuto	4
traktu	4
preterlasis	4
sciante	4
telegramo	4
aĉaĵo	4
samurai	4
arĉo	4
kalkulos	4
troveblas	4
librotenisto	4
plaĉa	4
sonorileto	4
auskultu	4
revizio	4
bruu	4
teherano	4
malsupreniros	4
feliĉigas	4
rekompenci	4
justan	4
subtenon	4
johnny	4
trejnas	4
sekvestri	4
feliĉajn	4
eksideti	4
adenoid	4
eldonejo	4
ĉerizo	4
kolera	4
kaŭzoj	4
sporoj	4
kovri	4
malgajnas	4
bonvenigas	4
sperton	4
eksperimento	4
kampara	4
kariljono	4
kuloj	4
malĝojaj	4
scenon	4
malsaneco	4
nokon	4
plejmulto	4
miyazaki	4
pord	4
urba	4
respondeco	4
pafmortigu	4
italoj	4
kernon	4
kondutos	4
sufiĉis	4
saŭnon	4
laboristojn	4
semo	4
paperoj	4
mononoke	4
tenilo	4
rapidegas	4
spektis	4
hayao	4
serĉante	4
tendon	4
teda	4
bravaj	4
arja	4
tenturon	4
bananon	4
komprenigi	4
haltigas	4
nacieco	4
epizodo	4
mateniĝo	4
ŝvitas	4
suferigas	4
forgesita	4
eksplikos	4
elvokis	4
subtenis	4
brigadoj	4
love	4
eldiri	4
korekta	4
teroristoj	4
pacienco	4
farbo	4
dna	4
rezervo	4
maljuniĝos	4
fruktojn	4
nasrin	4
svenos	4
resaniĝis	4
rezervi	4
militas	4
posedi	4
shajne	4
subtere	4
paradizon	4
malriĉuloj	4
ŝuldoj	4
vivus	4
alkoholon	4
televidilon	4
vjolo	4
fakulo	4
plavalaguna	4
uzado	4
seriozaj	4
larmojn	4
river	4
mafiulo	4
herban	4
pecoj	4
ĉaso	4
akceptus	4
elbatos	4
malbonaĵojn	4
renaskiĝo	4
kaŭzi	4
piano	4
simptomoj	4
adiaŭa	4
picoj	4
salivo	4
ŝoko	4
poretti	4
cervon	4
varmon	4
banduron	4
scenejon	4
sun	4
terenon	4
handikapulo	4
about	4
merduloj	4
krajono	4
malgajnis	4
elprenis	4
kanon	4
burĝaro	4
forĵeti	4
kutimis	4
tuboj	4
memmortigi	4
punta	4
liva	4
herba	4
prunton	4
purigisto	4
biero	4
brue	4
look	4
bieron	4
specimenon	4
ostap	4
dumfluge	4
herboj	4
nielsen	4
konton	4
stiris	4
ŝaltita	4
logika	4
mikado	4
fekaĵojn	4
disko	4
brulego	4
bruado	4
infanan	4
trista	4
finigu	4
vetoj	4
ektempestas	4
esprimis	4
ĝemis	4
laŭleĝe	4
militi	4
resaltas	4
kuracilo	4
haki	4
respublikon	4
akra	4
kelneron	4
nil	4
beag	4
universala	4
streĉas	4
orelon	4
trafita	4
galerio	4
meleagrido	4
bogenschneider	4
bongustan	4
iusence	4
temp	4
aaa	4
pulso	4
konfiski	4
mizero	4
isak	4
animaloj	4
sévigny	4
avezac	4
gravito	4
neeee	4
flako	4
efikos	4
sorĉoj	4
fordonu	4
preĝon	4
komunistojn	4
dom	4
galaksia	4
kaŭzos	4
konatiĝu	4
ventoj	4
milojn	4
mallumiĝos	4
prizono	4
trimestro	4
informos	4
beroj	4
aleksander	4
deklari	4
konforme	4
enŝipe	4
mallumulo	4
trairis	4
desegnis	4
polica	4
aýdis	4
movos	4
tribunalon	4
malfermiĝos	4
enterigis	4
saĝon	4
bolŝevikoj	4
kartografia	4
startu	4
malsovaĝaj	4
tempereton	4
vidado	4
parolŝanĝon	4
ŝlosita	4
senhonta	4
skui	4
transdonas	4
almozulo	4
nandkiŝore	4
damodaran	4
sandviĉon	4
ryssi	4
leksoj	4
dirita	4
malfortas	4
flavaj	4
brilantaj	4
kaŝkina	4
manierojn	4
ekzamenu	4
mansardo	4
respondeci	4
konfuzaĵo	4
ulon	4
komerco	4
dediĉas	4
plorigi	4
matrosko	4
etendas	4
interkonsenton	4
kompensas	4
reprenu	4
farenda	4
vojas	4
globoj	4
skribe	4
fantaziojn	4
utilon	4
kuroĉkin	4
rangas	4
adiaŭas	4
kongrueco	4
centran	4
longtempe	4
oportuna	4
tede	4
kombas	4
guþoj	4
permesata	4
estadis	4
preĝas	4
mieno	4
bonstatas	4
sabloj	4
religion	4
ripetis	4
eki	4
hejmtaskoj	4
igam	4
havena	4
suĉas	4
orfejo	4
kazanj	4
scipovis	4
interparolos	4
ekspedicion	4
naturaj	4
dubojn	4
vizon	4
alevtina	4
fumu	4
protekto	4
brazilon	4
embarase	4
parfumo	4
starus	4
kirill	4
vito	4
artilerion	4
unuecon	4
nervoziøis	4
kameron	4
petegis	4
neniigos	4
karceron	4
informas	4
malfermitaj	4
malsamo	4
logike	4
aliulojn	4
roboj	4
familian	4
kvinan	4
militisto	4
fulmotondro	4
landojn	4
revenus	4
aliĝas	4
ludado	4
sekretario	4
ludoviko	4
malpurigi	4
procesion	4
mortigus	4
bezonon	4
kaskon	4
etoso	4
matt	4
kapur	4
prunarbon	4
forviŝu	4
rimarkus	4
indianojn	4
peton	4
pafita	4
zion	4
eniĝis	4
doris	4
ĉapitron	4
tajpi	4
transiras	4
akuŝo	4
dialogoj	4
resaniĝas	4
laŭleĝa	4
ringoj	4
diskutu	4
senkoste	4
personecon	4
ina	4
kuniros	4
surbaze	4
konsentos	4
malamu	4
kredon	4
sukcese	4
ŝultroj	4
vivteni	4
sentaŭgulo	4
malmulta	4
supozu	4
mielo	4
noto	4
forprenos	4
dezirojn	4
eliĝu	4
frenezis	4
dronos	4
prokrasto	4
lavis	4
mitralojn	4
miavice	4
ŝelketoj	4
ateisto	4
orbito	4
konataj	4
malsamas	4
gastejo	4
scienculoj	4
komisio	4
irado	4
policanoj	4
antaŭsentis	4
ĝuos	4
pendumis	4
lagon	4
altajn	4
marso	4
ĝojis	4
markon	4
malbelaj	4
ferreiro	4
banas	4
junulon	4
influas	4
proponu	4
fluu	4
salaton	4
elradiu	4
krevis	4
beboj	4
fordonis	4
gattaca	4
versio	4
feino	4
oficisto	4
kantisto	4
malfacilaj	4
uvao	4
staros	4
feliĉecon	4
goham	4
trapasos	4
rehavi	4
akompanas	4
kabo	4
sensencaĵon	4
nula	4
antaŭan	4
kvanton	4
mirige	4
tedu	4
fiere	4
domaĝas	4
rekordo	4
kaino	4
realeco	4
limigi	4
printempon	4
finiĝi	4
kamforarbo	4
adiaŭu	4
fidos	4
dorno	4
kusakabe	4
malpurigas	4
disiĝo	4
disfalas	4
sort	4
trejni	4
kemia	4
ellasi	4
fuŝulo	4
elverŝis	4
matracon	4
kuponon	4
regimento	4
malpuraj	4
banon	4
atakita	4
refari	4
griza	4
taŭgos	4
laboregis	4
balailon	4
helpanto	4
vasiljevna	4
marfa	4
eksplodos	4
carmosina	4
venkitoj	4
gaston	4
blizardaĵo	4
vilao	4
literaturo	4
krozas	4
filmojn	4
verki	4
lal	4
punlaboro	4
invento	4
forkuros	4
dento	4
admiro	4
brakringon	4
kaptito	4
efekto	4
kestojn	4
luma	4
baroj	4
plenkreskos	4
punita	4
drako	4
kreinto	4
peterburga	4
mobilizita	4
altiri	4
proletaro	4
ĉamp	4
psikologio	4
hakun	4
kostoj	4
deteni	4
bakejo	4
stop	4
evoluo	4
segis	4
ano	4
panksutonia	4
omojn	4
konato	4
transformiĝis	4
vundojn	4
liberigas	4
grimpi	4
disciplinon	4
malmola	4
emocioj	4
regionoj	4
bankorabo	4
distros	4
epidemio	4
esperantisto	4
dolĉe	4
tom	4
mediumeco	4
chona	4
evidentas	4
luftwaffe	4
belego	4
belo	4
hewel	4
spektantaro	4
braun	4
imprese	4
vortico	4
tader	4
aranĝita	4
bankedo	4
ŝparos	4
sensignifa	4
krakintaj	4
priŝtelis	4
prepariĝas	4
almeti	4
ŝpinas	4
enskribu	4
bruego	4
dipatrino	4
tajpu	4
plenumitos	4
ĝojaj	4
ribelon	4
labora	4
ĉesigis	4
hieronymus	4
sovaĝulon	4
produktita	4
einari	4
civilizon	4
neniigo	4
drinkado	4
lacaj	4
okazadas	4
maldungos	4
prononcas	4
transdonitaj	4
ss	4
kuros	4
brulveziko	4
hu	4
minejoj	4
radiilo	4
miami	4
rekomencis	4
krimojn	4
pluvoj	4
atendus	4
kompaton	4
ĝojos	4
bomboj	4
soleco	4
oudejan	4
pasintaj	4
oudeja	4
oudej	4
formojn	4
revenigos	4
oude	4
oud	4
febro	4
kamiono	4
posteulo	4
instigas	4
vizitanto	4
malgrandburĝa	4
videble	4
talio	4
glata	4
kunhavas	4
signon	4
bremsado	4
studu	4
fraĉj	4
æar	4
puni	4
popova	4
anistiforoviĉ	4
portreto	4
diligente	4
helpe	4
neniigita	4
malkiel	4
monologo	4
ĉiunokte	4
ekzilito	4
blagovidov	4
malmulton	4
interrompi	4
fontoj	4
fajraĵo	4
filatov	4
fenomeno	4
sonĝon	4
ordoni	4
alloga	4
densa	4
tivari	4
ingizita	4
angulon	4
formita	4
sangas	4
mesaĝojn	4
nazioj	4
cleide	4
medalo	4
elspiro	4
fajraĵoj	4
beach	4
linion	4
noticojn	4
ĵurnalojn	4
malhelpis	4
entuziasmo	4
preĝi	4
peze	4
malproksimaj	4
neordinara	4
personojn	4
tankon	4
frenezigos	4
malavara	4
agnoskis	4
kunvenis	4
gramatiko	4
side	4
provludis	4
demonino	4
barbarojn	4
kontaktu	4
aliĝis	4
gven	4
mizeraj	4
trankviligas	4
ĝojus	4
insula	4
plendos	4
teritorio	4
pluvombrelon	4
ekĝoju	4
kontraŭbalistika	4
havigi	4
vicoj	4
klopodos	4
atenta	4
ruĝuloj	4
bizonoj	4
libervole	4
rapidigas	4
atentemaj	4
marŝis	4
markita	4
avertos	4
jesa	4
verkojn	4
diurno	4
kvincent	4
malhelaj	4
valizojn	4
falsajn	4
evoluas	4
degenerulon	4
vermoj	4
infekton	4
konsistas	4
kondamnas	4
brulu	4
radiadon	4
ĥaoso	4
anatolij	4
senmova	4
tifo	4
devigas	4
memoroj	4
esplorado	4
likvoron	4
invadon	4
pardonpeton	4
jong	4
lignaĵisto	4
nutrado	4
malplenigu	4
formortis	4
paĉj	4
devu	4
situacioj	4
prudenta	4
bremsis	4
eldono	4
florvendisto	4
realan	4
ekkuris	4
raportojn	4
vidite	4
betty	4
bartoŝko	4
paŭlin	4
hasti	4
agapiton	4
finitas	4
studentojn	4
interŝanĝu	4
sufokos	4
kopekoj	4
muzikaĉo	4
kuriero	4
onin	4
ŝargstacio	4
vinstra	4
temus	4
foresto	4
strebis	4
alkutimiĝos	4
promesite	4
edzinigos	4
vokon	4
presejo	4
taĥikardio	4
senkulpaj	4
sencele	4
kiomlonge	4
sesdek	4
prévert	4
jakvo	4
odoraĉas	4
lipojn	4
fakoj	4
ekkriis	4
okcidenten	4
plenkreskuloj	4
varmaj	4
vintroj	4
deiru	4
pasaĝeroj	4
alteriĝis	4
enmetu	4
nordfalk	4
princina	4
vidante	4
diferencon	4
varmigi	4
cetera	4
grimault	4
sukcesu	4
mmh	4
saŝa	4
skribado	4
konektiøas	4
valor	4
rigidiĝas	4
forportas	4
sekuran	4
plenumita	4
torento	4
inferio	4
fripono	4
diablon	4
evangelion	4
monteton	4
ŝibalba	4
legado	4
anoncis	4
naĝas	4
iranta	4
zoon	4
fiksa	4
feraj	4
fuhrer	4
historia	4
moneroj	4
rigardaĉas	4
malalte	4
bakteria	4
obstina	4
vestitaj	4
patrolando	4
kolbaso	4
strebu	4
okazigi	4
priparoli	4
projektisto	4
afableco	4
eros	4
ordinaran	4
kurson	4
bebino	4
pesto	4
povra	4
grado	4
detale	4
somoso	4
algluiĝis	4
trenas	4
dankemo	4
helpantoj	4
junuljo	4
ruino	4
glatas	4
matura	4
milfoje	4
anasoj	4
ekzemplero	4
heroaĵo	4
restoracion	4
lernantino	4
puŝis	4
mastrumado	4
bovojn	4
air	4
privilegio	4
lardon	4
konstruo	4
fajfis	4
kapitulacas	4
lanĉon	4
adamo	4
malsupran	4
uragano	4
respondos	4
kavalireco	4
reteni	4
sankteco	4
transportos	4
remas	4
lulilo	4
fantasta	4
kora	4
princinoj	4
pedali	4
ferio	4
indulgon	4
enŝlosita	4
preferata	4
kunpreni	4
adoleskuloj	4
estonton	4
luizo	4
interŝanĝas	4
bord	4
brigitte	4
kondratjeviĉ	4
plenumanta	4
scipovos	4
konvento	4
kodekso	4
kandeloj	4
