ez	146296
da	94397
eta	84876
bat	50668
dut	49651
zer	38407
egin	38393
duzu	34720
bai	33973
nahi	29276
du	26642
behar	26615
baina	26610
hori	26329
nire	23631
naiz	22075
izan	21882
zure	21267
esan	20295
dago	20048
zara	19380
hau	18611
ere	18010
dugu	16563
ari	16183
zen	15962
egiten	15090
dira	13912
hemen	13701
zuen	13289
egingo	11324
ezin	11319
nuen	11136
ondo	11080
oso	10730
bere	10723
zu	10707
nik	10673
uste	10663
orain	10439
al	10182
izango	10052
zergatik	9805
joan	9434
ongi	9327
jauna	9269
ni	9213
asko	8907
dute	8635
beste	8384
dizut	8291
ikusi	8188
hitz	8075
gara	7875
nola	7861
edo	7712
zaude	7644
gure	7493
zuk	7293
ezer	7203
nago	7002
dena	6720
eman	6714
utzi	6683
baino	6472
dela	6402
ezta	6339
zerbait	6208
kaixo	6117
egon	6099
non	6060
bezala	6004
etorri	5962
hil	5868
den	5786
dakit	5708
mesedez	5614
gauza	5533
bakarrik	5497
gehiago	5485
batean	5413
bi	5385
ditut	5378
hartu	5328
gero	5280
goazen	5205
ba	5030
ona	5007
barkatu	4982
aita	4928
entzun	4853
hor	4819
beharko	4680
gabe	4670
ikusten	4646
tira	4615
benetan	4549
horrela	4519
inoiz	4513
badakit	4487
zaitut	4461
sentitzen	4422
nor	4384
begira	4333
egun	4331
nintzen	4321
orduan	4319
eskerrik	4316
beti	4275
bera	4274
ama	4252
esaten	4247
gaur	4127
badakizu	4089
gizon	4089
didazu	4056
zenuen	4050
daude	4000
ematen	3950
duzue	3851
arte	3807
ditu	3806
gertatzen	3798
sartu	3792
urte	3758
mila	3673
diot	3614
esker	3583
beraz	3568
egia	3562
baten	3541
lehen	3526
oraindik	3514
batek	3484
bada	3467
lan	3458
ados	3422
horrek	3383
zait	3362
baduzu	3360
egongo	3350
kaka	3335
duen	3329
berriz	3289
alde	3286
ezazu	3283
zein	3281
zuten	3272
maite	3245
duela	3243
hain	3219
ulertzen	3211
dio	3186
dituzu	3185
nuke	3176
neska	3164
jakin	3163
atera	3159
zaitez	3103
bizi	3100
itxaron	3097
esango	3096
ezagutzen	3089
guztiak	3055
aurkitu	3007
batzuk	3004
ziren	3003
diozu	2999
zoaz	2994
joango	2928
daukat	2928
ditugu	2923
hemendik	2890
guztia	2881
jarri	2871
gertatu	2861
egiteko	2844
horiek	2835
hona	2834
bila	2821
zenbat	2774
dit	2765
berak	2761
zaizu	2753
zegoen	2745
lasai	2739
besterik	2722
ahal	2706
deitu	2691
izena	2678
niri	2677
on	2677
denbora	2674
hala	2672
lagun	2655
zurekin	2654
horixe	2642
hasi	2640
handia	2598
agian	2596
noski	2589
etxera	2581
eraman	2577
itzuli	2567
aurrera	2533
nirekin	2511
berriro	2502
zela	2500
gustatzen	2491
han	2489
hiru	2485
honetan	2480
prest	2476
zatoz	2472
emango	2469
genuen	2464
gaude	2457
bizitza	2436
ze	2425
pentsatu	2386
burua	2369
inork	2349
duzun	2320
lagundu	2313
azken	2307
ea	2268
buruz	2264
ene	2259
moduz	2246
agur	2241
batekin	2232
ziur	2226
dudan	2212
zertan	2205
dizu	2191
galdu	2190
ekarri	2176
dirua	2127
ibili	2115
berri	2108
azkar	2106
zidan	2103
nau	2093
bakarra	2083
nora	2077
gauzak	2063
zarete	2059
aizu	2053
zuri	2021
bota	2006
hara	1996
begiratu	1996
andrea	1996
jo	1984
pixka	1978
bihar	1970
maitea	1958
nork	1958
zinen	1953
ikusiko	1945
horregatik	1942
batera	1942
artean	1942
dezagun	1941
nahikoa	1940
izatea	1918
eskatu	1906
gu	1898
ederra	1894
ote	1891
nauzu	1886
zuek	1842
egitea	1836
lana	1831
geratu	1817
lortu	1812
zain	1812
aurretik	1809
zera	1808
dituzte	1807
sekula	1805
nahiko	1794
inor	1788
axola	1774
utziko	1767
honek	1765
ondoren	1760
hauek	1753
ederki	1750
dakizu	1749
zituen	1743
etxean	1740
emakume	1739
geldi	1723
bertan	1697
baita	1697
jakina	1695
duzula	1695
ahaztu	1691
denak	1688
gelditu	1684
kontuz	1678
iritsi	1674
noa	1668
denok	1667
nion	1663
lo	1657
horretan	1627
beharra	1624
dudala	1622
aukera	1606
behin	1599
ginen	1594
zuretzat	1588
zenuke	1578
espero	1575
dezaket	1575
elkarrekin	1561
pentsatzen	1552
saiatu	1546
biok	1545
beharbada	1532
berarekin	1525
haren	1520
kendu	1518
hobe	1516
zaitu	1514
noiz	1483
ia	1482
jendea	1481
amaitu	1481
berehala	1481
etorriko	1479
norbait	1478
polita	1477
ezagutu	1476
zarela	1476
hartzen	1473
bost	1470
osoa	1463
hura	1457
dagoen	1454
jarraitu	1444
gaizki	1441
onena	1440
ala	1417
gogoratzen	1416
zaio	1416
laztana	1390
bizirik	1388
leku	1387
hartuko	1386
gauean	1383
doa	1383
oraintxe	1378
batez	1339
entzuten	1339
naizela	1338
jende	1337
bidali	1329
omen	1319
aurrean	1310
dagoela	1306
hobeto	1306
nazazu	1305
berria	1304
irten	1304
nizun	1302
jan	1300
daiteke	1298
guk	1297
tiro	1293
horren	1290
dezakezu	1290
minutu	1286
galdetu	1284
laster	1281
aitak	1281
nituen	1277
dirudi	1272
niretzat	1272
pertsona	1272
gau	1271
une	1271
itzuliko	1267
badu	1265
eramango	1261
gora	1259
nengoen	1258
iruditzen	1252
ordu	1252
aldatu	1233
ihes	1221
etxe	1220
dauka	1215
izateko	1215
gizona	1214
mutil	1208
itxura	1206
joaten	1206
oh	1204
hilko	1201
neuk	1199
laguntza	1198
ireki	1197
bezain	1195
arrazoi	1194
bati	1193
luke	1189
litzateke	1187
harrapatu	1186
etxea	1183
horrekin	1183
kontua	1180
zuela	1179
pozten	1178
duten	1175
semea	1175
zion	1175
kontu	1169
diren	1168
lagunak	1165
gainean	1165
jainkoa	1164
beno	1161
mundu	1156
zoragarria	1156
hilda	1155
erakutsi	1148
ideia	1144
gabon	1141
beldur	1138
argi	1137
sartzen	1136
batzuetan	1133
zaharra	1131
berdin	1128
lau	1127
txarra	1123
familia	1121
hiltzen	1115
barruan	1110
bitartean	1109
kezkatu	1106
jartzen	1095
diote	1093
baietz	1091
anaia	1090
hainbeste	1089
badut	1087
ulertu	1086
zaren	1086
igo	1080
daukazu	1078
erantzun	1070
eseri	1069
atea	1069
duk	1067
benetako	1065
atzera	1061
direla	1060
izaten	1060
dizuet	1059
aldiz	1057
polizia	1049
idatzi	1048
irabazi	1047
banoa	1042
duena	1041
heldu	1038
laguna	1038
galdera	1036
gutxi	1035
aterako	1034
amak	1034
diru	1033
didate	1029
emaztea	1028
neure	1027
behera	1026
erabili	1026
diogu	1025
eskatzen	1025
balio	1024
kanpoan	1024
deitzen	1024
jada	1022
erabaki	1022
dolar	1018
horri	1009
balitz	1008
segi	1008
lagunduko	1007
eutsi	998
dator	994
duzuna	992
pasa	991
primeran	991
itxi	989
elkar	988
jendeak	988
puta	987
uzten	981
dabil	977
mutilak	973
mugi	973
jaso	973
baizik	969
berandu	967
ezetz	966
alaba	964
txiki	963
handi	963
haiek	963
zeure	963
erosi	961
gehiegi	960
geratzen	960
bukatu	959
zaila	956
horrelako	956
jakingo	950
gainera	948
pozik	947
lehenago	945
seguru	944
lehenengo	943
bikaina	943
tipo	937
jarriko	937
jotzen	935
norbaitek	935
lanean	934
ostia	933
ume	925
zertarako	925
atzean	924
aski	921
dugun	915
daukagu	913
bestela	911
azkenean	910
ateratzen	906
moduan	903
gela	903
naizen	902
geratuko	895
honen	889
nahiago	889
gizonak	887
mugitu	887
osoan	886
inguruan	884
badago	883
tori	880
atzetik	879
gerra	878
egoera	876
edan	876
aurkituko	873
gai	867
ondoan	867
hutsa	867
ninduen	866
deituko	866
demontre	865
bide	865
ai	862
arazo	862
arraio	861
horra	860
jaunak	859
zaituzte	859
barru	859
falta	857
hortik	855
nirea	855
atsegin	855
goaz	853
modu	852
zuzen	850
ikasi	846
ikustera	845
kanpora	845
daki	842
sinetsi	842
buruan	839
ordaindu	836
hilabete	835
dezakegu	833
milesker	833
honekin	831
egotea	829
haien	828
ixo	826
gurekin	822
zituzten	822
saiatzen	821
irakurri	816
jaitsi	816
zabiltza	814
arraioa	813
egindako	812
beren	811
badugu	809
john	808
kontra	803
min	802
bezalakoa	800
arren	799
hurrengo	799
milioi	797
neu	794
merezi	793
egitera	792
sei	789
zaitezke	788
eduki	788
bigarren	786
joateko	785
moztu	785
edozein	784
ikus	784
errua	781
new	781
ukitu	781
bakean	779
kontatu	779
gertatuko	777
seme	776
zeren	776
zeuk	772
ospa	769
onartu	769
digu	767
goizean	767
esateko	767
sinesten	766
ezazue	766
zenidan	765
izugarri	764
lortuko	763
onak	762
eskerrak	761
erabiltzen	757
jaten	755
diet	755
horretaz	754
apur	754
nagusia	753
ergela	751
bazara	751
jarraitzen	751
ordua	750
aritu	750
toki	749
har	748
hobea	748
oker	747
autoa	747
erraza	746
aurka	746
pikutara	746
zaindu	745
erabat	744
bete	742
delako	742
gisa	742
dugula	741
aste	738
betiko	737
doktorea	734
agindu	731
txikia	730
neskak	729
nondik	728
dudana	728
arazoa	726
gertu	725
denek	725
bihurtu	724
bezalako	721
dizute	716
naute	715
genuke	715
begiak	715
nuela	712
ezkondu	712
eguna	708
esku	707
bihotza	704
lasaitu	704
denean	702
nagusi	699
esnatu	698
gaitezen	697
izana	694
zeu	690
garbi	690
atsegina	689
musika	689
eskuak	687
gogoko	686
atzo	684
nabil	684
borroka	683
gaitu	680
gogoan	677
hasiko	677
esaiozu	676
zurea	675
askoz	674
zutaz	674
askatu	673
gorroto	672
itxoin	671
nekien	671
talde	670
sartuko	670
nitaz	670
zinela	668
honi	668
bale	666
mundua	666
gogoratu	663
soilik	662
gezurra	660
pasatu	660
erori	659
sentitu	655
mina	655
zeuden	653
maitasuna	651
aurre	650
umeak	648
zenuela	646
utz	645
azpitituluak	645
gogorra	644
egizu	643
dadila	642
gazte	641
arma	640
naiteke	640
hartan	639
sortu	639
zaudete	637
dutela	637
huts	636
ura	636
arraroa	636
munduko	633
pare	632
harry	630
zorte	628
izen	627
pasatzen	625
jantzi	621
bart	620
halako	620
ikusteko	620
egina	617
argia	616
gaituzte	616
garrantzitsua	614
the	613
zin	613
gogor	611
dituen	607
aurkitzen	607
eh	604
itzazu	602
banekien	601
baliteke	600
zehar	599
saldu	599
anderea	598
bidean	596
laguntzen	595
salbatu	595
erre	595
bidea	595
egunero	593
zertaz	592
nintzela	592
horretarako	591
eskua	591
ordea	590
ezingo	590
prestatu	590
zaitezte	590
amets	588
aurpegia	587
esatea	587
ikustea	586
dezake	585
eraso	582
andereñoa	581
zitzaidan	581
senarra	580
banu	579
ekarriko	579
motel	578
gustatuko	578
izugarria	577
galtzen	576
emateko	576
etortzen	574
joatea	569
berriak	568
joe	568
hementxe	568
arazoak	567
jainkoak	566
bueno	565
zorionak	564
hark	563
gabeko	559
hauxe	559
hamar	559
bilatu	557
buruari	557
egunean	557
gustuko	557
txanda	556
mutiko	556
garbitu	555
ur	554
heriotza	553
genituen	553
libre	553
garai	552
behintzat	552
lapurtu	551
kasu	550
duzunean	548
dizkizut	547
arazorik	547
aipatu	547
liteke	547
azpian	546
edozer	546
madarikatua	545
dagoeneko	544
gorde	543
joko	542
inori	541
eginda	541
haserre	540
baldin	540
auto	540
begiratzen	540
hitza	540
laguntzarekin	539
bitxia	538
gutxiago	537
desagertu	536
isilik	536
batere	535
ezinezkoa	534
zegoela	534
erdi	534
asmatu	533
zaudela	533
kapitaina	533
konpondu	532
aukeratu	531
telefonoa	530
david	529
parte	529
batzuek	528
barre	527
jota	527
garela	526
zitzaion	526
botatzen	523
berean	521
esadazu	521
odola	520
aitaren	520
erakutsiko	516
hanka	515
george	515
ustez	514
hasten	514
idazten	514
kanpo	513
zintudan	512
diat	511
jainkoarren	511
jaio	510
berezia	510
ergel	509
batetik	509
liburu	508
zaitugu	507
bikain	506
zenean	506
egokia	505
hortxe	503
arteko	502
handiak	502
konturatu	501
erregea	500
zabaldu	500
zidaten	499
onartzen	499
hizkuntza	498
bizkor	498
zizun	498
ederto	496
gutxienez	496
hiri	495
zaituztet	495
eragin	494
osaba	493
nator	492
burutik	491
isildu	490
zaigu	490
konforme	490
eusko	490
badira	490
guztietan	489
berari	487
agertu	486
arabera	485
estatu	485
arrazoia	485
galdetzen	484
barrura	483
arropa	483
poliziak	483
ordainduko	483
badaki	480
umea	480
adi	478
max	477
mike	476
zahar	476
eramaten	476
harro	475
dituzue	475
zuzenean	473
beldurra	473
festa	473
beharrik	472
igaro	472
buruzko	471
dakigu	470
atxilotu	470
emadazu	469
luzea	469
urteko	469
jainko	469
goian	469
baduzue	469
inporta	468
historia	467
benga	465
jarraituko	465
guztiek	464
jokatu	464
biak	464
zelan	462
zioten	461
lortzen	461
gaitezke	460
errege	460
mota	460
txantxetan	460
eder	460
ordaintzen	459
digute	459
bidaia	459
gainetik	459
negar	458
hortaz	458
zaizkit	456
dizugu	456
itzultzen	455
dezala	454
urrun	453
bidaliko	453
hizketan	452
botako	452
hiltzeko	452
haur	452
datorren	451
astean	451
haiz	451
goiz	450
zor	450
zuena	450
zati	449
iritsiko	448
lekuan	448
baterako	447
diegu	447
alferrik	446
azaldu	446
zoazte	445
lur	445
film	444
zazpi	443
bildu	442
janaria	442
bilatzen	442
hartzera	441
aukerarik	440
gaua	440
lekua	440
gustatu	439
nahiz	439
leo	438
irabazten	438
guztiz	438
jack	437
korrika	436
jatorra	435
bagoaz	435
ah	434
mutila	433
arriskutsua	433
ate	432
dei	432
harekin	432
nintzateke	431
jasan	431
urtean	430
handiena	430
zirela	429
herri	429
adibidez	429
de	428
zaie	426
zenion	425
haurrak	422
borrokatu	422
ibiltzen	422
jar	422
izenean	421
urduri	421
james	420
bizitzan	420
egoteko	419
handik	419
aspaldi	418
hartzeko	417
gelan	416
beltza	416
posible	416
konponduko	413
zeunden	413
emakumeak	412
san	411
jaun	411
nahian	410
irakurtzen	410
denik	410
iezadazu	409
hainbat	409
faltan	409
edaten	409
gera	408
emakumea	408
zenbakia	408
amari	408
dauden	407
geroago	406
diezu	405
iristen	405
andy	405
aldia	404
zikina	404
ilea	404
larrua	403
erdian	401
dauzkat	401
elkarrizketa	401
amaren	401
handiagoa	401
minik	400
besteak	400
pistola	400
horrelakorik	400
erotu	399
hegan	399
geure	398
argazki	398
irteten	398
baimena	398
ezkutatu	397
nere	397
itxita	397
bill	396
guzti	396
hazi	395
atseden	394
ben	394
jadanik	393
kito	393
kamera	392
nolako	392
sua	392
badakigu	392
nagoela	391
dibertigarria	391
lanera	391
altxa	390
nonbait	390
bilera	390
orduko	390
erdia	390
banintz	389
antza	388
gaztea	388
ardura	388
bestea	387
badute	387
etxeko	387
barregarria	386
zenituen	386
txo	386
badakizue	386
sar	385
nekatuta	385
honela	384
zuzena	384
ordez	384
autoan	383
babestu	383
luze	382
utzidazu	382
bero	381
pentsatuko	381
saltzen	380
die	379
poliziari	378
eskola	378
aurreko	378
garen	377
kalean	377
giltza	377
banaiz	376
mugitzen	376
ematea	376
aldi	375
prestatzen	375
amaiera	375
era	375
galduko	374
ninduten	373
eskatuko	372
guri	371
irakaslea	370
zintzoa	370
oraingoan	370
gurasoak	370
saiatuko	370
ikaragarria	369
buelta	369
beharrezkoa	369
mezu	369
erotuta	368
sortzen	368
dantza	367
kontuan	367
arnasa	366
zoragarri	366
taldea	366
harrigarria	365
txakur	365
istorio	365
bakoitzean	364
pentsa	364
arreba	363
lurra	362
urtez	362
beldurrik	362
eskaini	361
buru	361
alegia	360
nick	360
aldatzen	360
opari	359
hautsi	359
sam	359
ohera	358
bakar	358
ezik	358
izorratu	357
bizia	357
musu	357
bazenu	357
gauez	356
arreta	356
askotan	355
beltz	355
zelako	355
hitzak	355
badirudi	354
horietako	354
etxetik	354
probatu	354
datoz	354
barkamena	353
begi	353
ohi	352
plan	352
gose	352
duzuen	352
zoriontsu	352
emazteak	351
hurbildu	351
pila	350
balu	350
egoten	350
gonbidatu	349
azkarra	348
argazkiak	347
normala	347
duenean	347
liburua	347
ibiliko	346
gaueko	345
halakoa	345
kafea	344
jainkoaren	344
lurrean	344
zeukan	344
jesus	343
makina	343
agintzen	342
doaz	342
jokatzen	341
hiltzea	341
bidez	340
sartzeko	340
aurkeztu	340
dudanean	340
gogoa	340
txantxa	339
dudalako	339
dirurik	339
erretzen	338
irtengo	338
behean	338
arriskuan	338
amaitzen	337
zuria	337
samarra	337
zerk	337
geunden	337
aldatuko	336
dadin	336
kontatzen	335
zinateke	334
nolakoa	334
bakoitza	334
armak	334
bihurtzen	334
zenuten	333
haurra	332
akabo	332
bateko	332
zikin	332
jaurlaritzaren	332
uko	332
piztu	332
anaiak	331
garaia	331
jendeari	331
nizuke	331
erakusten	331
aitari	331
suntsitu	331
hasieran	330
euren	330
kezkatzen	330
desberdina	330
hartzea	330
zatozte	330
munduan	330
jakitea	329
hasteko	329
gaiztoa	328
zutela	328
geldituko	328
segundo	328
guztien	328
borrokan	328
behingoz	328
diguzu	327
peter	327
hauetan	327
erregina	327
aupa	327
hutsik	326
arduratuko	326
indar	326
itzali	326
zuekin	325
soldadu	325
berdina	325
gaurko	325
beteta	325
aldean	325
onik	324
ikasten	324
gizaki	323
odol	323
lanpetuta	323
arrakasta	322
pena	322
daudela	322
bob	321
onartuko	321
eragiten	321
maila	320
ahizpa	320
kalera	320
didazue	319
gutun	319
gelditzen	319
laguntzeko	319
interesgarria	318
agertzen	318
nori	318
zauden	318
itzul	317
jantzita	317
edukiko	317
nintzenean	316
behartu	316
hilketa	316
eserita	316
harrapatuko	315
giza	315
egunen	315
bazina	315
agindua	315
kezkatuta	314
lortzeko	314
indarra	314
zugatik	314
cooper	313
iruditu	312
aurpegi	312
zena	312
alu	312
salbu	311
zeri	311
arduratu	310
eraiki	310
ohean	310
gorria	310
elkarri	310
michael	309
zarenean	309
aitona	309
biziko	308
jim	308
guretzat	308
jenerala	307
asmoa	307
haserretu	307
sistema	306
zintuen	306
lehenik	306
uzteko	305
askok	304
daitezke	304
arima	304
haurdun	304
inguru	303
hirugarren	303
neukan	303
eskubidea	303
zenbait	303
dezan	303
mary	303
astirik	302
unea	302
beroa	301
bakoitzak	301
eginez	300
akabatu	300
kristo	300
bidaltzen	300
zerrenda	300
sekulako	300
hemengo	299
goizeko	299
norekin	299
oroitzen	299
hilik	299
guztiok	298
ezkontza	297
beraien	297
betetzen	297
irabaziko	297
zaintzen	296
kontatuko	296
doan	295
anna	295
honetatik	295
ederrak	295
lehendakari	294
amaituko	294
gaixorik	294
zarelako	294
ezkonduta	294
martin	294
honetako	294
etengabe	294
erregearen	294
jaiki	293
lurrera	293
zehazki	293
ahoa	293
dituela	292
herria	291
morroi	291
serio	290
frank	289
dezazun	289
dituzun	289
alua	289
armada	289
nuenean	289
ezpata	288
eskertzen	288
ditudan	288
korri	288
noizbait	288
sinatu	287
zutik	287
bueltatu	286
duelako	286
inora	286
jasoko	285
charlie	285
ordubete	285
hurrengoa	285
arratsalde	285
andereño	285
hari	284
hondatu	283
plana	283
urrundu	283
truke	283
politika	283
perfektua	281
badator	281
gidatzen	281
gorputza	281
zortzi	280
amore	280
dakite	280
lehena	280
eguzkia	280
jaunaren	280
hurbil	279
nazkagarria	279
barik	279
jateko	279
semeak	279
aztertu	278
adina	278
halakorik	277
mutilok	277
denda	277
usain	277
altxatu	276
harreman	276
froga	276
tom	275
sinestezina	275
adarra	275
zuenean	275
are	275
ile	275
metro	275
hiria	275
ray	275
uztea	275
hildako	274
emazte	274
funtzionatzen	274
nien	274
haiekin	274
negarrez	273
kafe	273
etortzeko	273
eskaintza	273
gozoa	273
diozue	273
agentea	273
ikerketa	273
irribarre	273
amona	273
hotz	273
arauak	272
gustura	272
lukete	272
erosiko	271
paul	271
gidatu	271
honetaz	271
handiz	271
hire	270
aska	270
ateratzeko	270
ahotsa	270
duguna	270
telebista	269
bazen	269
boterea	269
milaka	269
horrelakoa	269
janari	268
aldian	268
hurrengoan	268
laura	268
gehien	268
lanik	267
has	267
zainduko	267
putakume	267
genuela	266
ninduzun	266
existitzen	266
zentzurik	266
eskolan	266
interesatzen	266
erantzuna	266
aparta	266
izar	265
txikiak	265
kontuak	265
guztian	265
sentituko	265
dituzten	264
ulertuko	264
badidazu	264
itzultzeko	264
puntu	264
bakea	264
negozio	263
irakatsi	263
oihu	263
irakasle	263
benetakoa	262
zigun	262
ontzi	262
animalia	262
eskaintzen	262
diezazuket	261
johnny	261
hi	260
zerikusirik	260
kontxo	260
kale	260
legea	259
su	259
eramateko	259
konpon	259
jasotzen	259
etor	259
zaitzaket	259
gezurretan	259
jarrera	259
enpresa	259
etortzea	259
erantzuten	258
bizitzako	258
gizonek	258
aurkako	258
kutxa	258
tratua	258
erraz	257
ezagutuko	257
suposatzen	257
ikusita	257
porrot	257
modua	257
erokeria	256
bulegoan	256
emaidazu	256
oraingoz	256
jakiteko	256
gaixo	256
akats	255
mesede	255
ed	255
betea	255
momentu	255
bereziki	255
maria	254
triste	254
gaituzu	254
usaina	254
konturatzen	254
zirudien	253
urteak	253
etorkizuna	253
elkartu	253
galduta	253
kartzelan	252
la	252
esaidazu	252
gerta	252
liburuak	251
bururatu	251
lord	251
harrapatzen	251
larria	250
pete	250
nazazue	250
woody	250
hey	250
eskuetan	250
bobby	249
zaizue	249
zortea	249
txarrak	249
putakumea	248
nagusiak	248
dirudizu	248
dutena	248
kanpoko	247
erabiliko	247
azkena	247
nigatik	247
zaharrak	246
daukate	246
nuena	245
batentzat	245
zoriontsua	245
ariko	245
segurtasun	245
ero	245
gabiltza	244
eser	244
entzungo	244
agente	244
garbitzen	244
richard	243
argitu	243
mezua	243
ezkonduko	243
eskolara	243
hotza	243
dun	243
izeba	242
horretara	242
informazioa	242
proba	242
abesti	242
horien	241
ok	241
mark	241
mediku	241
dantzan	241
aldera	240
lotu	240
sutan	240
deika	240
jango	240
erosten	240
badoa	240
ekin	240
jon	240
zaldi	240
lotsa	240
horiekin	240
zaizkizu	239
makurtu	239
konpontzen	239
herrialde	239
giltzak	238
sekretua	238
dabiltza	238
guztiei	238
topa	238
jabea	238
konfiantza	237
kentzen	237
soka	237
bizitzen	237
gorpua	237
gainditu	237
poltsa	237
legez	237
aspaldiko	237
hiltzailea	236
hirian	236
buzz	236
oinez	236
zarata	235
gain	235
filma	235
onenak	235
zulo	235
beraiek	234
argazkia	234
igeri	234
ditzagun	233
lanak	233
garaiz	233
badaukat	233
batengatik	233
medikua	233
lucy	233
bizitzaren	233
azkarrago	232
jartzeko	232
aizue	231
madarikatu	231
tokian	231
andreak	231
amatxo	231
botila	231
ta	231
ostean	231
emaiozu	231
zien	231
ziurrenik	231
deia	230
halaxe	230
hankak	230
nauk	230
aldetik	230
horretatik	230
iritzia	230
ipini	230
inolako	230
abokatu	230
handiko	229
erabakia	229
bukatuko	229
babesteko	229
norbaitekin	229
helburua	229
kenduko	229
ditugun	229
sartzea	228
dituzula	228
bihotz	228
mutikoa	228
kontrola	228
izaki	228
doktore	228
goxoa	227
urrezko	227
segurua	227
senarrak	227
moduko	227
ginela	226
buruaz	226
elkartuko	226
ikasle	226
informazio	226
piztia	225
begirada	225
lagunik	224
badaukazu	224
poliki	224
arraro	224
gurea	224
erran	224
auskalo	223
ideiarik	223
garagardo	223
ametsa	223
ipurdia	222
antolatu	222
izeneko	222
arrain	221
kide	221
bonba	221
nolabait	221
jaunari	221
tea	221
salto	221
patua	221
dezatela	220
zineten	220
hartuta	220
dik	220
zugan	220
azalduko	220
askorik	220
hazten	220
jainkoari	219
you	219
gizakiak	219
handirik	219
askatasuna	219
don	219
badaude	218
galdetuko	218
irudi	218
sarrera	218
parisen	218
langile	218
dezaten	218
aginduak	218
maiteminduta	218
erortzen	218
txakurra	218
zigorra	218
babesten	218
afaria	218
litzaidake	218
zaidan	218
nigana	217
duzulako	217
amarekin	217
ahaztuko	217
printzesa	217
bezalakoak	217
kultura	217
zalantzarik	217
apurtu	216
argiak	216
nigan	216
aitatxo	216
tokia	216
ausarta	216
pasatuko	216
preso	216
unetxo	216
erregeak	216
zuhaitz	216
epa	216
beteko	216
itxarongo	216
ekartzen	215
lotuta	215
droga	215
itzela	215
zeozer	215
gozatu	215
jaurti	215
daramazu	215
ezaguna	215
trago	215
zitekeen	215
igotzen	215
lasterka	214
pixa	214
nagoen	214
soineko	214
zaitudala	214
biltzen	214
telefonoz	214
sekretu	213
oro	213
aldaketa	213
lotan	213
istorioa	212
daitezela	212
direnean	211
mahai	211
bizitzeko	211
zeharo	211
maitasun	211
indartsua	211
hezkuntza	211
traba	211
berez	211
gutako	211
badituzu	211
berezi	211
artista	211
ekintza	211
helduko	211
euria	211
martxan	211
kontratatu	211
bisita	210
tranpa	210
hiltzaile	210
ekar	210
naizelako	210
bazenekien	210
heltzen	210
esna	210
istripu	210
eroa	210
gaudela	210
sartuta	210
aurkitzeko	209
naukazu	209
lehertu	208
urruti	208
telefono	208
zebilen	207
alex	207
aire	207
jode	207
afaltzera	206
dizkidazu	206
henry	206
beranduegi	206
duzuela	206
trena	205
gurasoek	205
gorputz	205
bueltan	205
aurpegian	205
urdina	205
honetara	205
bagara	205
txartela	205
billy	205
polit	205
kalte	205
deabru	204
bazaude	204
maitemindu	204
jauzi	204
lehengo	203
ikusteaz	203
ezkutatzen	203
berorren	203
gezurrik	203
hitzik	203
denez	203
badakite	203
ohorea	203
ezak	203
tratu	202
gelara	202
zakila	202
zaion	202
otoitz	202
sinetsiko	201
urtebete	201
erne	201
hasiera	201
buruak	201
latza	200
ei	200
saia	200
ditudala	200
abisatu	200
jerry	200
energia	200
azaltzen	199
atzeko	199
kasua	199
daramat	199
heriotzaren	199
programa	198
gauzarik	198
and	198
topatu	198
aske	198
itzazue	197
logela	197
konpainia	197
zituela	197
dan	197
los	197
dagoena	197
samar	197
bazekien	197
egunez	197
beranduago	197
gorabehera	197
kevin	197
sexua	196
fidatu	196
erabil	196
ikusteak	196
nolatan	196
dizkiot	196
zenbaki	196
charles	196
inola	196
borrokatzen	196
izanda	196
fio	196
nauzue	196
zerri	196
beharrean	196
gehienak	195
harrapatuta	195
zuei	195
frogatu	195
berririk	195
antzera	195
hantxe	195
zertara	195
seguruenik	194
gizonen	194
chris	194
esaiezu	194
hitzegin	194
esanda	194
nukeen	194
ibiltzea	194
eliza	194
zuzendari	193
gaixoa	193
arduratzen	193
babesa	193
buruko	193
harremanetan	193
dagoenean	193
inozoa	193
johnson	193
etortzeagatik	193
zabalik	193
esanez	193
egidazu	193
dutenak	192
ito	192
albiste	192
naizenean	192
egunon	192
abokatua	192
mordoa	191
darama	191
adiskide	191
hasieratik	191
danny	191
gordetzen	191
robert	191
kopa	190
kapela	190
gaitzazu	190
ahalik	190
txarto	190
maleta	190
aurki	190
nigandik	190
bultzatu	189
helbidea	189
itsusia	189
barka	189
ziurtatu	189
lepoa	189
inguruko	188
aurrez	188
bulegora	188
basoan	188
jakiten	188
norma	188
azterketa	188
ezean	188
ahalko	187
jarrita	187
txikitu	187
barne	187
gazteak	187
baitan	187
besoa	187
garbia	187
agure	187
txorakeria	187
gintuen	187
hautatu	187
popatik	186
besoak	186
pasako	186
garrantzitsuena	186
harri	185
ordena	185
haizea	185
bizitzak	185
ehun	185
deus	184
aurkitzea	184
bezero	184
bukatzen	184
paper	184
soldata	184
lapurreta	184
frodo	183
engainatu	183
aitarekin	183
jartzea	183
sarjentua	183
akaso	183
telebistan	183
dory	183
aritzen	183
itxaropena	182
baztertu	182
txostena	182
horiei	182
zuelako	182
moldatuko	182
ateak	182
dama	181
antzeko	181
esperientzia	181
zuzendaria	181
bata	181
geldiarazi	181
iritzi	181
dale	181
kitto	181
taberna	181
oheratu	181
dion	181
tipoa	181
justizia	181
lor	181
marka	181
bihurtuko	180
eusten	180
gogoratuko	180
aitortu	180
kontrako	180
herriko	180
urteetan	180
mozkortuta	179
ikaratu	179
bederatzi	179
ontzia	179
kolore	179
ametsetan	179
norbaiti	179
pertsonak	179
jendearen	179
amerikar	179
sukaldean	179
politak	179
direnak	179
norbaiten	179
aipatzen	179
berreskuratu	179
idatziko	179
agurtu	179
berea	179
honetarako	179
hiriko	178
iraun	178
hurbiltzen	178
kantatzen	178
zauritu	178
izenak	178
izanez	177
nazka	177
dave	177
munstro	177
genion	177
gauden	177
maiz	177
bizitzea	177
abesten	177
noiztik	176
balego	176
buruzagi	176
egunetan	176
grabatu	176
ahots	176
salatu	176
buruzagia	176
ospitalera	176
gorri	175
zuetako	175
zabaltzen	175
oparia	175
tartean	175
nioke	175
zekien	175
haragia	175
gerran	175
irekita	175
sarjentu	175
astebete	174
ryan	174
esatera	174
lore	174
lehendakaria	174
erosteko	174
bahitu	174
goseak	174
dizkit	174
babestuko	174
stark	174
kim	174
sinisten	174
zenidake	173
noren	173
denborarik	173
nituzke	173
batzuen	173
okerrago	173
lapurtzen	173
pixkat	173
pelikula	173
bala	172
lege	172
william	172
baimenik	172
legoke	172
zioen	172
bikote	172
nahastu	172
gauero	172
asmo	172
lotara	172
barrena	172
txortan	172
labana	172
gizakia	171
arin	171
nauen	171
eskuan	171
helburu	171
urterekin	171
nireak	171
egiazko	170
badiozu	170
larri	170
maisu	170
bider	170
beldurtu	170
zaizun	170
ohiko	170
biktima	170
ugari	170
eten	170
bagenu	170
hegazkin	169
askotarako	169
bulegoa	169
baitu	169
kasurik	169
ilun	169
okerragoa	169
zatia	169
aspergarria	169
eroso	169
aurkeztuko	169
saria	169
nengoela	169
ziguten	169
gizonik	169
ardo	169
iraungo	168
nonahi	168
loreak	168
familiak	168
dirutza	168
modukoa	168
eddie	168
gezur	168
mailako	168
horietan	167
neskato	167
ohe	167
bazaizu	167
berarentzat	167
laguntzera	167
jarrai	166
esandakoa	166
dezakete	166
ukitzen	166
normalean	166
moldatzen	166
mendi	166
itzultzea	165
bira	165
ikasiko	165
berdinak	165
begiratuko	165
eroriko	165
atzeratu	165
okerra	165
kabroi	165
zabor	164
jolastu	164
ezertarako	164
galtzea	164
emaitza	164
louise	164
medikuak	164
diozun	164
jaunok	164
luzaroan	163
eraikin	163
ausartzen	163
erruz	163
oihuka	163
edukitzea	163
zenik	163
biharko	163
lance	163
kolpe	163
hago	163
komandantea	163
bihotzean	163
cosimo	163
hegazkina	162
akabatuko	162
topo	162
dizudan	162
zenekien	162
familiaren	162
horma	162
zaizkio	162
ditzakezu	162
zeharkatu	162
erabateko	162
eraztuna	162
egunak	161
etzan	161
unibertsitatean	161
zuregatik	161
zoritxarrez	161
irekiko	161
didan	161
negozioa	161
ukatu	161
york	160
ditzaket	160
batzuekin	160
eramatea	160
baso	160
astindu	160
baboa	160
arrunta	160
kontrolatu	160
salbatzeko	160
harrituta	160
honaino	160
diete	160
ofiziala	160
ateratzea	160
duenik	160
atean	159
igoko	159
ezagutzea	159
aktore	159
lotura	159
komunera	159
red	159
zuzendu	159
muga	159
besteek	159
horrenbeste	159
moztuko	159
lagunok	158
nezake	158
bitxi	158
natzaizu	158
nazkatuta	158
bistan	158
guztiekin	158
harritzen	158
horko	158
seinale	158
zureak	158
hiltzera	158
inportantea	158
tratatu	158
segitzen	157
babes	157
sekulakoa	157
emazteari	157
dizue	157
aspalditik	157
bilatuko	157
planeta	157
geuk	157
politikarako	157
jolasten	157
salduko	156
kiratsa	156
gainerako	156
sailaren	156
ezabatu	156
paperak	156
aldeko	156
barkatuko	156
txorakeriak	156
dauzkagu	156
jakinarazi	156
pazientzia	156
ihesi	156
ohore	156
irabazteko	156
maitatu	155
koronela	155
abestu	155
daitekeen	155
marc	155
zintzo	155
libera	155
guztiarekin	155
frantziako	155
estutu	155
kamioi	155
tren	155
erabakitzen	154
katu	154
pertsonala	154
bazoaz	154
sailburuordetzaren	154
txakurrak	154
erakusteko	154
partida	154
kontrolatzen	154
etxeak	154
istripua	154
gobernuak	154
dabilen	154
tony	154
hauen	154
iezaiozu	154
urrea	153
ordutan	153
banatu	153
iritziz	153
niregatik	153
agudo	153
jaurlaritzako	153
deitzeko	153
biluzik	153
hartz	153
beltzak	153
beldurrez	153
aldea	153
nahasi	153
bion	153
beraren	153
izanik	152
lekura	152
potroak	152
segituan	152
zizkidan	152
eskuinera	152
pentsatzea	152
hotelean	152
nuelako	152
amen	152
zehatz	151
arrazoirik	151
amy	151
zaituela	151
munduaren	151
osasuna	151
txarrik	151
baditut	151
betirako	151
lagunek	151
eguneko	151
herrian	151
eszena	151
horrelakoak	150
baitut	150
deritzozu	150
ezarri	150
adin	150
aditu	150
gutuna	150
zaudenean	150
entzuidazu	150
doala	150
autora	150
alabak	150
irakurriko	150
ezkutuan	149
ahala	149
arriskua	149
hitzematen	149
apustu	149
itxurak	149
dezakeen	149
semearen	149
puska	149
ipar	149
konbentzitu	149
senar	149
epaile	149
zihoan	149
beharrekoa	149
jokatuko	149
kentzeko	149
ginateke	148
andre	148
txikitan	148
izutu	148
astia	148
kaleko	148
harremana	148
irekitzen	148
errudun	148
zaldiak	148
arrisku	148
zorian	148
milioika	148
emaztearen	148
garagardoa	148
garaian	148
hila	148
utziozu	147
alboan	147
komeni	147
okerreko	147
donna	147
gorrotatzen	147
ali	147
dituena	147
gay	147
zeruan	147
yorken	147
bezalaxe	147
elkarren	147
taxi	147
animaliak	147
te	146
asmatzen	146
badizut	146
zerua	146
hadi	146
ohartu	146
to	146
ditugula	146
zama	146
seinalea	146
marie	146
leihotik	146
hutsak	146
hik	146
ardoa	146
ospitalean	146
elurra	146
modurik	145
luzatu	145
zaretela	145
zaituen	145
zaborra	145
gerturatu	145
ikertu	145
direlako	145
adierazten	145
brown	145
iaz	145
beldurgarria	145
arratsaldean	145
hitzordua	145
mapa	145
jaisten	144
munduak	144
txori	144
dizun	144
dituztela	144
tristea	144
aulki	144
hotel	144
inoren	144
dizudala	144
dauzkazu	144
baditugu	144
audrey	144
buruarekin	144
desberdinak	144
robot	143
maiestatea	143
inorekin	143
suerte	143
egiteagatik	143
emaztearekin	143
zuriak	143
neskaren	143
sumatzen	143
epaiketa	143
bueltatuko	143
jaka	143
kilometro	143
dizuegu	143
gaia	143
ergelak	143
duenak	142
ikertzen	142
alan	142
haragi	142
zaitezen	142
izateak	142
nituela	142
galderak	142
ametsak	142
ekaitza	142
ezerk	142
prezioa	142
nauzula	142
kosta	142
bikoitza	142
kontura	142
entzutea	142
zaldia	142
baditu	142
hortzak	142
jaitsiko	142
zenuena	142
diagu	142
botere	141
balira	141
edateko	141
ditzakegu	141
zalantzan	141
mantendu	141
ginenean	141
urdanga	141
zintuzten	141
zerikusia	141
ezagutzeko	141
nahasten	141
itxaroten	141
ekialdeko	141
taldean	141
estali	141
partetik	141
gorpu	141
ordaintzeko	141
batzutan	140
itzel	140
zaizula	140
dagizut	140
zitzaizun	140
soldadua	140
jimmy	140
honengatik	140
dutelako	140
hitzordu	140
zapaldu	140
poliziaren	140
denei	140
partez	140
gordeko	140
banauzu	140
abiatu	140
ingelesez	140
eskura	140
iristeko	140
irteera	140
aldatzeko	139
dauzka	139
geratzea	139
bitxiak	139
lurperatu	139
lekurik	139
albert	139
bilduko	139
bizkorra	139
denoi	139
segurtasuna	139
harritu	139
aukerak	139
patata	139
daitezen	139
etorria	138
ahazten	138
hoiek	138
goitik	138
egurra	138
uztazu	138
mozten	138
uda	138
brad	138
segitu	138
batuetako	138
adierazi	138
zerbitzari	138
goiko	138
taldeak	138
gutunak	138
osoko	138
heroia	138
tarte	137
zesar	137
uretan	137
muñoz	137
eskubide	137
derek	137
esnatzen	137
jolas	137
bedi	137
tratatzen	137
thomas	137
jarraitzeko	137
galanta	137
kanta	137
errespetua	137
ogia	137
izorra	137
hobeak	137
didazun	137
jostailu	137
gezurti	137
saio	136
lorik	136
gurutzatu	136
bidetik	136
pisu	136
aurkezten	136
traste	136
fidatzen	136
hans	136
dagoelako	136
oinak	136
ibiltzeko	136
tommy	136
bizitzera	136
esnea	136
aberatsa	136
puskatu	136
izendatu	136
bultza	136
hauekin	135
ezkero	135
genezake	135
barrutik	135
sendoa	135
aztertzen	135
erantzungo	135
urtebetetzea	135
irentsi	135
bezeroak	135
etsaia	135
dakidala	135
sorpresa	135
jatetxe	135
airean	135
zoratuta	135
bazuen	135
lady	135
nahita	134
zenukete	134
dizkizu	134
bertako	134
lisa	134
grabatzen	134
okertu	134
barruko	134
kantu	134
gabea	134
me	134
agertuko	134
batena	134
mehatxu	134
ivan	134
ondorioz	134
debekatuta	133
ixten	133
edonor	133
garenean	133
zerbaiten	133
filmatu	133
unibertsitatera	133
osorik	133
balioko	133
dugunean	133
gaizto	133
haietako	133
ted	133
teoria	133
zakil	133
dutenean	133
onean	132
sarah	132
galdezka	132
gogo	132
norman	132
kilo	132
lekuko	132
sakatu	132
duzuena	132
fedea	132
bagina	132
steve	132
zakur	132
gorentasuna	132
bilakatu	132
gelditzeko	132
pieza	132
prestatuko	132
nolanahi	132
claire	131
herriaren	131
sakon	131
maitagarria	131
ofizial	131
guda	131
virginia	131
laguntzarik	131
erasoa	131
borrokatuko	131
arau	131
beldurtuta	131
tamalez	131
kidea	131
etxebizitza	131
egiteak	131
besteen	131
guztiaren	131
ezkerrera	131
dantzatzen	130
aurreratu	130
doug	130
julie	130
miresten	130
zenioke	130
batu	130
eragina	130
aurten	130
honelako	130
defentsa	130
laguntzea	130
hoa	129
izaera	129
balute	129
mantentzen	129
poza	129
justu	129
indarrak	129
apuntatu	129
nezakeen	129
filmatzen	129
zuentzat	129
nongoa	129
forrest	129
lirateke	129
mendekua	129
papera	129
bulego	129
lerro	129
telefonoan	129
carl	129
ahula	128
gehiagorik	128
konpontzeko	128
pilota	128
gizakien	128
birjina	128
ematera	128
botatzeko	128
epailea	128
daukazue	128
sexu	128
santua	128
hatz	128
inon	128
kar	128
garestia	128
jokoa	128
erantzi	128
bakarrak	128
printzea	128
hamaika	128
motorra	128
izorratzen	128
lapur	127
zentzua	127
janzten	127
imajinatu	127
belarra	127
errugabea	127
sheriff	127
urtetan	127
ohitura	127
zeundela	127
itsu	127
artea	127
bizkarra	127
premia	127
laguntzailea	127
hustu	127
sudurra	127
sarri	127
alice	127
bestera	127
asmorik	127
gatoz	127
estatuko	127
ikustean	127
my	127
zutenean	127
inolaz	127
mugimendu	127
ikuskizuna	126
dezakezue	126
listo	126
misio	126
portatu	126
arropak	126
eskaera	126
kopia	126
ja	126
zirrara	126
nenbilen	126
annie	126
jeloskor	126
kolorea	126
ezkontzeko	126
zaintza	126
zoratzen	126
berdea	126
kantatu	126
faltsua	126
dioen	125
gaineko	125
begietara	125
jokoan	125
lagunekin	125
iluna	125
gogorik	125
jane	125
betetako	125
zinenean	125
dakar	125
ken	125
katua	125
legeak	125
dagokionez	125
saioa	125
azkenik	125
haiei	125
magia	124
mahaian	124
ipurdi	124
zikinak	124
zaitezkete	124
entzuteko	124
aspaldian	124
harago	124
putza	124
gureak	124
benjamin	124
lehenbailehen	124
jabe	124
bisitan	124
emakumeek	124
gaiztoak	124
harrapa	124
catherine	124
jabetza	124
onerako	123
estimatzen	123
amaieran	123
eskolako	123
egiteari	123
zentzu	123
interes	123
errazagoa	123
oporretan	123
bizimodua	123
bezela	123
hango	123
jill	123
eric	123
ikuspegi	123
kartzelara	123
ulertzeko	123
bidezkoa	123
sonny	123
iragana	123
bazter	123
zuzentzen	122
armarik	122
tresna	122
mason	122
helen	122
dioten	122
izateagatik	122
sean	122
itzulpena	122
aho	122
zareten	122
dudanez	122
eremu	122
beraiekin	121
barkaidazu	121
irudikatzen	121
arrunt	121
gezurrak	121
arrosa	121
pentsatzeko	121
hirira	121
izatera	121
zinez	121
berokia	121
banago	121
doktoreak	121
apaiz	121
bateria	121
eskertu	121
sufritu	121
emakumeen	121
garaipena	121
zuretzako	121
ohia	121
kaxa	121
basati	121
zezakeen	121
mendebaldeko	121
sophie	120
salbatuko	120
kalea	120
diozula	120
gustukoa	120
rick	120
paris	120
zeru	120
hileta	120
garaitu	120
santa	120
nortzuk	120
erruki	120
herriak	120
norena	120
hilean	120
geratzeko	120
erronka	120
neuri	120
atsedena	120
andereñoak	120
soldaduak	120
sari	120
gintuzten	120
atetik	119
diodala	119
afaldu	119
etsaiak	119
zarena	119
gertatutakoa	119
izanen	119
lee	119
erruduna	119
antzinako	119
sortuko	119
eutsiko	119
negozioak	119
biziki	119
dick	119
drogak	119
lezake	119
jotzea	119
zerbaitek	119
kaleratu	119
deitzea	119
hots	119
in	119
zientzia	119
guztiari	119
arrastorik	119
antzekoa	118
batzuei	118
kezka	118
iraultza	118
dolarreko	118
bana	118
zoragarriak	118
okerrena	118
interesa	118
bigarrena	118
gidari	118
errespetatzen	117
kontratua	117
kontrakoa	117
mahaia	117
zenetik	117
esaldi	117
nazkagarri	117
hannah	117
itsaso	117
abantaila	117
dizudana	117
frogak	117
ren	117
dotore	117
bazatoz	117
gainezka	117
metrora	117
edonola	117
ezagutzeaz	117
neurea	117
alderdi	117
erreko	117
gizonaren	117
lurrak	117
haize	116
edonon	116
irudituko	116
zerbitzu	116
jolasean	116
it	116
diola	116
militar	116
suntsituko	116
gogora	116
moldatu	116
antoine	116
dotorea	116
minak	116
nazio	116
zizuten	116
arrastaka	116
alkate	116
onetik	116
etxearen	116
azala	116
bortxatu	116
zaizkigu	116
beragatik	115
dituk	115
handiegia	115
zerria	115
gidaria	115
serioa	115
zaurituta	115
ospetsua	115
adiskidea	115
beso	115
zapata	115
ohar	115
diotenez	115
gutaz	115
soinu	115
gorena	115
txalo	115
nauela	115
kate	115
muturra	115
ezkerretara	115
of	114
sasikume	114
iristean	114
zugandik	114
etorkizun	114
bideo	114
sinistu	114
esana	114
agerian	114
langileak	114
ondorioak	114
autotik	114
txosten	114
yorkeko	114
mac	114
txartel	114
muxu	114
detektibea	114
eskutik	114
hitzeman	114
disko	114
forma	114
arrautza	114
hauetako	114
opa	114
dakizue	113
kostatu	113
kamioia	113
jenny	113
urdin	113
ditzake	113
eskubiderik	113
arraina	113
izorratuta	113
tarta	113
genuenean	113
txar	113
mildred	113
zero	113
sufritzen	113
hoberik	113
altxorra	113
eskatzeko	113
nemo	112
jai	112
azal	112
izanak	112
ideiak	112
badatoz	112
nizuen	112
komunean	112
itxaropen	112
zigarro	112
begietan	112
will	112
posta	112
eztabaida	112
zakarra	112
piztuta	112
ziria	112
bizian	112
geldirik	112
erabiltzeko	112
berataz	112
unitate	112
eskuzabala	112
ailegatu	112
kosk	112
orduz	112
taldeko	112
autoak	112
oinarrizko	112
epaileak	111
ohituta	111
ospea	111
kopuru	111
aditua	111
ikaragarri	111
matt	111
eraikitzen	111
garrantzitsu	111
nahia	111
maletak	111
ausartu	111
beharreko	111
inguratu	111
zirraragarria	111
dioenez	111
izarra	111
egitean	111
irrikaz	111
gosaria	111
jasaten	111
en	111
dantzatu	111
dirudienez	111
wall	111
bizkarrean	111
pilo	111
ahalegin	111
geu	111
egiaztatu	111
lehiaketa	110
airea	110
zopa	110
harriak	110
alkandora	110
indarrez	110
domina	110
askatuko	110
salaketa	110
plazer	110
hasia	110
sendatu	110
shelly	110
parisera	110
zirenean	110
roger	110
daitekeela	110
daramatzat	110
daukan	110
heroi	110
kantari	109
izenik	109
libra	109
jotzeko	109
pisua	109
goi	109
robinson	109
zeurea	109
dinat	109
aholku	109
gas	109
honezkero	109
ekartzeko	109
ehunka	109
jarraitzea	109
afari	109
begien	109
filmak	109
gazta	109
botaka	109
sentimenduak	108
eragingo	108
pizten	108
astuna	108
funtzionatu	108
bihotzak	108
zapatak	108
lotsagarria	108
suge	108
erara	108
itxiko	108
lurreko	108
deabrua	108
egiterik	108
armadan	108
lehendakariak	108
ondorio	108
gidatuko	108
itsas	108
bake	108
dizkidate	108
horia	108
errepikatu	108
zalantza	108
hegoaldeko	108
aukeratzen	108
ikaslea	108
normal	107
abiadura	107
eskainiko	107
pozoia	107
lastima	107
negarrik	107
zaituztegu	107
alarma	107
ziola	107
kontzientzia	107
neurri	107
desagertzen	107
unean	107
legearen	107
familiako	107
gorriak	107
nindoan	107
eguberri	107
frantzian	107
zigor	107
zeudela	107
ipurdian	107
bazaitu	107
alda	107
erraldoi	107
sara	107
kartzela	107
ezkerra	107
betty	107
erabakiko	106
poesia	106
herrira	106
hotela	106
phil	106
presa	106
laguntzaile	106
zorrotza	106
viki	106
jonathan	106
letra	106
zerbitzatu	106
zoriontsuak	106
balioa	106
diruarekin	106
bereziak	106
eskertuko	106
madarikatuak	106
hank	106
galtzeko	106
espetxean	106
arratoi	105
osoak	105
inongo	105
gaixotu	105
pat	105
zaitudan	105
txalupa	105
itsasoa	105
iparraldeko	105
hogeita	105
putaseme	105
gobernuaren	105
umeek	105
kideak	105
zaidala	105
barrez	105
pilula	105
jabetu	105
zaindari	105
victor	104
segundu	104
osatu	104
gosez	104
aitzakia	104
gainerakoa	104
autobusa	104
pribatua	104
monsieur	104
nicholas	104
mintzatu	104
nortasun	104
zenezake	104
kasa	104
duzunez	104
zigortu	104
poztu	104
zenbakiak	104
dezakedan	104
gogotik	104
begiraiozu	103
irakasten	103
izugarriak	103
txarrena	103
gerrako	103
horne	103
zehatza	103
senti	103
saihestu	103
datorrela	103
denetik	103
hitzegiten	103
garbitzeko	103
judua	103
erroma	103
jendearekin	103
bidaian	103
inozo	103
misioa	103
gasolina	103
ageri	103
planak	103
zeinen	103
so	103
logelan	103
halakoak	103
zinta	103
lotsatu	103
hiltzaileak	103
zaintzeko	103
barkatzen	103
zaindariak	103
handikoa	103
zoratu	103
adimena	103
sinplea	102
beretzat	102
gezurtia	102
furgoneta	102
asteburu	102
printze	102
tabernan	102
beldurtzen	102
hego	102
zeregin	102
neskari	102
bidaltzeko	102
gogorrak	102
egoteak	102
idazteko	102
nesken	102
armadak	102
krimen	102
jantziko	102
prentsa	102
dirudite	102
badabil	102
irudikatu	102
hotzak	102
baieztatu	102
urtea	102
nazioarteko	102
betidanik	102
buruzkoa	102
adam	102
otoi	101
agintea	101
bazarete	101
zaiola	101
eginen	101
zerbitzaria	101
miatu	101
jaunarekin	101
gorrotoa	101
ikaratuta	101
emandako	101
leiala	101
betaurrekoak	101
ibaia	101
sentiarazten	101
isil	101
edonork	101
harremanak	101
zoro	101
txoro	101
traizioa	101
botika	101
ezezagun	101
komuna	101
ahoan	101
lepoan	101
julia	101
bizimodu	101
marrazki	101
nagusiari	101
txintxoa	101
nazakezu	101
dizula	101
kazetari	101
josie	101
zorionez	101
garrantzirik	100
nagoenean	100
erditik	100
harold	100
zizkion	100
errusiar	100
ron	100
eskubideak	100
guardia	100
eguneroko	100
gorago	100
egindakoa	100
itotzen	100
larrutan	100
gaixotasun	100
zaituztete	100
trebea	100
eraztun	100
lasterketa	100
baitzen	100
garrantzi	100
egitekoa	100
bostekoa	99
igarotzen	99
besoetan	99
behartzen	99
guztietatik	99
azkeneko	99
leiho	99
diezadakezu	99
hezi	99
berde	99
eginak	99
ebaki	99
profesionala	99
titiak	99
eskatzea	99
divko	99
ezberdina	99
zintudala	99
tuntuna	99
frantzia	99
reese	99
senarraren	99
barnean	99
ondoko	99
basatiak	99
hauei	99
proiektu	99
gakoa	99
aurrerantzean	99
artekoa	99
nagusiaren	99
berotzen	99
potter	99
ogi	99
ikasteko	99
besteei	99
gaituk	99
osasun	99
esertzen	99
badizu	98
kabuz	98
txerri	98
etsai	98
lanaren	98
andereak	98
oporrak	98
librea	98
trukean	98
izututa	98
zeinak	98
begia	98
mamu	98
gizarte	98
kamerak	98
presaka	98
abiatuko	98
leialtasuna	98
azpiko	98
mingarria	98
gainerakoak	98
amerika	98
banku	98
altxatzen	98
eztabaidatu	98
fred	98
uau	98
osorako	98
medici	98
fabrika	98
salbatzen	98
leihoa	97
biratu	97
sekretuak	97
arriskatu	97
botoa	97
segituko	97
erdiak	97
zabiltzate	97
sortzeko	97
eske	97
irteteko	97
leland	97
etorkizunean	97
aingeru	97
erretiratu	97
izanaz	97
sheriffa	97
tokira	97
irratia	97
makila	97
irudia	97
eguraldi	97
arrautzak	97
usteko	97
proposatu	97
zaitzala	97
van	97
garbituko	97
edertasuna	97
institutuan	97
kid	97
pastela	97
brian	97
semeari	97
distira	97
osatzen	96
bategatik	96
arraroak	96
alokatu	96
igartzen	96
dendan	96
gorpuak	96
haut	96
egunkaria	96
poztuko	96
turner	96
jazo	96
familiari	96
ann	96
amaitzeko	96
aurpegira	96
kodea	96
lapurra	96
txoroa	96
tiroka	96
eztanda	96
damutuko	96
zorionekoa	96
barregarri	96
presta	96
arazoren	96
aintzat	96
kilometrora	96
gogorarazten	96
lurralde	96
harik	96
zentimo	95
prezio	95
bakoitzeko	95
soinekoa	95
ahizpak	95
hezurrak	95
denboran	95
argitaratu	95
sendo	95
igerian	95
otso	95
ordurako	95
elur	95
diotsut	95
mutikoak	95
jana	95
jean	95
hobetu	95
zarenez	95
dudarik	95
ezertan	95
galderarik	95
kalterik	95
eskuratu	95
koroa	95
dastatu	95
itsasoan	95
sendatuko	95
leher	95
saltzeko	95
kontrolpean	95
ingelesa	95
bidal	95
historian	95
haizeak	95
arduraduna	95
garrasi	95
bestearen	95
galdua	94
gerraren	94
ederrena	94
makinak	94
traizio	94
irudiak	94
izugarrizko	94
akordio	94
kontatzeko	94
dezadan	94
iruzur	94
uler	94
erabiltzea	94
txikituko	94
kasuan	94
txapeldun	94
zabalduko	94
lagunen	94
geroztik	94
anaiaren	94
jardun	94
grazia	94
underwood	94
erabiliz	94
veda	94
zintuzket	94
niola	93
yorkera	93
hausten	93
gaztelua	93
zintzilik	93
josita	93
edango	93
gonbidatzen	93
judy	93
mendia	93
begiko	93
mozkor	93
joseph	93
imajinatzen	93
gogokoena	93
ontzian	93
proposatzen	93
hal	93
usaintzen	93
gertaera	93
aztarna	93
aryan	93
lankide	93
desagertuko	93
gurasoei	93
usaindu	93
etsi	93
auzo	93
europako	93
susmagarria	93
igaroko	92
ser	92
teknologia	92
egizue	92
do	92
hogei	92
lurraren	92
bizikleta	92
maiteko	92
ikusgarria	92
lurretik	92
iloba	92
panpina	92
oraingo	92
begiratzea	92
antolatzen	92
berotu	92
niretzako	92
ilargi	92
halere	92
ontziak	92
dugulako	92
putasemea	92
gaizkile	92
gehitu	92
genituzke	92
nahastuta	92
zapore	92
zenuenean	92
denen	92
larry	92
jabetzen	92
kubo	92
bailey	92
larrialdi	92
abizena	92
bo	92
frantses	92
hiritik	92
dezakegun	92
lehendabizi	92
erasotzen	92
ibaian	92
ordezko	92
arthur	92
zuhaitzak	92
hitzaldia	92
nolakoak	92
lotzen	92
bikiak	91
hilabetez	91
amonak	91
ezertxo	91
urtero	91
itzal	91
joka	91
untzia	91
bazegoen	91
eve	91
alkatea	91
mailan	91
hasita	91
zidala	91
izandako	91
mezuak	91
asano	91
bazaitut	91
buruaren	91
urrats	91
iraindu	91
kontzentratu	91
harper	91
askatzen	91
abentura	91
kentzea	91
jatera	91
lloyd	91
orduak	91
éric	91
egonda	91
piloa	91
gastatu	91
lorategian	91
frantsesa	91
daniel	91
txartelak	91
utzita	91
egiozu	90
familiarekin	90
errepidean	90
laranja	90
izateaz	90
bizarra	90
rock	90
gustoko	90
dakien	90
armstrong	90
nekez	90
adostu	90
arretaz	90
eragotzi	90
akatsa	90
duke	90
naun	90
zoriona	90
pentsamendu	90
besarkatu	90
teknikoki	90
gehienek	90
zurrumurruak	89
linda	89
indarkeria	89
erosketak	89
diezaiogun	89
lehenbizi	89
epe	89
irauten	89
funtzionatuko	89
irabaztea	89
susmoa	89
debbie	89
banuen	89
belar	89
bien	89
defendatu	89
ergelkeria	89
zerrendan	89
jason	89
idatzita	89
lou	89
desberdin	89
suntsitzen	89
twin	89
emaitzak	89
oilasko	89
scott	89
ezen	89
estu	89
wilson	89
didazula	89
ikusia	89
lasaia	89
indartsu	89
diodan	89
zalantzak	88
ohikoa	88
plater	88
duzunik	88
edari	88
guztioi	88
aebetako	88
soinua	88
gelako	88
mende	88
horrexegatik	88
joder	88
datuak	88
daukadan	88
hilak	88
kopurua	88
laugarren	88
larritu	88
heldua	88
ezusteko	88
nabaritzen	88
erdiko	88
talentua	88
ausardia	88
saltsa	88
ikuskizun	88
eskegi	88
ruth	88
pied	88
ilargia	88
francis	88
denboraren	87
atal	87
rob	87
bejondeizula	87
betikoa	87
debekatu	87
et	87
bilduma	87
paretik	87
koldarra	87
bikainak	87
nekatu	87
bedeinka	87
erakarri	87
aitonak	87
aukeratuko	87
ezkontzen	87
errespetu	87
espiritu	87
lortzea	87
bihurtzeko	87
hoberena	87
ohea	87
argitzen	87
jantzia	87
mintzo	87
karrera	87
egokiena	87
desio	87
oparitu	87
minutuan	87
banatzen	87
ospitale	87
esnatuko	87
men	87
urkatu	87
gosea	87
frogatzen	87
zugana	87
mendean	87
borrokatzeko	87
las	87
zenituzke	87
auzi	87
zeharkatzen	86
bazkaria	86
gaurkoa	86
jantziak	86
maitasunak	86
publiko	86
hondatzen	86
minbizia	86
lituzke	86
ahul	86
aurrena	86
iragarri	86
datozen	86
heltzeko	86
londresen	86
naizena	86
km	86
that	86
txiste	86
ohitu	86
dakizun	86
nauka	86
isiltasuna	86
zauri	86
handian	86
kabroia	86
lotsagabea	86
ninduela	86
presidentea	86
maritxu	86
landu	86
material	86
gurasoen	86
judu	86
iturria	86
terry	86
ezagun	86
artikulu	85
dakizula	85
bikotea	85
banandu	85
gaindituko	85
nathan	85
maisua	85
badaezpada	85
azpitik	85
bururatzen	85
parean	85
behi	85
thelma	85
erakartzen	85
ospetsu	85
walter	85
festara	85
zenidala	85
king	85
sorgina	85
miss	85
egunkari	85
kirol	85
hastea	85
daramagu	85
lagunei	85
biek	85
gauzen	85
harris	85
bereizten	85
primerakoa	85
garrantzia	85
konturatuko	85
finean	85
herrialdea	85
isuri	85
dizkizuet	85
grace	85
haserretzen	85
sakona	85
dario	85
elizara	85
nazionala	85
zoazela	84
daukazun	84
an	84
nota	84
genuena	84
egokian	84
untzi	84
atso	84
damu	84
arrazoiak	84
proiektua	84
beheko	84
gorentasun	84
chiyoko	84
xelebrea	84
zubia	84
nizkion	84
mindu	84
errukia	84
oheratzen	84
mihia	84
anai	84
bereizi	84
arituko	84
krudela	84
nukeela	84
ipuin	84
idiota	84
harrapatzeko	84
kode	84
pribatuan	84
ordenagailua	84
ezkerreko	84
balea	83
betetzeko	83
tente	83
gozatzen	83
iparraldean	83
ostu	83
laurak	83
atxilotuta	83
badio	83
idazle	83
digun	83
bertze	83
putzu	83
eseriko	83
andregaia	83
berba	83
epaitu	83
zukeen	83
kanpaina	83
mendian	83
inguratuta	83
plantak	83
gainditzen	83
banda	83
gomendatzen	83
harrezkero	83
bitartez	83
bitan	83
odoletan	83
sasoi	83
amerikarra	83
eros	83
dudanik	83
urre	83
batekoa	83
zenbatu	83
pasatzeko	83
hitler	83
nabaritu	83
pauso	83
baitira	83
koldar	83
irakatsiko	83
plazera	83
tipoak	83
zirenak	82
asmatuko	82
dabilela	82
molly	82
osoz	82
istorioak	82
zezan	82
mehatxua	82
joera	82
aktorea	82
ozen	82
tai	82
elkartzen	82
margotzen	82
bisitatu	82
nonbaiten	82
hong	82
guraso	82
dizkio	82
eromena	82
datu	82
zelatan	82
presioa	82
aluak	82
boris	82
berreskuratuko	82
sentimendu	82
zaharragoa	82
lotsatia	82
sinestea	82
iruzurra	82
sarritan	82
zaldun	82
gandalf	82
partekatu	82
botatzea	82
presidente	82
dezakezun	82
pertsonaia	82
heriotzak	82
naizenik	82
carrie	82
sinatuko	82
bozkatu	82
azkenaldian	82
neronek	82
idatzia	82
lukeen	82
gogoz	81
piztuko	81
guy	81
lanpostu	81
udan	81
sorta	81
zuloa	81
sorgin	81
besarkada	81
igarri	81
aparte	81
egokitu	81
salba	81
unibertsitateko	81
baldintza	81
abokatuak	81
naturala	81
hasierako	81
zenituela	81
gitarra	81
jake	81
kemena	81
menderatu	81
onar	81
hutsegite	81
gaixoak	81
niregana	81
presoa	81
basatia	81
marty	81
kargatu	81
eraikiko	81
litzaizuke	81
gaitasuna	81
andrew	81
pilulak	81
horretako	81
eusteko	80
andere	80
suertea	80
irakasleak	80
baitzuen	80
ospatzen	80
gonbidatuko	80
aberats	80
distantzia	80
azkarregi	80
jeanne	80
ingeles	80
magikoa	80
diezaiokezu	80
zetorren	80
sir	80
ale	80
gustu	80
ahaztuta	80
solairuan	80
infernua	80
alkohola	80
lehengusu	80
zeintzuk	80
dakidan	80
duenez	80
asteburuan	80
gonbidatua	80
aurpegiak	80
gune	80
adierazpen	80
lasaitzen	80
hautsiko	80
zalea	80
zitzaien	80
zeraman	80
nortasuna	80
eskolak	80
langileen	80
tenientea	80
urratu	80
hilabetean	80
nagoelako	80
argituko	80
ilaran	80
martxa	80
arratsean	80
erromako	80
temple	80
soil	79
teddy	79
zitzaigun	79
zertxobait	79
naizenez	79
gauerako	79
super	79
errealitatea	79
babo	79
eurek	79
ohartarazi	79
samantha	79
urdinak	79
topatuko	79
tropak	79
zinema	79
berbera	79
smith	79
miraria	79
houston	79
dutxa	79
sartzera	79
nian	79
jabeak	79
busti	79
gehi	79
madame	79
mintzatzen	79
piper	79
albisteak	79
kanpokoa	79
xerra	79
partekatzen	79
jaungoikoa	79
eguzki	79
kontratu	79
biltzeko	79
ezinbestekoa	79
edukitzeko	79
arrebak	79
krimena	79
igotzeko	79
zuenik	78
blake	78
umeen	78
minduta	78
munduari	78
etzanda	78
hitzaldi	78
maitale	78
harria	78
kexatu	78
aldendu	78
abandonatu	78
uzta	78
jatea	78
sammy	78
ekartzea	78
josh	78
erresuma	78
eskailera	78
pizza	78
astelehenean	78
baitute	78
amorrua	78
modelo	78
estiloa	78
klub	78
norentzat	78
fuck	78
labur	78
eraikina	78
putak	78
lapurrak	78
zital	78
iparraldera	78
hotelera	78
galera	78
bidaiatu	78
agurea	78
egoki	78
abar	78
abestia	78
hildakoak	78
erakargarria	78
autobus	78
hegazkinean	78
balak	78
memoria	78
hesia	78
identifikatu	78
haientzat	78
ulertuta	78
engainatzen	78
egunera	78
hobetzen	78
gosaldu	77
aditzen	77
konponduta	77
jb	77
erromantikoa	77
hegoaldera	77
historiako	77
putakumeak	77
madarikazioa	77
artetik	77
uharte	77
sotoan	77
plazerra	77
zubi	77
afaltzeko	77
freskoa	77
alexander	77
desegin	77
susan	77
pakete	77
istilu	77
bandera	77
zuhurra	77
gradu	77
burura	77
onartzea	77
zaporea	77
luzez	77
gintezke	77
garbiketa	77
herritar	77
sinetsidazu	77
lehenengoa	77
tximino	77
otsoak	77
postua	77
jokalari	77
autoaren	77
masters	76
bert	76
ohorezko	76
tristura	76
ulertzea	76
izateari	76
amerikako	76
ezkontzea	76
jacques	76
gorbata	76
bidaiatzen	76
erlojua	76
eskuineko	76
zenien	76
esaterako	76
aurrerago	76
egokiak	76
noble	76
txanpon	76
tim	76
azkenengo	76
hamabi	76
errespetatu	76
ikasleak	76
udako	76
galdeketa	76
izarrak	76
berezirik	76
gobernu	76
neba	76
biloba	76
lily	76
badauka	76
ipurditik	76
karga	76
mozkortu	76
carol	76
txotxolo	76
bazaituzte	76
ethan	76
operazio	76
izoztu	76
guztira	76
libratu	75
erabakita	75
dizkigu	75
inondik	75
patatak	75
hortz	75
nizkizun	75
munstroak	75
handiago	75
banitu	75
idazkari	75
beldurrak	75
alabaren	75
zieten	75
mugikorra	75
untxi	75
mamua	75
enpresak	75
lider	75
traidore	75
kolpea	75
fruta	75
reid	75
lepokoa	75
jasotzeko	75
zuzendariak	75
ondoezik	75
harrera	75
kapitain	75
zelaian	75
tessa	75
orobat	75
azukrea	75
horietakoa	75
talentu	75
izutzen	75
txapelduna	74
matrikula	74
haratago	74
gordon	74
pierce	74
igandean	74
itsua	74
izatez	74
coop	74
leihoak	74
bueltaka	74
promesa	74
din	74
modura	74
dardarka	74
bihur	74
basoa	74
oroitzapen	74
tinko	74
lanetik	74
ospatu	74
poema	74
eska	74
banizu	74
erreginak	74
ziztrin	74
esklabu	74
zaindaria	74
aldizkari	74
giro	74
hartaz	74
alma	74
karl	74
zabal	74
unibertsitatea	74
banengo	74
zenukeen	74
animo	74
dezakezula	74
jaioa	74
goxo	74
aurrekoan	74
altua	74
lehengusua	73
donnie	73
gorputzak	73
ibil	73
opariak	73
akabatzen	73
anbulantzia	73
mozkorra	73
saint	73
herritik	73
ezertaz	73
atala	73
auzoan	73
estatua	73
ana	73
egarri	73
bertsio	73
segika	73
bizkar	73
mendiak	73
alproja	73
erantzukizuna	73
babestea	73
belarriak	73
ordezkatu	73
zoroa	73
zerbaitetan	73
musua	73
louis	73
mugitzeko	73
lurraldea	73
infernura	73
margotu	73
maiestate	73
noraezean	73
egiazkoa	73
lagunduidazu	73
big	73
jokatzeko	73
mmm	73
nituenean	73
morala	73
zedin	73
zerbitzatzen	73
jakinda	73
mehatxatu	73
gertuago	73
jausi	73
izotza	73
ekonomia	73
didala	73
urak	73
ordezkari	73
agenteak	73
katutxo	73
aireko	73
lili	72
rita	72
data	72
garelako	72
harritzekoa	72
ospatzeko	72
zeukaten	72
erregutzen	72
eragozten	72
ekaitz	72
porrota	72
daudenean	72
delakoa	72
jolastera	72
logan	72
auzia	72
kostatzen	72
izua	72
senarrari	72
hoteleko	72
zinenik	72
zeneukan	72
mundura	72
izorrai	72
phenix	72
luma	72
doc	72
zutitu	72
liburuan	72
zerekin	72
imajina	72
bideoa	72
dizkiozu	72
epaia	72
arroz	72
erosoa	72
lesbiana	72
oilaskoa	72
zeina	72
norabide	72
itsusi	72
arriskutsuak	72
nagok	72
zaharrena	72
fede	72
gorrian	72
aztarnak	72
parea	72
espetxera	72
gertatzea	72
xanpaina	72
pribatu	71
zeniola	71
teniente	71
boto	71
detektibe	71
errepikatzen	71
genekien	71
bilatzeko	71
errusiarrak	71
profesional	71
irekitzeko	71
neskatila	71
doinu	71
jaramonik	71
zagok	71
kotxe	71
zerbitzua	71
anaiari	71
alaia	71
gerturatzen	71
erizaina	71
kondea	71
belauniko	71
carter	71
hondamendia	71
nizula	71
ahalmena	71
gehiena	71
begiratzeko	71
jaurtitzen	71
koadro	71
hirurok	71
aah	71
peggy	71
paregabea	71
araua	71
amesgaizto	71
gerrak	71
ikasketak	71
neal	71
aurreztu	71
jaia	71
kotxea	71
denon	71
adio	71
aebko	71
ditzala	71
desastre	71
arnas	71
zintzoak	70
aspertu	70
bezeroa	70
diozuna	70
gobernua	70
irrikan	70
ezkutatuta	70
didak	70
neskatoa	70
mugak	70
kobratu	70
hilzorian	70
hegoaldean	70
emily	70
zuregana	70
ezezaguna	70
agortu	70
espazio	70
erostera	70
joey	70
zapaltzen	70
entrenatu	70
marra	70
kargu	70
hautagai	70
kontrol	70
idazkaria	70
garaipen	70
obra	70
chappie	70
ariketa	70
ahotik	70
demonio	70
bainaiz	70
travers	70
sarrerak	70
nekatua	70
estaltzen	70
emanez	70
datza	70
prakak	70
euri	70
arrantza	70
stu	70
zailak	70
eskuina	70
metroko	70
idazlea	70
hegaldia	70
entrenatzen	70
teknika	70
liluragarria	70
jay	70
livius	70
zitala	70
martini	70
minutuko	70
onez	70
militarra	70
tamaina	70
marrazo	70
bukaera	70
egoitza	70
kontuetan	70
larregi	70
operazioa	70
garuna	70
mozteko	70
askorekin	70
larru	70
margaret	70
umerik	70
suntsitzeko	69
emakumezko	69
gelatik	69
hildakoen	69
bilaketa	69
aulkia	69
parkean	69
leporatzen	69
atarian	69
elaine	69
jendaurrean	69
laburra	69
umeei	69
zaratarik	69
jackson	69
love	69
aholkua	69
umeekin	69
gizonekin	69
begiratzera	69
jenio	69
presarik	69
aldatzea	69
aparteko	69
inguratzen	69
jarraian	69
no	69
oin	69
gogorarazi	69
harrituko	69
lasaitzeko	69
betebeharra	69
hunkitu	69
delta	69
guztietara	69
presio	69
bertara	69
eskuz	69
neskatxa	69
fina	69
sare	69
bukaeran	69
keinu	69
esanahi	69
industria	69
indartsuak	69
gizakiaren	69
leporatu	69
probatzen	69
zituztela	69
atzoko	69
mei	68
dauzkate	68
freddy	68
propioa	68
afalduko	68
gida	68
arroza	68
el	68
ingalaterrako	68
protesta	68
klase	68
egoeran	68
gunea	68
litzatekeela	68
baitago	68
botoi	68
eztabaidatzen	68
alabari	68
itzultzean	68
maitasunaren	68
zinetela	68
sasikumea	68
hautsa	68
natura	68
fisikoa	68
zeruko	68
auzoko	68
agiriak	68
herriari	68
antzematen	68
umore	68
defendatzen	68
dagit	68
agiria	68
gozoak	68
emanda	68
nonbaitera	68
ezpainak	68
etxerako	68
prestatzeko	68
mutilek	68
pean	68
morroia	68
goizegi	68
adorea	68
honako	68
ozenago	68
oi	68
badakik	68
estrategia	68
garatu	68
krisi	68
zitzaizkion	68
pianoa	68
biblia	68
berriketa	68
baimenarekin	68
begiradazu	68
frogarik	68
dantzari	68
bidaltzea	68
nina	68
handitu	68
familiarik	68
kristoren	68
erantzunik	68
riley	68
behartuta	68
joanda	68
txostenak	68
hilabeteak	67
alai	67
sukaldea	67
iristea	67
langilea	67
kapitainak	67
txakurtxo	67
astiro	67
erotzen	67
terrorista	67
arratsaldeko	67
muhammad	67
pintura	67
zailagoa	67
diskoa	67
atseginak	67
bakarka	67
gauerdian	67
daraman	67
arranopola	67
lewis	67
inspektorea	67
botikak	67
koxka	67
egunetik	67
txundituta	67
ohartzen	67
geneukan	67
badituzte	67
geldiaraziko	67
guztietako	67
lotsatzen	67
neskek	67
sentitzeko	67
lehentasuna	67
ehuneko	67
noizean	67
hallie	67
esne	67
dozena	67
dagoenik	67
gehiagotan	67
hondatuta	67
badakizula	67
bidezko	67
antonio	67
gaizkia	67
giroa	67
hezur	67
oharra	67
erraldoia	67
cowboy	67
clark	67
errepide	67
alemanak	67
konpromisoa	67
errieta	67
jiratu	67
kondesa	67
lagunari	67
auzitegi	67
ellen	67
hartara	67
aztertuko	67
zaitudalako	67
ostatu	67
gaztelu	67
irakur	67
zentzuzkoa	67
daukak	67
ofizialki	67
hiriaren	67
medikuntza	67
osabak	67
goraintziak	67
diruagatik	67
hazia	67
penagarria	66
lioke	66
anthony	66
gordetzeko	66
philippe	66
dizkigute	66
pentsatuta	66
armadako	66
uhartea	66
adimen	66
faborez	66
neskalaguna	66
presoak	66
lurrikara	66
bestelako	66
hubot	66
can	66
berpiztu	66
dituzunean	66
atxilotuko	66
mirari	66
park	66
kaskarra	66
lodia	66
garesti	66
izatearen	66
andrearen	66
belaunikatu	66
gidoia	66
erreala	66
munstroa	66
zaidana	66
lehertuko	66
lehertzen	66
talka	66
arriskurik	66
pozez	66
japoniar	66
zorra	66
deabruak	66
vincent	66
ezkutua	66
objektu	66
bekatua	66
simon	66
urtebetetze	66
esperimentu	66
eza	66
faktura	66
marraztu	66
meg	66
dezakeela	66
ford	66
simba	66
hastera	66
hainbesterako	66
bakartia	66
hondatuko	66
saltzaile	66
lukeela	65
etxerik	65
arrantzan	65
noraino	65
esandako	65
gizakiek	65
biderik	65
arrainak	65
lehenak	65
txekea	65
pista	65
zaituzten	65
zorrak	65
bisitatzera	65
gizonari	65
etorkizuneko	65
mintza	65
europan	65
jasango	65
zarenik	65
vodka	65
ibai	65
he	65
erregeari	65
haserretuko	65
tentela	65
genien	65
santuak	65
plaka	65
evelyn	65
parke	65
aizak	65
handiagoak	65
amaitzea	65
ninduzula	65
euro	65
opera	65
lanerako	65
iraganean	65
gozo	65
gorila	65
ondotik	65
jazz	65
bainatu	65
berekin	65
jolasa	65
telefonoak	65
diamanteak	65
nekazari	65
ahalegindu	65
joana	65
deseroso	65
horrelaxe	65
hondartzan	65
dohainik	65
ziztu	65
hitzez	65
bataila	65
produktu	65
bankua	65
nintzenetik	65
norabidea	65
guztiagatik	65
zorioneko	65
lasaituko	65
galtzak	65
dizuete	65
bizpahiru	65
veronica	65
norabait	64
polikiago	64
caspere	64
zergak	64
ned	64
poltsikoan	64
ezkondua	64
egungo	64
kaleetan	64
waldo	64
elizan	64
erreparatu	64
inspektore	64
floyd	64
dibortziatu	64
delitu	64
errazago	64
zanpatu	64
valley	64
mugituko	64
japonia	64
aeb	64
izorratuko	64
sendatzen	64
askatzeko	64
aspertzen	64
entzuna	64
greba	64
indarrean	64
egiazki	64
garrantzitsuak	64
torturatu	64
zaien	64
higgins	64
erantzunak	64
iturri	64
nelson	64
gerrikoa	64
eskatzera	64
zeregina	64
burdinazko	64
eskuekin	64
lerroan	64
zorretan	64
graziarik	64
maitasunez	64
diruaren	64
neguan	64
festan	64
auzitara	64
lotsagabe	64
eserleku	64
alderantziz	64
erreginaren	64
banator	64
jokabide	64
diane	64
isurtzen	64
pasaportea	64
arriskutsu	64
sakrifikatu	64
dizkiet	64
roy	64
frantsesez	63
negoziatu	63
bernard	63
zegok	63
travis	63
minez	63
bankuak	63
egiatan	63
eguzkiaren	63
merkatu	63
sofan	63
blai	63
bidaiari	63
wallace	63
istiluak	63
zonbi	63
komunista	63
arraza	63
amaituta	63
maskara	63
brandon	63
geltokian	63
gonbidatuak	63
eskasa	63
etxez	63
haurren	63
irakurtzeko	63
dre	63
hemengoa	63
zegoenean	63
naturaren	63
ebakuntza	63
zentzuduna	63
jones	63
gutxitan	63
lampert	63
kea	63
larriak	63
nabari	63
ezustekoa	63
itzala	63
chef	63
interneten	63
benny	63
handiaren	63
ordularia	63
harira	63
inbidia	63
bravo	63
sentipen	63
erakutsidazu	63
eredu	63
sarreran	63
agentzia	63
besteekin	63
okela	63
washington	63
igande	63
motela	63
luzeak	63
ausartuko	63
zulatu	63
diseinatu	63
eremua	63
garbitzera	63
ordura	63
karta	63
fida	63
uraren	63
sumatu	63
taxia	63
londresera	63
portatzen	63
ukituko	63
irabazle	63
apartamentu	63
urtetik	63
goazela	62
erail	62
genizun	62
gizonei	62
doktorearen	62
jeneralak	62
geltokia	62
america	62
nauzun	62
bela	62
bizkorrago	62
frogatzeko	62
gal	62
begiekin	62
berreskuratzeko	62
aipatuko	62
diona	62
we	62
pertsonalki	62
andreari	62
zenigun	62
ustel	62
dizkiogu	62
sekulan	62
goibel	62
azaltzeko	62
txoriak	62
ordain	62
basora	62
gatazka	62
botak	62
edaria	62
dituelako	62
jainkoek	62
ertzean	62
rebecca	62
txeke	62
xehetasun	62
ehiztari	62
bulegotik	62
osasuntsu	62
gaituen	62
dragoi	62
batzu	62
sakratua	62
lotsatuta	62
badit	62
susmagarri	62
pertsonal	62
dezakedala	62
zenuenik	62
azukre	62
gordeta	62
zutena	62
kontzertu	62
sukarra	62
ninduke	62
indartsuagoa	62
lancek	62
gaztetan	62
armadaren	62
irtenbide	62
enperadorea	62
atxilotzen	61
haietan	61
sexuala	61
institutuko	61
poeta	61
bakarrean	61
susmo	61
zikindu	61
brandy	61
luistxo	61
nengoke	61
irabaziak	61
daukadala	61
katuak	61
saiatzea	61
misteriotsua	61
laister	61
zuzenduko	61
moises	61
maitalea	61
buztana	61
bihurtzea	61
itsasontzi	61
alajainkoa	61
ostiralean	61
ahazteko	61
diozunean	61
batzen	61
zabala	61
trenean	61
marcus	61
minutuz	61
familian	61
tortura	61
sagar	61
bosgarren	61
osatuko	61
alfa	61
mailegu	61
demagun	61
zitekeela	61
bihotzez	61
lekuz	61
antzeman	61
zebiltzan	61
urrunegi	61
urtera	61
zutenak	61
leloa	61
belarri	61
zauriak	61
irrikitan	61
lehendakariaren	61
garrasika	61
probak	61
egunsentian	61
eguraldia	61
errukirik	61
onekoa	61
baloia	61
zaizuna	61
denetarik	61
diruz	61
larunbat	61
neskarekin	61
galde	61
nancy	61
berarengana	61
daukagun	61
musikari	61
kuleroak	61
monroe	61
amua	61
dokumentuak	61
espazioko	61
gorrotatu	61
helbide	61
zintezke	61
babesean	60
julian	60
street	60
betean	60
genioke	60
hunkigarria	60
daramatza	60
titulua	60
biziak	60
ezkontzera	60
poltsan	60
mendiko	60
erabakiak	60
jakinaraziko	60
daisy	60
ordezkatzen	60
hawk	60
ehiza	60
bonny	60
berrogeita	60
isila	60
badaukagu	60
zerutik	60
mendebaldera	60
publikoa	60
jatorrak	60
gidatzeko	60
ke	60
gehienetan	60
dokumentu	60
biktimak	60
palmer	60
senargaia	60
birritan	60
hegaldi	60
abisua	60
erantzuteko	60
jokatzea	60
juduak	60
babestuta	60
gelditzea	60
biontzat	60
materiala	60
asteko	60
ilunak	60
bazkaltzera	60
nadin	60
erabakitzeko	60
holly	60
chicagoko	60
ditek	60
maitatzen	60
suak	60
ustela	60
bainu	60
afaltzen	60
lokartu	60
megan	60
erregutu	60
orrialde	60
emakumerik	60
geurea	60
gurasoekin	60
kriminal	60
oscar	60
prozesu	60
deiak	60
hozka	60
zuenez	60
zentzugabea	60
piska	60
doazen	60
daudenak	60
izoztuta	60
trabarik	60
zilarrezko	60
rol	60
kontaktua	60
puntuan	59
dizkiote	59
gizonezko	59
handitzen	59
defendatzeko	59
ardi	59
animalien	59
onera	59
kanpaia	59
ontzira	59
zorua	59
deituidazu	59
bazenit	59
legezkoa	59
serioski	59
ordenagailu	59
adiskidetasuna	59
badoaz	59
aireportura	59
uretara	59
fitzgerald	59
cole	59
pearl	59
simone	59
bolada	59
ostegunean	59
tiroak	59
amerikarrak	59
urteren	59
ahotsak	59
erritmoa	59
eurak	59
interesik	59
maitemintzen	59
laneko	59
garrantzitsuagoa	59
galdetzeko	59
ezkutatzeko	59
diezaioket	59
antz	59
laurden	59
hmm	59
kaiola	59
oina	59
chucky	59
aztertzeko	59
gorputzean	59
omar	59
azkenekoz	59
isilduko	59
baldintzak	59
alfer	59
sinestesia	59
amaitzean	59
mendeko	59
iradokitzen	59
izozkia	59
gaurkoz	59
atzealdean	59
zergatia	59
zabiltzala	59
zutelako	59
mendeku	59
zahartzen	59
biharamunean	59
scarlett	59
uztailaren	59
zaudetela	59
hilobi	59
taldearen	59
sinets	59
erakunde	59
argiaren	59
beherantz	59
antzeztu	59
akatsak	59
gutxira	59
jiro	59
joek	58
marko	58
egoteagatik	58
irekia	58
zuhaitza	58
harroa	58
orok	58
guztientzat	58
desiratzen	58
elsa	58
arrotz	58
eginbeharra	58
callahan	58
zitzaizkidan	58
jaurtiketa	58
bekatu	58
idaztea	58
erresistentzia	58
erasotu	58
eguzkiak	58
gauzetan	58
egurrezko	58
arina	58
burdin	58
superman	58
ezkutuko	58
txiza	58
dendara	58
gasa	58
euskaratzailea	58
ilara	58
kaletik	58
didaten	58
augie	58
belaunaldi	58
gump	58
tarzan	58
sortzailea	58
apartamentua	58
bidai	58
egotzi	58
galdutako	58
gaby	58
aro	58
igandea	58
txoria	58
paradisua	58
indarrik	58
komunistak	58
satelite	58
ezkon	58
sloan	58
finn	58
matxinada	58
itxuraz	58
soberan	58
behiak	58
harentzat	58
azti	58
garbitzea	58
alabarekin	58
lorategi	58
konortea	58
pasatzea	58
paseatzera	58
zuzentzeko	58
astero	58
poliziarekin	58
angelesen	58
maitatzea	58
traidorea	58
estalita	58
aren	58
arakatu	58
merke	58
mugimendua	58
tontakeria	58
stone	58
hankaz	58
tirokatu	58
manolo	58
asteak	58
aleman	58
dukea	58
diguzue	58
aberatsak	58
estatuaren	58
bihurria	58
damutu	58
batuak	57
dezazula	57
brand	57
oihukatu	57
negua	57
ezker	57
zerbitzura	57
zorroa	57
markak	57
steph	57
kanpotik	57
altxor	57
medikuek	57
texas	57
baimen	57
erik	57
eraikitzeko	57
rola	57
harantz	57
ilargiaren	57
tximu	57
ernie	57
zauria	57
adarrak	57
luzatzen	57
dizkizugu	57
londres	57
institutua	57
moses	57
albo	57
zaintzea	57
adar	57
hartua	57
marnie	57
irrati	57
hegazkinak	57
guztion	57
jakitun	57
lightyear	57
psikopata	57
poltsak	57
bestalde	57
aise	57
stuart	57
badakidala	57
diruak	57
eskopeta	57
sor	57
hurbilago	57
haurrek	57
eskailerak	57
bigelow	57
banaketa	57
alajaina	57
alemaniako	57
murphy	57
askoren	57
galtzerdiak	57
planik	57
gutxietsi	57
zernahi	57
uniformea	57
eskularruak	57
hegoak	57
multzo	57
bazenuen	57
marco	57
horrengatik	57
udaberria	57
mantso	57
badiot	57
luzaro	57
txarrean	57
botoia	56
errusiarrek	56
iluntzean	56
sentitzea	56
portaera	56
linea	56
zapuztu	56
benetakoak	56
zeuzkan	56
doazela	56
irailaren	56
sudur	56
saila	56
minututan	56
ziurtatzen	56
aproposa	56
gaitasun	56
maiteak	56
curtis	56
emakumeekin	56
buruzagiak	56
esanahia	56
bagaude	56
bapatean	56
aprobetxatu	56
xarmagarria	56
mesedea	56
espetxe	56
publikoak	56
hizkera	56
estatubatuar	56
semearekin	56
dusty	56
kira	56
barra	56
onartzeko	56
zitzaiola	56
santuaren	56
ondorengo	56
lapurtuko	56
hirurak	56
topatzen	56
lanari	56
grina	56
ondorioa	56
txikitxo	56
taylor	56
gaituela	56
adinean	56
nintzelako	56
egunsentia	56
kitty	56
baituzu	56
jipoitu	56
praka	56
elizabeth	56
ezagunak	56
milioiak	56
berrian	56
hortan	56
oharrak	56
gelak	56
etsaiaren	56
hamabost	56
dohain	56
botoak	56
kritika	56
messer	56
jainkoen	56
haurtxoa	56
motza	56
proposamena	56
emakumearen	56
alemaniara	56
bizitzari	56
bihotzaren	56
neskei	56
zalaparta	56
kamiseta	56
eramazu	56
bulegoko	56
diziplina	56
daukazula	56
postu	56
tamalgarria	56
telegrama	56
ozeano	56
alemania	56
zurrumurru	56
hirugarrena	56
banaute	56
adineko	56
lehortu	56
utikan	56
bezainbat	56
maitagarri	56
bizitzarekin	56
merkea	55
bazkide	55
erosketa	55
xantaia	55
amesgaiztoa	55
samurai	55
samen	55
arnastu	55
jator	55
gurutze	55
irtenbiderik	55
santu	55
libby	55
urik	55
noala	55
ibilbidea	55
edatera	55
kakati	55
salmenta	55
lasaiago	55
ospe	55
jaiotzen	55
kaleak	55
bezalakorik	55
askatasun	55
unerik	55
zorrotz	55
aspertuta	55
sinadura	55
zakilak	55
badela	55
txorakeriarik	55
denborak	55
gauetan	55
zabiltzan	55
arrastoa	55
ezaugarri	55
antzezten	55
deabruaren	55
odolez	55
briggs	55
etsiko	55
diotela	55
erakustea	55
sasoian	55
titi	55
dennis	55
ninteke	55
ekialdean	55
borrokalari	55
eskolatik	55
erostea	55
nagusiarekin	55
galtza	55
alboko	55
zenukeela	55
gona	55
izanagatik	55
suzko	55
behatz	55
sukaldera	55
merry	55
sail	55
irabaz	55
ongia	55
dien	55
pirata	55
hondartza	55
ganadua	55
nuenik	55
montag	55
oneko	55
loria	55
zibilak	55
ardiak	55
hartza	55
duzuenean	55
gindoazen	55
tokiko	55
rachel	55
sarea	55
salatuko	55
ezeren	55
zinemara	55
pasta	55
bola	55
txinatar	55
laino	55
percy	55
ikusirik	55
bezainbeste	55
salgai	55
gotorleku	55
zenezakeen	55
miloi	55
piztiak	55
agintariek	55
abian	55
ziega	55
mahaira	55
dioena	55
gobernatzen	55
base	55
egur	55
pierre	54
maggie	54
jendetza	54
gehienez	54
zuloak	54
bihotzeko	54
zita	54
atseginez	54
kirten	54
iraganeko	54
utziz	54
zizkioten	54
zigarroak	54
zenbateraino	54
marrazten	54
negargarria	54
etzazu	54
gorputzaren	54
ibaira	54
hainbesteko	54
jokaldi	54
nadine	54
jenioa	54
ahaleginak	54
kaskoa	54
estua	54
bobek	54
tutik	54
platerak	54
etiketa	54
kamarada	54
harengana	54
arratoiak	54
estutzen	54
kontaidazu	54
duintasuna	54
zaik	54
zerura	54
adibide	54
dezazuen	54
txinako	54
errezeta	54
inoizko	54
begiek	54
senide	54
lurreratu	54
oxigenoa	54
eva	54
ezkutatuko	54
solairu	54
hilabeteko	54
bukatzeko	54
txikiena	54
sosik	54
lerroa	54
daramatzagu	54
dibortzioa	54
tourra	54
zekiten	54
areto	54
fbi	54
haserrea	54
jatorrizko	54
emana	54
seko	54
leherketa	54
gary	54
edonora	54
xahutu	54
hausnartu	54
raymond	54
aintzira	54
jolastuko	54
gogaikarria	54
ongietorria	54
kennedy	54
margo	54
itxoingo	54
zaudelako	54
emagaldu	54
hotsa	54
zabaltzeko	54
antzekoak	54
seguraski	54
sute	54
kokaina	54
bista	54
dizuten	54
jauregi	54
desira	54
aztoratuta	54
erraldoiak	54
hatza	53
aldez	53
hiriak	53
hilobia	53
akzioak	53
denontzat	53
zaizkie	53
argitzeko	53
atxilotua	53
hubert	53
damutzen	53
zerbitzariak	53
politikoa	53
mimi	53
filmean	53
egunkarietan	53
estatuak	53
joy	53
genukeela	53
morrison	53
arduradun	53
fantasia	53
azalpen	53
lantzen	53
val	53
liderra	53
ezinik	53
einar	53
nazkagarriak	53
kostatuko	53
barney	53
internet	53
pfeifer	53
stet	53
misterio	53
maltzurra	53
presentzia	53
may	53
karen	53
hontan	53
just	53
kokatu	53
jainkoagatik	53
apurtzen	53
juri	53
kasualitatez	53
dizudanean	53
aztarnarik	53
egundoko	53
bakarti	53
neurria	53
esaiguzu	53
kartel	53
deskribatu	53
urrutiko	53
murriztu	53
shock	53
amodioa	53
oroitzapenak	53
is	53
lelo	53
bizikletan	53
akordioa	53
baduk	53
rose	53
esatean	53
truman	53
bistatik	53
agurgarria	53
claude	53
zenuelako	53
aitu	53
bazterrak	53
igurtzi	53
ian	53
andreu	53
anita	53
neguko	53
kabroiak	53
all	53
zirikatzen	53
jostailuak	53
proposamen	53
bioi	53
gizajoa	53
txoratuta	52
begirunea	52
elikatu	52
robby	52
isiltzen	52
zorabiatu	52
pastel	52
homosexualak	52
sukaldeko	52
unibertsoa	52
hautsita	52
azeri	52
ikuspegia	52
lepotik	52
burmuina	52
traje	52
aparkatu	52
aritzea	52
sinatzen	52
daramate	52
diogun	52
latzak	52
neskame	52
gidoi	52
gorra	52
askori	52
protagonista	52
hoztu	52
ezeztatu	52
ordainduta	52
harrapatzea	52
batengana	52
erromara	52
bizitzaz	52
hondakinak	52
edorta	52
errepikatuko	52
bailitzan	52
hartatik	52
didazuna	52
adierazteko	52
markatu	52
osoaren	52
zail	52
bereak	52
zihoala	52
futbola	52
kointzidentzia	52
erakusketa	52
at	52
filosofia	52
nazkatu	52
mordo	52
argirik	52
estilo	52
aterata	52
iepa	52
presidenteak	52
beldurgarri	52
izotz	52
ustekabean	52
ingalaterran	52
gaituzue	52
zaitzatela	52
luis	52
savo	52
iluntasunean	52
egunkariak	52
otsoa	52
nicky	52
eroak	52
bakoitzari	52
vera	52
legezko	52
trikimailu	52
hodor	52
orduetan	52
khaleesi	52
arimak	52
azkarragoa	52
hesi	52
konta	52
zibil	52
lanpostua	52
nahasia	52
xarma	52
seigarren	52
helduta	52
menpe	52
geltokira	52
txabola	52
dantzaldira	51
piano	51
irri	51
ezpatak	51
irribarrea	51
neurekin	51
yee	51
ordainketa	51
alfonbra	51
militarrak	51
arratoia	51
erroman	51
paula	51
oreka	51
logika	51
sven	51
orri	51
badiogu	51
berandutu	51
eskualdeko	51
orlando	51
ilundu	51
ordezkaria	51
herkules	51
erakuts	51
lehenengoz	51
zeinek	51
saltxitxa	51
galderari	51
onartezina	51
igoera	51
nauten	51
atzerapena	51
hobetuko	51
del	51
biltzea	51
kantua	51
bazterrean	51
sentiarazi	51
zituena	51
goizero	51
huo	51
hormaren	51
von	51
sukaldari	51
larunbatean	51
guapoa	51
kontzertua	51
jasotzea	51
lidake	51
motor	51
emanaldia	51
erasoko	51
moztea	51
pailazo	51
alokairua	51
posizioa	51
haziko	51
helduak	51
atsekabetu	51
egiteaz	51
baliorik	51
zezaten	51
barbara	51
sansa	51
idatz	51
mitzuko	51
hamarkadan	51
joatekoa	51
olivia	51
ehundaka	51
liberty	51
erremediorik	51
eginarazi	51
galtzaile	51
baliatu	51
zakurrak	51
ezergatik	51
lannister	51
guztiaz	51
pam	51
musukatu	51
urruntzen	51
dagoenez	51
stephen	51
eskualde	51
sorbalda	51
lodi	51
berlin	51
edukitzen	51
vietnamen	51
bestaldean	51
amonaren	51
jarraituz	51
janaririk	51
amestu	51
sally	51
goxoak	51
garajean	51
bularra	51
exekutatu	51
txuri	50
bran	50
zeuri	50
gajoa	50
denaren	50
johnek	50
zaharraren	50
salatzen	50
txuria	50
gertakari	50
tenperatura	50
negozioan	50
beharrezko	50
neskarik	50
desatsegina	50
parker	50
tiroa	50
urtekoa	50
cage	50
lapurtutako	50
lekutik	50
botereak	50
berrikusi	50
unibertsitate	50
iragarki	50
sofa	50
wasicsko	50
aireportuan	50
itzaltzen	50
angelo	50
gogorrago	50
ordaintzea	50
dutenek	50
obeditu	50
lehendik	50
maitagarriak	50
beherago	50
bakoitzaren	50
patetikoa	50
bultzatzen	50
trabatuta	50
baliagarria	50
zizkidaten	50
patrick	50
lehor	50
komandante	50
khal	50
urteotan	50
aitortzen	50
iseka	50
eguerdian	50
batetan	50
nelly	50
gailurrera	50
mallory	50
esistitzen	50
zirelako	50
dituztenak	50
dezaketen	50
mathilde	50
agiri	50
besteari	50
baboak	50
oztopo	50
genukeen	50
azkarrena	50
leun	50
gerrara	50
errenditu	50
kolpeak	50
egunkarian	50
berlinen	50
animatu	50
itsasora	50
bing	50
biraka	50
ziurra	50
harroputz	50
denboraldi	50
ikusle	50
distiratsua	50
lucas	50
jolasteko	50
altzariak	50
aztoratu	50
oinazea	50
renault	50
ispiluan	50
dodd	50
agurtzen	50
adierazpena	50
kanporatu	50
baymax	50
errealitate	50
bazekiten	50
ha	50
nolabaiteko	50
berriketan	50
eran	50
irratian	50
irrikatzen	50
zehaztu	50
gehiagorekin	50
hauts	50
lepo	50
apurtuta	50
ikaratzen	50
eraikinean	50
litekeena	50
gezi	50
aretoan	50
kenduta	50
basera	50
dibertitu	49
bueltatzen	49
ahalegintzen	49
nahaspila	49
okerragoak	49
albistea	49
barrabilak	49
bazaio	49
japoniako	49
bilakatzen	49
gabeak	49
laurie	49
justua	49
axolako	49
rex	49
bekatuak	49
cube	49
harroputza	49
telebistako	49
kutsatu	49
garestiak	49
aurreikusi	49
koloreko	49
atearen	49
logelara	49
gauzatxo	49
astintzen	49
montana	49
kazetariak	49
telefonorik	49
umetan	49
garbiak	49
txina	49
segur	49
zotina	49
taula	49
gloria	49
epaitzen	49
benji	49
pilotu	49
ahaztua	49
komun	49
etxaldea	49
iris	49
entzunda	49
susmatzen	49
galdetzea	49
boteretsua	49
lanbide	49
heltzean	49
gazteegia	49
harrokeria	49
zigortzen	49
zian	49
ulertua	49
mutilen	49
gaudenean	49
indartsuago	49
zuan	49
saiakera	49
gogoratzea	49
edward	49
becky	49
alemanian	49
isiltzeko	49
egongelan	49
indiar	49
trey	49
hilabeteetan	49
howard	49
antzik	49
hitzek	49
izozki	49
phillip	49
hilgo	49
kobratzen	49
heriotzari	49
jaisteko	49
ibilgailu	49
paso	49
jeitsi	49
erretzeko	49
laguntzerik	49
arruntak	49
malkoak	49
asmoz	49
leuna	49
inbertitu	49
zoazen	49
kostako	49
irakurtzea	49
galarazi	49
erreinua	49
famatua	49
egunerokoa	49
tragedia	49
erreka	49
istilurik	49
windom	49
nabilela	49
utzitako	49
gudari	49
isuna	49
ditiat	49
arazoetan	49
dabiltzan	48
balit	48
ziurtatuko	48
esateagatik	48
bakearen	48
ezkongabea	48
behatzak	48
zibila	48
nautela	48
adeitsua	48
liburuaren	48
mantentzeko	48
txapelketa	48
betiereko	48
ahantzi	48
irving	48
japoniarra	48
alemanek	48
neil	48
dezakegula	48
txukun	48
ordutik	48
eurekin	48
sentibera	48
askoan	48
bularrean	48
urrutira	48
hunkituta	48
biribila	48
helmuga	48
ilehoria	48
misterioa	48
mantenduko	48
tona	48
kurt	48
neurriak	48
etsita	48
astea	48
edertasun	48
infernu	48
praktikatzen	48
debekatua	48
batak	48
emozioak	48
autorik	48
doluminak	48
ostiko	48
ofizialak	48
gura	48
chester	48
diamante	48
kontaktu	48
yusuf	48
banatuko	48
laguntzeagatik	48
itxarotea	48
garaile	48
saileko	48
gobernuko	48
irauteko	48
krema	48
gauekoa	48
koska	48
hondamena	48
hartuz	48
banpiro	48
armiarma	48
west	48
momentuz	48
litzaioke	48
tabakoa	48
denise	48
denborarekin	48
gehiegizkoa	48
dagokion	48
gazteagoa	48
neskekin	48
rafael	48
aitarena	48
tunel	48
tokirik	48
sena	48
gurina	48
gaixotasuna	48
bertatik	48
atsekabetuta	48
alemana	48
eskari	48
zergaitik	48
elkarrizketak	48
dizkizute	48
grisa	48
haurrik	48
bilatzea	48
karabana	48
txantxak	48
estaliko	48
ipuina	48
bertsioa	48
irakurketa	48
saltzea	48
kaferik	48
jatorria	48
zeremonia	48
spartacus	48
hirut	47
fisikoki	47
zaituztela	47
seinaleak	47
zenbiltzan	47
zoruan	47
zurrumurrua	47
iezaiezu	47
zaiona	47
dakiela	47
herrixka	47
espainian	47
katea	47
litzatekeen	47
armadura	47
tomas	47
autoarekin	47
zerbitzuak	47
patruila	47
izendatzen	47
besoan	47
zebilela	47
ohiak	47
errugabe	47
buka	47
jackie	47
saltzailea	47
irabazlea	47
landatu	47
jomuga	47
bong	47
tanta	47
mickey	47
oroigarri	47
zur	47
espiritua	47
sebastian	47
hutsez	47
okertzen	47
potolo	47
musikaren	47
alerta	47
xehetasunak	47
jakiteak	47
iezadazue	47
ekialdera	47
zuloan	47
gruf	47
esklabo	47
bihotzekoa	47
le	47
maui	47
marroia	47
ilean	47
itxaroteko	47
lenny	47
bibote	47
poliziek	47
maitatzeko	47
thierry	47
kontzeptu	47
mailakoa	47
jordan	47
lorategia	47
sen	47
bazkaltzeko	47
haria	47
pertsonen	47
emakumeei	47
barkatzeko	47
eskuin	47
man	47
zelai	47
sobietar	47
eskaria	47
itzulera	47
lerroak	47
aritzeko	47
eichmann	47
berriarekin	47
batuetan	47
jakinaren	47
okerrak	47
drama	47
herrialdeko	47
natasha	47
aintza	47
moduren	47
denboraz	47
jarraitzaile	47
jarduera	47
maitatuko	47
edalontzi	47
profesionalak	47
jose	47
sortutako	47
lois	47
zaigun	47
ruby	47
handien	47
pertsonalak	47
modutan	47
bilduta	47
jessie	47
zine	47
josi	46
zukua	46
karguak	46
russell	46
klubean	46
borondatez	46
tematu	46
zuengatik	46
jacob	46
mugatu	46
ehizatzen	46
egitan	46
orrazkera	46
hugo	46
diotena	46
doktoreari	46
entregatu	46
mcmurphy	46
uki	46
beteak	46
familiakoa	46
kamioneta	46
etortzekoa	46
espetxeko	46
momentua	46
kluba	46
mendebaldean	46
abestiak	46
martins	46
egitura	46
etxalde	46
mailegua	46
kobratuko	46
entzutean	46
trenak	46
lehengusina	46
hirurogeita	46
baztertzen	46
erlijio	46
turing	46
koadrila	46
litzake	46
franz	46
institutura	46
razor	46
errautsak	46
noizbehinka	46
kristina	46
gogoratzeko	46
web	46
goza	46
zakiat	46
hondartzara	46
blokeatu	46
bizidun	46
traturik	46
doakizu	46
balizko	46
sufrimendua	46
akatsik	46
motxila	46
biltegi	46
berau	46
igotzea	46
hugh	46
heil	46
entrenatzailea	46
bideak	46
sendoak	46
ekintzak	46
lagungarria	46
argazkirik	46
lekukoa	46
burugogorra	46
komunikazio	46
sortzea	46
basamortuan	46
senarrarekin	46
metalezko	46
pentsamenduak	46
hatzak	46
zatiak	46
lagunaren	46
danba	46
metodo	46
sabelean	46
motiborik	46
elektrikoa	46
lotarako	46
mills	46
txikitzen	46
zakar	46
dugunik	46
ditzakete	46
for	46
tarteka	46
lehengoan	46
sistemak	46
lester	46
futbolean	46
muturreko	46
mannix	46
ingurua	46
bazkaldu	46
errurik	46
trafiko	46
soinean	46
usteltzen	46
ditudalako	46
izenez	45
poz	45
kalifornian	45
gorenak	45
butch	45
dunbar	45
li	45
klasikoa	45
kaosa	45
askatasunaren	45
enperadorearen	45
premiarik	45
tresnak	45
iragan	45
rogers	45
gatza	45
kaliforniako	45
erlaxatu	45
mutur	45
komisario	45
gabekoa	45
east	45
egokitzen	45
gaitza	45
jensen	45
nahitaez	45
karol	45
zaitudanean	45
kreditu	45
phenixen	45
hator	45
pentsatuz	45
konplikatua	45
garenez	45
maiorra	45
jekyll	45
gehienbat	45
prozedura	45
zale	45
zerikusi	45
prestatuta	45
zientzialari	45
oishi	45
dyle	45
robin	45
elikatzen	45
errenta	45
zoriontasuna	45
jatekoa	45
batzuetara	45
maitasunik	45
baziren	45
paddington	45
zeuretzat	45
ditudanean	45
pertsonek	45
jauregia	45
gauaren	45
wayne	45
becca	45
lapurretan	45
europa	45
geldiarazteko	45
sentsazio	45
eskuko	45
primerako	45
lehoi	45
urriaren	45
hartzeagatik	45
ritchie	45
kezkatua	45
broma	45
berreskuratzen	45
abel	45
tokatzen	45
lotuko	45
erretzea	45
faltsu	45
honantz	45
pistolak	45
uuu	45
langileek	45
emmet	45
lanbidea	45
chicagon	45
kontatzea	45
plastikozko	45
ebatzi	45
moda	45
atzerrian	45
gastatzen	45
zintugun	45
kantatuko	45
erantzule	45
oilo	45
funtsa	45
eskaileretan	45
kexu	45
espezie	45
oihanean	45
ausart	45
dituenean	45
infernuan	45
egoteaz	45
poztasuna	45
errepublika	45
garaituko	45
arrebaren	45
lehenbiziko	45
herritarrak	45
beroak	45
robota	45
etorriak	45
kansas	45
zituenean	45
amorru	45
di	45
uniforme	45
atxilotzeko	45
dorre	45
murph	45
epaituko	45
ekitaldia	45
itxaropenik	45
borrokarako	45
txinatarra	45
perbertitu	44
dizkiegu	44
osatzeko	44
kezkatuko	44
errepidea	44
horietatik	44
ministro	44
batzorde	44
lepoko	44
ezagutzeak	44
gugatik	44
gogorragoa	44
nahasketa	44
margolan	44
granada	44
espazioan	44
koloreak	44
bait	44
israel	44
harremanik	44
mailara	44
zerbaitekin	44
haurtxo	44
arrasto	44
monty	44
neuzkan	44
baby	44
remy	44
erdu	44
erreza	44
debekatzen	44
olioa	44
akzioa	44
tigre	44
komunitate	44
behingoan	44
ingalaterrara	44
hurbilduko	44
lesbianak	44
uzteagatik	44
azalpenik	44
litezke	44
ak	44
luxuzko	44
truk	44
loteria	44
bankuan	44
begiz	44
zerriak	44
orokorrean	44
clayton	44
tranpak	44
lizuna	44
utzidazue	44
zaldiz	44
grady	44
bostongo	44
manta	44
ikutu	44
solairua	44
omenez	44
zitzaidala	44
modukoak	44
eskuratzeko	44
hostoak	44
landare	44
kargua	44
adiskideak	44
isilpeko	44
nicole	44
juduen	44
azalean	44
zerga	44
urrunago	44
lehia	44
aizkora	44
diok	44
penny	44
esperantza	44
emakumezkoa	44
lanarekin	44
minutura	44
genezakeen	44
oratu	44
goazemak	44
txikiagoa	44
bezelakoa	44
black	44
kris	44
gizajo	44
leonard	44
ibilbide	44
walt	44
onenean	44
haraino	44
bidaiak	44
goiza	44
mendietan	44
kamioian	44
libratuko	44
zatekeen	44
bruce	44
amyk	44
fiskal	44
ikas	44
iluntasuna	44
bea	44
merkatua	44
konexioa	44
bakardadea	44
bankuko	44
izatekotan	44
adelaide	44
ekitaldi	44
little	44
nahasita	44
heroiak	44
amesten	44
bazabiltza	44
edatea	44
irtetean	44
jokoak	44
lekukoak	44
um	44
erasoak	44
jeff	44
ekingo	44
bidaiariak	44
dolarrak	44
espainiako	44
unitatea	44
baldintzapeko	44
white	44
wu	44
basoak	44
zenbatzen	44
hilgarria	44
eko	43
sinesgaitza	43
moore	43
zuenak	43
geundela	43
cassidy	43
banau	43
fresko	43
gurpil	43
jn	43
edonori	43
hansel	43
lotinanta	43
ikasgaia	43
amarena	43
kolya	43
zenituzten	43
aldaketak	43
ek	43
onegia	43
aseguru	43
elkartuta	43
kokapena	43
bistakoa	43
ipiniko	43
warren	43
hollywood	43
ordaina	43
desagertuta	43
mugarik	43
hiro	43
apustua	43
gauak	43
dalrymple	43
smoke	43
ahalegina	43
entrenatzaile	43
arre	43
sexya	43
beltzen	43
itxurarik	43
udaberrian	43
azkarrak	43
emaizkidazu	43
atsedenik	43
kutxan	43
berrien	43
alferra	43
erloju	43
sal	43
uxatu	43
bourne	43
infernuko	43
nekagarria	43
esaera	43
elizak	43
tripa	43
kartak	43
tirorik	43
probatuko	43
zach	43
ezagutza	43
borrokak	43
eskaintzeko	43
pizka	43
tratamendu	43
jauregian	43
ebazpena	43
bietan	43
istilua	43
arauen	43
paketea	43
oinarria	43
davidek	43
interesgarri	43
enperadoreak	43
okerrera	43
jasota	43
lapurtzeko	43
zaudeten	43
esanetara	43
errea	43
mailaz	43
pixkanaka	43
alaena	43
ehizan	43
dakidana	43
solo	43
sid	43
dutenez	43
lanetan	43
entzutera	43
armairuan	43
berdeak	43
arrastoak	43
ilunpetan	43
ministroa	43
justine	43
banks	43
mundiala	43
futbol	43
pont	43
asteartean	43
bazenitu	43
douglas	43
txundigarria	43
lukeena	43
lorenzo	43
bozketa	43
egoeraren	43
baliabide	43
alena	43
eskuinetara	43
metal	43
askea	43
distiratsu	43
norberaren	43
burutu	43
moana	43
txit	43
erraten	43
eskuinean	43
sarbidea	43
antzerki	43
seth	43
zaharregia	43
ziurtatzeko	43
hilabetetan	43
saltoka	43
etxeratu	43
nobleak	43
jasotzera	43
noan	42
entsalada	42
profesorea	42
paseatzen	42
daukagula	42
birrindu	42
sugea	42
barkadazu	42
jelena	42
quinn	42
bonnie	42
mehatxatzen	42
aktibatu	42
enpresaren	42
klasea	42
zerbitzuan	42
lehorra	42
gabriel	42
sortua	42
estaltzeko	42
tontakeriak	42
deserosoa	42
kablea	42
postura	42
lizuke	42
lawrence	42
antolatuko	42
ukitzea	42
wally	42
jope	42
aurrerapen	42
ipuinak	42
ihesean	42
itsusiak	42
patioan	42
hilkutxa	42
duzuenez	42
laguntzaileak	42
itota	42
nengoenean	42
kelly	42
aaron	42
nintzaion	42
hedatzen	42
enbarazu	42
salbatzera	42
eskubideen	42
bapo	42
unetan	42
britainiar	42
kontutan	42
hauteskundeak	42
madge	42
zaitzake	42
azter	42
natzaio	42
zauriturik	42
merkataritza	42
harrizko	42
demokrazia	42
mendira	42
pilatzen	42
guztiontzat	42
prostituta	42
kantuak	42
jared	42
ibiltari	42
kausa	42
lelokeria	42
sharon	42
opor	42
mugatua	42
baldarra	42
elastiko	42
afrikan	42
wendy	42
boy	42
laurent	42
phillips	42
irensten	42
julien	42
aztia	42
eztabaidan	42
edgar	42
ingalaterra	42
tourneuil	42
zenez	42
go	42
eskas	42
mintzatuko	42
frantsesak	42
mihi	42
basoko	42
ikusleak	42
eraginik	42
dinamita	42
batasuna	42
antzerkia	42
tomate	42
lurperatuko	42
irla	42
kontratatzen	42
times	42
zikinkeria	42
zubian	42
estudioan	42
gauzekin	42
iradoki	42
berriaren	42
aurkezteko	42
zaharrean	42
davis	42
zintuela	42
isiltasun	42
frantziara	42
mugan	42
gaiztakeria	42
apala	42
jaistea	42
plano	42
gaztetxo	42
itzalita	42
funtsean	42
lurraldean	42
taldearekin	42
pentsatua	42
kutuna	42
erreserba	41
platera	41
taxian	41
kargatuta	41
tiraka	41
eileen	41
sullivan	41
basea	41
alton	41
puntuak	41
garun	41
mulwray	41
diezue	41
metroan	41
shields	41
jesukristo	41
oinetakoak	41
gurutzatzen	41
boston	41
zatitu	41
albizzi	41
laztan	41
iritsitakoan	41
aurkakoa	41
hirekin	41
orein	41
eztia	41
gazteek	41
bizilagunak	41
powers	41
epailearen	41
ho	41
ilusioa	41
crowley	41
hondoratu	41
txokolatea	41
amanda	41
rocka	41
didana	41
daramatzazu	41
nezakeela	41
hedatu	41
soziala	41
oroitu	41
tu	41
txokolate	41
quaid	41
miatzen	41
eginarazten	41
moja	41
louie	41
zenutela	41
gaizkiaren	41
apurtuko	41
asma	41
ikurra	41
belarria	41
eraginkorra	41
ekaitzak	41
kong	41
elliott	41
long	41
zereginik	41
ixtea	41
maritxua	41
dorrea	41
bilakatuko	41
bortitza	41
kristorena	41
zegoelako	41
astez	41
nerabe	41
borrokalaria	41
barrezka	41
stan	41
datozela	41
nagusian	41
harengatik	41
iparreko	41
haietaz	41
zerbitzatuko	41
bustita	41
be	41
rohan	41
lantza	41
zeharkatuko	41
pop	41
zizula	41
washingtonen	41
arrosak	41
aragorn	41
dokumental	41
abisatuko	41
jakizu	41
emazterik	41
city	41
apaiza	41
zaidak	41
mak	41
aurtengo	41
larrialdia	41
bahiketa	41
dickens	41
orokorra	41
afarian	41
berekoak	41
altuera	41
heroina	41
bestean	41
erasotzeko	41
jasanezina	41
ukatzen	41
aitaz	41
garena	41
wood	41
agindurik	41
partea	41
ordezkariak	41
lotsarik	41
zorro	41
genituela	41
oak	41
kontrolatzeko	41
odolean	41
allison	41
sinestekoa	41
abrahams	41
historiak	41
txapela	41
heziketa	41
banpiroa	41
ma	41
eztabaidatzeko	41
bikoiztu	41
giltzapetu	41
igarota	41
see	41
maksoon	41
elkartasuna	41
borrokarik	40
bizilagun	40
jokabidea	40
yves	40
kasuak	40
onartua	40
sailean	40
daitezkeela	40
aktoreak	40
apirilaren	40
izeko	40
eginik	40
sugeak	40
oihala	40
ezartzen	40
rekin	40
ukatuko	40
said	40
lara	40
heather	40
emanaldi	40
direnik	40
alkateak	40
mamuak	40
au	40
giltzapean	40
onenetako	40
trajea	40
egunaren	40
batzuentzat	40
batentzako	40
nevada	40
komuneko	40
horrez	40
usteldu	40
ixilik	40
bazuten	40
bonbak	40
merete	40
negoziatzen	40
sortzaile	40
maiatzaren	40
hutsunea	40
eleberri	40
blues	40
krimenak	40
eredua	40
kane	40
bedeinkatu	40
gwildor	40
aginduko	40
aitzakiarik	40
pizti	40
azkarren	40
titulu	40
desmond	40
bestetik	40
brigada	40
kristau	40
abisu	40
baliabideak	40
aitarentzat	40
tragoxka	40
lanpara	40
ilunpean	40
alfred	40
uretatik	40
dezente	40
andregai	40
jarriz	40
blue	40
zaharren	40
baitugu	40
aingerua	40
emaztegaia	40
bueltak	40
lagunarekin	40
behetik	40
whiskia	40
fanny	40
ostiral	40
naitekeela	40
winnie	40
autobusean	40
bestelakoa	40
salbatzea	40
jausten	40
espazioa	40
ahizpari	40
ostikoka	40
enigma	40
erditu	40
mutilei	40
badituzue	40
desioa	40
errazak	40
zurrupatu	40
kazetaria	40
atzeratua	40
frogatuko	40
arrazoiren	40
banengoen	40
dirudiela	40
txarrekoa	40
tximeleta	40
besarkatzen	40
anaiarekin	40
schmidt	40
munizioa	40
hartako	40
nintzenik	40
dituztenean	40
kontratuak	40
parisko	40
hondoratzen	40
argindarra	40
erreguka	40
irtetea	40
emozio	40
one	40
out	40
faltsuak	40
konbentzitzen	40
bidaiaren	40
gehiagok	40
aulkian	40
greg	40
erabatekoa	40
pasioa	40
young	40
luzerako	40
diodanean	40
etxeari	40
sartua	40
babesik	40
mendiaren	40
potoloa	40
susmagarriak	40
nindutela	40
dizutela	40
eziozu	40
herrialdean	40
holako	40
txarragoa	40
malloryk	40
konfiantzarik	40
kirola	40
botata	40
denetan	40
gomendatu	40
ministroak	40
dok	40
kexatzen	40
lena	40
ave	40
hobbit	40
egundokoa	40
erabilera	40
zintudanean	40
lanaz	39
baitzara	39
askatzea	39
artistak	39
tenplua	39
itxoiten	39
etorrita	39
habia	39
allan	39
modeloa	39
ezagutzera	39
emma	39
marrazoa	39
ezkuta	39
itsatsita	39
dituzulako	39
jasmine	39
izkinan	39
ustezko	39
dantzatuko	39
zomorro	39
begirik	39
vicky	39
egunik	39
boterearen	39
zentrala	39
miresgarria	39
puntan	39
aurkikuntza	39
mailua	39
inozoak	39
andrearekin	39
great	39
gastu	39
gugana	39
gavin	39
etxebizitzen	39
behartuko	39
charlotte	39
murgildu	39
patuaren	39
tentsioa	39
erridikulua	39
zakurra	39
arrakastatsua	39
zihoazen	39
erasoan	39
momentuan	39
ozeanoa	39
edariak	39
idatzitako	39
oinordekoa	39
dituzuela	39
ekartzeagatik	39
suntsituta	39
mandela	39
erromatar	39
autoz	39
modan	39
lantegian	39
leial	39
koreako	39
ohetik	39
atezaina	39
zalduna	39
dizunean	39
maitaleak	39
auzitegiak	39
pertsonarik	39
berezko	39
kanpotarra	39
sakrifizioa	39
entzudazu	39
egona	39
dersu	39
auzitegian	39
ordezkoa	39
chicago	39
agertzea	39
gotorlekua	39
zulatzen	39
quill	39
hodei	39
philip	39
etekina	39
lauraren	39
itsasoko	39
ederragoa	39
barazkiak	39
ingeniari	39
alberto	39
dozenaka	39
zahartu	39
führer	39
ahizparen	39
biguna	39
urtu	39
oinarritzen	39
paddy	39
txartelik	39
kalteak	39
isilean	39
ikaragarriak	39
alderatuta	39
badagoela	39
fenomeno	39
diezaiegun	39
atzerriko	39
ballet	39
ahulak	39
hanna	39
putetxe	39
vinny	39
lanpetua	39
apartak	39
handiek	39
zelatatzen	39
rinaldo	39
junior	39
nionean	39
bustia	39
hegalak	39
zaindariek	39
sorginkeria	39
paperean	39
gustave	39
eseki	39
beatrice	39
egiaz	39
jainkosa	39
aberastu	39
altxatuko	39
hiritar	39
kabir	39
zenbateko	39
erailketa	39
suntsitzea	39
duina	39
chloe	39
irristatu	39
baretu	39
dunne	39
ekatzu	39
eremuan	38
arriskatzen	38
jaunarentzat	38
abestuko	38
georgia	38
leihoan	38
ongietorri	38
batzordeak	38
nazaten	38
akatu	38
ipotx	38
urtebetetzean	38
albizzik	38
arriskatuko	38
agurtzera	38
zaintzaile	38
afrikako	38
viktor	38
deritzot	38
randy	38
konponbidea	38
senatari	38
zurian	38
crassus	38
liluratuta	38
ikusiz	38
golf	38
erruagatik	38
alderik	38
arriskutsuegia	38
trukatu	38
itzaliko	38
filmaren	38
kaiku	38
jakiterik	38
zentratu	38
eragozpenak	38
kezkaturik	38
zerbaitegatik	38
detroit	38
esaiok	38
modernoa	38
gailur	38
trukea	38
back	38
piezak	38
batzar	38
anderearen	38
hopps	38
lotsagarri	38
txanponak	38
ipintzen	38
dirutan	38
tik	38
jakintsua	38
behia	38
zuriaren	38
ua	38
arimaren	38
bagenekien	38
argitaratuko	38
arinago	38
frances	38
kirtena	38
oinarrituta	38
dibertitzen	38
putzua	38
everest	38
beroki	38
gastuak	38
agintari	38
ohituko	38
homosexuala	38
mm	38
gauerdia	38
tronua	38
bagaituzte	38
italiar	38
haurrekin	38
barneko	38
haurrei	38
saihesteko	38
elefante	38
ikastea	38
erantzukizun	38
zeuen	38
urduritzen	38
egiaren	38
erabilgarria	38
kartzelako	38
disney	38
tratatuko	38
drakula	38
plataforma	38
ricky	38
totoro	38
adoptatu	38
orbain	38
ahate	38
gizateria	38
sokak	38
gasback	38
datorrenean	38
cameron	38
ll	38
zerbaiti	38
balitu	38
sailak	38
kapitainaren	38
rowan	38
barry	38
iragartzen	38
daukala	38
ko	38
eskuburdinak	38
epaiketan	38
gaituztela	38
israelek	38
historiaren	38
zirikatu	38
zuzenak	38
festak	38
enbaxadorea	38
ekialde	38
lulu	38
khanna	38
lurretan	38
laugarrena	38
dirudien	38
lorraine	38
errusia	38
dutenik	38
sinesteko	38
amorratua	38
esertzeko	38
diodana	38
ospatuko	38
soila	38
indian	38
tontoa	38
erizain	38
jotzera	38
garaiak	38
ipurdiko	38
gobernuari	38
gizontxo	38
eraldatu	38
gailu	38
bazaudete	38
janet	38
cross	38
neurtu	38
dabiltzala	38
iskanbila	38
sutea	38
thorn	38
untxiak	38
rance	38
tribuno	38
apuntatzen	38
ennis	38
hitzetan	38
konplexua	38
erdira	38
borondate	38
deskribatzen	38
gobernatu	38
maitasunagatik	38
ikastaro	38
irakaslearen	38
sexia	38
trafikoa	38
zapi	38
barkamenik	38
fidagarria	38
hormak	38
garunak	38
zeundeten	38
miaketa	38
erretiroa	38
alba	38
pittin	38
kam	38
apaizak	38
aretoa	38
printzeak	38
seinalerik	37
politiko	37
etzi	37
giltzapetuta	37
atzerritar	37
tentel	37
ditzaten	37
makillajea	37
nieke	37
kementsua	37
okerren	37
beck	37
inbaditu	37
mein	37
aurrezten	37
hartzak	37
konektatu	37
normalak	37
mutilekin	37
agortzen	37
oinordeko	37
perfektu	37
daitezkeen	37
grant	37
eserlekua	37
likore	37
aldatzera	37
babarrun	37
gogoeta	37
abenduaren	37
gazteena	37
kalearen	37
edota	37
saiatzeko	37
merkatuan	37
aio	37
donovan	37
pasahitza	37
ezezkoa	37
paisaia	37
egonen	37
ausartak	37
sakrifizio	37
pentsatzeak	37
irudimena	37
negu	37
bisitak	37
klinika	37
oinarri	37
bizitzatik	37
erretratua	37
mugimenduak	37
yonkerseko	37
deitzeagatik	37
hautatuko	37
bernie	37
lerdoa	37
ooh	37
hozkailuan	37
kak	37
dukesa	37
galdetzera	37
janztea	37
zorigaiztoko	37
sekreturik	37
azkenengoz	37
aldekoa	37
hamish	37
lupin	37
beltzean	37
agurra	37
lasaigarria	37
badizute	37
pedro	37
ekipo	37
harresia	37
uneoro	37
zaiela	37
txerria	37
