که	918687
رو	833035
من	770730
به	703398
تو	601229
از	591834
اون	445387
اين	410191
يه	403385
مي	379528
با	301832
در	278166
نه	277198
ما	239386
هم	203952
بود	191479
کنم	187351
باشه	176142
تا	174948
ها	174901
چي	155817
بايد	154773
خيلي	154645
فکر	151956
آره	144200
یه	142930
این	142372
براي	140034
خب	137531
فقط	137077
کن	136092
می	135219
شما	134268
همه	129613
اگه	127214
داره	127210
ديگه	117615
شده	116944
دارم	115087
کار	114907
اينجا	112714
نيست	103316
چه	101357
پس	99686
اما	98743
نمي	93547
چرا	91625
خوب	91124
کنه	88932
کردم	85732
چيزي	83545
کني	83180
حالا	82937
ولي	81863
الان	80850
توي	80404
هر	78836
اونا	78229
اي	76768
هاي	73659
داري	70767
شد	70550
يک	70421
اوه	69738
منو	69325
ميشه	69160
بهت	68748
بچه	67244
هست	67194
بهم	65413
مثل	63709
بهش	62956
وقتي	62289
دوست	61460
دست	59744
ميکنم	58927
باید	58827
خیلی	57870
بده	57805
کرد	57458
حرف	57193
چی	56692
خونه	55965
يا	55706
کنيم	55340
واسه	54532
بله	52802
کرده	52693
سلام	52221
کردن	51636
خوبه	51197
برای	50650
چون	50163
برو	49811
را	49791
چيه	49688
اينکه	49156
هيچ	47777
اونجا	47750
بعد	47662
بودم	47488
كه	47086
انجام	47006
درست	46060
همين	45436
هستم	45258
پيدا	44927
دو	44352
داشته	44282
ميکني	43928
وقت	43856
است	43211
هي	42902
بشه	42314
دیگه	42294
يکي	42174
بيا	41813
نداره	41737
خودت	41277
هنوز	41221
منم	41127
سر	40919
ميخوام	40728
کردي	40566
نیست	40095
روز	40040
ميکنه	39959
بيرون	39602
کجا	39446
مورد	39368
اینجا	39237
درسته	38733
ولی	38470
کسي	38250
ممنون	37816
واقعا	37581
کي	37573
تمام	37388
راه	37349
باش	37126
پيش	36262
ميدوني	36090
تنها	35925
مرد	35753
داريم	35297
شايد	35243
چند	35204
خودم	34832
نظر	34815
چيز	34740
بوده	34552
کاري	34469
سال	34399
کمک	33409
بدم	33329
بريم	33179
روي	33081
کنی	33039
دوباره	32836
مياد	32814
چیزی	32618
زندگي	32249
نمی	32239
گفتم	32060
ميخواي	31796
بگو	31605
چطور	31529
بگم	31523
نگاه	31317
اونو	31304
هستي	30668
توی	30651
گفت	30310
گوش	30304
اينه	30188
صحبت	30156
پسر	30147
قبل	29683
آدم	29438
برم	29348
دارن	29117
اينو	28952
شروع	28885
کنيد	28851
هستن	28728
دونم	28590
خوام	28561
ای	28517
هميشه	28270
بر	28180
خانم	28038
قرار	28009
های	27985
ام	27957
حال	27803
بي	27792
تموم	27769
پول	27726
کنن	27569
شدم	27544
داشتم	27450
خدا	27288
نفر	27251
بار	27236
ميدونم	27027
بيشتر	26926
ببين	26860
آقاي	26819
باشم	26817
میشه	26647
صبر	26532
درباره	26456
همون	26398
تونم	26328
خاطر	26143
امروز	26142
داری	26043
یک	26017
شدن	25941
وجود	25904
قربان	25875
شب	25800
ازش	25777
دختر	25709
اگر	25705
استفاده	25645
داشت	25550
باشي	25453
ممکنه	25400
خودش	25325
مردم	24983
بدون	24880
البته	24848
چيکار	24581
وقتی	24348
ـه	24269
سه	24164
مگه	24071
کنیم	24069
ساعت	24017
باز	23955
بزرگ	23860
چقدر	23777
حتي	23710
بازي	23583
ندارم	23497
بودن	23484
برات	23410
خواهش	23322
خوش	23225
باهاش	23184
خوبي	22948
بدي	22939
دنبال	22787
اسم	22760
نکن	22573
کم	22375
شو	22117
نبود	22085
پدر	22064
بالا	22021
متاسفم	21954
آماده	21943
یا	21837
ازت	21786
زنگ	21675
بذار	21667
میکنم	21561
زنده	21556
بابا	21501
بخاطر	21436
لعنتي	21300
عزيزم	21289
ميتونم	20924
اول	20912
داد	20681
جا	20455
مامان	20415
ميتوني	20348
زن	20209
کجاست	20064
نميدونم	19929
اینکه	19917
او	19812
واقعاً	19727
کنار	19726
دور	19697
بعدش	19600
ميگم	19599
ست	19304
داده	19266
اونها	19157
زود	19089
تر	18954
برام	18920
خبر	18860
بهتر	18851
زمان	18735
ببخشيد	18688
منه	18676
شهر	18573
اتفاق	18512
بودي	18352
ميدم	18255
باعث	18167
اجازه	18122
بزن	18092
يعني	18080
منظورم	18015
طرف	17942
نشون	17893
لطفا	17788
دکتر	17786
چیه	17590
هی	17557
نگه	17461
ببينم	17397
نيستم	17338
همین	17337
پیدا	17273
بهتره	17099
نميتونم	17076
آروم	17005
مهم	17003
سعي	16942
یکی	16913
اصلا	16900
میکنی	16837
لحظه	16772
کردی	16752
حالت	16719
خداي	16697
اش	16673
دادم	16597
بري	16593
جواب	16566
قراره	16532
پشت	16485
فرار	16344
آب	16268
خون	16251
نجات	16233
هیچ	16219
صبح	16214
ماشين	16202
هفته	16065
مال	16024
کرديم	15987
کنين	15881
رفته	15833
کارو	15811
لازم	15809
باور	15791
بزنم	15785
هيچي	15771
بين	15693
احساس	15577
ميده	15500
جايي	15417
ادامه	15345
بد	15340
بره	15337
کسی	15328
اتاق	15303
میکنه	15278
دوني	15249
داخل	15159
گفتي	15103
اشتباه	15043
شدي	15040
نگران	15031
خانواده	14974
مشکل	14894
نميشه	14842
ميکنيم	14837
سمت	14812
توني	14788
هيچوقت	14771
امشب	14727
چطوري	14628
اومده	14567
بیرون	14549
وارد	14421
اومد	14415
کی	14396
میخوام	14392
بیا	14384
اتفاقي	14344
انتخاب	14301
شاید	14268
ازدواج	14252
گرفته	14182
آه	14163
زيادي	14162
ميخواد	14125
داریم	14076
برنامه	14063
خواي	14043
کاری	14038
جاي	14031
ميگي	14021
باهات	14021
میدونی	14009
چطوره	13989
نياز	13949
بهشون	13933
ميتونه	13903
اينا	13903
پليس	13859
نبايد	13854
گفته	13813
دادن	13778
دقيقه	13772
بکنم	13741
دنيا	13697
پیش	13627
اره	13583
ماه	13574
حق	13508
يالا	13491
فردا	13459
اندازه	13443
دار	13400
حمله	13390
بشم	13356
زياد	13248
زمين	13226
کدوم	13224
ياد	13215
پايين	13193
شه	13165
متوجه	13142
مطمئن	13137
رفت	13109
مرگ	13050
ميرم	12997
نقشه	12990
عوض	12987
اعتماد	12939
ميکنن	12880
قول	12880
تازه	12819
جنگ	12800
هستند	12788
تماس	12781
افتاده	12779
ممنونم	12734
انگار	12732
بگي	12714
حرکت	12695
حس	12695
ميکردم	12669
بریم	12634
موقع	12544
مادر	12535
آن	12501
کارت	12485
دروغ	12474
روی	12409
ميگه	12399
گم	12275
لباس	12272
جور	12266
گرفتم	12246
بياد	12246
رفيق	12238
عشق	12194
تونه	12125
اولين	12123
همچين	12099
هرگز	12083
جان	12030
قبول	12022
مرده	11985
افتاد	11956
ديدم	11955
موضوع	11950
اینه	11857
میاد	11818
ازم	11808
براش	11710
میخوای	11709
عنوان	11650
خود	11631
هستيم	11630
بهترين	11582
حتما	11579
بهتون	11530
مشکلي	11456
كنم	11418
چیز	11410
مجبور	11367
زندگی	11336
بقيه	11327
شماره	11290
منظورت	11284
خواهد	11273
منتظر	11210
کننده	11197
زده	11176
عاليه	11154
اومدم	11127
گروه	11076
نشده	11050
جمع	11016
عاشق	11005
احمق	10916
کنید	10892
نيستي	10882
اينکارو	10862
بگير	10825
گذشته	10725
میدونم	10699
روش	10660
کاملا	10626
پرونده	10622
کل	10598
مدرسه	10573
هستی	10561
اینو	10540
همیشه	10497
خوشحالم	10459
بديم	10457
بلند	10382
پر	10356
ده	10343
اونم	10326
رد	10312
اسلحه	10307
بیشتر	10289
چیکار	10216
آقا	10196
سخت	10170
بی	10169
دادي	10161
باشن	10064
هايي	10060
مطمئنم	10044
نميخوام	9972
باشيم	9944
عقب	9938
نمياد	9934
زير	9910
داستان	9905
مون	9892
ات	9887
ميتونيم	9879
نباش	9873
خواد	9858
باشی	9845
انجامش	9841
هستش	9820
مدت	9817
آخرين	9791
درد	9774
چشم	9771
ببین	9770
ميره	9761
خواستم	9750
جديد	9718
کنند	9694
فراموش	9682
دلار	9642
رفتن	9630
راست	9628
رئيس	9622
خارج	9599
بکني	9584
حقيقت	9579
سوال	9562
همش	9540
بشي	9504
قبلا	9479
توئه	9477
نداري	9450
کس	9437
بسيار	9433
نزديک	9426
جدي	9412
راجع	9393
همينطور	9381
خودمون	9381
خوشحال	9358
بدن	9357
غذا	9340
فكر	9333
بعضي	9297
فيلم	9267
بخش	9263
دفعه	9224
خفه	9214
اصلاً	9203
خوشم	9177
قضيه	9166
کشته	9160
جون	9141
يکم	9125
طول	9124
صورت	9121
بهمون	9103
زدن	9101
خوبی	9087
شبيه	9053
ترک	9041
بزار	9000
قدرت	8975
افراد	8938
عالي	8930
شرکت	8921
داشتي	8832
پنج	8820
اه	8810
توسط	8796
دلم	8770
اينطوري	8759
حتی	8747
کنترل	8738
نميتوني	8734
بدی	8731
غير	8712
تحت	8709
بس	8701
دوتا	8685
خواب	8673
راستش	8615
بتونم	8605
شانس	8570
بگيرم	8567
کيه	8560
عکس	8551
شليک	8547
پدرم	8532
برادر	8528
اومدي	8476
مراقب	8438
اينقدر	8429
آخر	8398
بخير	8397
زد	8383
حساب	8364
طور	8336
كن	8323
نميکنم	8317
بدونم	8314
اينجاست	8270
بزني	8264
اسمش	8263
درک	8251
خورده	8242
موفق	8240
زدم	8225
واقعي	8221
نکنم	8217
گفتن	8205
راحت	8204
جلوي	8203
داشتن	8195
نکردم	8193
مبارزه	8181
زماني	8158
نمیدونم	8156
سريع	8112
لطفاً	8108
حداقل	8096
خوبم	8067
قتل	8057
ديوونه	8053
شون	8049
انسان	8047
بازم	8040
ميريم	8032
ديدي	8006
پسرم	8005
گرفتن	8001
جدا	7974
اينجوري	7969
کتاب	7922
توجه	7917
صدا	7899
لعنت	7894
چهار	7880
محافظت	7867
بوديم	7843
کافي	7833
نامه	7830
بازی	7792
فوق	7786
ميگن	7785
تون	7761
تصميم	7752
اطلاعات	7740
ملاقات	7736
بسته	7733
دوستت	7722
شماها	7711
میتونی	7701
رابطه	7687
باشيد	7684
آقای	7657
باهم	7655
کوچولو	7649
پيداش	7606
بنظر	7587
دارين	7584
بزنه	7568
آنها	7566
ميري	7565
گرفت	7524
وايسا	7517
گير	7509
ميدي	7498
واي	7466
بريد	7466
تغيير	7458
مونده	7420
اميدوارم	7411
ميشم	7409
تلفن	7397
زندان	7385
يادت	7384
همينه	7371
ميخواستم	7368
رفتار	7354
تيم	7343
پدرت	7343
میتونم	7341
معذرت	7331
شنيدم	7309
احتياج	7295
داريد	7288
دختره	7268
لعنتی	7260
ميام	7245
نیاز	7243
بالاخره	7238
علاقه	7238
میدم	7203
ترين	7199
شکست	7196
میگم	7191
نابود	7186
هدف	7180
العاده	7168
سگ	7163
آيا	7161
توش	7148
تونيم	7147
خسته	7145
جلو	7141
صداي	7136
قسمت	7120
رفتم	7104
احتمالا	7100
واقع	7093
يارو	7086
افتخار	7074
كار	7054
دقيقا	7053
ببخشید	7045
هزار	7040
مواد	7034
خراب	7023
چيزيه	7023
تکون	7002
بودی	6980
عزیزم	6940
جک	6937
اينطور	6935
خداحافظ	6931
هنوزم	6909
پا	6906
باهام	6887
یعنی	6873
ميشي	6873
ميکرد	6848
نداريم	6834
ساله	6820
بگيري	6816
هات	6802
ميشن	6787
اوضاع	6766
ديده	6766
آزاد	6763
نوشته	6754
نظرت	6748
کردیم	6744
عجله	6736
کامل	6733
بری	6709
قابل	6680
دليل	6666
همديگه	6664
پرواز	6649
بکنه	6633
مسخره	6622
عمل	6602
بيام	6601
بمون	6592
بشين	6585
مادرم	6573
خط	6572
نام	6553
بيار	6536
ماست	6536
هاش	6509
قانون	6507
معلومه	6507
پادشاه	6503
امتحان	6472
کمکم	6453
زودباش	6423
بشن	6403
خواست	6399
فرصت	6395
حتماً	6388
نباشه	6379
خودتون	6378
روشن	6372
ميزنم	6372
خطر	6352
کشور	6334
چکار	6330
نیستم	6307
كني	6307
سعی	6290
بياي	6290
سوار	6287
دستور	6287
قلب	6284
آخه	6284
بيخيال	6282
يك	6264
شام	6258
اس	6255
بدست	6245
لذت	6244
يادم	6243
اند	6229
تلاش	6224
میده	6213
فهميدم	6211
نمیتونم	6183
برگرد	6173
کشتي	6169
نزن	6148
مادرت	6128
شرمنده	6127
همراه	6121
جایی	6106
کمکت	6103
سرت	6100
نکرده	6092
فشار	6088
دير	6080
مهمه	6061
تورو	6053
گزارش	6049
اينم	6047
ترجمه	6037
کلي	6036
سري	6031
داشتيم	6029
نميتونه	6028
حاضر	6027
خبره	6019
خودتو	5996
چندتا	5990
خانوم	5981
خودشون	5969
انتظار	5959
جمهور	5952
ميان	5951
هيچکس	5950
نداشتم	5946
بزنيم	5943
شديم	5938
بین	5936
جوري	5934
بخواي	5933
بگيره	5930
حدس	5929
هام	5925
ببینم	5918
تنگ	5909
گرفتي	5908
ان	5900
خدايا	5872
ناراحت	5869
مامور	5865
بدين	5864
بکش	5831
معامله	5830
کلمه	5825
بتونه	5824
بکن	5821
تبديل	5813
دم	5813
نمیشه	5799
خوبيه	5794
اونوقت	5793
بياين	5791
گفتی	5786
حل	5784
روح	5775
برنده	5752
نفس	5744
دونه	5743
ببيني	5743
ببر	5737
آينده	5734
میکنیم	5732
کند	5714
سفر	5695
نداشته	5695
مردي	5695
آتش	5688
قبلاً	5685
پيشنهاد	5685
شوخي	5682
سرم	5675
قهوه	5671
قاتل	5667
ارزش	5662
شرط	5653
شدی	5651
مواظب	5649
چطوری	5641
ول	5635
مشروب	5632
کنین	5624
جشن	5621
منطقه	5620
مخفي	5603
بکشه	5584
نميکنه	5580
متأسفم	5579
کشتن	5579
کردند	5579
ماشین	5578
نگو	5577
درمورد	5571
بگه	5569
جو	5566
قطع	5557
ميرسه	5556
ميزني	5556
میکنن	5551
هیچوقت	5544
کاملاً	5541
صدمه	5541
مسابقه	5521
اتفاقی	5520
ساده	5510
طبقه	5505
مارو	5502
حالش	5500
اومدن	5499
سخته	5487
حرومزاده	5476
شش	5476
چک	5465
جز	5456
ثابت	5452
وسط	5448
باشين	5440
بشيم	5438
زنم	5424
خدای	5414
ارتش	5413
بعدي	5411
اینا	5402
سکس	5402
خوشت	5398
بيدار	5391
عوضي	5387
داداش	5382
کمي	5374
کارم	5353
تمومش	5340
هیچی	5338
نداشت	5332
یکم	5329
اينکار	5326
خودشه	5320
مطمئني	5313
بيارم	5313
زمین	5310
اینکارو	5302
دستت	5295
قسم	5288
نبوده	5287
بيني	5284
مراقبت	5272
قدم	5269
ضربه	5269
هوا	5268
نباید	5265
مُرده	5254
اداره	5250
دوم	5240
دفتر	5228
چيزا	5226
سياه	5222
درخواست	5218
مراسم	5213
هستيد	5207
هان	5203
بابت	5196
براتون	5194
بدوني	5189
بعدا	5185
مرسي	5184
دونی	5177
خوای	5171
تونی	5158
کوچيک	5145
میخواد	5143
بمونه	5140
چيزايي	5135
انقدر	5132
گذاشته	5120
خنده	5108
مسئله	5108
زیادی	5106
جای	5106
میگی	5099
نبودم	5086
توضيح	5082
بسه	5081
خواهم	5077
زدي	5075
متشکرم	5072
كنه	5069
برين	5068
میکردم	5064
تصور	5053
بکنيم	5049
دستم	5044
بگيريم	5029
اونجاست	5025
سم	5021
بديد	5015
راهي	4997
دارند	4994
کارش	4991
برا	4989
میتونه	4988
روزي	4988
مشکلی	4972
كردم	4971
همونطور	4965
ميزنه	4949
محل	4946
وگرنه	4942
سرش	4932
ولش	4923
ذره	4914
عجب	4914
ببينيم	4911
استراحت	4899
نظرم	4895
پایین	4894
قديمي	4881
فرمانده	4877
صحنه	4877
دنیا	4872
ديشب	4860
احترام	4860
آشنا	4853
ميدونه	4812
احمقانه	4810
همچین	4810
جناب	4806
برسه	4802
آوردم	4799
دستگاه	4782
پلیس	4750
بودند	4749
بمب	4747
میرم	4741
بردار	4741
محض	4737
بخور	4726
برابر	4711
وقته	4698
خواهر	4697
ميخوايم	4693
بگی	4693
سازمان	4692
سالم	4688
خيال	4685
الو	4684
خُب	4683
خواهي	4678
بحث	4678
بيشتري	4665
امکان	4664
هستين	4656
برده	4654
حد	4634
باد	4615
اهميت	4613
نوع	4612
دي	4610
ارتباط	4608
ساخته	4608
تشکر	4607
زیاد	4606
یاد	4604
فک	4602
فاصله	4598
گلوله	4592
اطراف	4588
بخواد	4581
دادگاه	4579
بيمارستان	4572
همينجا	4570
تونستم	4562
هرچي	4556
ديدن	4555
سي	4552
همشون	4548
ملکه	4538
مربوط	4538
دردسر	4537
میگه	4536
مقدار	4530
ممکن	4529
زني	4517
دیدم	4508
ميليون	4504
هفت	4495
بپرسم	4489
پاک	4483
شک	4479
قهرمان	4462
کله	4462
بقیه	4462
ميخوان	4460
مرکز	4457
بخوام	4453
ساکت	4434
اولین	4423
سنگ	4421
دقیقه	4409
تخت	4402
باورم	4393
تحمل	4391
بدیم	4378
آهنگ	4376
بیاد	4367
پخش	4363
مک	4359
جهنم	4358
دنبالش	4350
کردين	4345
نسبت	4343
امن	4341
رفیق	4333
خورد	4333
ميدن	4326
اونه	4326
جهان	4322
قوي	4320
جاده	4317
ازشون	4317
باقي	4316
ديد	4315
عجيب	4310
ستاره	4302
ميبيني	4300
کلاس	4299
خانه	4298
خيابون	4297
واست	4295
تمومه	4286
ميديم	4283
سرعت	4281
اينها	4278
معني	4275
گذاشتم	4260
عصباني	4260
یالا	4257
سرورم	4257
دخترم	4246
برگردم	4240
خودمو	4232
نميکني	4224
خواسته	4222
گرم	4221
ميشد	4220
زودتر	4219
بهترین	4214
بتوني	4208
قرمز	4200
آدما	4198
بتونيم	4187
نور	4185
جلسه	4183
کارا	4178
تفنگ	4175
دستش	4175
پايان	4165
نمايش	4161
گل	4160
باهاشون	4151
ايشون	4149
نیستی	4143
جاش	4142
دقيقاً	4140
ميكنم	4133
لازمه	4127
خالي	4125
كنيم	4122
جنده	4115
شود	4110
دونستم	4108
بدتر	4106
جعبه	4104
سراغ	4103
بمونم	4101
مکان	4099
حدود	4093
ببينه	4085
احتمالاً	4081
بررسي	4080
موردش	4078
رنگ	4077
بجنب	4076
هتل	4068
رئیس	4063
طوري	4051
فرق	4048
کمتر	4047
شم	4046
ازتون	4046
دولت	4046
گريه	4038
هایی	4036
رقص	4029
فهميدي	4022
دارد	4010
زنه	4007
جورايي	4000
هستیم	3990
تام	3982
ندارن	3982
بزرگي	3978
برد	3972
جدید	3971
چونکه	3967
پرت	3967
خوشگل	3962
تقريبا	3955
شکل	3954
قصد	3954
مياي	3953
دانشگاه	3946
چپ	3944
وقتشه	3939
خوردن	3938
دفاع	3932
نيستن	3930
تنهايي	3929
تقصير	3929
گوشت	3922
نميتونيم	3921
دادی	3916
بن	3916
اينجام	3911
وای	3907
واو	3907
دنياي	3900
باشیم	3898
متوقف	3896
اسب	3883
میتونیم	3882
نمیاد	3880
وضعيت	3880
آسيب	3877
نکنه	3877
دعوت	3872
شدند	3855
دلت	3852
نگهش	3845
گذشت	3844
نزدیک	3835
رسيد	3834
هاست	3828
اثر	3826
برن	3825
کافيه	3808
آوردي	3807
ثانيه	3805
سفيد	3805
شماست	3805
نگفتم	3800
فرانک	3797
خودشو	3793
ترس	3788
چنين	3787
آمريکا	3786
رسيده	3782
بشی	3775
جوان	3774
برامون	3768
صد	3763
تجربه	3758
سارا	3757
اصلي	3749
هاشون	3749
عمو	3743
سيستم	3734
قضیه	3734
تک	3732
شاه	3729
دشمن	3726
شغل	3726
درس	3720
ميکنيد	3719
زندگيم	3718
ميخواست	3718
قطار	3718
ايده	3714
بذارم	3714
بياري	3712
فرستاده	3709
ميکردي	3708
نميخواي	3705
درمان	3705
نمیخوام	3700
پسره	3689
هارو	3683
جنگل	3682
عالیه	3679
بنداز	3679
شنيدي	3676
میره	3661
دريافت	3659
تيکه	3658
بکشم	3657
چجوري	3655
همینطور	3652
ميبينم	3650
باشد	3649
جي	3645
موقعيت	3640
برش	3637
ميشيم	3636
روزنامه	3633
لطف	3628
جالب	3623
دل	3618
جريان	3618
شلیک	3613
دوستش	3609
خدمت	3606
مونه	3604
واسم	3598
حالم	3598
اشاره	3593
نصف	3592
ميمونه	3592
بگیر	3587
مشت	3583
پوست	3581
زودي	3578
وایسا	3577
آزمايش	3566
درستش	3556
اینجوری	3553
نيازي	3551
نشد	3551
اينكه	3540
نتيجه	3540
آشغال	3538
حلقه	3534
نده	3533
گه	3525
همسر	3520
نقش	3519
ميکشه	3516
هشت	3514
استاد	3513
پارک	3511
نيروي	3511
ساختمون	3511
دخترا	3504
جرم	3499
والتر	3497
بينم	3494
بکشي	3485
اضافه	3484
بکنی	3484
زیر	3478
توپ	3477
متنفرم	3470
طبق	3466
جدی	3456
نداری	3452
اهل	3451
خوشش	3451
ميدونستم	3449
نميخواد	3445
شاهزاده	3444
خواستي	3440
رفتي	3437
داشتی	3435
مسئول	3435
سرباز	3431
مسير	3428
مست	3425
حقیقت	3423
مهموني	3422
بخورم	3420
تير	3419
پنجره	3418
مو	3417
گاز	3416
کاپيتان	3412
فیلم	3412
نکردي	3411
داديم	3408
آخرین	3407
کاش	3404
اجرا	3402
خيله	3402
بعنوان	3390
درجه	3389
آورده	3384
مقابل	3383
آقايون	3375
گنده	3372
نميده	3367
گند	3366
اسمت	3365
بموني	3360
عالی	3358
تمرين	3357
پسش	3339
شگفت	3337
پاي	3335
چارلي	3333
دوستم	3332
اونقدر	3332
بانک	3329
اعتراف	3328
گربه	3326
ماهي	3326
هديه	3322
كرد	3316
دسته	3312
پيتر	3309
همینه	3309
مقدس	3307
پیداش	3307
بوي	3302
نمونه	3302
مجبورم	3302
ميگيرم	3297
دعا	3295
شبیه	3293
هامون	3291
جسد	3290
افته	3289
نوشيدني	3284
ميبينمت	3282
سلاح	3280
بفرما	3275
پرداخت	3272
محکم	3272
شمال	3271
بنابراين	3270
نقطه	3267
آدماي	3267
اومدی	3261
گيري	3257
يكي	3256
بگیرم	3252
برخورد	3246
هنري	3236
نمیتونی	3236
برادرم	3236
برق	3232
بزنی	3231
کرديد	3229
همچنين	3226
نيويورک	3225
دوستان	3219
گمونم	3216
اوني	3207
قرباني	3203
سریع	3202
چيزاي	3194
ميگيره	3188
واقعی	3187
مثلا	3184
بیخیال	3181
پرنده	3179
مغز	3179
حسابي	3177
كرده	3171
حفظ	3167
جالبه	3166
بيان	3166
شي	3166
خلاص	3164
حرفه	3157
الآن	3156
ارباب	3155
جلوی	3154
بيست	3152
تاريخ	3151
نتونستم	3150
خاموش	3150
شکر	3147
تره	3147
سختي	3141
نمیکنم	3140
ببينيد	3140
سن	3138
زمانی	3137
اعتقاد	3137
وقتا	3135
زيبا	3128
پي	3123
کارمون	3121
ايجاد	3118
کیه	3117
بيماري	3117
دوربين	3115
دعوا	3113
نيستيم	3111
كسي	3109
خواهيم	3107
بلکه	3101
هواپيما	3098
بخوره	3097
دوره	3095
مسيح	3093
شخص	3089
پياده	3086
درخت	3082
خوردم	3081
بدونه	3078
ببره	3077
متاسفانه	3077
يادته	3077
ديگر	3066
رم	3064
کلاه	3062
میریم	3062
اعلام	3059
هممون	3058
ببند	3058
همگي	3058
فرد	3056
دليلي	3055
قدر	3051
فهمم	3050
ميز	3049
تیم	3047
چيزهايي	3046
ولم	3042
هاتون	3041
تصمیم	3040
ساحل	3036
شراب	3036
خوان	3035
عادت	3032
ربطي	3028
شوهر	3026
کلی	3025
ترین	3024
تغییر	3022
ميكني	3021
ديويد	3020
كي	3019
تکرار	3016
عصر	3016
عروسي	3009
شخصي	3008
بعضی	2999
ديروز	2995
حرفي	2994
همونجا	2991
بفهمم	2986
کافی	2979
برگرده	2975
افسر	2974
عزيز	2973
میدی	2972
ببرم	2967
مکس	2964
گیر	2963
سينه	2959
قفل	2957
اينجايي	2948
گردن	2945
نکرد	2943
خواهند	2942
تميز	2942
حواست	2941
ليست	2939
نميدوني	2939
آوردن	2938
اینطوری	2938
پير	2938
گناه	2938
مايک	2934
ترجيح	2933
دقیقا	2928
بزنن	2926
نشان	2923
مشخص	2922
جوون	2921
معلوم	2920
ايه	2917
ژنرال	2917
منفجر	2915
ديوار	2906
دستگير	2905
آورد	2904
امنيت	2901
ميکنند	2901
نشه	2899
خيانت	2892
بيايد	2891
اینجاست	2891
امضا	2891
نخور	2891
كردي	2888
مادرش	2886
ملحق	2884
غیر	2880
پدرش	2878
مامانم	2876
دیدی	2873
باهوش	2864
تخم	2863
شيطان	2860
هشدار	2858
مايکل	2855
میگن	2855
اشکالي	2855
ماجرا	2853
شرايط	2852
صاحب	2849
کوتاه	2844
درون	2844
مرغ	2843
لي	2842
دارو	2841
خداوند	2839
خونواده	2838
بذاري	2836
خبري	2830
رستوران	2830
رها	2829
بعداً	2829
ذهن	2828
مغازه	2827
کشت	2824
عضو	2823
دريايي	2823
اشتباهي	2823
رييس	2815
نوبت	2811
بيش	2808
باري	2807
آنچه	2805
شنیدم	2803
ميدونيم	2801
شاهد	2799
راس	2796
تعداد	2794
کارهاي	2792
واحد	2791
بياره	2790
دیوونه	2789
بودیم	2787
امیدوارم	2785
فروش	2781
اميد	2781
شکار	2773
مثه	2769
براشون	2760
مصرف	2759
نداریم	2759
میشم	2756
تونیم	2756
میخواستم	2755
سوم	2753
باره	2752
کوچک	2747
ميكنه	2747
بيفته	2745
ثبت	2741
بالاي	2740
بابام	2740
بشنوم	2740
عمليات	2739
تمرکز	2736
میکرد	2736
گذاشتن	2733
میشن	2730
میشی	2724
برگشت	2721
آموزش	2721
بخیر	2719
میری	2719
آرامش	2716
مبارک	2714
شنبه	2711
بگیری	2710
ميخواين	2701
لندن	2701
ميارم	2695
مناسب	2694
ميرن	2694
ميکنين	2692
نگهبان	2690
تونن	2687
نشو	2685
لو	2678
كردن	2677
باشید	2677
آتيش	2675
همتون	2671
بزنیم	2667
کمکي	2665
زنداني	2665
استخدام	2664
دارین	2663
مياره	2663
آخرش	2662
وکيل	2661
گذاشت	2660
نميدم	2657
چوب	2656
طولاني	2656
چهره	2651
خاک	2650
عليه	2649
هيجان	2649
چاقو	2647
بامزه	2638
تصادف	2637
چيزها	2636
نا	2634
ميفته	2632
نيم	2631
برگشته	2629
بو	2629
درصد	2626
دنبالم	2624
ايم	2623
نکني	2619
اینقدر	2618
غلطي	2617
قشنگ	2612
سرنوشت	2612
قانوني	2612
دارید	2611
اف	2606
یارو	2606
آي	2602
قايق	2598
اینم	2592
سلامتي	2591
بخواب	2590
حقوق	2589
خاص	2589
مشکلات	2586
بهتري	2584
بخوري	2583
نشونه	2583
موقعي	2578
بدو	2578
بزرگترين	2577
آزادي	2575
میام	2574
کليد	2573
انتقام	2573
كاري	2572
مگر	2571
شن	2566
خجالت	2563
بلايي	2562
اوقات	2561
سوراخ	2560
ميتونن	2560
صدای	2557
چیزیه	2556
زبان	2553
امنه	2550
صلح	2547
انگليسي	2547
آیا	2546
اینطور	2545
مريض	2543
جين	2543
تولد	2540
پسرت	2536
الکس	2536
بردن	2536
کارها	2535
نخواهد	2535
بميره	2533
کجايي	2533
تبدیل	2532
بزرگتر	2532
اتوبوس	2532
وسيله	2531
مردن	2531
بينمت	2531
فرشته	2530
جزيره	2529
همينطوره	2529
برید	2528
بسیار	2526
آشام	2525
سقوط	2522
پيغام	2519
ـش	2518
موسيقي	2511
مني	2509
عجيبه	2507
عذر	2506
جنوب	2504
گي	2504
برادرت	2503
باحال	2501
شکسته	2500
راز	2496
دروازه	2496
رانندگي	2494
همسرم	2493
اخراج	2493
مدرک	2493
خرج	2492
دزدي	2492
ميخوره	2487
کسايي	2485
ميخورم	2484
عادي	2482
بیای	2482
تسليم	2480
نقاشي	2480
ضد	2477
علامت	2476
شانسي	2475
خاصي	2475
یادت	2473
تاحالا	2471
فرض	2468
اونجايي	2465
مري	2464
ميگفت	2464
نيک	2463
برگردي	2463
میزنم	2462
آبي	2456
بگيرش	2455
دهنده	2455
فرانسه	2455
قوانين	2454
مارک	2450
صندلي	2447
بفهمه	2446
رسه	2446
گردم	2445
زندگيت	2445
نديده	2442
احتمال	2441
تعريف	2441
آمريکايي	2437
ـت	2434
سطح	2433
سيگار	2433
هري	2432
ميخواستي	2426
ايستگاه	2426
باهاتون	2426
مدل	2425
انگيزه	2424
مامانت	2422
سفارش	2422
پل	2422
باشند	2422
ويژه	2419
گذاشتي	2417
کون	2416
باب	2415
غرق	2415
ري	2414
معرفي	2414
حسي	2413
راننده	2410
گمشو	2409
پسرا	2408
بابات	2408
موش	2407
اولش	2406
زخم	2406
واقعيت	2405
برقرار	2405
دنبالت	2404
افسانه	2404
اهميتي	2403
تعجب	2403
آرزو	2402
ميشناسم	2402
کشتی	2399
تونست	2399
موجود	2399
عبور	2394
تونستي	2393
کاره	2391
ببري	2390
کشه	2389
فصل	2388
برگشتم	2386
نرو	2386
پاره	2381
وظيفه	2381
احساسي	2379
اومديم	2379
صفحه	2378
كنيد	2378
بفرماييد	2376
شديد	2367
قايم	2366
تماشا	2365
حالي	2361
نگاهي	2358
هیچکس	2349
عالمه	2349
جيمز	2348
چراغ	2348
بزرگه	2347
شير	2347
بگيد	2345
پاشو	2342
آنا	2341
همدیگه	2338
کره	2338
دوران	2334
برگرديم	2334
چيزهاي	2333
دزد	2330
دانش	2330
خير	2330
بیام	2329
مستقيم	2324
غذاي	2324
تهديد	2323
يخ	2319
راجب	2319
خوشگله	2314
داشتیم	2313
نکته	2313
بيچاره	2312
نيمه	2311
ته	2311
بخوريم	2309
سری	2308
معمولا	2308
ظاهرا	2307
راهه	2306
مزه	2306
جيمي	2305
نگفتي	2304
ماموريت	2302
خطرناک	2301
قلبم	2300
گرفتيم	2300
تاثير	2300
فهمیدم	2299
قشنگه	2297
بگيم	2296
منظور	2295
نميدونستم	2293
ميدونيد	2292
انگشت	2291
ترتيب	2291
حمل	2288
بخوای	2288
ميتونيد	2286
کشيده	2284
داغون	2283
كجا	2282
بشیم	2280
ديوانه	2277
بیار	2277
کجان	2274
دربارش	2273
مرتبه	2271
قطعا	2271
دیده	2270
جورج	2269
بازش	2267
کيف	2267
آمد	2262
شدیم	2259
اطمينان	2257
صبرکن	2257
حرفم	2255
مشغول	2251
فکري	2249
مخصوص	2249
کردنش	2249
مدير	2249
نديدم	2247
بهشت	2246
پست	2245
سرزمين	2243
چجوری	2242
اصل	2241
گرسنه	2241
نشدم	2241
پنهان	2239
فاحشه	2239
دلیل	2238
وسايل	2237
بگيريد	2234
خوايم	2230
یادم	2226
حامله	2224
چیزایی	2221
بيل	2217
زاده	2215
سبز	2215
آسون	2215
مرحله	2213
معلم	2212
دخترت	2210
بشین	2209
پوشش	2208
ــه	2208
امنيتي	2204
ميتونستم	2204
تبريک	2202
درو	2201
گري	2201
ناپديد	2200
ميشناسي	2198
میان	2198
متفاوت	2196
فراموشش	2195
تلف	2195
بگیره	2193
خواهرم	2192
عوضی	2187
چيزو	2186
نشسته	2184
آینده	2184
قيافه	2183
چیزا	2183
ميفهمي	2182
ـم	2181
کت	2181
ميدونستي	2180
سنت	2180
گرفتی	2179
ساخت	2178
موندن	2178
وحشتناک	2176
خورشيد	2172
بند	2171
جمله	2171
اطلاع	2171
حمايت	2170
آفرين	2167
میزنی	2165
خوک	2165
سرد	2163
بانو	2163
خريد	2161
تحويل	2160
بخوابم	2159
جايزه	2159
گرگ	2157
نمیکنه	2157
عين	2156
نمیتونه	2153
نگفته	2152
واسش	2151
برميگردم	2149
رسيديم	2147
اونور	2147
صداش	2146
دختري	2146
حضور	2145
شناسايي	2142
بياريم	2140
برمي	2139
همينطوري	2138
لبخند	2137
متهم	2136
بندازم	2135
اخبار	2133
بيمار	2132
تقريباً	2131
خاطره	2130
گيرم	2130
شبکه	2129
نفوذ	2129
ور	2128
اونارو	2127
رسيدن	2126
ناهار	2125
مسائل	2125
مخفی	2124
تويي	2123
حادثه	2121
آبجو	2119
وضع	2115
اساس	2115
کمی	2112
وصل	2112
تعقيب	2111
ورود	2111
لرد	2110
بگين	2108
ادم	2107
قلعه	2107
بگیریم	2107
دچار	2104
چاره	2103
فرو	2103
خوره	2103
تقديم	2102
فعلا	2101
اقاي	2101
رخ	2100
آدمي	2099
حکم	2099
تاريکي	2098
وقتش	2097
بیاین	2096
تلويزيون	2094
عهده	2093
جادوگر	2091
ميکرديم	2088
دقت	2086
رفتيم	2085
لوله	2083
شمشير	2081
پزشکي	2079
فروشگاه	2079
الينا	2079
معمولي	2077
کشيد	2074
بعدی	2073
پیشنهاد	2071
ارائه	2071
مردی	2071
خطرناکه	2071
مت	2070
وحشت	2070
گوشه	2069
اُه	2068
روبرو	2066
نذار	2066
رواني	2065
نظامي	2065
بخشي	2064
فعال	2062
دن	2062
ميبره	2062
معروف	2061
حالتون	2056
هرزه	2055
بلد	2053
گروهبان	2052
زور	2050
درگير	2050
متنفر	2048
مصاحبه	2046
پروژه	2045
برسم	2041
نبودي	2041
شان	2040
مدارک	2039
دونيم	2037
نو	2036
بذاريد	2036
دراز	2033
موتور	2033
وانمود	2032
دستشويي	2030
صدات	2029
میرسه	2028
آم	2026
شين	2025
ببینی	2020
توافق	2019
آپارتمان	2017
تله	2016
راهی	2015
سازي	2014
دیر	2014
ابد	2011
مطمئنی	2011
مهمون	2009
تي	2009
بدونی	2009
راستي	2008
عقل	2007
ستوان	2006
ون	2005
سیاه	2003
کفش	2003
ضبط	2002
غم	2002
راحتي	1997
انبار	1996
ميکردن	1995
اتفاقات	1995
شنا	1993
زدی	1993
زيرنويس	1992
دهن	1991
چارلز	1989
جادو	1989
جرات	1987
شناسي	1986
همينجوري	1983
جاني	1982
عمر	1979
صندوق	1979
همينو	1978
منتقل	1978
سرويس	1978
خوبیه	1977
هرکاري	1973
بازرس	1972
ذهنم	1972
خوندم	1971
مزرعه	1967
بارون	1966
پرتاب	1966
سابقه	1965
برگشتي	1965
مطمئنا	1964
تست	1963
ريزي	1962
زيبايي	1962
مقاومت	1959
نشانه	1954
دزديده	1953
جلب	1953
تجاوز	1952
کارل	1952
پولي	1951
کيک	1951
کمکتون	1949
واضح	1949
قرض	1947
جامعه	1947
ديديم	1944
چرت	1943
نميخواستم	1943
دهنت	1942
نکنيد	1942
بندي	1942
کثافت	1940
هاوس	1940
زياده	1939
فوت	1938
کلانتر	1938
بدین	1936
مُرد	1934
نميگم	1933
شناسم	1931
قيمت	1930
پرستار	1930
هرچی	1929
پله	1929
سرمايه	1928
کمکش	1927
مايل	1927
چيكار	1927
میخوایم	1923
احساسات	1923
کثيف	1921
کوچیک	1920
بذارين	1920
درواقع	1918
گونه	1918
بدش	1918
فرود	1917
باشین	1915
میدونه	1915
ببخش	1913
توماس	1912
خورم	1909
نگاش	1908
خدایا	1907
کوه	1906
فايده	1905
بیدار	1904
عصبي	1903
سابق	1903
کارتون	1902
اشکال	1902
پروفسور	1901
شايدم	1899
شوهرم	1899
صرف	1899
عجیب	1898
طرز	1897
شيشه	1897
سريعتر	1897
قرص	1897
زحمت	1895
بیشتری	1894
درش	1893
انفجار	1892
شوخی	1892
هزينه	1889
انگيز	1889
کاريه	1889
اینکار	1888
میزنه	1887
برداري	1886
مزخرف	1884
بودين	1882
بازار	1881
پيچيده	1881
اميدوار	1880
طريق	1879
زميني	1878
کاراي	1878
میدیم	1875
نرم	1869
شامل	1866
کساني	1865
نميشم	1864
رشد	1863
نمونده	1863
محله	1861
اسکات	1860
هزاران	1860
مدتي	1857
بذاريم	1857
متحده	1856
بکنیم	1854
ساز	1853
برج	1850
ظهر	1848
صدام	1848
خصوصي	1847
آغاز	1846
بکنن	1845
غريبه	1843
بینی	1843
ظاهر	1842
شدت	1842
فرودگاه	1839
ماده	1837
مانند	1837
اونايي	1836
بزنيد	1836
تري	1836
سو	1836
ميومد	1835
گاهي	1835
باحاله	1834
وحشي	1833
طلسم	1833
تشخيص	1833
ببینیم	1833
حقه	1830
انتقال	1829
دني	1829
طلا	1828
دریافت	1826
بدنش	1823
بفهمي	1822
طبيعي	1820
بیارم	1820
روم	1819
آدرس	1817
نيروهاي	1817
طوفان	1816
بشيد	1816
رنج	1815
راضي	1815
اذيت	1815
مزاحم	1815
خودته	1813
دوش	1813
اطلاعاتي	1813
ال	1812
جوری	1809
مرسی	1804
چندين	1804
مختلف	1804
زبون	1801
خشک	1800
کاراگاه	1800
ميزنيم	1799
سفينه	1799
سرخ	1799
دلش	1798
اومدين	1797
بگيرن	1796
تن	1796
ايمان	1795
هرچيزي	1794
انرژي	1793
پيام	1793
كمك	1793
خواهرت	1792
دريا	1791
جنازه	1790
تکه	1790
سرطان	1789
سیستم	1786
مردان	1784
برسيم	1784
اعضاي	1783
شلوغه	1781
برداشت	1780
قرارداد	1780
کشف	1780
گذاري	1779
رفقا	1778
گيره	1778
ديدنت	1777
ديدمش	1775
خوردي	1774
قدیمی	1774
فهمي	1774
نسخه	1773
ـست	1772
سالها	1770
برین	1766
جذاب	1765
اسمم	1764
کليسا	1762
ديمن	1761
خاطرات	1760
بميرم	1759
حفاظت	1748
اهمیت	1746
روزه	1745
تونيد	1744
اماده	1744
نميکردم	1743
بتونیم	1742
بغل	1742
گاو	1740
تاييد	1740
آمریکا	1740
کف	1738
چيني	1738
ميدونين	1737
گوشي	1736
عمرم	1735
معجزه	1732
هموني	1731
میخوان	1731
زخمي	1730
اینجام	1730
عدالت	1728
ميگيري	1728
همینجا	1728
مجازات	1728
شخصيت	1726
نبرد	1726
چاک	1726
رودخونه	1724
دیدن	1723
حرفت	1722
بليط	1721
میدن	1720
بگيرين	1718
شيم	1717
گرده	1716
راي	1715
توضیح	1714
يادمه	1714
فوتبال	1713
هوش	1712
اجاره	1712
احتیاج	1710
انجمن	1709
زنی	1708
وايستا	1707
خدافظ	1707
بطور	1705
تحقيق	1703
مهمي	1702
دسترسي	1701
ديگري	1700
دیشب	1699
مسئوليت	1697
خر	1696
رابرت	1695
ميشنوي	1694
سايه	1691
خوشمزه	1690
آرتور	1689
قوی	1689
تقصیر	1688
بمونيم	1686
آخ	1685
جيم	1685
ممكنه	1682
اينجور	1681
دين	1681
ایده	1680
هستید	1680
نگفت	1680
قضاوت	1679
ميگذره	1679
بدترين	1679
توانايي	1677
بپرس	1677
کِي	1676
قرن	1676
ريچارد	1675
موفقيت	1674
نکردن	1672
تقریبا	1671
هسته	1670
متعلق	1670
دی	1669
پایان	1668
پاريس	1667
جین	1667
حواسم	1666
ببريم	1664
وجه	1663
جديدي	1662
بذاره	1661
رمز	1659
عاشقش	1659
فيل	1659
پسرش	1659
تنهایی	1656
نميدونه	1655
ميزنن	1654
همکاري	1654
صورتت	1653
جفت	1653
ديگران	1651
شکنجه	1651
آسیب	1650
کردین	1647
نوار	1646
دام	1645
سلول	1644
بهرحال	1644
بنظرم	1643
رهبر	1643
افتادم	1643
فرقي	1642
فرانسوي	1641
ميل	1641
فضا	1640
جراحي	1640
انداخته	1638
بالاتر	1634
بانوي	1634
دوستام	1633
قاضي	1632
داغ	1631
غرب	1630
بفهميم	1630
موافقم	1629
کشيدن	1628
خاله	1628
مرز	1627
بتونی	1627
زنت	1627
گيج	1626
دندون	1625
ترسم	1624
نوعي	1622
سؤال	1622
مالي	1622
جلوش	1621
منبع	1619
تجارت	1619
کلاوس	1619
حافظه	1618
ريخته	1618
ميفهمم	1618
کش	1617
سالن	1617
زديم	1616
کريسمس	1614
ملي	1611
شناخته	1610
نمیتونیم	1609
موافقت	1609
نیستن	1609
بوجود	1608
وزير	1608
بردم	1607
اسباب	1605
ببينمش	1604
دوستي	1602
شر	1601
نداده	1601
هند	1600
خدايان	1599
مايه	1598
طلاق	1598
مزخرفه	1597
جریان	1596
آفتاب	1595
توليد	1591
نگراني	1590
شهردار	1590
باقی	1590
بابي	1589
سرهنگ	1588
روزی	1588
شلوار	1587
بال	1586
انداخت	1584
خیله	1583
مخدر	1583
پنجاه	1583
مثلاً	1583
گشت	1583
اصلی	1582
آدمايي	1582
آشپزخونه	1581
بوديد	1580
امنیت	1579
هوايي	1579
کارآگاه	1579
مظنون	1576
اوکي	1576
الانم	1576
بستگي	1575
قاطي	1574
سياره	1573
میلیون	1572
آواز	1569
آها	1568
مردها	1568
جداً	1568
رز	1566
ضعيف	1566
کلارک	1563
مرا	1562
نمیکنی	1562
دفن	1562
عصبانی	1561
نابغه	1560
حرفا	1560
جات	1558
هواي	1557
تعلق	1557
نره	1556
خشونت	1556
بررسی	1555
همسايه	1551
بندازه	1551
مقصر	1551
بگذره	1550
پيشرفت	1548
دقیقاً	1547
قبوله	1546
كنن	1545
مشتري	1544
كنين	1544
بزودي	1542
قبلش	1542
جهت	1541
درستي	1541
سالي	1541
ميداد	1539
کانال	1539
نسل	1538
نشونت	1538
لب	1538
کيت	1537
بیمارستان	1535
میشد	1535
ريچل	1532
متر	1531
همکار	1530
ضمن	1529
خودمم	1527
معنيش	1527
خواهيد	1526
مثله	1525
تحقيقات	1525
لخت	1524
ميخوري	1520
جبران	1519
عرض	1519
ندادم	1519
آزمايشگاه	1519
چنین	1518
کاخ	1516
کاغذ	1515
پيروزي	1514
نکنيم	1514
تامي	1513
سی	1513
ماري	1513
ترسناک	1512
هاروي	1511
آسمان	1511
هيچکدوم	1511
رحم	1511
باني	1509
زانو	1507
جويي	1506
بازداشت	1506
تند	1505
نون	1504
بدید	1504
ميدونن	1504
آلمان	1503
کد	1503
ميذارم	1503
ميگردم	1501
ببينين	1501
میکردی	1501
برگشتن	1498
بخونم	1498
مهربون	1497
بندازي	1496
خالی	1496
محکوم	1496
ظرف	1495
دخترش	1495
استعداد	1495
هستین	1494
سفید	1494
تاج	1492
دانم	1492
میبینی	1492
محافظ	1491
کول	1491
تصوير	1491
جنس	1491
آنجلس	1490
همان	1489
علاوه	1488
بجز	1488
گن	1488
آهان	1488
تیکه	1488
خرس	1487
شيد	1487
باورت	1486
حموم	1485
فهميد	1483
قلبت	1481
خیابون	1481
بميري	1478
ميتونين	1478
شعر	1478
دهد	1478
بردارم	1478
بتونن	1476
تولدت	1476
میای	1476
رسيدم	1475
چيزه	1475
حروم	1473
جیمز	1473
بيلي	1473
مسابقات	1472
قلبش	1472
عمومي	1472
تاکسي	1471
ساختمان	1471
ازمون	1469
طرح	1469
دید	1468
فروشي	1468
اختيار	1468
دوستاي	1468
وي	1467
شرق	1466
جنسي	1464
پات	1464
محلي	1464
آرام	1462
ايالت	1462
نیازی	1461
گول	1461
نکرديم	1459
آور	1456
زندگيش	1455
بکشن	1455
زودی	1455
ره	1454
کيم	1451
جمعه	1450
شوند	1450
جنگي	1450
دهه	1450
جستجو	1450
ميخوايد	1449
نجاتش	1449
شنيده	1449
میشیم	1449
شرایط	1449
نديدي	1447
شجاع	1447
کشي	1447
سبک	1444
فرا	1444
شاد	1444
عجيبي	1444
سوخت	1443
بکشی	1442
کمپ	1441
جورایی	1441
مرتب	1440
بيارين	1439
طراحي	1438
ميترسم	1438
متولد	1437
بزرگی	1437
نقل	1437
نمیده	1437
رسمي	1437
خوني	1437
پی	1436
كم	1436
کشيش	1434
عيسي	1432
گور	1432
صدامو	1432
ذهنت	1431
کارهايي	1429
موج	1429
کشتم	1429
تيراندازي	1429
ايول	1428
رسید	1426
عروس	1426
محرمانه	1425
بزارم	1424
هدر	1424
ميگفتم	1424
ويل	1423
کاترين	1423
کارايي	1423
خونريزي	1422
لس	1422
شمالي	1421
بلا	1421
موقعیت	1420
ميتونست	1420
کافیه	1419
نبودن	1418
صاف	1418
پام	1417
درموردش	1416
معنی	1416
واکنش	1416
هرکسي	1416
سرزنش	1415
ادوارد	1414
نهايت	1413
سناتور	1413
پارتي	1411
توقف	1411
نشونم	1411
سيب	1410
خروج	1410
ببینه	1410
عميق	1409
نميتونن	1409
شدين	1408
اصرار	1408
طي	1407
مث	1407
نكن	1406
مسلح	1405
خیال	1404
واقعيه	1404
مياري	1404
آوره	1403
چاي	1403
توهم	1403
مجله	1403
خداحافظي	1402
مسیر	1402
ميزد	1401
بخرم	1401
اوهوم	1400
بدنت	1400
زندگیم	1400
متخصص	1398
قبلي	1397
آدمای	1397
التماس	1396
نیروی	1395
روزا	1394
پاسخ	1393
نميرم	1393
دوري	1392
شهادت	1392
رسيدگي	1392
ببينمت	1392
داگ	1392
هنر	1390
منظورش	1390
مترجم	1390
اونطرف	1389
ثانیه	1389
اينجاييم	1389
شيريني	1388
هروقت	1388
افرادي	1388
کاميون	1388
موندم	1388
دکمه	1387
کسب	1387
میخواست	1386
خواستن	1385
نميفهمم	1385
کارشون	1385
خودتم	1385
روت	1385
جونز	1384
دوستات	1384
روزها	1384
آسمون	1383
نميدي	1383
حلش	1383
چيو	1383
اميلي	1382
کتک	1382
زنش	1381
انساني	1379
چين	1378
خوندن	1378
امان	1378
هوم	1378
استيو	1378
اژدها	1378
فدرال	1376
انداختن	1376
نداد	1375
میکشه	1375
مقاله	1374
تنظيم	1373
دخالت	1372
بندم	1371
مطالعه	1370
پرده	1370
شريک	1370
زنان	1369
برميگرده	1368
ماهواره	1368
ميميره	1368
فعلاً	1368
کلمات	1368
نکردی	1367
غول	1367
مار	1365
سروان	1365
شنیدی	1365
خبری	1365
درحال	1364
طناب	1364
کوچولوي	1363
اندي	1363
نترس	1362
داشتني	1361
پولدار	1361
نامزد	1361
چاق	1360
سواري	1359
رسیده	1359
بعلاوه	1359
نميري	1358
عمه	1358
آوردی	1355
چهارم	1355
مخصوصا	1354
قادر	1354
صادقانه	1352
معاون	1352
لوک	1349
ميگيريم	1348
تهيه	1348
دان	1347
آلوده	1346
گیری	1345
رفتی	1345
گروگان	1345
تپه	1345
مهارت	1344
بوم	1344
سخنراني	1342
دنیای	1341
شونه	1340
جهاني	1339
بنابراین	1338
معبد	1338
ليوان	1338
خواين	1336
خلاف	1336
قطعه	1336
حسابی	1335
ساختن	1335
اشتباهه	1334
مأمور	1334
تمامي	1334
همچنان	1334
تعطيلات	1334
دادیم	1333
دبيرستان	1333
فضايي	1332
قصر	1332
جاسوس	1332
انداختم	1332
شمارو	1331
پاول	1331
ايي	1331
پيدات	1330
بینم	1330
حکومت	1329
ظاهراً	1328
ايد	1328
باغ	1328
ميکند	1327
سرقت	1326
همجنس	1326
خيابان	1324
ایشون	1324
هيولا	1324
عاشقتم	1324
کيسه	1323
کارتر	1323
امتياز	1322
ببينن	1322
پاش	1322
بنده	1321
بدبخت	1320
چشمات	1319
هارولد	1317
فهمیدی	1317
سقف	1317
دخترها	1315
محموله	1315
مشخصه	1312
بگن	1310
خونش	1310
قایق	1310
بياييد	1310
شکايت	1309
موشک	1308
بیش	1308
چرخ	1307
لمس	1307
زشت	1306
تاريک	1305
جی	1305
ربکا	1305
ميوفته	1304
جيسون	1304
اکنون	1303
تد	1303
ترسيده	1303
نيومده	1302
فرستادم	1301
خیانت	1301
کارول	1301
افتادن	1301
داشتند	1300
نميره	1299
وزن	1299
متقاعد	1298
جرمي	1298
دووم	1297
ببرش	1297
شلوغ	1296
هو	1296
چت	1296
ملت	1295
مُردن	1295
دقيق	1295
برگزار	1294
بیاری	1294
نمیخوای	1294
تاریخ	1293
بخوابي	1292
مجلس	1292
مونم	1290
ميبندم	1290
اینجایی	1290
اونجوري	1289
کمکمون	1288
توام	1288
ديو	1288
هيئت	1287
نويسنده	1286
صورتش	1286
اوکی	1285
بياريد	1285
بابايي	1283
میدونستم	1283
متحد	1282
حيوون	1282
خواستی	1280
خوابم	1279
ساعته	1279
دادند	1277
بمونی	1277
پاپ	1276
واضحه	1276
سکسي	1275
گریه	1275
لحاظ	1274
شلدون	1274
پای	1274
جزیره	1273
سکه	1273
ويروس	1273
تونل	1272
هرحال	1272
نوشیدنی	1271
پايگاه	1271
مذاکره	1269
دود	1269
ليلي	1269
وضعیت	1269
تمرین	1269
اعدام	1268
باشگاه	1268
آتیش	1267
بندازيم	1267
فرمان	1267
پيروز	1266
نتیجه	1266
صف	1265
بزنين	1263
جلوشو	1263
ارواح	1263
میکنید	1262
بازنده	1262
فرستاد	1261
مطمئناً	1260
فورا	1259
نشدي	1259
حبس	1258
ميکشم	1256
منابع	1256
بفرست	1255
خواهی	1254
دستورات	1253
نقره	1252
خوري	1252
شیطان	1252
معرکه	1251
نداشتي	1251
قشنگي	1251
مشترک	1251
مشاور	1250
امسال	1249
نيستند	1249
ميکرده	1249
بدجوري	1248
معمولاً	1248
افزايش	1247
بیاید	1246
فرستادن	1246
نزدم	1246
جنوبي	1246
زمينه	1245
جام	1244
آی	1244
خشم	1244
فکرش	1244
چگونه	1244
دوربین	1243
شکلات	1243
آهاي	1242
مهمونی	1242
نميشي	1241
انگلستان	1240
آمده	1239
تنهام	1238
چیزای	1237
ماله	1235
ويليام	1235
ميدونست	1235
نيستش	1235
طوری	1234
قلبي	1233
باي	1233
کلا	1232
خوشحالي	1231
باهامون	1231
ميبرم	1230
بلدم	1229
جوجه	1229
آلن	1228
دكتر	1228
بودش	1228
استيفن	1228
موجودات	1228
نکنين	1228
شيرين	1227
خلبان	1227
هه	1227
موافق	1226
اشکالی	1226
سود	1225
بازه	1225
پیام	1225
مرتکب	1225
سيم	1224
نميکنن	1224
پيشت	1224
دوس	1224
پولش	1223
فکرشو	1222
بعدشم	1222
ايالات	1221
دوازده	1221
باند	1220
قربانی	1220
ایجاد	1219
لوسي	1218
کور	1216
واشنگتن	1216
نمیخواد	1215
دره	1215
عذاب	1214
وان	1212
ريم	1212
اسمشو	1212
میدونیم	1211
لطفي	1211
بيمه	1211
بذارش	1210
پيشش	1210
منطقي	1209
فراري	1209
اقيانوس	1209
بذاری	1208
ميمونم	1208
فلش	1208
گمون	1208
کجاس	1206
صبحونه	1206
ميگفتي	1205
همم	1205
ريسک	1203
آلماني	1203
پوشيده	1203
بندازش	1203
نميتونستم	1203
مرگش	1203
امتحانش	1202
سوزان	1202
شخصی	1201
نیستیم	1201
هدايت	1200
برسي	1199
نفرت	1199
گمشده	1198
همسرش	1197
بپر	1197
خودکشي	1196
دستگیر	1196
جسي	1196
نظري	1195
الیور	1194
همسرت	1193
نوشتم	1191
سان	1191
برداشته	1190
فرياد	1189
قطعاً	1189
دلیلی	1187
مگي	1187
کارخونه	1186
چهل	1186
بمن	1185
نمایش	1185
دونيد	1184
تظاهر	1184
خارجي	1183
سلامت	1183
گرفتمش	1183
پادشاهي	1181
چجور	1180
عاليجناب	1180
برت	1179
آهن	1179
زنها	1179
سالشه	1179
مثلِ	1179
عشقم	1179
سختی	1177
ببینید	1177
لاک	1177
لئونارد	1176
يهو	1176
بروس	1176
بطري	1176
بدونن	1175
مشهور	1175
خونم	1175
دونست	1175
بردي	1174
اوليه	1174
حسی	1174
حاضرم	1173
فارغ	1172
راستشو	1172
توست	1172
ببريد	1171
بلدي	1171
استفن	1170
مارکوس	1170
سريال	1170
ميدادم	1170
اثبات	1169
دوچرخه	1169
خشن	1169
علم	1168
شی	1168
ترجیح	1167
قانع	1166
علیه	1166
سکوت	1166
میبینم	1166
کارِ	1166
تواند	1165
همگی	1164
میمونه	1164
خان	1163
داخلي	1162
حضرت	1162
منتظرم	1162
مقام	1162
نيومد	1161
ورزش	1161
کري	1161
ارتباطي	1161
ادعا	1161
ضعف	1160
نميدونيم	1160
دونن	1160
اريک	1160
آنجا	1160
مساله	1160
یادته	1159
موند	1159
گشتم	1159
جيغ	1158
ناراحتي	1155
رقابت	1155
دوسش	1154
ميايم	1154
كرديم	1154
تابستون	1154
اليزابت	1153
مانع	1153
بازجويي	1153
آوري	1153
نگير	1153
ارشد	1153
اينارو	1152
سرو	1152
نفرين	1151
اخطار	1150
بخون	1150
خوابيده	1150
بیان	1149
نرفته	1149
مجوز	1149
محدوده	1148
میبینمت	1147
تیر	1147
بوس	1147
سنگين	1146
انداختي	1145
زندانی	1145
نیک	1145
آدام	1144
کريس	1144
بخشش	1141
محاکمه	1141
ميمون	1141
پناه	1140
اونطوري	1140
رام	1140
قدرتمند	1139
جیمی	1138
يادتون	1137
جذب	1137
ایه	1137
هردومون	1137
کمکی	1136
مجرم	1135
تور	1135
حوصله	1135
جفتمون	1134
اصلاح	1134
کاپیتان	1133
گندش	1133
اومديد	1133
ريک	1133
زيباست	1132
برگه	1131
هيچکي	1131
اروم	1131
خوشي	1130
هواپیما	1130
بالاست	1128
میگیره	1128
احمقي	1128
پرسيدم	1127
دوبار	1127
منظورتون	1127
خوششون	1126
شادي	1126
اونی	1126
يادش	1126
نميگي	1126
شبه	1126
ديدمت	1125
دونستي	1125
نمیدونی	1124
برف	1124
اروپا	1124
جرج	1122
خدمتکار	1121
دستات	1121
تخته	1121
تقسيم	1120
لیست	1120
خطا	1120
آزار	1118
ميندازه	1118
کمال	1116
عملیات	1116
سرِ	1115
عاشقانه	1113
شوهرت	1112
منصفانه	1112
يکبار	1112
بکنيد	1112
عروسک	1111
اينجان	1111
نيس	1110
کسایی	1110
نداشتيم	1110
يهودي	1110
ربطی	1109
کردید	1108
ماسک	1108
سوء	1108
حيوانات	1108
جزئيات	1107
دستي	1107
نتونست	1107
صبحانه	1106
شکلي	1106
صادق	1106
منتظره	1106
پرنسس	1105
نقد	1105
الماس	1103
خدمه	1103
امید	1103
تونسته	1103
بپرسي	1102
پوند	1102
مارتين	1102
پشتيباني	1102
خواننده	1101
ختم	1101
ندادي	1101
توالت	1100
بزرگيه	1100
کامپيوتر	1099
آمبولانس	1098
يو	1098
خودمه	1097
باباي	1095
چنده	1095
فراهم	1095
کرم	1095
فرماندار	1094
راهم	1094
دیوید	1093
بوی	1092
همچنین	1092
عذرخواهي	1092
نظرتون	1091
نميکنيم	1091
بارها	1091
دیوار	1090
كنار	1089
همونطوري	1089
سوالي	1089
میز	1089
هنک	1088
دستمون	1088
ندارين	1087
ورودي	1087
نيز	1087
کوفتي	1086
مربي	1086
انداز	1086
بازگشت	1086
پیاده	1086
دوشنبه	1085
تفاوت	1084
مایک	1084
ميگيم	1084
داشتين	1084
سرکار	1082
خرد	1082
وحشتناکه	1081
وقتيکه	1081
اوم	1081
حرفی	1080
نداشتن	1080
شرقي	1080
متأسفانه	1079
بخشی	1079
نوشتن	1077
کردنه	1076
راک	1076
پايه	1075
آمریکایی	1075
ادي	1075
عادلانه	1075
بيايم	1075
غروب	1074
پناهگاه	1074
توهين	1074
دیگر	1073
نماينده	1073
سرمون	1072
ارزشش	1072
نيرو	1071
زوج	1071
رسيدي	1070
مثبت	1070
ماهه	1070
وقتها	1068
شرم	1067
همینطوره	1067
طرفدار	1067
چارلی	1066
ميزدم	1066
رودخانه	1066
صورتي	1066
کسيه	1066
خبرا	1065
غلط	1065
امريکا	1064
غربي	1064
نداريد	1063
باری	1063
درياچه	1063
كجاست	1062
نفره	1060
اردوگاه	1059
بفهمن	1059
طاقت	1059
صورتم	1058
جزو	1057
برعکس	1057
شهري	1057
ميشدم	1056
زرد	1056
کو	1056
حرفش	1055
ميگيرن	1053
اعليحضرت	1053
هرچند	1053
آورديم	1053
واقعیت	1053
وو	1052
جلوتر	1051
بيارش	1050
خدمات	1050
ميشود	1050
طلايي	1049
شوهرش	1049
جکسون	1049
بشنوي	1049
خرده	1048
منی	1048
فاجعه	1048
اسکار	1048
نفري	1048
بيوفته	1048
نگرانم	1047
پزشک	1047
میگیرم	1047
زیبا	1047
رديف	1046
جيک	1046
فرانسيس	1045
کايل	1045
بارت	1045
عموم	1044
محاصره	1043
ماموریت	1043
نفع	1043
بکشيم	1043
اضطراري	1042
دریایی	1042
نورمن	1041
بخوان	1041
ميدان	1040
ایم	1040
بازيگر	1040
خائن	1040
عرق	1039
نباشم	1039
مطلب	1038
طولانی	1038
جادويي	1037
قسمتي	1036
کوين	1036
ميتونستي	1036
برمی	1036
رسانه	1036
استعفا	1036
نکنی	1035
ويکتور	1035
جنايت	1035
فرزند	1035
سرده	1034
تخليه	1034
يکيشون	1034
بیاره	1033
برسونه	1033
حذف	1032
الهام	1032
تايلر	1032
اشتباهی	1032
داخلش	1031
ايست	1031
مَرد	1031
بمیره	1031
جونم	1031
کابوس	1030
پري	1030
آقايان	1030
استخوان	1030
پُر	1030
دادين	1030
خلاصه	1030
تمیز	1029
توصيه	1029
سالمه	1028
متشكرم	1028
هويت	1028
میرن	1027
قانونی	1027
سهام	1026
نمک	1025
ريس	1025
مسیح	1024
حسش	1024
پيشم	1024
بت	1023
نياد	1023
فراتر	1022
پيداشون	1022
قد	1022
هانا	1022
حله	1022
موهاي	1021
منتشر	1021
بیماری	1021
مجسمه	1021
ميكنيم	1020
درود	1020
چشمام	1020
کير	1020
جن	1019
دليلش	1019
بدونيم	1019
نتونم	1019
صدها	1019
عادی	1018
کاهش	1018
چاپ	1018
مارشال	1018
الکل	1018
میتونن	1018
جاييه	1017
اطاعت	1017
ميموني	1016
جري	1015
شجاعت	1014
پسرها	1013
نوه	1013
سياست	1013
آميز	1013
هاوارد	1012
کشيدم	1012
رییس	1011
جمهوري	1011
اينترنت	1011
بمونيد	1011
کارن	1010
هک	1010
بزاري	1008
فردي	1008
سام	1007
سرشون	1007
نمیدم	1007
رويا	1006
پني	1006
مثال	1006
بنظرت	1005
بوسيله	1004
خوشبختم	1004
آمديد	1003
بدجور	1003
نقص	1003
شبي	1002
برسونم	1002
کشم	1002
خرگوش	1002
بل	1001
مهمان	1000
لاس	1000
استرس	1000
جمعيت	1000
رشته	1000
غلطی	999
حرفاي	999
بهتری	999
اگرچه	998
شيطاني	998
سمي	998
کپي	997
کوپر	997
تشکيل	997
نتونه	997
بدنم	997
سرگرم	996
خرابه	996
میکنین	994
ربط	993
تهدید	993
خاصی	992
هرکاری	992
طلوع	992
تويه	992
ویل	992
غريب	991
هدیه	991
ناخدا	990
کين	990
آسانسور	990
شورش	990
بصورت	989
بشينيد	989
سالش	989
بیفته	989
بشينم	988
ارتفاع	987
ندارد	985
غذايي	985
ترسو	985
روانی	984
خيره	984
خم	984
راهنمايي	983
روان	983
آزادی	982
فاسد	981
آرزوي	981
تزريق	979
ماهی	979
آليس	979
روبراهه	979
قشنگيه	979
مسافرت	979
شخصا	978
بکشش	978
خوابه	978
پيرمرد	977
تصادفي	977
مجموعه	977
شبانه	977
بشر	977
همینجوری	976
تحویل	976
خريدم	976
مقداري	975
اوليويا	974
ميگرده	974
نظارت	973
فعاليت	972
کجایی	972
راهش	971
هلن	971
معدن	970
نمياي	970
سلامتی	970
ميافته	970
منحرف	970
تونين	970
ميذاره	969
مشکلت	969
روابط	969
دنيل	969
جلوگيري	969
نميرسه	969
گذاشتی	968
اومدیم	968
کمه	967
انتخابات	967
کنگره	966
وين	966
قایم	965
بوسه	964
نميذارم	963
دوشيزه	963
نااميد	963
خنجر	962
دروغگو	962
سهم	962
قصه	962
دنی	962
سراسر	961
عسل	960
میخواستی	960
قبر	959
پسري	959
محوطه	958
استخر	958
امنیتی	958
اجتماعي	957
مستقیم	957
تعریف	956
دانا	955
مرخصي	955
حمام	954
شارلوت	954
مادربزرگ	954
راهرو	953
سزار	953
داروي	953
صفر	953
کلید	953
شکم	953
سپس	952
ندارند	952
نیویورک	952
بلایی	952
مقامات	951
بالای	950
قوانین	950
عيبي	950
مغزي	950
دیروز	950
وظیفه	949
گرچه	949
تعيين	949
سفت	948
نظريه	947
مشکوک	947
کشیده	946
هاتو	946
اهمیتی	946
اعصاب	945
عزیز	945
گرد	944
گزينه	943
نخواهم	943
پرسي	942
داشتيد	941
برگردين	941
رسم	941
هال	941
ببرن	941
بخاطرش	940
اعتراض	939
ویژه	938
بیست	938
وزارت	938
پرچم	937
برادرش	937
اب	937
زجر	937
خاموشش	937
مدیر	937
امکانش	937
خطره	936
برگ	936
خلق	936
مردا	934
مقابله	934
شکارچي	934
تسلیم	934
مخالف	934
نگرانش	934
وکیل	933
ميکشي	933
يکمي	933
طبيعت	933
ران	932
اقدام	932
برگردون	932
دختراي	931
ميشنوم	931
برگرديد	931
کالج	930
سلطنتي	929
آماندا	929
فکری	927
عاشقشم	927
طعمه	927
ميرفت	927
منتظرت	926
ری	925
نگهداري	925
دومون	925
بینمت	925
ميذاري	924
فريب	923
میاره	923
بوستون	923
ماشينم	923
برگردیم	922
رشوه	921
بخوني	921
بخوايم	920
آزمایش	920
موبايل	919
خل	919
برداشتم	919
خيس	919
بزنش	918
ميبينه	918
رسیدیم	918
بپوش	918
شنوم	918
حاضري	918
افتادي	918
استارک	918
ساندويچ	918
منفي	918
خانمها	917
دوک	917
بكنم	917
تونستی	917
ديدين	916
خوشگلي	915
دزدی	915
تعطيل	915
چندلر	915
نشيني	915
بدرد	914
تضمين	914
نهايي	913
برگردونم	913
راب	913
حمایت	913
پیر	913
راديو	913
برادران	912
پائين	911
عین	911
بيارن	911
اتفاقا	910
رسیدن	910
ترسيدم	910
طرفه	910
عفونت	910
بجاي	910
هماهنگ	910
مرکزي	909
ژاپن	909
میگفت	909
هیجان	908
مواجه	908
بک	908
ميخام	907
گرفتمت	907
بستني	907
میارم	907
حزب	906
حواس	906
اشک	906
برگردی	906
وی	905
گفتند	905
بمونن	905
کارای	905
جوش	905
موزه	904
قفسه	904
ميدين	904
بيافته	903
دسترسی	903
بخوری	903
وسیله	903
سینه	903
جف	902
منُ	902
تونستيم	902
افرادت	901
همینو	901
پنجم	901
ژاپني	900
تب	900
اونجایی	900
سرنخ	899
وفادار	899
لغو	899
برسن	899
گله	899
احتياط	898
مدام	898
سرتون	898
زندگیت	898
وابسته	898
چشماش	897
مواقع	896
بشنوه	896
گذاشتيم	895
مد	895
لوس	895
گره	895
آدمهاي	895
جالبي	894
گذره	894
نزده	893
سياسي	892
جسيکا	892
آسيبي	891
ميوه	891
نمیدونستم	891
هنگام	891
چقدره	891
رايان	890
ميرفتم	889
میفته	889
نشدن	889
شنيدن	889
خارق	888
هومر	888
آر	888
بگذار	888
الکي	888
هندي	887
فرماندهي	887
روياي	887
ماشه	887
جايگاه	887
روزهاي	887
انگیزه	887
عامل	886
نخورده	886
شاو	885
روسيه	885
يادداشت	885
اجراي	885
کلير	884
داوطلب	884
گفتش	884
لين	883
کوچيکه	883
بشيني	883
علت	883
ولز	882
گروهي	882
اد	881
هاه	881
آغوش	881
کشيدي	880
کارهای	880
پنير	880
توطئه	880
گناهکار	879
تاثیر	879
ضربان	879
جيب	879
دنده	879
راجر	879
روستا	878
اعتبار	878
تاد	878
پيچ	878
میتونستم	877
آبی	877
سوزي	876
درماني	876
هِي	876
دهنتو	876
طلب	876
برسون	876
مغزت	875
استيون	874
شور	874
مورگان	874
سرپرست	874
گرون	873
لا	873
کوني	873
داديد	872
لگد	872
تابحال	872
میخورم	872
اطمینان	872
درگیر	871
ایستگاه	871
گرفتیم	871
دانشکده	869
رابين	868
انکار	868
روغن	868
حرفو	867
معرفی	867
سرما	867
ساک	866
نکش	866
هل	866
کشید	866
ميبينيم	866
اخير	866
احتياجي	865
دستشون	865
صادر	865
مشاهده	864
الانشم	864
مدرکي	864
رزرو	864
توانم	864
کانر	864
سالگي	864
اختراع	863
میخواین	863
هاشو	863
عدم	863
برايان	863
هرچه	862
عجیبه	862
دستتو	862
کنفرانس	862
نمره	862
افرادم	862
رگ	862
کافه	861
شانسی	861
رهبري	861
بزرگترین	861
دومين	859
سوخته	859
مغزش	859
خاندان	858
منظره	858
گذاری	857
قفس	857
بزاريد	856
شوک	856
شعله	855
خودکار	855
ميكردم	855
بگیم	855
نگفتی	855
خونت	855
ناپدید	854
يافته	853
سوپ	853
والت	853
نگرفتم	853
نميخوره	853
آدمی	853
هامو	853
کنت	853
ناشناس	853
بايستي	852
دوي	852
صندلی	851
عروسی	851
پيت	850
زامبي	850
پولو	850
میفهمی	849
بينيم	849
کشیش	849
فينچ	849
ترتیب	849
ببرين	848
اثري	848
گر	848
باورش	848
ريه	847
پشتي	847
همزمان	847
محسوب	846
نشنيدم	846
نمیشم	846
تلفني	846
خونده	846
مخصوصاً	845
مجبوري	845
صخره	844
زنيم	844
آسونه	843
تاریکی	843
انسانها	843
موسیقی	843
چشماي	842
بگیرید	842
خوایم	841
نميزنم	841
کنسل	841
خواهیم	841
فهميده	841
باباش	840
اساسي	840
فرم	840
بهانه	840
چنگ	840
لوئيس	840
ذارم	840
متوجهم	840
ميخاي	840
تبریک	839
سرور	838
مردمي	838
بفرستم	838
مجاني	838
همکاری	838
مه	838
دهم	838
مسموم	838
يکشنبه	837
کنارش	837
تعقیب	837
شدید	837
اتاقم	836
ديديش	836
ترسي	836
کوچه	836
میکردن	836
موهات	835
ابزار	835
اسمي	835
خوشبختانه	834
ويکي	834
نيومدم	834
امي	833
کنترلش	833
آقایون	833
نیم	832
محدود	832
معتاد	832
قمار	832
حركت	831
ايستاده	831
گسترش	830
کارولاين	830
صداتو	830
میوفته	830
قائل	830
محبوب	830
ناديده	829
میشناسم	829
اعضای	829
قلمرو	829
بيرونه	828
جديده	828
کارتو	827
بکنين	827
میخوره	827
رفتیم	827
هرکسی	827
دايره	826
ميگين	826
بکشيد	826
پارسال	825
آدمها	825
آينه	825
افکار	825
ايميل	824
صحيح	824
احمقم	823
گفتنش	823
کُشته	823
ميارن	823
ميخواهي	823
سينگ	822
کوهستان	822
سکته	822
بسيارخب	822
روده	822
اتهام	822
شواليه	821
خفن	821
بیاریم	821
ستون	821
هنگ	820
جس	820
اونموقع	820
مالِ	819
بازيه	819
له	819
گيرش	819
نژاد	819
جزء	819
معمولی	819
عاشقت	818
جابجا	818
شناسایی	818
گو	817
ديم	817
مالکوم	816
گمان	816
راج	816
مياريم	815
ببری	815
سوي	815
اکثر	814
نيکي	814
دلاري	814
دوستانه	814
الن	813
نباشي	813
زیرنویس	813
ميميرم	813
موارد	813
زامبی	813
کلوچه	813
سطل	813
زیاده	812
مرگته	812
گاهی	811
احتمالش	811
امّا	811
متنفره	810
میشناسی	810
عام	810
آلبرت	810
میکردیم	808
خورديم	808
کوسه	808
اولي	807
سرگرمي	807
مانده	807
بخوابه	806
دستمال	806
امور	806
پولت	806
ماها	806
بهونه	806
سرگرد	806
وعده	806
اومدین	806
بدنيا	805
مطرح	805
وام	805
ميبري	804
اغلب	804
لبه	804
گردي	804
چیزهایی	803
نکنید	803
کین	803
مارسل	802
دهنش	802
ساعتي	802
کلیسا	802
دیدیم	802
دستيار	802
اونایی	802
ميگردي	801
لی	801
مجبورش	801
بنزين	801
انگلیسی	801
مترو	801
مناسبي	800
نميدن	800
پولم	800
فکرکنم	800
هردو	800
كارو	799
اينور	799
نفرو	799
بخوریم	799
وحشتناکي	799
انگليس	798
ماليات	798
علي	798
نيل	798
علمي	798
تاي	798
بنويسم	797
فرصتي	797
وقتت	797
مراقبش	796
خوشبخت	796
مجبوريم	796
ساختم	796
رانندگی	796
ماريا	796
چیزو	796
بپوشم	795
شنوي	795
جني	795
نباشيد	795
طریق	795
نظم	795
راحته	795
عوضش	795
همینطوری	794
مند	794
ـمون	793
تعمير	793
نجاتت	793
اوناست	793
بنا	792
سازی	792
حالی	792
ندیدم	792
مریض	791
نصفه	791
دسترس	790
خوبن	790
وال	790
کيلومتر	790
نزد	789
موکل	789
هواپيماي	789
گیرم	789
اتاقت	788
غافلگير	788
قبولش	788
لحظات	788
غذای	788
نبودی	788
بیلی	787
ترسيدي	787
ملک	787
والا	787
ارزشي	787
سراغش	787
نگاهی	787
ميرسي	787
احضار	787
مشاوره	786
خاطرش	786
عمرت	786
همانطور	786
تروريست	785
ضرب	784
روراست	784
پيروي	783
نشونش	783
خطوط	783
جلوه	783
میدونستی	781
نيستيد	781
سيگنال	781
کلوب	781
باهوشي	781
کلوپ	781
ميداره	781
میزنیم	781
جاهاي	781
روشنه	780
بخري	780
هرچیزی	780
دونستن	780
دفترم	779
اووه	779
ببخشين	778
يادآوري	778
بكني	778
شمشیر	778
تحريک	778
ديدار	778
بيايي	778
هنری	777
برمیگردم	777
بخونه	777
نخست	777
دونين	777
فروخته	776
نابودي	776
امیدوار	776
معرض	776
کلر	775
دوسِت	775
سايمون	775
والدين	775
رود	775
مذهبي	775
مهمتر	775
بگید	775
پاداش	774
پروانه	774
هرجا	774
بذاریم	774
دانلود	774
پیچیده	774
ميخواهم	773
نميزنه	773
گرمه	773
خانوادگي	773
سايت	773
الیزابت	773
عدد	773
گيريم	772
وسایل	772
پیتر	772
ريد	772
ترور	771
ـشون	771
نفهميدم	771
اخيرا	771
هزینه	771
چقد	770
خروجي	770
سئوال	770
پيتزا	770
مری	770
پشيمون	770
بگرد	769
معمول	769
میتونید	769
ميخواستن	769
دادستان	769
تکنولوژي	768
بلده	768
سس	768
ديونه	768
گلن	768
نميشن	768
سيد	768
بمونين	768
ميكنن	767
مایکل	767
کیت	767
روسي	767
گوري	767
بیچاره	766
آرون	766
بحران	766
لياقت	765
سرویس	765
میفهمم	765
موني	765
داستانش	765
اورژانس	765
ميرسيم	764
ببرمت	764
هيشکي	764
فروشنده	764
کونت	764
حرفات	763
برگشتی	763
آلفا	763
دزديدن	763
اِما	763
بازرسي	763
کاسه	762
پابلو	762
کارمند	761
غار	761
بازيکن	760
شایدم	760
سیاره	760
اواخر	760
ملی	759
اسکن	759
نيار	758
کلبه	758
مربوطه	757
ديدنتون	757
هوشمندانه	757
بوش	757
همشو	757
کارشو	757
توان	756
برسیم	756
علائم	756
ايران	755
انرژی	755
جونت	755
ذخيره	755
چشمم	754
روند	754
محمد	754
محيط	754
دلايل	754
همسرتون	754
خرید	754
ببينيش	753
بزنید	753
كدوم	752
مخالفت	752
بگیرن	752
درب	752
گفتيد	752
پرسيد	752
اسميت	752
اينجارو	752
شيش	751
یخ	751
دزدیده	751
هيس	750
فنجون	750
مبارز	750
گرديم	750
ايوان	749
بشید	749
دارمش	749
تحسين	749
تيپ	748
زندگيه	748
چکش	748
خصوصی	748
نگرفته	748
مشكل	748
تویی	748
گذار	748
سينما	748
یادمه	747
مقايسه	747
انگیز	747
صدايي	747
خواهشا	747
روبه	747
نمرده	747
آلفرد	747
هرکي	747
ميديد	746
بمونیم	746
خرابش	746
جايگزين	746
كنند	746
احترامي	746
ايني	745
کارایی	745
بلک	745
باهمديگه	745
نيا	745
لباست	745
بينه	744
کمد	744
گارد	744
تقریباً	744
جوک	744
گيرت	744
میشنوی	744
مادرجنده	744
کوتوله	743
کِی	743
واسمون	743
گرفتند	743
بودجه	743
گردش	743
پيشه	742
بگردم	742
جاسوسي	742
همونه	742
جوليا	742
ليلا	742
سرمایه	742
میکنند	741
موقعی	741
کاریه	741
سربازان	741
سفینه	741
تلگرام	741
پليسا	741
حين	741
اینها	740
مزخرفات	740
عمرا	740
زيرزمين	740
پسرتون	739
گوشی	739
عيب	739
موسسه	739
بدترین	739
قرارمون	738
پنجه	738
اينطرف	738
گفتين	738
ردینگتون	737
حاضره	736
درها	736
معتقدم	736
عمراً	736
بزرگم	736
نظامی	736
هزارتا	735
گمش	735
بدبختي	735
خورشید	735
قاچاق	734
بخواين	734
درگيري	734
پيک	734
مدال	734
موجب	734
نفت	734
ويلسون	734
ادب	734
تابلو	733
خدانگهدار	733
بست	733
فوراً	733
شیر	733
آلت	733
بگیرش	732
موزيک	732
احساساتي	732
افتضاح	732
گنج	732
برگردن	732
هیچکدوم	732
بلاخره	732
محترم	731
خري	730
اندازي	730
المللي	730
غيرقابل	730
مرگت	730
نميام	729
دستبند	729
آژانس	729
ميدارم	729
نزديك	729
وفاداري	729
بستن	728
اوردم	728
خوندي	728
حساس	728
نیمه	728
هرچقدر	728
نصب	727
شواهد	727
گرفتار	727
الي	727
تی	727
حرفمو	726
چطوريه	726
اتحاد	726
حشره	726
گرفتين	726
آني	726
خانوادت	726
دولتي	725
ليزا	725
چايي	725
شهروند	725
آشپز	725
گريس	725
ايتاليايي	725
داستاني	725
نميشد	725
بذارید	725
رقاص	725
پدربزرگ	725
قطب	724
ريخت	723
توله	723
مسافر	723
نابودش	723
مديريت	722
شمارش	722
ميکشن	722
رديابي	722
کیف	722
مارگارت	722
گوه	722
کوچيکي	722
نمیخواستم	721
برميگرديم	720
آفرین	720
آشنايي	719
اراده	719
نزديکي	719
سوابق	719
پرسم	719
وايت	719
مشكلي	719
دهنم	719
باکره	718
شیم	718
شاخ	718
شايعه	718
نمیگم	718
تاب	718
بمیرم	718
فيبي	717
ریزی	717
مکالمه	717
کسانی	717
راحتی	717
سالته	716
مشتاق	716
تامی	716
ماشينت	715
زل	715
شيکاگو	715
کسل	715
شوخيت	714
اعظم	714
دنيايي	714
نشستم	714
افرادی	714
تری	713
اينطوريه	713
چرخه	713
بندی	713
کدومشون	713
ميترسي	713
پلاک	713
کمپاني	713
آمين	712
دلقک	712
ميفرستم	712
خودتي	711
رای	711
ضرر	711
عراق	711
زندون	711
بلوک	710
مگان	710
بدهي	710
پيمان	710
میبره	710
نخواستم	710
نخ	710
تحقیق	710
کیک	709
کردنت	709
ثروت	709
اضافي	709
نظام	709
مدتی	708
شمع	708
بهبود	708
ندیده	708
آدمایی	708
افتخاره	707
متصل	707
ارسال	707
کتابخونه	707
دفترچه	707
جهانی	707
خانوما	707
بايست	706
شکستن	706
شوکه	706
اسناد	706
ششم	705
خانوادم	705
تئاتر	705
متوقفش	705
بسازم	704
اسرار	704
دیدنت	704
آد	704
گيل	704
مونرو	704
قديم	703
كارت	703
نميبينم	703
عملي	703
پيوند	703
میومد	703
برایان	703
جنگجو	702
واکر	702
پاهات	702
جمجمه	702
نرفتم	701
دیمن	701
شهرت	701
ممنوع	701
خودمونو	701
دنبالشون	701
محصول	701
سوزن	700
کنده	700
ار	700
حرفام	700
زمینی	700
مريضي	700
شدنش	699
نميتونيد	699
نشستن	699
شرلوک	698
خاليه	698
يواش	698
دونیم	697
اطلاعاتی	697
پزشکی	697
ميزان	697
ولت	697
کهنه	696
امواج	695
بيگناه	695
غرور	695
خصوص	695
وقتم	695
شناس	695
تنبيه	694
معشوقه	694
بيهوش	694
گیره	694
تایید	694
افسرده	693
ببریم	693
نگا	693
بخورن	693
کباب	693
لکه	692
اونچه	692
دريچه	692
بستگی	692
محو	692
میدونید	692
شیشه	691
ميپرسم	691
دختری	691
ابر	691
استخون	691
زنن	691
نوک	691
استون	691
احساسی	690
آموز	690
دروغه	690
تف	690
اونکارو	690
سوفي	690
اکسيژن	689
ترم	689
بذارن	689
دانشمند	689
نيستين	689
چندین	689
باران	689
ناحيه	689
يي	688
جت	688
نميکرد	688
شايسته	688
روشنايي	687
نمیکردم	687
جر	687
بيشترين	687
مدار	686
طوره	686
قطره	686
ماند	686
انقلاب	686
گی	686
عصبی	686
بخره	685
بزرگش	685
اخرين	685
اتفاقاتي	684
کوفتی	684
اونطور	684
آشکار	684
سوگند	684
بکار	683
عرضه	683
سوپر	683
ديديد	683
کارمو	683
عاقلانه	682
وحشی	682
علف	682
کليه	682
سورپرايز	681
جیم	681
اینجاییم	680
بث	680
برداره	680
ردش	680
مزاحمت	679
جلوشون	679
چیو	678
ترکيب	678
منصفه	678
خاکستر	678
همراهي	678
نشي	677
اينهمه	677
مارتي	677
ميميري	677
گردنش	677
يانگ	677
آنجلا	676
ناراحتم	676
مرتيکه	676
وگاس	676
کيو	676
ورق	676
لوکاس	675
ندي	675
جایزه	675
فضاي	674
مين	674
نهار	674
کلک	674
سرانجام	674
توو	674
ببندم	673
دستاتو	673
پو	673
بگرديم	673
قیمت	673
بازنشسته	673
جهش	673
منتظرش	673
مجبورت	673
ماماني	672
بکشمت	672
گاراژ	672
گردونم	672
کامیون	672
وادار	672
فهميدن	672
طبيعيه	672
تشويق	671
مایل	671
ميزدي	671
شاخه	671
دستاي	671
بانی	671
نميگه	671
خبردار	671
گلف	670
سادگي	670
خداست	670
توسعه	670
ارث	670
ایمان	670
روحي	669
ميگيد	669
برخلاف	669
جانسون	668
بسياري	668
ميلي	668
ایول	668
بنت	667
ليو	667
گفتيم	666
اسپارتاکوس	666
قهرماني	666
حواستون	666
رفتند	665
اتاقش	665
فیل	665
بفهمیم	665
خونسرد	665
عده	665
پاتريک	665
تقلب	665
نشنيدي	664
شخصیت	664
كننده	664
فکرم	664
بيشتره	664
اختلال	664
خنک	663
تلویزیون	663
استن	663
بگذاريد	663
آشپزي	662
نميشناسم	662
ناز	662
گودال	662
اسپانيايي	662
سرتو	661
همينجاست	661
مشابه	661
لورا	661
خوشتون	661
کشیدن	661
ممنوعه	661
ايناهاش	661
دنباله	661
مفيد	660
فوري	660
كيه	660
دهکده	660
ببندي	660
منشي	660
ميخواستيم	660
بينيد	660
ميرين	659
مان	659
ممم	659
خريده	659
بدونيد	659
کشتار	659
دیوانه	659
پليسي	659
عقيده	659
نزار	658
فني	658
داني	658
بگین	658
وار	658
متيو	658
درآمد	657
تنش	657
دستان	657
فاش	657
کنارم	657
تابوت	656
فنا	656
راستی	656
بفرسته	656
مأموريت	656
مالک	655
رفتنه	655
اخر	655
کریسمس	655
واستا	655
مهمترين	655
میداد	655
درخشان	654
تشريف	654
مهمی	654
بگذريم	654
کجام	654
دردي	654
نصيحت	654
دون	653
زنا	653
نزديکه	653
زدیم	653
ابي	653
پاپوش	653
زمانيکه	653
تشنه	653
اهدا	653
اقامت	652
روبات	652
شکاف	652
تنفس	651
خوابيدي	651
جفتتون	650
لعنتت	650
ميگرديم	650
روحش	650
خیر	650
مناطق	649
چاله	649
فهميديم	649
خطري	649
لااقل	649
سوت	649
تجهيزات	649
راهب	648
قلم	648
بديه	648
بنام	648
جوزف	648
ترك	647
دهند	647
سرزمین	647
بودین	647
ايرادي	647
غلبه	647
جزئي	646
مونيکا	646
چندان	646
کوفتيه	646
پرش	646
دورش	646
خواهرش	646
کوین	646
گشتن	645
بفرمایید	645
بابتش	645
موي	645
بذارین	645
جسم	645
کثیف	644
تسخير	644
بيخيالش	643
کودکان	643
ميشين	643
فرهنگ	643
موفقیت	643
دلال	643
زک	643
نجاتم	643
رختخواب	642
رک	642
برگردونه	642
دستشویی	642
رسوند	642
نميکشه	642
متن	642
خواهید	642
متفاوتي	641
بهار	641
ترسناکه	641
پذير	641
مارتا	641
کارگر	640
وا	640
عمرش	640
ماشينو	640
راضی	640
مرموز	639
مسئولیت	639
حوله	639
اينجاس	639
کنسرت	639
چادر	638
خوردی	638
امر	638
پارچه	638
اذیت	638
مستقر	638
زمانش	638
بالايي	638
ذهنش	638
استار	638
جوابش	638
میزنن	637
دیدمش	637
ناگهاني	637
کارکنان	636
بمیری	636
مخفيانه	636
گوشم	636
تنظیم	636
دارايي	635
اسکاتلند	635
لري	635
اقا	635
نديدمش	635
همديگرو	634
بودنش	634
اعمال	634
همديگر	634
ناگهان	634
هرکس	634
ـتون	634
دوام	634
بفهمی	633
گياه	633
كتاب	633
بغلم	633
وود	633
تصورش	633
ندادن	632
نگرانی	632
وست	632
مهر	632
شهره	632
نشست	632
سریال	632
گرسنگي	632
سگه	631
فراری	631
جنايي	631
جونش	631
مطلع	631
هميشگي	631
درستی	631
احمقه	630
خالص	630
نيت	630
کنارت	630
پدرتون	630
نتايج	630
ویروس	630
كس	630
كمي	629
ايمني	629
فکرشم	629
ميخواسته	629
گوردون	629
آويزون	628
شدنه	628
برداری	628
فایده	628
کيتي	628
نخير	628
ريشه	628
شيميايي	627
همو	627
مى	627
لوسی	627
هیولا	626
راشل	626
کينگ	626
گرفتيد	625
هليکوپتر	625
حياط	625
بزرگراه	624
جرأت	624
ميندازي	624
مقصد	624
ميلر	624
يجورايي	624
بندر	623
اوج	623
حاليکه	623
ميشيد	623
معده	623
تفريح	622
نان	622
جدیدی	622
اختیار	622
ميدادي	622
سراغت	622
بلندش	621
چشمان	621
ليز	621
نیس	621
مفهوم	621
نظرش	621
نميخوايم	620
طعم	620
خوشوقتم	620
میگذره	620
سیگار	619
ميرسم	619
نگهدار	619
بخوريد	619
نزديکتر	619
تشخیص	619
کريستين	618
نميفهمي	618
ميون	618
اینجور	618
کلیر	618
چیزهای	618
پوشيدي	618
تگزاس	618
ميامي	618
ديدنش	618
لئو	617
لوييس	617
وسوسه	617
عشقي	617
ايزابل	617
امريکايي	617
تومور	616
برمياد	616
دوستاش	616
تصاوير	616
عیسی	615
کلاً	615
زندگيمون	615
نکنیم	615
رتبه	615
کاريش	615
لهجه	615
ويسکي	614
هوس	614
برگشتيم	614
پولی	614
گا	614
بخت	614
دریا	614
محبت	614
اسير	614
سخنرانی	613
ايا	613
شین	613
دین	613
كشتي	612
دنبالمون	612
نازي	612
اعماق	612
مادام	611
نديد	611
دماغ	611
معنیش	611
قدرتي	611
مشورت	611
لوازم	610
نکنن	610
نميتونست	610
انها	610
آشفته	610
روزانه	610
ميميرن	610
سرتاسر	610
پرورش	610
میگیری	610
تانک	609
جانی	609
خسارت	609
مشتری	609
پشتش	608
قديميه	608
همونی	608
پیشرفت	608
زوده	607
بزاريم	607
ارزون	607
نزدي	607
تقاضاي	607
چاه	607
حيات	607
چشماتو	607
فدا	607
پاهام	607
ببینمش	607
ند	607
شرايطي	606
پارکينگ	606
فيزيکي	606
ماشينش	606
جادوي	606
بسازه	606
ساول	606
نشين	606
فلج	606
نتونستي	605
آنتن	605
حرکات	605
نگي	605
اعداد	605
بکشين	605
همسایه	605
مبلغ	605
مالی	604
شناختم	604
ميريد	604
افتاديم	603
افرادش	603
سير	603
خوابت	603
نتوني	603
نگرانت	603
پشتت	602
الهه	602
ميزارم	602
راجبش	602
بابایی	602
جذابه	601
آزمایشگاه	601
دستِ	601
نمیدونه	601
شناسی	601
میدونن	600
همينم	599
انگيزي	599
پيشرفته	599
منزل	599
حالشون	599
مريضه	599
بچرخ	599
شليك	599
منفجره	599
منجر	598
بالغ	598
روس	598
نبوديم	598
اشغال	598
اتاقي	597
معناي	597
توقع	597
چالش	597
تئوري	596
جارو	596
ثروتمند	596
مهمات	596
باهوشه	596
فورد	596
نقاشی	596
غریبه	596
پرسيدي	595
تالار	595
سپتامبر	595
کشنده	595
نوشابه	595
حواسش	595
فهمه	595
اذيتت	594
خواهشاً	594
واستون	594
شاگرد	594
رسیدگی	593
مجرد	593
كاملا	593
نينا	593
حوزه	593
عمق	593
نميتونين	592
مصنوعي	592
قدرتش	592
هنرمند	592
هالي	592
جاست	592
ميبينمتون	592
روحت	592
جلوت	591
دخترتون	591
قیافه	591
قبيله	590
هرکول	590
رقت	590
ريش	589
مکزيک	589
ميخورن	589
پرسه	589
الکساندر	589
بيگانه	588
عفو	588
پاتو	588
نميزني	588
خال	587
سوفيا	587
نميخواست	587
نهایت	586
کال	586
تجديد	586
يازده	586
پاریس	586
خلوت	586
ریخته	586
چهارتا	585
شکوه	585
کوئين	585
بزارين	585
دادنش	585
مور	585
رسیدم	585
گاه	585
عمومی	585
بکشمش	585
امير	584
چیزها	584
اتحاديه	584
خواستيم	584
ننه	583
خالکوبي	583
پایگاه	583
تازگي	583
بیل	583
نوعی	582
لرزه	582
آفريقا	582
سومين	582
بپوشي	582
تامين	582
بندازين	581
تحقیقات	581
زياديه	581
انتخابي	581
روشون	581
کمبود	581
تأثير	580
ماری	580
لانگ	580
ماهيگيري	580
بيايين	580
زیبایی	579
مخلوط	579
براساس	579
کنگ	579
اونجان	579
داماد	579
جراح	579
بخشه	579
سریعتر	579
تحقير	579
هرکدوم	578
وجدان	578
شنيديم	578
تغذيه	578
مايلي	578
ميدون	578
گرما	577
مبل	577
دکستر	577
گويي	577
سفارت	577
رابط	577
کارلوس	576
کُشتن	576
نميكنم	576
پمپ	576
بگذرونم	576
میکرده	576
سایه	576
تونستن	576
نخواهي	576
حرفهاي	576
شيطون	575
منظوري	575
ايندفعه	575
هيچکسي	575
نشم	575
طی	575
ضعیف	575
آثار	575
سيا	575
نمیتونن	574
تولید	574
عرشه	574
چيس	574
زخمی	574
فيليپ	574
بافت	574
بسازيم	574
دوستی	573
بزرگت	573
كشته	573
اميدي	573
اندرو	572
اقای	572
روبراه	572
تونید	571
ذهني	571
جهنمي	571
امپراطور	571
حملات	571
چته	571
برس	570
ميخونه	570
تاپ	570
بدهکارم	570
گفتگو	570
حدي	570
دزديدي	569
دوستشون	569
نما	569
برلين	568
ميکشمت	568
جنگی	568
تيرانداز	568
زنجير	568
مهندس	568
جنگيدن	568
مستي	568
العمل	568
شل	568
خوراک	568
يِ	568
جسدش	567
فايل	567
میدونین	567
نگاهش	567
شهروندان	567
عشقه	567
دورتر	566
ناجور	566
تنفر	566
ميشناسه	566
برميگردي	566
نرسيده	566
منحصر	566
خوابيدن	566
عهد	565
پیغام	565
شمالی	565
عظيم	565
موهام	565
ترمز	565
صليب	564
مايع	564
گريم	564
ميکي	564
برداشتي	564
سيتي	564
برودي	564
تاریک	563
هرج	563
نت	563
تيره	563
خوايد	563
تويِ	563
امم	563
برند	563
شصت	563
دلمون	563
قيمتي	562
بخورين	562
کیر	562
وحش	562
زره	562
ببینن	562
موردِ	562
نگهباني	562
یهو	562
گردنبند	562
بهره	561
نیروهای	561
ایالت	561
دشمنان	561
دنياست	561
کودک	561
جوابي	561
توانایی	561
هوای	561
دستگيرش	561
موهاش	560
بنويس	560
بش	560
یجورایی	560
رالف	559
بفرمايين	559
مرتبط	559
موندي	559
آنتوني	559
خبرنگار	559
اعتباري	558
مرور	558
لوگان	558
نمیکنن	558
بنويسي	558
تجاري	558
گیج	558
خراش	557
جودي	557
پیروزی	557
پوش	557
عمیق	557
خوبيم	556
حرکتي	556
لوسیفر	556
زباله	556
ربات	556
دنيس	556
دزديد	556
ضروري	555
رسما	555
اونقدرا	555
نمیدونیم	555
نگم	555
الانش	555
پیدات	554
حقيقتش	554
برتر	554
کندي	554
میذارم	554
بجنبين	554
جيگر	554
خارجه	553
تدي	553
روحيه	553
مهره	553
جولي	552
پليسه	552
ببرمش	552
فرنگي	552
آيد	551
کيسي	551
ويکتوريا	551
پيانو	551
جوليت	551
هفتم	551
رياست	551
دائم	551
فرقه	550
داشتنی	550
بعله	550
ني	550
منن	550
اينجوريه	550
شکارچی	550
توجهي	550
هردوتون	550
هممم	550
چمدون	550
کانگ	549
ذرت	549
نوشت	549
مصر	549
تصميمي	549
بزاره	549
آهسته	549
جنگه	549
چهارشنبه	549
بجاش	549
جاناتان	549
کمربند	549
قدش	549
سپر	548
بارم	548
نقض	548
هری	548
مدرن	548
بلافاصله	548
اخلاق	548
روشنش	548
يخورده	548
میزد	548
لولا	548
تعدادي	547
نکردیم	547
ترکش	547
کليساي	547
اونجوری	547
فروشی	547
پاکت	547
پولشو	547
دايي	547
حسن	546
ازين	546
جکي	545
هوایی	545
ميخوريم	545
شبا	545
شریک	545
مديره	544
سایمون	544
اوردي	544
مطابقت	544
جستجوي	544
جاذبه	544
دقیق	544
استوارت	544
مرلين	543
جسی	543
افتضاحه	543
زندگیش	543
بشکه	543
ميگفتن	542
شيوه	542
آل	542
اسمتون	542
نيو	542
بني	542
لورنزو	542
چشمت	542
میتونست	542
میخواید	542
افزار	541
ماشيني	541
راهمون	541
مردونه	541
اردک	541
بوق	541
ديره	541
تارا	541
ـي	541
تاسف	541
شخصاً	541
لوري	541
جبار	540
اصول	540
برچسب	540
اوناهاش	540
مجدد	539
كافي	539
حماقت	539
الله	539
فهرست	539
پره	539
لپ	539
محشره	539
میخوری	539
زنجيره	539
کنجکاو	538
شامپاين	538
ابتدا	538
بنگ	538
ترانه	538
پاهاش	537
كنترل	537
عبارت	537
گذروندم	537
ناپذير	537
همراهش	537
سیتی	536
تلفنت	536
همراهم	536
سپري	536
خيريه	536
قبلی	536
پوله	536
رضاي	535
دستا	535
شغلي	535
مخ	535
میل	535
رومي	535
تعهد	535
نقاط	535
طبیعی	535
قاضی	534
رضايت	534
حسادت	534
بشقاب	534
راسل	534
فيلمي	534
آمار	534
پيشنهادي	534
ارتباطات	534
مسکن	534
بخر	533
گهي	533
خودِ	533
بگیرین	533
تروريستي	533
صميمي	533
سیم	533
کا	533
بدونين	532
تاخير	532
سوالات	532
شرح	532
چشمه	532
ندم	531
نرفت	531
بپا	530
بدتره	530
کيلو	530
تلاشم	530
کميته	530
مشخصات	530
آمدي	529
بیوفته	529
ايان	529
يتيم	529
کرک	529
معنيه	529
شورا	529
خودشونو	529
اینارو	529
شدین	529
کوره	529
شکي	529
شپرد	529
دوستای	528
درياي	528
وزیر	528
جبهه	528
خدايي	528
فرقی	528
بیایید	528
معکوس	527
جیک	527
كوچولو	527
قراري	527
پیت	527
کریس	527
ایالات	527
پاکستان	527
آگاه	527
واقعیه	526
گوزن	526
دربار	526
تيمي	526
عجیبی	526
گاس	526
کادو	526
دسر	526
بدجوری	526
بندازی	526
حاصل	525
ايمي	525
گردون	525
بستم	525
دهان	525
حقيقي	525
شنیده	525
مچ	525
طراحی	524
شرت	524
ميمونيم	524
وارث	524
دارويي	524
بعدازظهر	524
لاغر	523
نـه	523
امپراطوري	523
محلی	523
باک	522
آزادش	522
کاليفرنيا	522
ساحره	522
بزودی	522
کاترین	522
سالت	522
دستتون	522
کارگردان	522
بجنگم	522
آلبوم	522
عطر	522
مادرتون	521
تخمي	521
موقعيتي	521
مايلز	521
درضمن	521
مغزم	521
بحال	521
رعد	521
کارسون	521
دستکش	520
کدام	520
مارج	520
ميتونستيم	520
رسد	520
سالاد	520
چیزه	520
اصطلاح	520
کونم	520
نيزه	520
خوابي	520
سد	519
وقتمون	519
مشکلش	519
ميذاريم	519
شعبده	519
افغانستان	519
بازسازي	519
زودباشين	519
فرستادي	519
برداشتن	518
نيومدي	518
مکزيکي	518
بميرن	518
ابله	518
جاهايي	518
نپرس	518
حداکثر	517
تغييرات	517
جديدت	517
خوابش	517
رسمی	516
غریب	516
برخي	516
توت	516
خاتمه	516
بدهکار	515
قوه	515
برگردوني	515
راهنما	515
سیب	515
اچ	514
قسمتش	514
زدنت	514
دیگری	514
کامپیوتر	514
دورگه	514
مردگان	514
ديوونگيه	514
ميرسن	514
پاسپورت	514
خدایان	513
ايالتي	513
حساسيت	513
راهو	513
تصرف	513
نميبيني	513
مرخص	512
ميگردن	512
زوم	512
همشونو	512
گيرن	512
ليسا	512
کنندست	512
بندازن	512
جاها	512
برسوني	512
صلاح	511
وایستا	511
اختلاف	511
فن	511
شارژ	511
بندازيد	511
املاک	511
التحصيل	511
نمیره	511
برمیگرده	511
نشدی	511
شناخت	511
نوشتي	510
گردنت	510
عشقت	510
دومي	510
وین	510
بمير	510
میاری	510
دارک	510
اظهار	510
فحش	509
تمامِ	509
تنبل	509
بخار	509
معنا	509
ميله	509
نمیرم	509
قولي	509
ببريمش	508
مورفی	508
نميريم	508
نشستي	508
کامرون	508
اهداف	508
کوچولوی	508
بهمين	508
ميليارد	507
تحملش	507
شید	507
پایه	507
غيرقانوني	507
غش	507
جك	507
جاشون	507
شوم	507
وايسين	507
ماساژ	507
بگردي	507
دستام	506
يخچال	506
نيگا	506
نگام	506
خبرهاي	506
نمیدی	506
نخوره	506
آرايش	506
سند	506
جنسی	505
شياطين	505
شناسه	505
احساسش	505
اصن	505
آزاده	505
تکامل	505
فهمی	504
گاوصندوق	504
اسکله	504
پولا	504
میگفتم	504
نتونسته	503
صبور	503
عينک	503
زندست	503
اخلاقي	503
لیام	503
هيل	503
تيز	503
متفاوته	503
اورده	503
عقلت	502
خودخواه	502
سایت	502
کشی	502
برشون	501
دويست	501
دیگران	501
مختصات	501
خوار	501
نگرفتي	501
رقم	501
دوبرابر	500
عموي	500
وجودم	500
مُردم	500
بشينيم	500
قارچ	500
باخبر	500
ژاکت	500
اشعه	500
اولويت	499
صداقت	499
خوشبختي	499
سفير	499
ضمانت	499
کارهایی	499
پوسته	499
داراي	499
خودتونو	499
نميشناسي	498
پذيرايي	498
راهت	498
رن	498
بينمتون	498
حيوان	498
صحیح	498
بريز	498
ايتاليا	498
روپيه	497
هرجايي	497
هيتلر	497
بچگي	497
تقدیم	497
متاسف	497
بهترم	496
تشکیل	496
ببینین	496
درمانش	496
تقاضا	495
تیا	495
ميبينيد	495
شيفت	495
برايه	495
ميپرسي	495
زمانه	495
مستقل	495
نميومد	494
نداشتی	494
میتونین	494
پترسون	494
شغلت	494
فرکانس	494
پودر	493
گاتهام	493
بدزده	493
چسب	493
وينسنت	493
دستمو	493
آدمو	493
نميمونه	492
بلندتر	492
کيا	492
برگردونيم	492
تيلور	492
تعادل	492
اوراق	492
مایه	492
لیلی	491
سالگرد	491
ريختن	491
همراهت	491
ارتباطی	491
کادي	491
شرمندم	490
کلاب	490
حيف	490
پيشخدمت	490
تقدير	490
ارل	490
میگردم	490
کارگاه	490
نمیفهمم	490
بروک	490
برقصم	490
ترافيک	489
تابستان	489
وجودت	489
چای	489
همونيه	489
بانوی	489
کما	489
نشنيده	489
جواني	489
قويه	489
توده	488
فهمید	488
فضایی	488
پارکر	488
ناشناخته	488
باستان	488
مقر	488
درك	488
العادست	488
شرقی	488
خنثي	488
چيزيو	487
پارو	487
مسدود	487
برديم	487
فکرت	487
بكن	487
بودید	487
اتهامات	487
ميبريم	487
آزمون	487
فساد	486
تاک	486
منطقی	486
بودنت	486
اقتصاد	485
افزایش	485
پاهاي	485
میگیریم	485
فورمن	485
ايوا	485
امون	484
ترفيع	484
بزنین	484
چندش	484
راند	484
محفظه	484
بيشاپ	484
قاشق	484
ميرسيد	484
هيچكس	483
هکتور	483
پشتم	483
عاقل	483
پيدام	483
جلوم	483
بیارید	483
ترتيبش	483
وب	483
گری	483
کیسی	482
نمیشی	482
نميارم	482
متوسط	482
پیداشون	482
جنبه	482
ساکن	482
علوم	482
تغييري	482
دفاعي	482
سازه	481
زيباي	481
حرفتو	481
ارتشي	481
اولیه	481
نکشتم	481
امروزه	481
لايه	480
تمامی	480
براون	480
کانادا	480
نزني	480
بارني	480
شق	480
دخترهاي	480
حرفها	480
مندي	480
یو	480
اندام	479
گوسفند	479
گرفتنش	479
آليسون	479
همکارم	479
قاطی	479
کيري	479
اسامي	479
توصيف	479
کردنِ	479
چشه	479
کشن	479
شطرنج	479
نميدونن	479
احمقا	479
فرانسوی	478
دوستتون	478
يونان	478
ریک	478
نماد	477
نمیکنیم	477
جواهرات	477
دردناک	477
مخزن	477
غيرممکنه	476
پانزده	476
بفرستيم	476
چین	476
خارجی	476
دکترها	476
حیوون	476
جوخه	476
آهای	476
شکليه	476
ارزه	476
انزو	476
تمايل	476
شيمي	476
بیمار	475
همبرگر	475
کورا	475
لايق	475
عاديه	475
توشه	475
هوپ	475
شكست	475
مرج	475
خرچنگ	475
راني	474
ميندازم	474
مواظبت	474
جنگجوي	474
دوستيم	474
پايينه	474
سيدني	474
کیسه	474
امیلی	474
نیومده	473
باحالي	473
حقيقته	473
جفتشون	473
تنت	473
تلويزيوني	473
شورشي	472
سنتي	472
خريدي	472
رهبری	472
اينکارا	472
پچ	472
نمیتونستم	472
نمیری	472
فين	472
ميديدم	472
جوانا	471
ترسیده	471
کبد	471
نخوردم	471
بتونيد	471
عسلم	471
توجيه	471
نيفتاده	471
نمیگی	471
فاضلاب	471
بزارش	470
بدونِ	470
رايلي	470
موسي	470
پتي	470
دریاچه	470
اندرسون	470
خور	470
سلطنت	469
شرش	469
والاس	469
کارخانه	469
ذات	469
مورچه	469
قوطي	468
خونمون	468
برداريم	468
شوهرتون	468
نكردم	468
دستورالعمل	468
زرنگ	468
عصبانيت	468
دستگيري	468
داشتین	468
فلورانس	467
انجيل	467
برگردوندن	467
خاکستري	467
شبها	467
بفروشم	467
باله	467
همونجايي	467
رده	467
ميذارن	467
بكنيم	466
هنگامي	466
آسوني	466
برقص	466
عنکبوت	466
جنون	466
قابلي	466
روهان	466
رويايي	466
ميكرد	466
مزاحمتون	466
ریسک	465
تنهاش	465
مايا	465
خامه	465
ميرسونه	465
بخوابی	464
سربازها	464
زهر	464
غمگين	464
شانسم	464
فاميل	464
کابل	464
ميگشتم	464
واسشون	464
ازاي	464
داغه	463
جوراب	463
لباسم	463
میایم	463
تقاطع	463
کوله	463
گرگينه	463
مسلما	463
بکشیم	463
متعجب	462
آرومتر	462
ببخشي	462
عكس	462
رسوندن	462
همينکارو	462
خوابيدم	462
بروز	462
ميومدم	462
ليندا	462
بازجویی	461
جعل	461
پايتخت	461
ميميريم	461
اداي	461
شیرینی	461
ماهر	460
يون	460
انداختی	460
اونجام	460
هريسون	460
ورزشي	460
اليور	460
واگن	459
سلطان	459
پشتیبانی	459
شناور	459
اومدید	459
ندیدی	459
بدهکاري	459
سريعا	458
کشمت	458
اجتناب	458
تاشون	458
جيني	458
ميفهمه	458
شغلم	458
تلفات	458
اقتصادي	458
بشريت	458
الینا	458
نتونيم	457
چنتا	457
اوترد	457
زمینه	457
جادویی	457
تنهات	457
بكنه	457
يواشکي	456
مرگه	456
هشتاد	456
امپراتور	456
بندازیم	456
ولگرد	456
تق	456
بادي	456
مهربان	456
دونالد	456
شرف	456
برسی	456
جوي	455
چوبي	455
خونی	455
بخواه	455
چنگال	455
زنِ	455
سیگنال	455
اجساد	455
ناراحته	454
درکش	454
نرفتي	454
پريد	454
رفتارت	454
نود	454
تروریست	454
چینی	454
دوستِ	453
تصویر	453
جواهر	453
شنيدين	453
افسوس	453
نزنه	453
ناله	453
میکشم	453
مطبوعات	453
هدایت	453
بخاطرِ	452
نمايشگاه	452
ديک	452
کلام	452
حصار	452
منطق	452
غارت	452
کُشت	452
مترجمين	452
میگفتی	452
خودکشی	451
لامپ	451
طولش	451
دلشون	451
دوستمون	451
سوکي	451
وانت	451
عقاب	451
ملل	450
حاله	450
گرين	450
بازمانده	450
کاي	450
تاريخي	450
کُل	450
خرابکاري	450
اينحال	449
محصولات	449
اشتراک	449
عالم	449
ماني	449
کرايه	449
مدافع	449
هویت	449
زمستون	449
ونسا	449
کمان	449
نجيب	449
قله	449
امضاء	449
زدين	448
رکورد	448
سالهاست	448
نميفته	448
حرفای	448
برنج	448
کالسکه	448
مجاز	448
ميسون	448
ادا	448
مامانش	448
بخورش	448
میترسم	448
نورا	448
عذرخواهی	448
سونگ	447
پالمر	447
پسرِ	447
بز	447
رنگي	447
اسمِ	447
ويلي	446
پن	446
هاروارد	446
حقوقي	446
مغرور	446
ميکردند	446
گزینه	446
جديه	446
شلاق	446
ريز	446
حسودي	446
نتونستن	445
بريده	445
اجتماعی	445
اسنو	445
دبیرستان	445
راکي	445
ماشينه	445
ریچارد	445
آمادگي	445
پذيرش	445
نفری	445
تايي	445
نگهشون	445
رازي	445
اينكارو	445
مم	445
سرجوخه	445
جاستين	445
تکونش	445
کدومش	445
باشکوه	445
ترش	445
بابابزرگ	444
ابدي	444
ژان	444
والي	444
فرستم	444
لازمش	444
هیئت	444
اشون	444
وايساده	444
تار	444
بفرستي	444
ملاحظه	444
دردت	444
لخته	444
متنفري	444
بترسي	444
کونگ	443
سامانتا	443
غر	443
خونریزی	443
تمدن	443
نميخورم	443
خطه	443
خيالي	443
نُه	443
بشو	443
ميزبان	442
آخري	442
برون	442
چتر	442
نكنم	442
آدمه	442
خوشتيپ	441
انسانی	441
الکلي	441
معطل	441
فو	441
کتي	441
ترکت	441
تاوان	441
شکلی	441
میگیم	440
تقويت	440
خداحافظی	440
بارنز	440
بميريم	440
وير	440
چمن	440
آزادم	440
يهويي	440
تاجر	440
باطل	440
يکيش	440
واتسون	439
اشتباهات	439
نميخوان	439
ببنديد	439
ادی	439
ازین	439
ناخن	439
زر	439
بطری	439
معنايي	439
بيسبال	439
ميخوني	439
مناسبه	439
نتونستيم	439
الانه	439
جوريه	439
بفرمائيد	439
انا	438
کينه	438
عموت	438
خايه	438
پاپا	438
تیراندازی	438
ببینمت	438
خانوادش	438
اتمام	437
طرفي	437
مهربوني	437
منهتن	437
کاندوم	437
کج	437
پسراي	437
قرمزه	437
پاتر	437
نميذاره	437
کردنشون	437
لنگ	436
تکنولوژی	436
میمیره	436
بان	436
سکسی	436
سواری	436
واگذار	436
افسون	435
تفاهم	435
ننگ	435
پرنس	435
سختيه	435
کارُ	435
جردن	435
چنان	434
ناوگان	434
بشنوی	434
آدمکش	434
بسيارخوب	434
صورتی	434
متمرکز	434
حيرت	434
زاويه	434
نماینده	433
پسرمون	433
همونجوري	433
فيونا	433
آدمِ	433
گيتار	433
استاندارد	433
رفع	433
خام	433
رمان	433
فکرو	432
معتقد	432
جووني	432
جريمه	432
چيزِ	432
دلتون	432
پاکسازي	432
دیدمت	432
کشتنش	432
شركت	432
بخريم	432
پرتش	431
بالاترين	431
جوابم	431
کات	431
خوشحاله	431
اینجان	431
لیوان	431
میدادم	431
ابراز	431
رسیدی	431
فریاد	431
وقف	431
ميمونن	431
کوکائين	430
لنس	430
حفره	430
دندان	430
ازون	430
تخصص	430
صحرا	429
صومعه	429
بيس	429
عملياتي	429
حدودا	429
اِ	429
بتمن	429
آوردين	429
نیستش	429
تونند	429
اينصورت	428
بیمه	428
دوری	428
بيتس	428
خونتون	428
فالز	428
ميشدي	428
دونستی	428
قالب	428
میبندم	428
بمونید	428
زويي	428
باربارا	428
مرکزی	428
بدونیم	428
اوردن	427
برآورده	427
بهوش	427
بيفت	427
بام	427
رسونده	427
مونن	427
بای	427
خواین	427
يان	427
حقايق	426
هیلی	426
بخصوص	426
هفتاد	426
نحوه	426
کر	426
خليج	426
مهاجرت	426
زنيکه	426
فلز	426
آشوب	426
شیکاگو	426
برداريد	426
مُردي	425
کسیه	425
ساختي	425
خیابان	425
هواتو	425
قضايا	425
بدستش	425
فلوريدا	425
بسازي	425
شکایت	425
فرش	425
میدونست	425
يوناني	424
مبادله	424
رومن	424
كوچيك	424
جاییه	424
دلايلي	424
ذوب	424
پال	424
لقب	424
اموال	424
کجاش	424
قابليت	424
زندگيمو	424
استیو	424
سندي	424
زنبور	424
ماجراي	424
خورن	424
گوجه	423
گسترده	423
مسکو	423
جاه	423
آلمانی	423
بیایم	423
پیشش	423
سخن	423
برقصيم	423
یادتون	423
آنتي	423
برفي	422
پاس	422
بجنگيم	422
شمام	422
غذاهاي	422
اخه	422
انتهاي	422
جزئیات	422
دفترش	422
ميايي	422
اينطوره	421
تحليل	421
گانه	421
ببرید	421
تيغ	421
داروها	421
ناراحتی	421
تبر	421
نکنین	421
گرو	421
ناشي	421
سيزده	421
افرادمون	421
تلافي	420
ديوارها	420
راديويي	420
بردارين	420
يافت	420
پارتی	420
ميخواهيد	420
نمياره	420
لينکلن	419
اسمشون	419
کیتی	419
برجسته	419
جوابت	419
شفاف	419
اسپانيا	419
جنوبی	419
بوکس	419
بخشنده	419
موقت	418
آمدن	418
ميريزه	418
زمزمه	418
پارسي	418
ايکس	418
فقير	418
رعايت	418
الکتريکي	418
مشکله	417
دستی	417
واسطه	417
نيش	417
هاليوود	417
خطرناکي	417
سوالی	417
قدرداني	417
پادشاهی	417
اندوه	417
دمت	417
رگنار	417
حقم	417
غربی	416
بيوه	416
حیوانات	416
استقبال	416
خبراي	416
احتمالي	416
جیغ	416
راهبه	416
فلفل	416
کشیدم	416
ساني	416
بريزم	416
صنعت	415
نباشين	415
ميفرسته	415
چو	415
اکتبر	415
ایمیل	415
شلوارت	415
نارنجک	415
مامانی	415
اشلي	415
کجاي	415
مسيحي	415
دشمني	415
نگیر	415
بیارین	414
رون	414
ذاره	414
فرودو	414
يونگ	414
نوري	414
ريتا	414
ننداز	414
وودي	414
مردِ	414
خزانه	414
حرفاش	413
بدل	413
مادري	413
رژيم	413
چن	413
ميخ	413
اينكار	413
دکترا	413
اسکارلت	413
قورباغه	413
نديديم	413
ويد	412
کامله	412
مربی	412
کارِت	412
علاقمند	412
بعضيا	412
میندازه	412
تصادفی	411
دزدان	411
خبرم	411
درونت	411
دانيل	411
مطلق	411
رفتارش	411
خدارو	411
ميبرن	411
تأييد	411
زشته	411
تبرئه	411
تصويري	411
بم	410
اهنگ	410
قطعي	410
آزمايشات	410
شیرین	410
سنگيني	410
بشنون	410
اونجاس	410
هیس	410
لطفأ	410
کشتمش	409
قبرستون	409
اعلي	409
مشخصا	409
دختران	409
شيک	409
پوشي	409
پاشنه	409
کوئین	408
وسايلت	408
کمترين	408
الکی	408
بلیط	408
اینترنت	408
فریب	408
رياضي	408
ریموند	408
انعام	408
كند	408
خوشحالی	408
میشنوم	408
چشمش	408
گرفتيش	408
نشاني	408
اليس	407
روباه	407
روال	407
مادربزرگم	407
یادش	407
نميگيره	407
هشتم	407
ضمنا	407
بعداز	407
آمادست	407
بدجنس	407
بلدی	407
ماهيچه	407
پیروز	407
مستقيما	407
فداکاري	406
اصيل	406
ارزيابي	406
نیاد	406
جلسات	406
کهکشان	406
چشمهاي	406
بينمون	406
ماجراجويي	406
میبرم	406
فرزندم	406
بکشید	405
ستارگان	405
شرور	405
نظری	405
موز	405
ادرار	405
دوتون	405
زدند	405
بگرده	405
هرجور	404
ميشناسيش	404
ناامید	404
سيرک	404
اساسا	404
نداشتیم	404
شوخ	404
عاقبت	404
ساختار	404
چهارده	403
شهوت	403
شهاب	403
کری	403
بيهوده	403
بجای	403
زمستان	403
فرمون	403
چان	403
مونيم	403
ترديد	402
ساحلي	402
داخلی	402
بزاری	402
میشدم	402
نوش	402
سیاست	402
نشديم	402
زيست	402
هيولاي	402
سالی	402
جلوگیری	402
میکند	402
مشروط	402
جعلي	402
تونین	402
تنهاست	402
جدول	402
بريتانيا	402
میزدم	401
تهوع	401
چكار	401
وارن	401
نميکردي	401
هرروز	400
دخل	400
فيزيک	400
دنبالِ	400
ميخونم	400
سرسخت	400
بزدل	400
جنا	400
رادیو	400
تعطیلات	400
سره	400
الایژا	400
بخوايد	400
برخی	400
گناهان	400
بيارمش	400
نمیرسه	399
پنی	399
فرستنده	399
همونجور	399
شفا	399
لاي	399
مياين	399
اسکاي	399
افشا	399
ایمی	399
شنود	399
بهاي	399
تخلیه	399
مريم	399
آشغالي	399
آهني	398
حواسمون	398
استفان	398
سابقم	398
برسونيم	398
سردرد	398
گزارشات	398
یافته	398
روحم	398
احمقی	398
گروهان	397
بشکنه	397
ايرلندي	397
بشناسم	397
اثرات	397
رسيم	397
گورتو	397
خوری	397
قلاب	397
پدرمه	397
بگيرند	397
ببوس	397
راهِ	397
برنمي	397
فيلمبرداري	397
کوتاهي	396
اينبار	396
گشتي	396
دلاره	396
آسیبی	396
بفروشه	396
بجنبيد	396
تلخ	396
اتش	396
گمراه	396
توصیه	396
برادرزاده	396
ترن	395
کُس	395
بپرسی	395
رأي	395
پريده	395
يارويي	395
برطرف	395
پیشم	395
باتري	395
بابی	395
نگهبانان	395
بگذرونيم	395
ترکم	395
بپرسيم	395
مسخرست	395
سبد	395
سكس	395
سوژه	395
روسیه	395
سرحال	395
درکت	394
فراست	394
توهین	394
قطعات	394
خالکوبی	394
میگیرن	394
وحشيانه	394
پوشیده	394
سنترال	393
مراحل	393
ئه	393
رديفه	393
سرفه	393
توه	393
جادوگري	393
ديزي	393
آنان	392
شايعات	392
بخوایم	392
خوبش	392
اليسون	392
بدت	392
مهلت	392
جاسوسی	392
نخواد	392
اینجارو	392
وقتتون	392
سحر	392
کلنل	392
دانه	392
جديدترين	392
بردنش	392
ميسوزه	392
بجنگي	391
چرخش	391
پسران	391
وقفه	391
شیطانی	391
لابد	391
اهرم	391
کالي	391
بیرونه	390
تاکسی	390
بهر	390
دهيد	390
کريستينا	390
فلينت	390
جديدم	390
آوری	390
قرنطينه	390
تکيه	390
کتابي	390
الاغ	390
تقسیم	390
صداشو	390
دخترِ	390
اورد	389
الف	389
استفراغ	389
ناکس	389
کوبا	389
قديما	389
اخيراً	389
کودن	389
غيب	389
ترسيدن	389
میتونستی	389
نميگيرم	388
جيل	388
بشينين	388
امتیاز	388
هيلي	388
گذاشتمش	388
گردان	388
سيندي	388
شادی	388
نويس	388
ايو	388
وسن	387
خلافکار	387
کجاييم	387
سنا	387
اِم	387
اضطراری	387
ـو	387
اونهايي	386
نوجوون	386
عيد	386
غريبي	386
فرماندهی	386
پيشگويي	386
رايانه	386
باسن	386
ميخواهيم	386
پیرمرد	386
ببنديم	386
حراست	386
دليله	386
كردند	386
واکسن	386
بزرگیه	386
نميشيم	386
اقیانوس	385
پرسیدم	385
جاسپر	385
تربيت	385
دردسري	385
ميرفتيم	385
سوزی	385
اید	385
تصاحب	385
فرانکي	385
رئيست	385
رابي	385
بگذروني	385
اریک	385
دونید	385
انواع	385
بادوم	384
دامن	384
عاشقم	384
نظریه	384
ردیابی	384
بتونين	384
پونزده	384
مواظبش	384
پتو	384
جوليان	384
مينويسم	384
دادین	384
الهي	383
مديون	383
بعيد	383
حرفايي	383
بفرستيد	383
قانونه	383
ژن	383
ندادی	383
بيهوشي	383
تبليغات	382
محشر	382
یکیشون	382
مقتول	382
دادا	382
شنيديد	382
مرداي	382
تراشه	382
گرا	382
بارش	382
ترسه	382
جولاي	382
صحبتي	382
دکتري	381
مبتلا	381
متاهل	381
انقد	381
شورت	381
ميبرمت	381
همچون	381
بخوابيم	381
دلیلش	380
ميخوايي	380
بتي	380
ديوونگي	380
کونش	380
زيرش	380
گواهينامه	380
عواقب	380
یکمی	380
ريختم	379
داغونه	379
هدفي	379
توانید	379
مارکو	379
معما	379
سوءاستفاده	379
نديدمت	379
روني	379
هندوستان	379
والی	379
مفت	379
لطفی	379
توانند	379
نري	379
تحصيل	379
بهمراه	379
الا	379
شتاب	379
گردنم	379
نخواهيم	379
رنگش	379
جایگاه	379
رسماً	379
تولدم	378
نكرده	378
گلوريا	378
اقدامات	378
اتصال	378
مجروح	378
ميشدن	378
گشنه	378
نورما	378
پخته	378
زئوس	377
ريچ	377
مگس	377
میشل	377
بشینم	377
دماي	377
آگوست	377
کلفت	377
يکسان	377
غذایی	377
مورفي	377
موردت	377
ببندين	377
نصفش	377
نیرو	376
اونجارو	376
گپ	376
فاکس	376
تكون	376
مسواک	376
فرزندان	376
باستاني	376
مهماني	376
ویلیام	376
سرآشپز	376
جامون	376
شرافت	376
روياهاي	376
ميبينن	376
اونطوری	376
آگهي	376
سرشو	376
رمزي	375
نميکنيد	375
نميديم	375
ضايع	375
تيک	375
نشونتون	375
ارزشمند	375
حقش	375
ناسا	374
موثر	374
جانب	374
گام	374
برکت	374
متري	374
گريسون	374
آزمايشي	374
نر	374
نادیده	374
بيانيه	374
ستاد	374
صداها	374
جوره	374
بلنده	374
اسقف	373
لازمت	373
امبر	373
کيرم	373
بکنید	373
بلوند	373
بانکي	373
سراغم	373
تراويس	373
ليگ	373
روانشناس	373
شهری	373
راهنماي	373
داروهاي	373
تعارف	373
کناره	372
تقلبي	372
نمیذارم	372
پورتلند	372
نويسي	372
اعزام	372
طراح	372
مردهاي	372
اسپنسر	372
صداشون	372
کنجکاوم	371
خونگي	371
صوتي	371
تبعيد	371
حياتي	371
کمکشون	371
چاقوي	371
خوابگاه	371
نیومد	371
چيزيش	370
موردي	370
ورودی	370
بزرگتره	370
لوح	370
نميكنه	370
ژنتيکي	370
بخيه	370
تنه	370
مکاني	370
وايسي	370
خودشم	370
مارتین	369
احساساتت	369
کروز	369
ميشوند	369
بودمش	369
دزدکي	369
بيکار	369
جيکوب	369
پائول	369
رادار	369
دوقلو	369
فرمول	369
ردياب	368
ليزي	368
خرم	368
سوپرمن	368
نميان	368
داخله	368
نميدونست	368
نانسي	368
مرگبار	368
دريک	368
کیلومتر	368
رفتاري	368
گوي	368
اقرار	368
مهميه	368
درختان	368
قضايي	368
گواهي	367
معلق	367
اجرايي	367
دنیس	367
اعصابم	367
فشارش	367
جاز	367
میمونم	367
زندانه	367
عمارت	367
هوک	367
شکستش	367
ديل	367
هردوشون	367
ميدهد	367
گیل	367
خوابیده	367
تونستیم	366
آبنبات	366
تلوزيون	366
نــه	366
نکردين	366
جنبش	366
برقي	366
لباسش	366
روانپزشک	366
تان	366
جنرال	366
توئم	366
مرگم	366
تنگه	366
وقتِ	365
ميخرم	365
چیس	365
میذاره	365
نميتونستي	365
ميسازه	365
داش	365
استراتژي	365
نوامبر	365
هانت	365
روشي	365
خواستين	365
طولانيه	365
مفهومه	365
خطاب	365
کمر	365
ريدم	365
خودمونه	365
لعنتيت	365
تبليغ	365
توبي	365
شرطي	364
تماشاي	364
تعیین	364
تلفنم	364
تنم	364
زندگيشون	364
میمون	364
ميني	364
گشنمه	364
دانشمندان	364
عصبانيه	364
پدري	364
خنگ	364
موريس	364
نامرئي	364
شاعر	364
ميرفتي	364
پیشت	364
پرسيدن	363
برقصي	363
آوردیم	363
حروف	363
درِ	363
ایست	363
ماريان	363
بخاطره	363
هارپر	363
انتظارش	363
منظم	363
استلا	363
براى	363
هوي	363
مگ	363
آباد	363
راهيه	362
حین	362
شجاعانه	362
حرارت	362
بفرستش	362
بسکتبال	362
بوقلمون	362
ميزاري	362
مريخ	362
وسايلم	362
اليوت	362
طبیعت	362
بومي	362
حالشو	362
دبي	362
آفتابي	362
سنگي	362
گُه	361
غصه	361
کشورم	361
احتیاط	361
انجا	361
محاسبه	361
طعنه	361
وقوع	361
فرضيه	361
هورا	361
نخواهند	361
یکبار	361
نزنم	361
ميگرفت	361
مشکي	361
بخوابيد	361
ديرم	360
پت	360
اذيتم	360
تهیه	360
میکشی	360
دري	360
مستعار	360
استيک	360
دهلي	359
آدامس	359
النا	359
بگيريدش	359
كل	359
چش	359
بجنگه	359
نرسه	359
زنانه	359
مصمم	359
كامل	359
تريسي	359
تروي	358
جمعي	358
بردی	358
ورم	358
تلفنش	358
اسکاتي	358
محاله	358
هرگونه	358
جنایت	358
وايسيد	358
ببينند	358
سَم	358
کلاغ	358
اَه	358
بكش	358
كلمه	358
رزمي	357
بزرگتري	357
کوچکترين	357
لستر	357
گنجينه	357
براوو	357
فاز	357
قانونيه	357
تفکر	357
چونه	357
شنل	357
باج	357
صداتون	357
سمتِ	357
تضمین	357
مذهب	357
کريستوفر	357
ميشناختم	357
صابون	356
شنیدن	356
جست	356
مضطرب	356
لني	356
تعقيبش	356
صفت	356
شبح	356
کشوري	356
موجودي	356
ندارین	356
کپی	356
نامزدي	356
رهبران	356
سوسک	355
منافع	355
آمیز	355
ادبي	355
سپرده	355
گراهام	355
مخابره	355
اماندا	355
فلسفه	355
کدومتون	355
پوشيدن	355
ريکي	355
نقاش	355
رویا	355
طبل	355
يکيه	355
بفرستين	355
نيکول	355
منتظرن	355
بودا	354
لونه	354
نظير	354
شنيد	354
ملاقاتش	354
مدته	354
شباهت	354
ذخیره	354
زننده	354
نباشن	354
اينده	354
ناراحتت	353
مداخله	353
هلمز	353
سعيد	353
زيباترين	353
بگيرينش	353
همونجوری	353
غیرقابل	353
داشتنيه	353
خیره	353
جمهوری	353
زي	352
دعوتش	352
ضعيفه	352
میدان	352
بيسيم	352
باس	352
قصاب	352
کنترله	352
ببخشه	352
پدربزرگم	352
تميزش	352
بدر	352
لیز	352
شکمش	351
سزاوار	351
لنگر	351
بالش	351
نابودی	351
چربي	351
نزنيد	351
کوچیکه	351
غده	351
گشتيم	351
کامپيوتري	351
سربازا	351
جانم	351
ارزشه	351
جمعیت	351
ـس	351
سپاه	350
چکمه	350
خاصه	350
پاياني	350
نوزاد	350
دستکاري	350
خشکي	350
خانوادگی	350
شخصيه	350
تفنگدار	350
چندبار	350
تنهامون	350
برنارد	350
مزخرفي	350
زیباست	350
آبراهام	350
محروم	350
ببريدش	350
دردم	350
سونيا	350
قاتله	349
تعليم	349
اينُ	349
خره	349
جانشين	349
تشنج	349
خوريم	349
رندي	349
نگهبانا	349
بستنی	349
سیاسی	349
مودب	349
گستاخ	349
خبرش	349
راسته	349
خواه	349
وقتيه	348
ازاد	348
ترسیدم	348
کیم	348
ویکتور	348
گذر	348
سانتا	348
زندگيِ	348
ندارید	348
خو	348
جرقه	348
مايکي	347
کشیدی	347
اوو	347
گوری	347
نميترسم	347
فيشر	347
سليقه	347
بويد	347
کپسول	347
داناوان	347
جراحی	347
بروکلين	347
مشکلاتي	347
برادري	347
دستاش	347
مسافرخونه	347
جیسون	347
لامصب	347
اولا	347
ازدست	346
بنوش	346
کان	346
پيرزن	346
سمتش	346
راهنمایی	346
همدردي	346
اگرم	346
ميگرفتم	346
منع	346
برسونمت	346
حوادث	346
لاتين	346
خوشکل	346
جليقه	346
جلويي	346
قبض	346
ميترسه	346
هاروی	346
هیچکی	346
گذاشتیم	346
ريچي	346
پولمو	346
بُرد	346
پوپ	346
پليسها	346
بينمش	345
کاروان	345
توبی	345
روستايي	345
سازنده	345
میرفت	345
دستمزد	345
خوشحاليم	345
پورتر	345
سپاسگزارم	345
شيلا	345
بزنند	345
گرگینه	345
قفله	345
کورت	345
سوپرايز	345
اتم	345
بلوط	345
نکردنيه	345
جونيور	345
خريدن	345
سانگ	345
بسیاری	345
بادی	344
شرمن	344
خوند	344
پنجشنبه	344
دانکن	344
وفاداری	344
جنيفر	344
امضاش	344
رويه	344
میذاری	344
بچسب	344
اتمي	344
کُشتي	344
نقاب	344
دعواي	344
دوسته	344
فلیسیتی	344
محدوديت	343
توضيحي	343
دالاس	343
موم	343
مجبوره	343
بازديد	343
دانشجو	343
کويين	343
دوشون	343
اشتياق	343
مردند	343
شکستم	343
ردیف	343
قدرتت	343
ميشناسيم	343
نیومدم	343
دوستمه	343
آدمهايي	343
حريف	342
رقصيدن	342
بنويسه	342
صدف	342
اندی	342
حاجي	342
بابای	342
ضربت	342
رئيسم	342
چشمای	342
شبی	342
سواحل	342
ميشل	342
استريت	342
قسمتی	342
