que	71886
non	47834
de	47055
un	21904
os	15393
unha	14695
se	14059
para	13733
por	13727
do	12575
en	12276
da	10602
as	9317
como	8670
está	8251
si	8125
máis	7767
no	7611
ao	7491
ben	7396
pero	7374
eu	7197
na	6779
con	6679
aquí	6254
son	5992
me	5933
todo	5782
iso	5686
meu	5338
xa	5307
hai	5272
ti	5097
cando	4878
ou	4399
só	4322
dos	4321
súa	4302
miña	4137
seu	4125
agora	4102
así	3901
moi	3886
onde	3851
nada	3711
era	3685
ten	3678
facer	3600
ser	3589
foi	3569
el	3466
teño	3410
isto	3342
quen	3292
esta	3269
algo	3211
nos	3207
todos	3178
vai	3098
estou	3024
porque	3012
este	2886
lle	2819
pode	2739
te	2726
casa	2682
sei	2651
quero	2605
mais	2547
xente	2535
señor	2498
tamén	2448
das	2435
min	2425
vez	2411
tempo	2411
nunca	2397
teu	2361
sen	2331
estás	2325
podo	2299
estaba	2295
día	2268
aínda	2253
vida	2211
polo	2209
che	2203
túa	2187
ver	2173
dicir	2171
anos	2167
vostede	2153
ela	2144
tan	2134
home	2132
pola	2119
aos	2099
mesmo	2098
moito	2081
tes	2066
coma	2056
sobre	2052
nin	2048
vou	2040
nós	1974
sempre	1956
están	1941
co	1940
noite	1939
mellor	1932
es	1879
coa	1801
traballo	1795
cousas	1778
temos	1770
seus	1764
antes	1752
queres	1752
dous	1748
sabes	1702
veña	1698
ás	1693
aí	1692
ir	1689
ese	1684
mundo	1680
grazas	1671
ter	1669
imos	1654
esa	1624
bo	1608
verdade	1607
logo	1605
outra	1602
despois	1579
pai	1554
entón	1528
favor	1511
alí	1500
dun	1483
eles	1475
creo	1458
estar	1451
podes	1433
ninguén	1425
falar	1403
quere	1403
nun	1400
fai	1357
tiña	1353
pouco	1351
noso	1307
cada	1305
estamos	1300
alguén	1289
outro	1281
deus	1245
mañá	1230
novo	1229
nai	1228
entre	1221
cara	1219
hoxe	1204
dixo	1204
días	1192
homes	1181
cousa	1179
ola	1175
súas	1169
fillo	1164
nosa	1162
lugar	1159
guerra	1156
ata	1154
meus	1154
nas	1150
tres	1147
muller	1143
menos	1122
todas	1113
sabe	1111
dunha	1110
sexa	1101
claro	1096
pasa	1091
vas	1087
di	1077
boa	1066
contra	1064
parte	1058
podería	1046
nunha	1045
oh	1045
dende	1039
toda	1033
podemos	1029
primeiro	1019
fóra	1009
teñen	1007
mira	1007
canto	1005
veces	979
tarde	962
tanto	955
cos	955
nova	941
mal	937
cidade	925
vale	911
momento	899
pois	899
dúas	885
quería	878
daquela	877
nome	875
durante	874
certo	871
tal	869
será	855
calquera	854
amor	852
vamos	851
había	843
seguro	838
penso	837
parece	826
grande	825
outros	821
tipo	812
até	812
poder	806
gran	801
cartos	792
xeito	788
medo	788
merda	782
saber	776
vin	771
dixen	771
terra	771
señora	770
ollos	767
pobo	758
debe	749
nosos	745
auga	732
país	729
van	729
ven	722
problema	721
mulleres	721
moitos	721
comigo	718
lles	717
desde	713
rei	712
historia	710
uns	709
amigo	706
morte	697
feito	694
cabeza	690
eh	690
ano	687
vós	685
traballar	685
primeira	682
somos	680
foron	678
ningún	676
poden	672
estes	668
familia	667
acordo	667
fixo	662
dentro	662
facelo	662
man	659
fin	657
hora	656
persoas	648
dar	645
cun	639
policía	636
irmán	629
case	628
amigos	626
mentres	626
fillos	625
sería	623
pasar	616
idea	615
razón	610
nenos	609
polos	606
cal	600
vos	598
volta	597
ca	595
moitas	594
camiño	593
eran	593
teus	592
algunha	590
volver	589
vén	589
estas	583
debería	583
mans	582
filme	580
vaia	579
contigo	575
mamá	574
vivir	574
algún	571
coas	569
conta	567
demasiado	567
eses	565
pasou	565
importa	565
ía	564
porta	563
cinco	562
exército	556
adeus	553
miñas	553
catro	551
papá	546
neste	546
mesma	541
cunha	540
vexo	538
algúns	531
fas	530
horas	529
fun	528
sabía	528
baixo	524
xefe	524
igual	523
síntoo	522
rúa	518
realmente	516
pensar	515
chegar	515
saír	513
problemas	513
rapaz	512
lado	511
fixen	509
clase	505
matar	504
ningunha	504
fose	504
único	502
ves	500
estado	499
morrer	497
segundo	495
caso	495
cuarto	495
coche	492
diso	490
vir	490
vello	489
paz	487
importante	486
corazón	486
aló	485
tío	484
gusta	482
deixa	482
comer	480
cres	478
deste	477
queda	477
semana	477
podía	473
marchar	469
pequeno	469
deixar	467
puta	465
medio	464
pensei	464
serio	464
nosas	461
preciso	460
sorte	457
persoa	457
axiña	456
filla	455
campo	454
número	448
xuntos	445
levar	445
ah	445
estaban	444
fan	444
esas	442
tiven	442
goberno	441
diñeiro	440
queren	439
meses	437
neno	435
corpo	434
adiante	434
sitio	433
partido	429
forma	429
axuda	429
sangue	427
boas	427
desta	427
lonxe	426
feliz	425
ei	424
difícil	424
coido	424
din	424
soa	423
minutos	422
moza	421
cadra	420
moita	420
fala	419
irmá	418
del	417
xusto	417
palabra	416
demais	415
suposto	414
morto	414
pensas	413
leva	411
rápido	408
dis	407
stark	407
quizais	407
liberdade	403
forte	401
orde	399
polas	399
digo	398
dez	398
onte	396
mozo	395
comida	392
déixame	392
tolo	391
negro	391
preto	389
senón	388
presidente	388
forza	388
final	387
significa	386
entendo	385
grandes	385
diante	384
escola	384
nesta	382
punto	381
chegou	381
agarda	380
rapaza	378
voso	377
abaixo	377
outras	377
parís	377
unhas	377
queremos	375
poida	372
dereito	372
alto	369
atopar	366
debemos	364
maior	363
coidado	363
vosa	363
sinto	361
situación	361
rapaces	361
culpa	361
arriba	360
pais	360
sol	360
norte	359
garda	359
escoita	358
deles	358
alá	357
pasado	357
supoño	357
durmir	356
seis	356
morreu	356
luz	356
sur	356
fago	354
quedar	354
pensa	353
sequera	352
pé	352
tivo	351
bos	350
carallo	350
tomar	349
cama	348
atrás	347
toma	344
carta	344
faga	344
vivo	343
nena	341
fixeches	340
tería	339
pequena	336
maneira	336
entrar	336
futuro	335
última	335
acó	334
realidade	334
armas	334
palabras	332
bastante	332
loita	332
facendo	332
axudar	331
chega	331
querida	331
espero	330
túas	330
propio	329
segue	328
propia	328
branco	327
dáme	326
seguir	326
mar	326
tampouco	325
debo	325
noites	325
seguinte	322
gustaríame	321
mozos	319
houbo	317
soldados	317
fronte	316
grupo	316
millóns	315
chama	312
dá	312
veu	310
animais	308
traballadores	308
buscar	307
peor	307
lume	306
pregunta	306
revolución	306
cámara	306
libre	306
estiven	306
ha	305
sentido	303
mortos	301
fame	301
detrás	300
estea	297
boca	296
algunhas	296
volve	294
negros	294
pobre	293
centro	293
ceo	291
seino	290
música	290
señorita	288
dime	288
cariño	288
malo	287
espera	286
única	285
cantos	285
falta	285
dixeches	284
saben	284
velo	283
sistema	282
estivo	282
esquerda	282
nacional	282
vostedes	281
qué	281
fixeron	280
colle	280
teña	280
novas	279
marcha	279
resto	278
vive	275
can	275
coller	275
coñezo	275
xogo	274
capitán	274
política	273
dólares	272
listo	272
mes	270
cre	270
lei	270
perder	270
partes	269
sete	268
duro	268
exemplo	267
frío	267
chamar	267
papel	267
voz	267
sabemos	267
soño	267
equipo	267
último	266
café	266
roupa	266
director	265
gústame	265
sociedade	264
atención	264
festa	263
tras	263
silencio	263
tiñan	260
vella	260
ve	259
ler	259
mil	259
doutor	258
intre	258
debes	258
lembro	257
teléfono	255
sodes	255
nese	255
fora	254
crer	253
deben	252
estades	251
pagar	250
fábrica	250
diga	249
marido	248
irmáns	248
lord	247
cuestión	247
dela	247
hospital	247
llo	247
loitar	247
asunto	247
comezar	246
díxome	246
simplemente	246
precisa	246
comité	245
través	245
libro	245
cinema	244
exactamente	243
estabamos	243
real	243
semanas	241
viaxe	241
querido	241
chan	241
vista	240
xogar	240
diferente	239
raíña	239
pon	238
empresa	238
tiñamos	237
comunista	237
barco	237
longo	237
sae	236
gañar	236
oportunidade	236
media	236
proba	235
facemos	235
cala	235
bonito	234
casas	234
mirar	234
haberá	233
agardar	233
francia	233
muro	233
estabas	232
deu	232
dese	231
hotel	230
anda	230
fagas	229
estraño	229
casar	229
abondo	228
seguridade	228
movemento	228
paso	227
john	227
tony	227
pensaba	226
cor	226
mary	226
dereita	225
banda	225
esposa	224
maioría	224
semella	224
mo	224
doce	223
par	223
carne	223
estará	221
san	221
viva	221
batalla	221
normal	220
ollo	220
idade	220
sra	219
pan	219
cabalo	219
dirección	219
soldado	218
dicía	218
fotos	218
compañía	218
enriba	218
persoal	218
ouro	217
respecto	217
terá	216
viches	216
parvo	216
pena	216
deberías	214
calor	214
cambio	214
oficina	213
modo	213
maio	212
alteza	212
triste	212
xeneral	212
cho	212
aquel	211
público	211
dille	211
foto	211
ademais	211
levo	209
película	209
precisamos	209
poñer	209
minuto	209
conseguir	208
tren	208
médico	208
arma	208
talvez	208
rapazas	207
filmes	207
río	207
oito	207
ante	206
veñen	206
pelo	205
brancos	205
negocio	204
comuna	204
axente	204
fondo	203
viu	203
opinión	203
vaite	202
existe	202
aire	201
comezou	201
radio	201
mellores	201
posíbel	200
dixeron	200
facía	200
vietnam	199
aprender	199
américa	198
ós	198
hei	198
servizo	198
aqueles	197
ficar	197
ordes	197
liña	197
escribir	197
contar	197
serán	197
odio	196
tedes	196
igrexa	195
xeral	195
disto	195
fomos	194
relación	194
rúas	194
resposta	194
viño	194
pronto	194
vila	194
poderías	193
acción	193
señores	193
preocupes	193
alma	192
mesa	192
caer	191
abonda	191
entendes	191
saúde	190
espazo	190
senta	190
tempos	190
avión	189
novos	189
preguntas	189
díxenlle	188
tema	188
fácil	188
pés	188
sí	187
illa	186
cedo	186
xeitos	186
forzas	186
comezo	186
digas	185
los	185
coñeces	185
vimos	185
zona	184
pracer	184
entra	184
mala	184
ai	184
falo	183
segunda	183
rematou	183
poucos	183
portas	183
ren	183
coñece	183
escoitar	182
verán	182
imaxe	182
sindicato	182
sendo	182
dálle	182
televisión	182
perdón	181
elas	181
sexas	181
sala	181
orleáns	181
cineclube	181
estaría	181
posto	180
militar	180
queiras	180
arredor	180
obreiros	180
una	180
lista	180
cantas	180
arte	180
desculpe	180
posible	180
compostela	179
esperar	179
cabaleiros	179
información	179
causa	179
perigo	179
mire	178
segura	178
busca	178
permiso	178
comunistas	178
vinte	178
dúbida	177
desa	177
raro	177
beber	176
correcto	176
violencia	176
especial	175
queira	175
inimigo	175
estiveches	175
haber	175
verte	175
fermosa	175
vosos	174
falando	174
usar	173
vellos	173
imaxes	173
unidos	173
príncipe	173
baixa	173
ponte	173
costas	173
la	173
oficial	172
manter	172
mercar	172
tenda	172
bomba	171
falla	171
marchou	171
dor	171
deberiamos	171
metade	171
necesito	170
memoria	170
parar	169
prezo	169
xenial	169
control	168
éxito	168
chea	168
sexan	168
francés	168
traballa	168
xunto	168
metros	167
incluso	167
cambiar	167
tía	167
aldea	167
queredes	167
york	167
folga	167
matou	166
espectáculo	166
cheo	166
principio	166
libros	166
terras	166
experiencia	165
agardo	165
botar	165
farei	165
completamente	165
social	165
totalmente	165
comeza	165
condicións	165
pedir	165
xamais	165
estados	164
subtítulos	164
escena	164
déixao	163
pobres	163
fixemos	163
vermello	163
edificio	163
posición	163
fuches	163
membros	163
esperanza	162
valor	162
marabilloso	162
tivese	161
cociña	161
lannister	161
cea	161
fermoso	161
síntome	161
americanos	160
pase	160
puiden	160
darlle	160
faría	160
cabo	160
negocios	160
cu	160
niso	160
francos	160
destes	160
chamada	159
telo	159
avoa	159
americano	159
perfecto	159
inverno	158
bebé	158
morta	158
aquela	158
sentir	158
lady	158
volveu	158
vento	157
simple	157
gusto	157
espírito	157
connosco	157
tranquilo	157
suficiente	157
avogado	157
combate	157
ataque	157
teñas	157
faino	156
asasinato	156
trata	156
negra	156
mensaxe	156
interesante	156
baño	155
robert	155
rematar	155
quente	154
partir	154
consello	154
falas	153
perdoa	153
domingo	153
présa	153
londres	152
puido	152
neve	151
presente	151
vidas	151
alta	151
acaba	151
lembras	151
lúa	151
cartas	151
tivemos	150
dano	150
mesmos	150
común	150
sente	150
soños	150
traballando	150
cadea	149
europa	149
calma	149
canción	149
porcos	149
paréceme	148
demo	148
angeles	148
tiñas	148
irei	148
asasino	147
galego	147
falamos	147
necesario	147
época	147
volva	147
amiga	147
mozas	147
poderiamos	147
próxima	146
preguntar	146
nove	146
gracias	146
dereitos	146
trae	146
teremos	146
central	146
doado	145
reunión	145
mágoa	145
civil	145
nesa	144
vitoria	144
dabondo	144
pequenos	144
branca	144
podedes	144
tola	144
acto	144
terás	144
ocorre	143
vergoña	143
barrio	143
pel	143
flores	143
áfrica	143
nenas	143
camaradas	143
verdadeiro	143
humano	142
fogar	142
vender	142
pra	142
visita	142
destino	142
gato	142
joe	142
mente	141
natureza	141
deuses	141
saíu	141
espada	141
azuis	141
funciona	141
oeste	140
padre	140
alemáns	140
bailar	140
james	139
honra	139
cabrón	139
finalmente	139
caza	139
estrada	139
levas	139
deixou	139
banco	139
tanta	138
andar	138
pensando	138
probas	138
atopei	138
xuízo	138
terceiro	138
obxectivo	138
obra	138
riba	138
plan	137
cidades	137
aquilo	137
chegamos	137
dicindo	137
xornal	137
sacar	137
cría	136
vontade	136
tentar	136
abre	136
distrito	136
nel	136
entender	135
teatro	135
desexo	135
haxa	135
voume	135
cans	135
campos	135
so	135
bonita	135
diferentes	135
agás	135
chámase	135
últimos	135
oe	134
produción	134
proceso	134
feitos	134
don	133
comandante	133
felicidade	133
idiota	133
miles	133
medios	133
maldito	133
nomes	133
dicirlle	133
tipos	133
dicilo	133
decisión	133
bueno	132
profesor	132
azul	132
compartir	132
brazos	132
habitación	131
poderían	131
cabalos	131
cantar	131
xustiza	131
leste	131
enfermo	131
diría	131
pór	131
probablemente	131
estación	131
árbore	131
fará	131
mestre	130
conto	130
chamado	130
paul	130
veño	130
sabelo	130
pódese	130
base	129
porco	129
marcho	129
enerxía	129
chamas	129
estarei	129
lugares	129
departamento	129
puidese	128
máquina	128
cativos	128
alemaña	128
voltar	128
subir	128
avó	128
dura	128
súpeto	128
humanos	128
nación	127
pedra	127
ideas	127
total	127
parecía	127
broma	127
bombas	127
xardín	127
ferro	127
educación	127
beleza	127
paga	127
ho	127
evitar	126
nivel	126
precisas	126
viven	126
vivimos	126
interior	126
capital	126
gustaría	126
gústache	126
vermella	126
fe	126
prensa	126
apenas	126
anaco	125
volvo	125
cervexa	125
viña	125
carro	125
oín	125
irmao	125
brazo	125
leite	124
verde	124
absoluto	124
carón	124
reino	124
delito	124
mirade	124
principal	124
costa	123
buscando	123
traxe	123
sabedes	123
deber	123
chorar	123
setembro	123
tantos	123
ama	123
programa	123
coñecer	123
propios	123
levan	123
inglés	123
divertido	123
xudeus	123
olla	123
oes	123
construír	122
probar	122
organización	122
morreron	122
cheguei	122
accidente	122
deses	122
sexo	122
salvo	122
mercado	122
carreira	122
fotografía	121
tódolos	121
necesidade	121
sinal	121
prisión	121
berlín	121
sentar	121
interese	121
cárcere	121
mundial	121
carson	121
corte	121
imposible	120
dou	120
longa	120
pesar	120
vacacións	120
quixen	120
bastardo	120
popular	120
alemán	120
agardando	119
especialmente	119
fuxir	119
esquecer	119
corre	119
debía	119
ocorreu	119
segredo	119
erro	119
querían	119
camarada	118
sido	118
rico	118
dan	118
camiñar	118
continúa	118
té	118
acabar	118
vía	118
debaixo	118
certa	118
rock	117
trato	117
fica	117
escravos	117
eras	117
correr	117
cabaleiro	117
coñecín	116
vela	116
disco	116
defensa	116
primavera	116
tocar	116
ruído	116
arroz	116
hollywood	115
investigación	115
levou	115
depende	115
verme	115
montaña	115
han	115
crime	115
podían	115
abril	114
serve	114
material	114
cidadáns	114
johnny	114
vemos	114
área	114
joffrey	114
quixera	114
franceses	114
entende	114
século	114
historias	114
tratar	114
estivese	113
has	113
inimigos	113
xuño	113
animal	113
unidade	113
caixa	113
terei	113
perdeu	113
disparar	113
caste	113
lembra	112
george	112
fogo	112
fiestra	112
volverei	112
razóns	112
servir	112
pernas	111
atopa	111
miúdo	111
tenta	111
canso	111
familias	111
confianza	111
pistola	111
ambos	111
escoitei	111
baixar	110
chamou	110
obrigado	110
senador	110
estúpido	110
membro	110
vosas	110
patrón	110
primeiros	110
pescozo	110
outubro	110
ollada	110
conciencia	110
monte	110
dame	109
sinxelo	109
clases	109
continuar	109
veñan	109
voda	109
veremos	108
mentira	108
esperando	108
parede	108
fortes	108
escoite	108
enorme	108
actuar	108
tiveches	107
vestido	107
contacto	107
vira	107
iuáns	107
destas	107
perigoso	107
cear	107
trono	107
vexa	107
estilo	107
pa	107
doutro	107
beira	107
gustan	106
pública	106
interesa	106
querías	106
piso	106
saída	106
segundos	106
cemiterio	106
abrir	106
caeu	106
comunidade	106
chave	106
ían	106
díxenche	106
meirande	105
tantas	105
vés	105
cultura	105
deixes	105
saiba	105
mudar	105
visto	105
sarxento	105
ides	105
xornais	105
saia	105
matrimonio	105
thomas	105
deixei	105
terrible	104
marzo	104
sensación	104
srta	104
lixo	104
misión	104
propiedade	104
traer	104
vendo	104
faime	104
informe	104
planeta	104
vaias	104
quedan	104
solución	104
industria	104
preparado	104
fagan	104
proxecto	104
estranxeiro	103
apoio	103
cantidade	103
praia	103
oficiais	103
malia	103
california	103
leis	103
santo	103
le	103
querería	102
nela	102
maldita	102
negras	102
eleccións	102
varios	102
verás	102
zapatos	102
completo	102
pequenas	102
eua	102
pregúntome	101
dean	101
parvadas	101
mirando	101
tirar	101
querer	101
poderá	101
entrada	101
intelixente	101
princesa	101
esperta	101
peso	101
carga	101
volvín	101
chaman	101
cren	101
cen	101
españa	101
pasei	101
fale	100
mataron	100
millas	100
cales	100
cristo	100
vivía	100
copa	100
universidade	100
rir	100
chámome	100
varias	100
inferno	100
centos	100
pantalóns	100
contrario	100
autoridade	99
entendido	99
sentimento	99
contas	99
bico	99
documento	99
pista	99
xesús	99
miller	99
camión	99
compañeiros	99
mando	99
fred	99
brian	99
perante	99
salvaxes	98
países	98
modelo	98
político	98
apartamento	98
portugal	98
tés	98
nadal	98
deixe	98
refuxio	98
terreo	98
concello	98
próximo	98
deberían	98
esforzo	97
falou	97
excelente	97
dito	97
feita	97
custa	97
puxo	97
déixeme	97
prefiro	97
poña	97
contento	97
desgraza	97
coronel	97
bates	96
capaz	96
milady	96
recibir	96
aceptar	96
horrible	96
efecto	96
resultado	96
recordo	96
perdoe	96
nariz	96
luces	96
marche	96
felices	96
enteiro	96
amo	96
tribunal	96
asuntos	96
acabo	96
plano	95
val	95
debera	95
indo	95
aconteceu	95
morre	95
honor	95
internacional	95
golpe	95
escuridade	95
coidar	95
meter	95
tv	95
compañeiro	95
frankie	95
amable	95
levamos	95
república	94
inmediatamente	94
cadro	94
policías	94
protexer	94
abrigo	94
presa	94
eramos	94
labregos	94
crear	94
leve	94
luns	94
alén	94
ministro	94
roubar	94
vouche	94
heroe	94
cine	94
mirada	94
montañas	94
quede	94
distinto	93
colexio	93
aspecto	93
lembrar	93
incríbel	93
sorpresa	93
vémonos	93
salvar	93
segues	93
abofé	93
defender	92
distancia	92
natural	92
dobre	92
tranquila	92
estraña	92
alcalde	92
dicirche	92
chegue	92
coches	92
cita	92
líder	92
sentado	92
poboación	92
atopamos	91
chaplin	91
entrou	91
city	91
declaración	91
evitalo	91
trinta	91
sábado	91
posibilidade	91
geoff	91
horríbel	91
praza	91
tiveron	91
árbores	91
verdadeira	91
enfermidade	91
ganas	91
furacán	91
dona	91
pido	91
levaba	91
perdido	90
exacto	90
diferenza	90
humana	90
peixe	90
moda	90
contrato	90
xuíz	90
viñeron	90
deica	90
tarefa	90
ok	90
chegaron	90
local	90
ned	90
antigo	90
risco	90
estean	90
traballos	90
inglaterra	90
feridos	90
cómo	90
ritmo	90
dacordo	90
terríbel	90
tome	90
xullo	89
baleas	89
ladrón	89
dando	89
castelo	89
grave	89
filmar	89
formas	89
intención	89
deron	89
serei	89
pasada	89
fixera	89
iremos	89
aceiro	89
tropas	89
puntos	89
tommy	89
vexamos	89
cativo	88
desas	88
sombra	88
pedras	88
especie	88
lingua	88
vouno	88
sentín	88
rostro	88
quérote	88
estrelas	88
giuliano	88
impresión	88
dea	88
correo	88
milleiros	88
baleiro	88
explicar	88
salvaxe	88
gloria	88
quixo	87
delas	87
quedou	87
cabelo	87
ocupado	87
libres	87
tumba	87
paxaro	87
ameaza	87
altura	87
ferido	87
parecer	87
canta	87
cargo	87
terán	87
parella	87
estrela	87
asasinado	86
deter	86
terceira	86
unión	86
corpos	86
piques	86
teñan	86
come	86
aniversario	86
onda	86
marcos	86
porén	86
listos	86
moral	86
poidamos	86
cigarro	86
viron	85
axúdame	85
taxi	85
sam	85
pasan	85
auto	85
normalmente	85
papeis	85
souben	85
imposíbel	85
procura	85
cerebro	85
escapar	85
quita	85
falei	85
xapón	85
serás	85
faremos	85
cancións	85
prisioneiros	85
pouca	85
medida	85
debido	85
militares	85
panteras	85
inocente	85
pensan	85
máquinas	84
darme	84
gas	84
estudantes	84
parva	84
jim	84
arroaces	84
mentiras	84
imaxinar	84
brown	84
fría	84
responsabilidade	84
preparados	84
cansa	84
sgae	84
versalles	84
xeo	84
salón	84
charlie	84
esteas	84
sal	84
xaneiro	84
fillas	84
tom	84
escribiu	83
benvida	83
testemuña	83
construción	83
falan	83
dama	83
voltas	83
indios	83
agasallo	83
crise	83
miseria	83
pecha	83
esto	83
recoller	83
baile	83
nisto	83
naceu	83
desculpa	83
democracia	82
regras	82
maiores	82
emprego	82
vivindo	82
tentando	82
perdín	82
seres	82
gracioso	82
preocupe	82
tivera	82
madeira	82
dentes	82
estupendo	82
autobús	82
encantado	82
metro	82
quedo	82
chicago	82
recuperar	82
decidín	82
escoller	82
regresar	82
vaise	82
aposto	81
películas	81
bosque	81
santa	81
escrito	81
importancia	81
pensamos	81
actitude	81
serie	81
velaquí	81
contado	81
rosa	81
acabou	81
visión	81
bar	81
granxa	81
millón	81
correndo	81
estivemos	81
fareino	81
podías	81
conducir	81
propósito	81
americana	80
guapa	80
outeiro	80
incrible	80
ed	80
nota	80
bandeira	80
sede	80
descanso	80
chamando	80
motivo	80
bolsa	80
preocupado	80
franco	80
coitelo	80
pasando	80
precisan	80
perda	80
avións	80
po	80
cona	80
sobrevivir	80
digamos	80
debeu	80
remata	79
fábricas	79
intento	79
uso	79
quitar	79
momentos	79
altos	79
viñeches	79
nuclear	79
benvido	79
pide	79
supón	79
tolos	79
testemuñas	79
vítimas	79
arranxar	79
cortar	79
pasaron	79
sono	78
parque	78
directamente	78
choiva	78
polly	78
poderás	78
deixas	78
irá	78
noutro	78
balas	78
brillante	78
matei	78
the	78
humanidade	78
importantes	78
peito	78
reloxo	78
estase	78
sentimentos	78
volvas	78
lavar	78
aberta	77
chegada	77
william	77
liñas	77
sindicatos	77
intereses	77
estaremos	77
voar	77
acaso	77
pasaba	77
coñecido	77
sube	77
karen	77
perna	77
conexo	77
señoras	77
facedes	77
aprendín	77
gardas	77
estivera	77
espere	77
trouxo	77
anel	77
remus	77
ías	76
empezar	76
políticos	76
recibín	76
nestes	76
permitir	76
gústalle	76
namorado	76
precisamente	76
rusia	76
aparece	76
artista	76
diario	76
necesita	76
discutir	76
presenza	76
revolucionario	76
comezamos	76
doutra	76
soamente	76
gobernador	76
traballaba	76
oír	76
patacas	76
irmás	76
maría	76
médicos	76
cae	75
poucas	75
absolutamente	75
foder	75
curso	75
peter	75
ward	75
roma	75
acontece	75
fronteira	75
actor	75
cincuenta	75
enviar	75
rusos	75
sentes	75
adoitaba	75
mesmas	75
remate	75
desembarco	75
séculos	75
sabías	75
sacrificio	75
washington	74
cabezas	74
ósos	74
torre	74
secretario	74
fantástico	74
casado	74
linguaxe	74
virá	74
seguen	74
dedos	74
pago	74
agradábel	74
puto	74
chegan	74
malos	74
vino	74
poidas	74
acadar	74
valente	74
agosto	74
xantar	74
consigo	74
título	74
semellante	74
redor	74
lin	74
pete	74
elección	74
coñecía	74
criminal	74
iamos	74
jacques	74
sección	74
tentou	73
berrar	73
vives	73
malas	73
iguais	73
michael	73
casos	73
deume	73
cadros	73
accións	73
amén	73
enferma	73
caras	73
falaba	73
estranxeiros	73
gaña	73
desastre	73
bala	73
patio	73
actores	73
limpar	73
selo	73
vaso	72
destruír	72
barcos	72
empresas	72
necesitamos	72
cambiou	72
saímos	72
estarás	72
preguntou	72
fonte	72
imbécil	72
clay	72
sós	72
escenario	72
estarán	72
agarde	72
winnipeg	72
paseo	72
partida	72
controlar	72
período	72
dalgún	72
responder	72
milord	72
retrato	72
palestina	72
acabouse	71
cuartos	71
deixádeme	71
expresión	71
mediodía	71
motor	71
crin	71
volverá	71
dixéronme	71
fosen	71
seguros	71
vacas	71
traballan	71
dado	71
romper	71
liberación	71
socialista	71
alégrome	71
botella	71
temo	71
impostos	71
puidera	71
oxalá	71
facían	71
coroa	71
cadeira	71
canda	70
david	70
pecado	70
empregados	70
tormenta	70
rexión	70
manuela	70
febreiro	70
sopa	70
corrente	70
seguramente	70
chego	70
famoso	70
toca	70
dicían	70
stalin	70
habitantes	70
plans	70
tele	70
resistencia	70
levalo	70
biblia	70
piedade	70
khaleesi	70
pasamos	70
demos	70
km	70
botas	70
chame	70
cheiro	70
presión	70
apareceu	70
protección	70
ridículo	69
orgulloso	69
xudeu	69
masas	69
vivos	69
preocupa	69
facerlle	69
ruta	69
vítima	69
venres	69
estudar	69
tenente	69
gordo	69
amar	69
zhang	69
cerca	69
campaña	69
tendo	69
superior	69
rato	69
privado	69
robinson	69
comecei	69
poidan	69
winnetou	69
existen	69
sigo	69
reacción	69
monstro	69
teito	69
quedei	69
pensou	69
dei	68
colleita	68
inútil	68
ricos	68
claramente	68
economía	68
explosión	68
autoridades	68
pasará	68
chamaba	68
antigos	68
conde	68
martin	68
newton	68
confiar	68
cruz	68
habería	68
amosar	68
decembro	68
esperaba	68
funeral	68
acontecer	68
mascotas	68
fales	68
quenda	68
precioso	68
crimes	68
limpa	68
dicirme	68
porto	68
area	68
fermosas	68
pequín	68
cobre	68
división	68
bágoas	68
réxime	68
deixan	67
tomou	67
chaves	67
lisca	67
chamo	67
desapareceu	67
xeonllos	67
permite	67
escóitame	67
basta	67
traballamos	67
howard	67
deixalo	67
voo	67
al	67
china	67
marca	67
harry	67
coello	67
menor	67
marabillosa	67
edificios	67
discurso	67
campión	67
teñamos	67
esquezas	67
dedo	67
guapo	67
facerme	67
xiro	67
pura	67
práctica	67
ovos	67
atopou	67
anxo	66
independencia	66
sucedeu	66
paixón	66
ambiente	66
escribe	66
lección	66
tira	66
exterior	66
infancia	66
estiveron	66
limpo	66
destrución	66
sabían	66
gando	66
mai	66
residente	66
veciños	66
útil	66
welch	66
israel	66
xuramento	66
fagamos	66
herba	66
amizade	66
traballador	66
comezaron	66
ocasión	66
revista	66
mccarthy	66
vinganza	65
espello	65
desexa	65
xeración	65
premio	65
xornalista	65
libras	65
jon	65
fergus	65
encol	65
imaxino	65
ocupación	65
almorzo	65
escuro	65
dono	65
deixaron	65
obxecto	65
clara	65
conversa	65
perfecta	65
fume	65
malditos	65
pertence	65
particular	65
comprender	65
xefes	65
postos	65
grupos	65
pechada	65
jo	65
ouvir	65
mover	64
smith	64
tolemia	64
francesa	64
whisky	64
nacín	64
parecen	64
decidiu	64
mike	64
miras	64
ningures	64
anna	64
marchamos	64
intelixencia	64
pensamento	64
novembro	64
piscina	64
siga	64
minas	64
paxaros	64
reinos	64
vellas	64
obreiro	64
certos	64
charles	64
probabelmente	64
velos	64
faise	64
derradeira	64
ferida	64
civís	64
tradición	64
emerxencia	63
asasinos	63
alegría	63
doente	63
damas	63
cidadán	63
fodido	63
presentar	63
sufrimento	63
pechar	63
comercio	63
pelexar	63
cura	63
lados	63
talento	63
versión	63
cámaras	63
pinta	63
tento	63
madre	63
usa	63
calidade	63
personaxe	63
deserto	63
piloto	63
chisco	63
empeza	63
anterior	63
verdadeiramente	63
sinais	63
pareces	63
bebe	63
schine	63
armadura	62
sweetback	62
voulle	62
espía	62
farto	62
últimas	62
cigarros	62
encántame	62
encontro	62
romanos	62
ide	62
falso	62
perfectamente	62
parabéns	62
comisión	62
visitar	62
palacio	62
ledicia	62
traballas	62
bobby	62
operación	62
sorriso	62
loitando	62
recursos	62
fortuna	62
clientes	62
liscar	62
pare	62
directo	62
electricidade	62
oíches	62
foise	62
volves	62
relixión	62
daisy	62
descansar	62
coulson	61
bote	61
cólleo	61
confío	61
italia	61
laboratorio	61
funcionar	61
tamaño	61
líderes	61
teoría	61
nalgún	61
miren	61
multitude	61
richard	61
chámame	61
rapidamente	61
daba	61
agardaba	61
rede	61
noxento	61
cruel	61
cola	61
nestas	61
chegará	61
león	61
lou	61
ladróns	61
darche	61
descubrir	61
empezou	60
loki	60
levaron	60
cultural	60
guste	60
peza	60
tentei	60
castigo	60
votar	60
irme	60
biblioteca	60
naturalmente	60
tecnoloxía	60
espertar	60
obviamente	60
nacemento	60
quince	60
pobos	60
uniforme	60
camisa	60
noticias	60
queiran	60
seren	60
amante	60
atacar	60
sucede	60
mackie	60
completa	60
resulta	60
deixamos	60
vide	60
senado	60
obter	60
administración	60
identidade	60
cooperativa	60
sentía	60
eso	60
decidir	60
actual	60
oso	59
jane	59
certas	59
rápida	59
chaqueta	59
jaime	59
milagre	59
direi	59
terías	59
lea	59
cremos	59
ocorrer	59
caro	59
relacións	59
flor	59
hostia	59
paredes	59
rastro	59
illas	59
peores	59
escándalo	59
xoves	59
raza	59
sábelo	59
rebeldes	59
axeitado	59
obriga	59
poño	59
termos	59
queixo	59
responsable	59
voute	59
esposas	59
soas	59
necesidades	59
fíxeno	59
baleira	59
iván	58
tardes	58
absurdo	58
facerse	58
números	58
certamente	58
detalles	58
atopo	58
will	58
quieto	58
danos	58
medidas	58
metal	58
ensinar	58
pediu	58
gris	58
circunstancias	58
anacos	58
posta	58
poñas	58
mantén	58
noiva	58
móbil	58
complicado	58
sociais	58
coraxe	58
preciosa	58
almacén	58
prisioneiro	58
seguimos	58
manda	58
roubo	58
comunismo	58
lentes	58
recoñecer	58
bota	58
matthew	58
peixes	58
económica	58
morren	58
invernalia	58
viñemos	58
tiro	57
coñecemento	57
xigante	57
culpábel	57
legal	57
familiar	57
montar	57
tratando	57
cambios	57
aeroporto	57
cambia	57
érguete	57
pezas	57
bravo	57
petróleo	57
traidor	57
perdemos	57
preparar	57
saín	57
matalo	57
outono	57
saca	57
dilles	57
marie	57
semellaba	57
sansa	57
paquete	57
reich	57
converteuse	57
von	57
atopaches	57
azucre	57
punta	57
deixaches	57
putas	57
primeiras	57
fermosos	57
participación	57
correcta	57
pelexa	56
esquina	56
contenta	56
data	56
oferta	56
lee	56
novela	56
xunta	56
antiga	56
dicimos	56
venda	56
saíndo	56
documentos	56
sábeo	56
vaiamos	56
gustaba	56
entrevista	56
graza	56
fumar	56
erros	56
camións	56
coñecen	56
toque	56
etc	56
escolas	56
baixas	56
fada	56
directora	56
sitios	56
humor	56
grao	56
escoito	56
vexan	56
caída	56
rexistro	56
aceite	56
corda	56
beneficios	55
comprendo	55
preso	55
jack	55
consciente	55
cores	55
cunca	55
grolo	55
acouga	55
quilómetros	55
club	55
richie	55
sufrir	55
poderemos	55
universo	55
pasta	55
turistas	55
coñecemos	55
ímonos	55
preguntei	55
finais	55
pedín	55
fila	55
paren	55
xoga	55
principios	55
marchas	55
esquece	55
marcharon	55
xogos	55
allen	55
robb	55
orgullo	55
centavos	55
recibiu	55
museo	55
pensamentos	55
trens	54
nelson	54
explicación	54
trátase	54
noutra	54
viviu	54
éche	54
andas	54
poderíamos	54
farías	54
vixía	54
viaxar	54
actividade	54
corredor	54
carbón	54
precisar	54
corenta	54
katrina	54
parade	54
soportar	54
martes	54
desculpas	54
disposto	54
embaixo	54
regreso	54
pat	54
asasinados	54
preguntarlle	54
augas	54
amas	54
tomas	54
ali	54
agradable	54
exercicio	54
superficie	54
enderezo	54
mírame	54
basicamente	54
socialismo	54
símbolo	54
cerimonia	54
aberto	54
ultimamente	54
señoría	54
esquecín	54
prohibido	54
dragón	53
poderei	53
frase	53
ovellas	53
fixese	53
castaños	53
execución	53
informes	53
exposición	53
refuxiados	53
collín	53
rochas	53
colla	53
patria	53
discusión	53
resolver	53
esperto	53
xuntas	53
parvada	53
volvemos	53
foran	53
franza	53
deixen	53
cento	53
mineiros	53
mao	53
cuba	53
masacre	53
territorio	53
disparou	53
propias	53
gatos	53
tendas	53
trigo	53
guía	53
dixera	53
cego	53
escaleiras	53
amábel	53
corazóns	53
sucio	53
asistente	53
pesca	53
condutor	53
queriamos	53
maldición	53
dimo	53
canón	53
cruzar	53
ma	53
atómica	52
estudos	52
nervioso	52
mandar	52
terían	52
axentes	52
canóns	52
burato	52
velocidade	52
representa	52
dormitorio	52
podiamos	52
nubes	52
paciencia	52
paro	52
corta	52
máscara	52
derradeiro	52
comercial	52
crawley	52
conseguiu	52
asia	52
maneiras	52
terror	52
amencer	52
promesa	52
guerras	52
certeza	52
pasos	52
falemos	52
progreso	52
sinte	52
confía	52
excelencia	52
profesional	52
cadáver	52
ciencia	52
nadar	52
resultados	52
rematei	52
saúdos	52
nishi	52
atoparon	52
despacho	52
enviou	52
steve	52
mata	52
votos	52
max	52
instituto	51
demostrar	51
círculo	51
paraíso	51
elixir	51
balea	51
responsábel	51
miga	51
culpable	51
reis	51
xira	51
ambulancia	51
ámote	51
precisaba	51
amosa	51
seica	51
vaste	51
andreu	51
formar	51
francisco	51
vese	51
velaí	51
durme	51
suponse	51
estasme	51
chegaches	51
traballei	51
texto	51
prato	51
agardamos	51
hitler	51
debín	51
lisboa	51
carlos	51
axudalo	51
puxen	51
función	51
orixe	51
existencia	51
huey	51
conseguín	51
reais	51
pintura	51
decisións	51
esquéceo	51
tí	51
alégrame	51
curioso	51
posibilidades	51
artigo	51
pechado	50
pesado	50
houbese	50
asalto	50
solar	50
colleu	50
executivo	50
conseguimos	50
fulano	50
doe	50
lapis	50
imaxina	50
falsa	50
rara	50
burguesía	50
voto	50
manifestación	50
diferencia	50
fracaso	50
camiños	50
tarxeta	50
gasolina	50
boston	50
park	50
coida	50
gil	50
bebida	50
artistas	50
tódalas	50
ocupar	50
clube	50
enxeñeiros	50
miro	50
axude	50
pozo	50
modos	50
fíxoo	50
lago	50
volveremos	50
liberar	50
vernos	50
presos	50
chamei	50
graos	50
frank	50
trouxen	50
pedirlle	50
puro	50
toques	50
servizos	50
erguer	50
convidados	50
vehículo	50
quedará	50
colegas	50
farán	50
aviso	49
butte	49
mocidade	49
mortes	49
tentamos	49
nado	49
shirin	49
dispara	49
levará	49
aparte	49
tomei	49
sr	49
cliente	49
hodor	49
guión	49
orixinal	49
deixade	49
cumprir	49
dígame	49
notas	49
significado	49
pos	49
anne	49
covarde	49
ocupada	49
morra	49
adestramento	49
fusil	49
salario	49
emperador	49
ponme	49
mércores	49
stannis	49
follas	49
benvidos	49
for	49
curmán	49
eva	49
otoku	49
responsabilidades	49
deches	49
persoalmente	49
wilson	49
necesitas	49
nacións	49
volven	49
poeta	49
louisiana	49
mor	49
cómpre	49
batería	48
roda	48
xi	48
bandido	48
decote	48
fresco	48
verdes	48
inmediato	48
excepto	48
pedimos	48
auténtico	48
difíciles	48
xaponeses	48
may	48
consegue	48
acabas	48
testa	48
danny	48
senten	48
duns	48
naquel	48
ío	48
noutras	48
amais	48
baratheon	48
radiación	48
transporte	48
arquivos	48
once	48
sabiamos	48
sexual	48
cela	48
témome	48
restaurante	48
pensalo	48
dirixir	48
rompeu	48
arya	48
disparos	48
revolta	48
nais	48
contos	48
pano	48
imaxinación	48
exame	48
calar	48
tomamos	48
batallón	48
achégase	48
fotografías	48
reverendo	48
física	48
nervios	48
pescar	48
ouvín	48
mentes	48
peto	48
enteira	48
puideron	48
aluguer	48
bordo	48
rocha	48
mirei	48
tendes	48
vasme	48
veciño	48
farás	48
inocentes	47
inda	47
obreira	47
mina	47
billete	47
amantes	47
barricadas	47
gustou	47
raios	47
nerviosa	47
ergue	47
vende	47
carácter	47
pánico	47
ambas	47
sherman	47
gardar	47
mellorar	47
opción	47
froita	47
déame	47
canle	47
contestar	47
moscova	47
cargos	47
verá	47
xenio	47
feo	47
bastardos	47
bob	47
obxectos	47
responde	47
páxina	47
hughes	47
fema	47
levanta	47
vaino	47
salvación	47
saen	47
quedas	47
colega	47
xuro	47
templo	47
neles	47
solta	47
puidemos	47
infernal	47
pense	47
vaian	47
move	47
chinés	47
compromiso	47
dicirllo	47
alédome	47
movas	47
escoitade	46
jackson	46
christine	46
móvete	46
dirá	46
sairá	46
capacidade	46
asinar	46
springer	46
desenvolvemento	46
comprar	46
saberá	46
cadeas	46
rifle	46
feira	46
facilmente	46
celebrar	46
stevens	46
cohn	46
bombardeo	46
ollar	46
peche	46
amos	46
alguacil	46
loitamos	46
toneladas	46
grantham	46
ron	46
leo	46
planos	46
dólar	46
bendito	46
costume	46
quedaba	46
cinta	46
manteiga	46
sombras	46
estómago	46
linda	45
duros	45
facías	45
targaryen	45
acusado	45
saco	45
axudarme	45
casada	45
credes	45
rosas	45
darlles	45
mapa	45
lindo	45
murdock	45
candy	45
ii	45
maleta	45
kidlat	45
decente	45
español	45
actos	45
carolina	45
corea	45
seguido	45
encantadora	45
sally	45
muros	45
poesía	45
crea	45
planta	45
mínimo	45
ruso	45
obras	45
caixas	45
estúpida	45
téñoo	45
entusiasmo	45
avenida	45
quixese	45
méxico	45
traia	45
sé	45
fútbol	45
toman	45
ideal	45
és	45
desaparecer	45
privada	45
paréceche	45
salarios	45
evidente	45
anuncio	45
propaganda	45
facerche	45
gañou	45
viñen	45
pesadelo	45
mostra	45
aldeas	45
sentados	45
corvo	45
mediante	45
pepper	45
buscas	45
océano	45
comunicación	45
pegadas	45
unicamente	45
cabróns	45
produtos	45
noxo	45
igualdade	45
arco	45
rezar	45
durmindo	45
deberas	45
suicidio	45
sybil	45
árabe	45
fíxose	45
falaremos	45
traxedia	44
veras	44
lenine	44
patmore	44
xogando	44
khal	44
koshimizu	44
apura	44
peirao	44
sobriño	44
comisario	44
pro	44
jerry	44
falarei	44
merece	44
serpe	44
escenas	44
paciente	44
solidariedade	44
misterio	44
cancro	44
disparo	44
mataches	44
asegurar	44
atope	44
metas	44
mires	44
amodo	44
pasaxeiros	44
eres	44
cb	44
sacou	44
matan	44
doutros	44
produto	44
comportamento	44
tyrion	44
brancas	44
perdiches	44
creme	44
niveis	44
escoitamos	44
operacións	44
quedamos	44
patterson	44
crítica	44
suave	44
ostia	44
saberás	44
campamento	44
anoxado	44
vd	44
moedas	44
pasara	44
crédito	44
soldo	44
residencia	44
vestidos	44
escaleira	44
diques	43
mercadoría	43
deixarei	43
durou	43
civilización	43
incidente	43
india	43
ignorancia	43
voando	43
obxectivos	43
dicirlles	43
apaga	43
bébedo	43
atópase	43
cómodo	43
prefire	43
comedor	43
fiestras	43
acá	43
verbo	43
reserva	43
fronteiras	43
collo	43
choio	43
casados	43
lévame	43
xurado	43
vivín	43
profundo	43
condado	43
bela	43
pesada	43
moitísimo	43
souleymane	43
condenado	43
pregunteille	43
desexos	43
estudio	43
gústanme	43
vaca	43
soñei	43
ferramentas	43
volvan	43
acaban	43
kikunosuke	43
profe	43
participar	43
kid	43
fiscal	43
saía	43
chegaba	43
marches	43
pantalla	43
escoitas	43
cazador	43
recordos	43
fats	43
febre	43
sentada	43
restos	43
extra	43
gozar	43
sospeitoso	43
bill	43
queridos	43
feble	43
dignidade	43
entregar	43
gaiola	43
soubese	43
céntimos	43
bon	43
deixo	43
bruno	43
represión	42
representantes	42
rica	42
potencia	42
traballou	42
propietarios	42
vídeo	42
dígoche	42
seguía	42
palestinos	42
cantando	42
constante	42
iron	42
trampa	42
chores	42
herdeiro	42
saio	42
lobo	42
gorxa	42
chorando	42
cociñar	42
disciplina	42
traballadora	42
acceso	42
levala	42
técnica	42
criminais	42
bart	42
loucura	42
bloque	42
prata	42
riqueza	42
buscan	42
pastel	42
criatura	42
paspán	42
decidimos	42
cheos	42
matarme	42
entenden	42
veleno	42
walt	42
escoiten	42
mortal	42
bran	42
desfile	42
jeannie	42
elegante	42
virxe	42
daría	42
ate	42
acabado	42
folla	42
ingleses	42
abriu	42
douche	42
mercenario	42
entrega	42
chegas	42
seguindo	42
ross	42
damos	42
permanente	42
comprende	42
amado	42
dareiche	42
ex	42
campesiños	42
habemos	41
moscas	41
concerto	41
truco	41
figura	41
interesado	41
dificultades	41
comprendes	41
beneficio	41
furgoneta	41
tristes	41
taller	41
cadáveres	41
dragóns	41
lo	41
medrar	41
madame	41
políticas	41
recompensa	41
marchei	41
pastor	41
chegando	41
tarefas	41
salta	41
poderoso	41
vistes	41
aburrido	41
tabaco	41
cabra	41
camiñando	41
chamarei	41
estando	41
armada	41
collóns	41
breve	41
suba	41
marchan	41
baixe	41
billetes	41
rodas	41
perdas	41
ofrecer	41
pasaría	41
beizos	41
masa	41
perde	41
louise	41
pobreza	41
recoñecemento	41
neses	41
paisaxe	41
cóntame	41
puxeron	41
ratas	41
axudante	41
arthur	41
munición	41
torrance	41
dirixe	41
poderosa	41
partidos	41
ray	41
facede	41
elementos	41
nesas	41
públicos	41
axudarte	41
marea	41
distintos	41
diaño	41
seria	41
límite	41
soidade	40
dígolle	40
conseguiches	40
dixemos	40
posúe	40
bus	40
usando	40
organizar	40
makhmalbaf	40
danza	40
categoría	40
ataques	40
qinawi	40
henry	40
nuns	40
almas	40
documental	40
soubo	40
chuvia	40
pagan	40
serven	40
comezan	40
revolucionaria	40
hill	40
alento	40
familiares	40
aquelas	40
diversión	40
louis	40
durmido	40
asustado	40
pasalo	40
levando	40
intenta	40
poderes	40
forzados	40
capitalismo	40
mentir	40
acepta	40
barato	40
arryn	40
preparada	40
mensaxes	40
vermellos	40
perdóame	40
técnico	40
únicos	40
vindeiro	40
jean	40
congreso	40
presenta	40
preocupada	40
lóxica	40
apelido	40
industrial	40
arde	40
curta	40
auténtica	40
gravar	40
las	40
descubrín	40
andré	40
pareceume	40
años	40
famosa	40
festival	40
directores	40
poñen	40
segredos	40
actriz	40
teseracto	40
após	40
iría	40
devolver	40
abandonar	40
díxolle	40
barba	40
lama	40
ausencia	40
mazá	40
traizón	40
perdes	39
abertos	39
regresa	39
detalle	39
barrett	39
coñecelo	39
dalle	39
festas	39
tractor	39
encher	39
reputación	39
zapato	39
digan	39
mandou	39
pacífico	39
lentamente	39
mudou	39
amsatu	39
cálmate	39
pediume	39
copia	39
revés	39
veñas	39
baixos	39
azur	39
teresa	39
lotaría	39
envía	39
pareza	39
respirar	39
navalla	39
les	39
morro	39
contén	39
poli	39
vaiche	39
black	39
deixarme	39
pecados	39
nadezhda	39
molesta	39
ee	39
fixestes	39
calado	39
voces	39
ar	39
árabes	39
botellas	39
explica	39
sacaches	39
feridas	39
medvedkin	39
deulle	39
arquitectura	39
ogallá	39
distinta	39
distintas	39
valores	39
phil	39
enganar	39
comendo	39
sigue	39
tomando	39
busco	39
enseguida	39
nacer	39
cristal	39
escolla	39
conxunto	39
escura	39
djinns	39
respondeu	39
xúpiter	39
laurie	39
dicirnos	39
funcionou	39
armadas	39
penses	38
negativo	38
vindeira	38
besta	38
chico	38
armario	38
locais	38
temperatura	38
agardas	38
dillo	38
roupas	38
ovo	38
ilusión	38
cathy	38
levoume	38
seremos	38
leu	38
néboa	38
nobre	38
plástico	38
xesto	38
termo	38
blues	38
mín	38
irás	38
ideoloxía	38
vestir	38
viúva	38
fascismo	38
pacientes	38
decidido	38
resistir	38
motivos	38
seguintes	38
ocultar	38
científico	38
sinxela	38
pensaches	38
demasiada	38
botarlle	38
poñelo	38
andaba	38
deporte	38
preocuparse	38
límites	38
movementos	38
rumores	38
volveron	38
intentar	38
falarlle	38
chames	38
miraba	38
proletariado	38
chapeu	38
fixéchelo	38
regra	38
arroaz	38
volviches	38
sophie	38
direille	38
movédevos	38
moderna	38
armados	38
puideches	38
ira	38
morrendo	38
sabio	38
cuartel	38
escravo	38
dispostos	38
casou	38
balde	38
socorro	38
contoume	38
diem	38
curiosidade	38
rula	38
entendín	38
crelo	38
remataron	38
delegado	38
bosques	38
abra	38
colo	38
gustar	38
millo	38
asento	38
fágoo	38
recentemente	38
caos	38
creación	38
vivían	37
alcance	37
fío	37
empregado	37
gamma	37
brien	37
vingar	37
escoitando	37
aguantar	37
artigos	37
estradas	37
código	37
perdida	37
thor	37
cova	37
violento	37
bolso	37
cazar	37
lamento	37
escala	37
iorque	37
demanda	37
déixanos	37
terme	37
dick	37
recibimos	37
bebés	37
repetir	37
medianoite	37
cersei	37
mundos	37
iniciativa	37
recibe	37
profesores	37
efectos	37
holanda	37
algodón	37
riscos	37
caen	37
ouh	37
portugués	37
vaime	37
ghicho	37
tywin	37
acabamos	37
oficio	37
importar	37
esteamos	37
allan	37
agardan	37
honesto	37
dalgunha	37
amigas	37
niño	37
ton	37
saíron	37
marte	37
deitar	37
domingos	37
nazis	37
pintor	37
pratos	37
pintar	37
casualidade	37
atopado	37
rescate	37
fogares	37
conmigo	37
deberes	37
lanza	37
facultade	37
garaxe	37
bater	37
dirixida	37
acontecementos	37
bush	37
jarvis	37
patróns	37
trataba	37
xúroo	37
sindical	37
xuventude	37
agarden	37
johnson	37
científicos	37
ianquis	37
publicidade	37
thao	37
mental	37
filosofía	37
firme	37
alternativa	37
ideais	37
consecuencias	36
empezamos	36
imperio	36
maxia	36
tokio	36
lealdade	36
treboada	36
preocupacións	36
fano	36
cheas	36
alumnos	36
deberíamos	36
wada	36
opina	36
coñeceu	36
marqués	36
pagou	36
escribín	36
asustada	36
esencial	36
doncela	36
viñese	36
edición	36
emoción	36
influencia	36
quererá	36
datos	36
métodos	36
leal	36
cadeiras	36
foses	36
especiais	36
tíos	36
preocupación	36
tranquilos	36
malleira	36
volveuse	36
cargar	36
vital	36
deberiades	36
véxoo	36
estudo	36
merquei	36
cantante	36
estábamos	36
prestado	36
practicamente	36
caridade	36
karl	36
pisciotta	36
orquestra	36
cubo	36
vertov	36
tanques	36
noivo	36
napalm	36
criada	36
horror	36
borracho	36
chamadas	36
deixando	36
mentireiro	36
preferiría	36
saltar	36
duque	36
cuberto	36
coley	36
urxente	36
tela	36
pavos	36
tyler	36
chi	36
sebastián	36
liston	36
concepto	36
gañei	36
gobernar	36
deas	36
tomo	36
sentinme	36
encanto	36
rata	36
actividades	36
racismo	36
mundt	36
sinceramente	36
secreto	36
aumento	36
cassius	36
velas	35
bretaña	35
produce	35
madia	35
esqueza	35
contou	35
parroquia	35
gañamos	35
botes	35
actualmente	35
pono	35
pregunte	35
renly	35
noutros	35
alxeria	35
dior	35
perigosa	35
oio	35
cometer	35
gravidade	35
gana	35
tráfico	35
dise	35
dera	35
raio	35
descubriu	35
avanzar	35
pagas	35
protector	35
aventura	35
temporal	35
listas	35
andando	35
máximo	35
poderán	35
estatal	35
algures	35
colectiva	35
durmía	35
white	35
sorrí	35
buscalo	35
kim	35
sesión	35
adulto	35
principais	35
debedes	35
conferencia	35
cobrar	35
superiores	35
triunfo	35
definitivamente	35
carter	35
xaponés	35
vaites	35
atravesar	35
loitou	35
tratamento	35
expresar	35
delegados	35
repito	35
suceder	35
irán	35
combater	35
escoitou	35
prometo	35
económico	35
espías	35
deixemos	35
papa	35
disque	35
soñar	35
durmo	35
joey	35
engadir	35
cheira	35
condición	35
fíxome	35
escrita	35
parecido	35
hydra	35
unidades	35
atopas	35
marrón	35
tensión	35
marcas	35
púxose	35
sorrir	35
ocasións	35
chove	35
convidado	35
converterse	35
refuxios	35
cobra	35
receita	35
orella	34
levaban	34
vías	34
comedia	34
sobe	34
gañas	34
pensades	34
demostración	34
creou	34
chegara	34
efectivo	34
compras	34
chocolate	34
edith	34
bandas	34
teriamos	34
envexa	34
pescadores	34
tomarei	34
loito	34
utilizar	34
cuns	34
proxectos	34
fíxate	34
parada	34
positivo	34
drogas	34
tiros	34
maricón	34
voa	34
asociación	34
volvendo	34
jerri	34
permanecer	34
considerar	34
farta	34
colección	34
capitalista	34
honestamente	34
secreta	34
cuando	34
implica	34
escritor	34
mi	34
prezos	34
esperamos	34
mañás	34
entendelo	34
moeda	34
viñan	34
atopalo	34
industrias	34
directa	34
montaxe	34
impórtache	34
pregúntalle	34
encantada	34
impresionante	34
opinións	34
sanne	34
asasinar	34
miami	34
levarte	34
quê	34
durar	34
abraiante	34
fatal	34
shirai	34
xanela	34
crass	34
andan	34
metido	34
privilexio	34
bonitas	34
anxos	34
iwabuchi	34
comprobar	34
estacións	34
maxestade	34
berrando	34
decide	34
músico	34
personaxes	34
habitual	34
mestra	34
catástrofe	34
depresión	34
fican	34
soviética	34
preguntarme	34
misericordia	34
igualmente	34
vixilancia	34
roto	34
chamamos	34
estrutura	34
walter	34
visitas	34
tráeme	34
juan	34
pesa	34
jenkins	34
saibas	34
mariscal	33
quilos	33
alegre	33
molesley	33
recibo	33
dominio	33
verduras	33
decidiron	33
eeuu	33
purificación	33
rostros	33
individuo	33
valentes	33
acerca	33
necesitaba	33
sacos	33
reforma	33
pregunto	33
estudante	33
confusión	33
satisfacción	33
downton	33
discos	33
medias	33
instante	33
raposo	33
medicina	33
fins	33
chorei	33
seguiu	33
achégate	33
atopan	33
viaxes	33
compra	33
ombreiro	33
signo	33
admitir	33
lava	33
barrios	33
representación	33
golpes	33
mandarín	33
serían	33
taiji	33
vendedor	33
separación	33
kaspar	33
king	33
irse	33
proposta	33
apetece	33
rodar	33
moto	33
fama	33
provincia	33
esforzos	33
xuntar	33
evvie	33
roubou	33
oración	33
actuación	33
rogers	33
efectivamente	33
autor	33
histórico	33
voluntarios	33
aposta	33
invasión	33
véxote	33
respostas	33
emocionante	33
skip	33
atrapado	33
reunións	33
mostrar	33
clima	33
doces	33
convencido	33
longos	33
curto	33
presentes	33
teno	33
face	33
déronme	33
ducia	33
cuarta	33
lenin	33
alerta	33
ruínas	33
marta	33
koot	33
semellan	33
fresca	33
dique	33
africanos	33
indochina	33
saúdo	33
roubaron	33
déixaa	32
cordas	32
indio	32
amaba	32
frota	32
contei	32
comes	32
volvede	32
sorprendente	32
embarazada	32
tanque	32
compañías	32
considerado	32
equilibrio	32
vde	32
catorce	32
fase	32
compaña	32
panthers	32
cha	32
dorne	32
profesión	32
morea	32
xogan	32
aparecer	32
oriente	32
contan	32
esquerdo	32
dothraki	32
atreves	32
embargo	32
análise	32
lámpada	32
forno	32
altas	32
dígalle	32
aproveitar	32
quedaron	32
clínica	32
oposición	32
plantas	32
norma	32
dás	32
fuxiu	32
desaparece	32
débedas	32
selva	32
empecei	32
regalo	32
florida	32
gueto	32
xigantes	32
inglesa	32
recto	32
aninovo	32
avisar	32
pechados	32
colonia	32
penny	32
espida	32
simpático	32
permitido	32
monstros	32
mazás	32
rematado	32
portugueses	32
lote	32
débeda	32
xeado	32
molesto	32
digno	32
protexe	32
froitos	32
representante	32
rapariga	32
cheque	32
dinlle	32
asemblea	32
sabíao	32
bondade	32
todavía	32
muda	32
darnos	32
claude	32
principalmente	32
capaces	32
sentimos	32
deille	32
vedes	32
rachel	32
parou	32
uu	32
poda	32
absoluta	32
verei	32
tellado	32
amarelo	32
orellas	32
esquecido	32
dinos	32
prepara	32
deberan	32
tetas	32
enxeñeiro	32
cubrir	32
seca	32
propietario	32
stuart	32
parado	32
sagrado	32
enfronte	32
gastos	32
dixese	32
vietnamitas	32
cero	32
queimar	32
lla	32
fuga	32
imán	32
boto	32
drama	32
conduce	32
patas	32
mecánico	32
respira	32
robin	32
sloan	32
troques	32
fortaleza	32
pénsao	31
show	31
merca	31
boudu	31
aparta	31
lémbrome	31
perspectiva	31
chamoume	31
esposo	31
experiencias	31
namentres	31
cualquera	31
daquel	31
ficou	31
comeu	31
transmisión	31
más	31
albert	31
xoguete	31
convosco	31
zonas	31
pasaporte	31
rodaxe	31
cas	31
facernos	31
pila	31
aron	31
espantoso	31
competencia	31
marchen	31
proveito	31
vencer	31
constantemente	31
lento	31
arder	31
necesaria	31
georges	31
vaga	31
capa	31
golfo	31
helicóptero	31
torro	31
lembranzas	31
deixado	31
rebelde	31
gustaríache	31
impacto	31
edna	31
contido	31
encantador	31
sabería	31
saias	31
pontes	31
anciáns	31
satisfeito	31
regrese	31
asgard	31
sentíame	31
engano	31
solpor	31
entramos	31
exércitos	31
detén	31
dígoo	31
converter	31
piratas	31
volvamos	31
limpeza	31
mel	31
asumir	31
hampton	31
buratos	31
aliados	31
experimento	31
descoñecida	31
normas	31
nalgures	31
continente	31
street	31
peppe	31
supervivencia	31
contratos	31
vindo	31
mentras	31
parlamento	31
italiano	31
marchemos	31
deixaba	31
negar	31
española	31
espadas	31
entendeu	31
andy	31
quizá	31
desapareceron	31
nosferatu	31
vergonza	31
déixeo	31
parvos	31
chao	31
reunir	31
pantasma	31
incapaz	31
heroes	31
berros	31
dámo	31
autorización	31
acepto	31
poñerse	31
sir	31
descrición	31
ondas	31
khosrow	31
noxenta	31
idiotas	31
axudou	31
séntese	31
avogados	31
extraordinario	31
hola	31
maten	31
xuntanza	31
tremendo	31
aperta	31
ríos	31
ímolo	31
sansón	31
consumo	31
fenómeno	31
pásame	30
tratan	30
longas	30
tratou	30
conservar	30
tomaron	30
jimmy	30
sona	30
axudarnos	30
acabei	30
chora	30
fornos	30
derrota	30
fidel	30
perderon	30
pódelo	30
gustábame	30
rematamos	30
poñan	30
phenix	30
fascista	30
acusados	30
vendas	30
tim	30
mosca	30
sementes	30
magnífico	30
agochar	30
comúns	30
oia	30
bruxa	30
funcionan	30
observar	30
depósito	30
idioma	30
stepanovna	30
fundición	30
informar	30
descoñecido	30
larry	30
ocorra	30
esperanzas	30
viría	30
vagóns	30
colles	30
refiro	30
ministerio	30
aprendeu	30
vainos	30
cuberta	30
físico	30
polonia	30
dorme	30
israelí	30
guerreiro	30
bandeiras	30
producir	30
existir	30
dispararon	30
refírome	30
vixiar	30
radical	30
oídos	30
independente	30
sabendo	30
constitución	30
pague	30
berro	30
bruce	30
dúbidas	30
recordas	30
marxe	30
vólvese	30
miran	30
executados	30
lembranza	30
facela	30
rowan	30
espectacular	30
ri	30
heroína	30
pensado	30
fiel	30
volcán	30
escravitude	30
cinzas	30
ocupa	30
concentración	30
trouxeron	30
levantar	30
estadounidense	30
explotación	30
atmosfera	30
bonnie	30
inxustiza	30
vietnamita	30
romano	30
discursos	30
esquecerei	30
actúa	30
revolucionarios	30
deseño	30
esperas	30
perto	30
tirou	30
fálame	30
collemos	30
mexar	30
xace	30
lower	30
socio	30
arrestado	30
saint	30
pegar	30
oficinas	30
moverse	30
pódesme	30
esperan	30
conclusión	30
rose	30
quinta	30
tristeza	30
pirola	30
federal	30
gras	30
sigamos	30
ceos	30
gustaríalle	30
fantástica	30
sector	30
gaza	30
marx	30
resultou	30
bicicleta	30
endexamais	30
pensara	30
julie	30
evidentemente	30
quedarme	30
thompson	30
ensaiar	30
xusta	30
abertas	29
chegado	29
ilegal	29
bate	29
experto	29
anthony	29
cotiá	29
fixérono	29
convértese	29
miramos	29
fodan	29
especialista	29
derrubar	29
condenados	29
naquela	29
oído	29
ellen	29
guinea	29
benestar	29
técnicos	29
namorada	29
arredores	29
forks	29
perdendo	29
diana	29
consegues	29
sintes	29
misa	29
evidencia	29
regular	29
graxa	29
separados	29
escudos	29
goma	29
colgar	29
seda	29
ensalada	29
quixeches	29
jeanne	29
nalgunha	29
axeitada	29
minh	29
intentalo	29
aproximadamente	29
bonitos	29
estame	29
pretende	29
birnley	29
atlanta	29
rabia	29
tentan	29
gay	29
roudier	29
sofre	29
donos	29
parados	29
impedir	29
saíde	29
texas	29
rural	29
traio	29
mete	29
rumbo	29
evacuación	29
asedio	29
literalmente	29
situacións	29
vicepresidente	29
baleiras	29
tentaba	29
xix	29
cago	29
coiro	29
axencia	29
nº	29
alcol	29
mercurio	29
chamalo	29
judy	29
mago	29
áreas	29
quedes	29
lévao	29
xentes	29
zorra	29
holandés	29
sesta	29
comezas	29
chover	29
localización	29
saes	29
michiño	29
venus	29
considera	29
inicio	29
hadji	29
marabilla	29
dormes	29
brincar	29
sofá	29
carteira	29
xornalistas	29
repente	29
prometida	29
ánimo	29
levarme	29
new	29
permiten	29
jackie	29
pasear	29
nazi	29
terte	29
billy	29
bendiga	29
baños	29
tománs	29
comece	29
médica	29
avance	29
aspectos	29
asmar	29
escuros	29
asi	29
outeiros	29
klaus	29
mardi	29
conte	29
arquivo	29
tempada	29
tentaron	29
programas	29
afortunado	28
falsas	28
soubemos	28
xénero	28
pavimento	28
profundamente	28
vaille	28
wilco	28
materia	28
escapou	28
maria	28
vendendo	28
matanza	28
ellie	28
cuestións	28
perigosos	28
falaches	28
prazo	28
botan	28
provincias	28
branson	28
debuxo	28
faloume	28
joseph	28
quéroo	28
quedarei	28
davies	28
chineses	28
entraron	28
pareceu	28
sincero	28
matarte	28
berce	28
urxencia	28
gustaríanos	28
loitan	28
páxinas	28
regresou	28
chumbo	28
afastado	28
crees	28
respiración	28
temas	28
rebelión	28
coñecidos	28
xinete	28
levado	28
apropiado	28
pluma	28
hamlet	28
montón	28
chegaría	28
tenis	28
comen	28
fusís	28
reno	28
cheguen	28
paguei	28
furacáns	28
lata	28
maletas	28
tocando	28
escusa	28
anano	28
leven	28
desculpen	28
ponse	28
senon	28
afogar	28
ducuré	28
lenta	28
elixido	28
camiña	28
homicidio	28
dará	28
carniceiro	28
encantaríame	28
plena	28
marcel	28
vapor	28
espertei	28
pretendo	28
coña	28
estranxeira	28
of	28
morrison	28
atende	28
saiban	28
cabana	28
fódete	28
luxo	28
entendiches	28
díxenlles	28
peste	28
encima	28
poñerme	28
ricardo	28
valen	28
roswitha	28
eterna	28
sabas	28
moderno	28
labrego	28
lu	28
ventre	28
tolería	28
greyjoy	28
novamente	28
eugen	28
virei	28
falaban	28
colar	28
bien	28
suxeito	28
sombreiro	28
pau	28
thiers	28
eliminar	28
personalidade	28
usan	28
intentei	28
hemingway	28
vivenda	28
él	27
lémbrame	27
baixou	27
dispositivo	27
interpretar	27
extremo	27
correctamente	27
procurar	27
marichka	27
and	27
diatu	27
mariñeiros	27
volvería	27
calade	27
bens	27
mark	27
volverán	27
suavemente	27
criaturas	27
identificación	27
nolo	27
secretaria	27
sensible	27
mestura	27
profunda	27
petos	27
eric	27
encontrar	27
persoais	27
macpherson	27
convencións	27
traxes	27
henri	27
burt	27
jeep	27
saian	27
kevin	27
chris	27
cambiei	27
solitario	27
fea	27
libra	27
lémbraste	27
mírao	27
ardo	27
colleron	27
pases	27
provocar	27
aprende	27
deixarnos	27
tortura	27
molestar	27
contratar	27
monumento	27
preguntaron	27
caldeiro	27
simples	27
uh	27
island	27
asilo	27
formación	27
poderosos	27
tomen	27
geneviève	27
barullo	27
meniña	27
detective	27
alemá	27
verdadeiros	27
romántico	27
escudo	27
reivindicacións	27
esencia	27
renunciar	27
irlandés	27
correos	27
sufriu	27
delicado	27
telegrama	27
mariñeiro	27
igrexas	27
raíces	27
agradecido	27
enormes	27
nacionais	27
xamón	27
adoro	27
letras	27
conseguilo	27
desesperación	27
semente	27
condena	27
gus	27
porqué	27
camiñamos	27
bicos	27
morrerá	27
sheila	27
tubo	27
barra	27
desenvolver	27
respecta	27
medra	27
equivocado	27
arresto	27
remolque	27
graves	27
produtor	27
enfermeira	27
direccións	27
ameazas	27
drogo	27
poido	27
kang	27
perdidos	27
vina	27
solo	27
imaxinas	27
terrorista	27
tumbas	27
caín	27
sagrada	27
retirada	27
encargado	27
dakar	27
occidente	27
provoca	27
casamento	27
balbordo	27
xudea	27
brigada	27
praga	27
reside	27
insurrección	27
martelo	27
eddie	27
loitas	27
especies	27
peles	27
dinme	27
errado	27
nativos	27
sabor	27
use	27
enfermidades	27
rompe	27
faltaba	27
hospitais	27
xestos	27
mance	27
intentou	27
sofren	27
babilonia	27
contesta	27
natal	27
xulgar	27
dóeme	27
mmm	27
seguide	27
autoestrada	27
extrema	27
oitenta	27
estouche	27
morrera	27
patrulla	27
pelotón	27
gañan	27
alianza	27
sóltame	27
residentes	26
entrei	26
desagradable	26
mac	26
vámonos	26
afecto	26
bótalle	26
facenda	26
quén	26
particularmente	26
carriño	26
audiencia	26
direiche	26
túnel	26
aguanta	26
covardes	26
tocas	26
enganado	26
íamos	26
poñendo	26
zach	26
cansos	26
colocar	26
alumno	26
tentalo	26
botón	26
aparentemente	26
abran	26
pistas	26
contactos	26
barras	26
enxergar	26
postura	26
rota	26
require	26
caralludo	26
sorprende	26
italianos	26
little	26
típico	26
orgullosos	26
saudar	26
facémolo	26
presentación	26
serías	26
obvio	26
kinkaid	26
estarías	26
xenebra	26
tivesen	26
volverás	26
probable	26
preciosas	26
mississippi	26
ardendo	26
letra	26
escolleu	26
xogas	26
cortes	26
cociñeira	26
vervos	26
victoria	26
xornada	26
decreto	26
aceptan	26
ofrece	26
beiras	26
cadela	26
significaba	26
mou	26
descúlpeme	26
rabo	26
hanouma	26
hammer	26
torta	26
dicircho	26
ruliña	26
ventos	26
tiveses	26
atopaba	26
reaccionar	26
construída	26
entrevistas	26
gañe	26
lucy	26
definitiva	26
xulgado	26
soar	26
medalla	26
celebración	26
terminar	26
mourka	26
barón	26
botou	26
saúda	26
acusacións	26
redes	26
claras	26
listaxe	26
votou	26
ando	26
seguirá	26
complexo	26
donny	26
xeralmente	26
acadou	26
colaboración	26
bicar	26
elemento	26
policial	26
xaponesa	26
supervisor	26
entras	26
roger	26
probalo	26
opresión	26
sexamos	26
trouxeches	26
claridade	26
tribo	26
estraños	26
axenda	26
deixoume	26
declaracións	26
direillo	26
reláxate	26
shenyang	26
empezo	26
alice	26
gases	26
refires	26
xenerosa	26
divorcio	26
reg	26
columna	26
tratamos	26
postal	26
entran	26
preguntan	26
rhodes	26
sermos	26
adoita	26
ruína	26
homenaxe	26
coñeza	26
fondos	26
lloyd	26
espectadores	26
deixara	26
iraq	26
buscaba	26
molestia	26
liga	26
estratexia	26
fraude	26
volvía	26
previsto	26
falado	26
senso	26
alomenos	26
farandola	26
choro	26
droga	26
perdoar	26
democrático	26
antigas	26
permítame	26
inmigrantes	26
seco	26
esmagar	26
tesouro	26
caixón	26
chamados	26
vehículos	26
similar	26
ss	26
ido	26
mirou	26
criado	26
collan	25
signos	25
inferior	25
farémolo	25
doenza	25
pensión	25
construíu	25
traseira	25
creas	25
vagón	25
continuación	25
penas	25
esixe	25
estalo	25
multitudes	25
galletas	25
sospeitosos	25
orgullosa	25
helen	25
amargo	25
botei	25
déixate	25
debate	25
repite	25
carpentier	25
colonial	25
deusa	25
mobles	25
virán	25
wally	25
soto	25
lixeiro	25
cambiaches	25
saberán	25
habitacións	25
quieta	25
interesados	25
australia	25
fundamental	25
pietro	25
mono	25
quinto	25
cuxo	25
ángulo	25
invisible	25
deixaría	25
polaco	25
misterioso	25
dános	25
canadá	25
medrou	25
figuras	25
matara	25
confesión	25
portuguesa	25
chamaches	25
alimentos	25
madrid	25
roca	25
despedida	25
cale	25
dareille	25
aparecen	25
inocencia	25
pailán	25
antónio	25
dicías	25
josé	25
permíteme	25
ocúpome	25
aqui	25
controla	25
sacerdote	25
socialistas	25
mudanza	25
fique	25
aprendiches	25
piano	25
culto	25
escolle	25
pamuk	25
xúrocho	25
irmandade	25
óesme	25
werner	25
debían	25
diouana	25
menores	25
saiu	25
katherine	25
morrerei	25
fadas	25
coñeciches	25
pazo	25
gnomo	25
incendio	25
unllas	25
libremente	25
barranca	25
españois	25
salsa	25
formal	25
cómoda	25
química	25
ciencias	25
alimentar	25
vilas	25
crecer	25
histórica	25
brilla	25
poemas	25
pioneiros	25
sesenta	25
fodida	25
groves	25
trucos	25
fascistas	25
carreiras	25
desexaría	25
prender	25
xenerais	25
dío	25
revoltas	25
subcomité	25
matado	25
tranquilamente	25
incluíndo	25
prima	25
vexas	25
poema	25
falsos	25
usou	25
núcleo	25
provisións	25
fury	25
desprezo	25
correde	25
pedinlle	25
deberá	25
conflito	25
beixador	25
eddy	25
crecente	25
viaxa	25
ridícula	25
rusa	25
choque	25
espido	25
estariamos	25
patrick	25
mensaxeiro	25
importaba	25
díxomo	25
causar	25
ambición	25
pasas	25
subo	25
encargo	25
acabe	25
dentista	25
xeonllo	25
interesan	25
individuos	25
sigan	25
grego	25
jeff	25
rumor	25
cervo	25
facerlles	25
esquezamos	25
pódense	25
doris	25
declarar	25
egoísta	25
comezando	25
padriño	25
macdonald	25
responsábeis	24
trampas	24
sabedoría	24
escudeiro	24
jurieux	24
refíreste	24
nomeado	24
recorda	24
queixa	24
clan	24
militantes	24
fico	24
lombo	24
experimentos	24
cantaba	24
custe	24
tina	24
poetas	24
crías	24
medicinas	24
traidores	24
chamarme	24
agardade	24
vistas	24
patada	24
seguín	24
escopeta	24
embaixada	24
vido	24
micro	24
esgotado	24
ocuparse	24
traian	24
enfermos	24
xenerosidade	24
qu	24
propoño	24
destruído	24
xuíces	24
franxa	24
potencial	24
recoñece	24
banner	24
amer	24
fodidos	24
long	24
potts	24
exploradores	24
mm	24
inconsciente	24
asustados	24
unidas	24
tales	24
soviético	24
bird	24
extensión	24
combinación	24
pagamos	24
inútiles	24
daqueles	24
franz	24
moriyama	24
capas	24
moreas	24
suíza	24
atraso	24
conseguen	24
intres	24
agradecer	24
deixarte	24
chantaxe	24
pasaban	24
consellos	24
estudios	24
demostra	24
confesar	24
papi	24
atacaron	24
obstante	24
capitalistas	24
fotógrafo	24
calcetíns	24
ford	24
gage	24
escóitasme	24
gañaches	24
opcións	24
hail	24
téñote	24
escoitaron	24
ibrahima	24
camiñas	24
mandato	24
fantasía	24
importan	24
devanceiros	24
unir	24
celas	24
esqueceu	24
vindeiros	24
toleaches	24
abu	24
brincadeira	24
vinde	24
cable	24
impórtame	24
clásico	24
heite	24
profundidade	24
canalla	24
castro	24
hoteis	24
corten	24
investigar	24
africano	24
pallaso	24
viets	24
rol	24
st	24
elefante	24
azar	24
capítulo	24
estoume	24
bule	24
francesas	24
cruceiro	24
doc	24
materiais	24
sacalo	24
willsdorf	24
sacas	24
enfadado	24
celoso	24
estarían	24
preguntando	24
exames	24
darei	24
comisaría	24
poste	24
deixeino	24
amosan	24
gravata	24
enterro	24
xesucristo	24
costumes	24
poderiades	24
debiamos	24
estivesen	24
vestida	24
contentos	24
conexión	24
estadounidenses	24
mísiles	24
serviu	24
adultos	24
infeliz	24
estable	24
marcharei	24
ambulancias	24
zipadiduda	24
cuxa	24
guerreiros	24
bases	24
instrucións	24
decorado	24
rutina	24
nana	24
método	24
furioso	24
suma	24
elsa	24
xiaping	24
falaron	24
vantaxe	24
revólver	24
teríamos	24
mascota	24
touro	24
unido	24
cativa	24
débil	24
supremo	24
combatentes	24
executado	24
axúdeme	24
copias	24
tu	24
diamantes	24
madrugada	24
manifestacións	24
fanse	24
hmm	24
semellas	23
dixéronnos	23
instrumentos	23
satisfacer	23
servicio	23
divina	23
mariña	23
haynes	23
tocan	23
primo	23
teredes	23
acabará	23
winston	23
alivio	23
meteu	23
escuras	23
sobibór	23
unida	23
entendemos	23
durmida	23
sóltao	23
váiase	23
cadelo	23
demasiados	23
herdanza	23
liorta	23
confuso	23
agulla	23
wong	23
peugeot	23
realizar	23
jones	23
impactos	23
sobra	23
quizáis	23
brillantes	23
belmonte	23
mortas	23
pompeio	23
dáte	23
pechen	23
inxección	23
teñades	23
durmiches	23
atoparse	23
lanzamento	23
pausa	23
sheriff	23
culler	23
fariña	23
exilio	23
puxeches	23
meniño	23
oracións	23
artillaría	23
gratis	23
cóidate	23
emprega	23
cliff	23
caeron	23
honesta	23
axudala	23
desgraciado	23
domina	23
irlandesa	23
comemos	23
pódolle	23
lendo	23
polis	23
cortinas	23
nalgúns	23
comunicacións	23
tirado	23
parezo	23
mudo	23
catrine	23
existía	23
identificar	23
negociar	23
respectar	23
solteiro	23
gwen	23
bagdad	23
peachum	23
gastar	23
títulos	23
guitarra	23
westerbork	23
vodas	23
tratado	23
consecuencia	23
enfrontar	23
jay	23
multa	23
froito	23
nixon	23
intencións	23
mate	23
xustamente	23
brasil	23
willie	23
enviado	23
estúpidos	23
televisor	23
baúl	23
mesas	23
cristián	23
putos	23
músculos	23
xordo	23
carros	23
chamaron	23
fiquei	23
trece	23
berres	23
dirán	23
bang	23
tómao	23
bla	23
escribiches	23
aéreo	23
corporación	23
oficialmente	23
reynolds	23
profesionais	23
quendas	23
sentidos	23
dada	23
pisos	23
toquio	23
secuencia	23
promesas	23
consolo	23
vannos	23
comunal	23
prometer	23
sentirse	23
adoito	23
humanas	23
utilidade	23
sospeita	23
mack	23
descubrimento	23
dubido	23
estourar	23
parker	23
firmes	23
conspiración	23
funcione	23
schmidt	23
probábel	23
mafia	23
pódeme	23
hall	23
bici	23
suor	23
febles	23
violación	23
fixémolo	23
manta	23
camiñantes	23
entradas	23
meta	23
béisbol	23
remedio	23
escoitaches	23
amada	23
almorzar	23
pódoche	23
feixe	23
xerusalén	23
desorde	23
garantir	23
dominante	23
gravación	23
coñecida	23
oprimidos	23
piden	23
vietcong	23
bolsas	23
coñézoo	23
rematará	23
feitas	23
preguntoume	23
ficas	23
fixeran	23
allo	23
lóxico	23
davis	23
británico	23
pensen	23
tardar	23
síntomas	23
apostar	23
asegúrate	23
copas	23
abandonado	23
rolda	23
arruinar	23
fraternidade	23
comentario	23
impórtalle	23
parto	23
morremos	23
buscamos	23
desesperado	23
contando	23
manexar	23
dados	23
okuzaki	23
representan	23
divertida	23
quentes	23
ducha	23
alfombra	23
xerais	23
almacéns	23
levarei	23
cosas	23
monta	22
delincuentes	22
créame	22
levei	22
sucia	22
tranquilidade	22
mona	22
dígocho	22
apostas	22
delicioso	22
frecha	22
reducir	22
collede	22
reclamar	22
bloques	22
falabamos	22
luvas	22
poñente	22
pitorliua	22
mátote	22
ditadura	22
crianzas	22
cráter	22
taba	22
detido	22
tucker	22
world	22
humilde	22
estrañas	22
axudarlle	22
lola	22
olivas	22
órganos	22
pálida	22
xastre	22
folgas	22
dirixido	22
cruce	22
buraco	22
morais	22
déronlle	22
marco	22
reservas	22
concreto	22
ficaron	22
detente	22
macao	22
manchas	22
saigón	22
faciamos	22
nick	22
temer	22
amola	22
lacaio	22
intentos	22
ancho	22
estabades	22
nave	22
illamento	22
mares	22
sociedades	22
bancos	22
rabaño	22
favorito	22
almofada	22
decir	22
posiblemente	22
perfume	22
organizada	22
andros	22
diaños	22
voucho	22
consciencia	22
americanas	22
césar	22
déixenme	22
quéresme	22
disturbios	22
brutalidade	22
anuncios	22
times	22
infantil	22
palco	22
mentireira	22
aturar	22
tomada	22
intelixentes	22
tivésemos	22
interesada	22
conflitos	22
tabú	22
arranxalo	22
achega	22
obradoiro	22
labor	22
preocupar	22
escoitan	22
pasen	22
conduta	22
cobras	22
pechamos	22
tripulación	22
ingresos	22
internacionais	22
sexades	22
combates	22
diarios	22
tremer	22
coellos	22
retirar	22
substituír	22
témolo	22
estuda	22
cassio	22
academia	22
hipótese	22
castigado	22
anaconda	22
artes	22
venden	22
berran	22
ascenso	22
steven	22
gratitude	22
oculta	22
decateime	22
afecta	22
baseado	22
noticia	22
municipal	22
axudando	22
punk	22
testemuño	22
deixádeo	22
dixéchesme	22
estiveses	22
bronski	22
atender	22
pagalo	22
golpear	22
gustoume	22
verbas	22
posesión	22
ficamos	22
cheguemos	22
porca	22
burgueses	22
misións	22
ficción	22
alain	22
bandidos	22
privilexios	22
corren	22
west	22
refire	22
nacionalidade	22
necesariamente	22
deixala	22
obrigados	22
intervención	22
bianca	22
salchichas	22
cá	22
corto	22
séntate	22
cebola	22
bebendo	22
asasinatos	22
donas	22
facturas	22
retorno	22
marchaches	22
dáche	22
soñando	22
prol	22
baseada	22
afeito	22
fágao	22
rexemento	22
merrill	22
sostén	22
campá	22
rapaciño	22
viviamos	22
xoias	22
avós	22
vivas	22
decontado	22
representar	22
houbera	22
describir	22
saberei	22
filas	22
adestrado	22
pomba	22
terraza	22
naciches	22
batallas	22
continúe	22
súper	22
quite	22
kennedy	22
pleno	22
perdera	22
asentos	22
leria	22
dios	22
donald	22
troco	22
pedido	22
bernburg	22
equivocada	22
quizabes	22
descansa	22
facerte	22
consiste	22
aérea	22
presta	22
mc	22
horario	22
prefires	22
latas	22
circo	21
corisco	21
fascinante	21
gaño	21
año	21
balón	21
hans	21
obrigada	21
raparigas	21
esmola	21
baixamos	21
annie	21
clans	21
alimenta	21
calada	21
beba	21
lectura	21
escoitalo	21
acento	21
veo	21
móbiles	21
va	21
estatua	21
celosa	21
liberado	21
choras	21
cravos	21
leito	21
servirá	21
seo	21
famosos	21
católico	21
cometeu	21
populares	21
entanto	21
leccións	21
protexido	21
zapatillas	21
panda	21
aturo	21
paramos	21
dicides	21
queirades	21
elite	21
díxonos	21
cumberland	21
universal	21
babel	21
miralo	21
xardíns	21
esquezo	21
estufa	21
lobos	21
có	21
escribiume	21
rezo	21
frases	21
duras	21
colchón	21
aula	21
limón	21
entendía	21
tratas	21
fritz	21
tinta	21
sinalar	21
mestres	21
asumo	21
aparencia	21
díxencho	21
culpar	21
escoitarme	21
coincidencia	21
convén	21
curas	21
agua	21
comprensión	21
achegar	21
pensabamos	21
extraordinaria	21
móvanse	21
torna	21
díxoo	21
parécese	21
cabalaría	21
dali	21
alexander	21
faríao	21
matemáticas	21
sentou	21
terratenentes	21
chegaremos	21
rexeitar	21
disme	21
curar	21
serpes	21
acontecemento	21
acumulación	21
nega	21
máxima	21
matamos	21
barricada	21
leváronme	21
nacido	21
soubera	21
preocupados	21
tradución	21
organizacións	21
comparación	21
pedro	21
búfalo	21
veredicto	21
andabas	21
recibiron	21
oístes	21
simon	21
cus	21
comín	21
métete	21
radios	21
faille	21
zipadidá	21
traseiro	21
dr	21
semellantes	21
guerrilla	21
burguesa	21
auschwitz	21
parecían	21
crean	21
arriscado	21
fianza	21
militante	21
francamente	21
probe	21
loitei	21
mátao	21
seguiron	21
alabama	21
empresarios	21
caia	21
extras	21
aria	21
diálogo	21
adams	21
pinga	21
dara	21
bolboreta	21
moolaadé	21
prioridade	21
excitante	21
entren	21
vaqueiro	21
baleiros	21
trago	21
británicos	21
individual	21
mudanzas	21
vulgar	21
burnett	21
debiches	21
paran	21
barton	21
desexaba	21
disposición	21
manual	21
falades	21
abrazo	21
corrupción	21
cheminea	21
axudas	21
perden	21
pegada	21
feminino	21
vouna	21
deixará	21
tomaches	21
petición	21
camareiro	21
transformación	21
bombardeos	21
concurso	21
cosimo	21
legais	21
demasiadas	21
brooklyn	21
supostamente	21
vds	21
estupenda	21
amnistía	21
terlle	21
maletín	21
burru	21
eventos	21
aliado	21
supermercado	21
largo	21
aloxamento	21
conselleiro	21
sabzian	21
dourado	21
dose	21
chinatown	21
durmín	21
maggoo	21
divino	21
sénteste	21
desexas	21
walker	21
scott	21
básica	21
ahankhah	21
contes	21
eléctrica	21
vermellas	21
in	21
mova	21
caligari	21
eterno	21
maquillaxe	21
marabillosas	21
atoparme	21
intelectual	21
rendición	21
agardemos	21
apoiar	21
micho	21
entrando	21
nucleares	21
gado	21
aceno	21
benditos	21
faiche	21
confirmar	21
doutora	21
disposta	21
fitz	21
sentirme	21
brillo	21
torres	21
montes	21
pagaron	21
pescador	21
pelota	21
tentas	21
falará	21
faite	21
marchade	21
exteriores	21
morrese	21
linguas	21
magnífica	21
favorita	21
cambiaron	21
aleluia	21
pasase	21
am	21
medicación	21
vestíbulo	21
oco	21
sándor	21
ana	21
móvese	21
xoguetes	20
varys	20
ignorante	20
turista	20
françois	20
craster	20
rindo	20
cima	20
tiger	20
portal	20
sertão	20
seguían	20
baelish	20
napier	20
descoñecidos	20
dicirvos	20
jaraaf	20
dexter	20
dígolles	20
burócratas	20
axudarche	20
ferramenta	20
amabilidade	20
tyrell	20
pedindo	20
subiu	20
lenda	20
definición	20
lar	20
dándolle	20
debuxos	20
ivan	20
disparan	20
recuperación	20
dificultade	20
nobreza	20
burgués	20
michel	20
electoral	20
prometeu	20
mercados	20
compaixón	20
alarma	20
literatura	20
reloxos	20
lepra	20
lagoa	20
mesías	20
comiches	20
vietminh	20
global	20
chámanlle	20
levaría	20
rebentar	20
díxenme	20
ofrecen	20
schumacher	20
rhett	20
skye	20
boulevard	20
encaixa	20
poñerte	20
queima	20
reactor	20
tea	20
aforas	20
lía	20
subindo	20
nadando	20
tribos	20
cambie	20
queiramos	20
granxas	20
natasha	20
maestre	20
dicídelle	20
melinda	20
ric	20
cartón	20
utiliza	20
marquesa	20
pasaches	20
estragar	20
musical	20
matarreis	20
cuxos	20
declarou	20
baila	20
levados	20
mentireiros	20
tenrura	20
ataca	20
brando	20
executiva	20
víchelo	20
castigar	20
tradicional	20
ficará	20
averiguar	20
taberna	20
preguntaba	20
comidas	20
tentarei	20
descarga	20
globo	20
mencionar	20
aprendendo	20
summerisle	20
hidróxeno	20
setenta	20
armado	20
tratei	20
lewis	20
dezasete	20
urss	20
alugar	20
falen	20
deprimido	20
prométocho	20
extremadamente	20
custou	20
boeno	20
cgt	20
sumidoiro	20
gracia	20
irnos	20
turco	20
lograr	20
integridade	20
chámao	20
ensaios	20
curmá	20
conducía	20
jüst	20
vail	20
normalidade	20
funcionarios	20
previr	20
tratados	20
campbell	20
louie	20
coitelos	20
preparando	20
católicos	20
numerosos	20
recordar	20
asine	20
nocturno	20
ofensiva	20
pretendía	20
lexión	20
licenza	20
separar	20
delicada	20
ann	20
pito	20
contaches	20
escritorio	20
exipto	20
satisfeitos	20
conserva	20
comparar	20
imaxinaba	20
internet	20
matárono	20
contrasinal	20
chamábase	20
camas	20
kathy	20
afástate	20
tócache	20
novidade	20
mantas	20
terroristas	20
fbi	20
decepción	20
cabras	20
perrin	20
comentarios	20
criticar	20
cinto	20
rematara	20
modesto	20
censura	20
edgar	20
liras	20
pertencen	20
pablo	20
frecuencia	20
escoitaba	20
toquei	20
merecen	20
solicitude	20
hurra	20
practicar	20
caderno	20
embaixador	20
repartir	20
barriga	20
bebo	20
prefería	20
miolos	20
volcáns	20
determinación	20
fragmentos	20
recolle	20
raparigo	20
internado	20
xogamos	20
motores	20
reunidos	20
puidesen	20
equipos	20
modelos	20
prometido	20
camioneta	20
xefa	20
florence	20
computadora	20
gañando	20
paraugas	20
neveira	20
manubens	20
satélite	20
nelas	20
abandona	20
teima	20
músicos	20
rodeado	20
chamen	20
obrigas	20
violín	20
democrática	20
coidaba	20
recibido	20
desemprego	20
precisades	20
matando	20
industriais	20
subín	20
mineiro	20
visitantes	20
beixos	20
empregar	20
conquista	20
anoxada	20
homo	20
viran	20
bestas	20
interno	20
ratos	20
tocalo	20
aparato	20
afganistán	20
atoparei	20
equipamento	20
usas	20
feixóns	20
saquei	20
descobre	20
tentativa	19
foches	19
potencias	19
saque	19
cascos	19
valioso	19
fundación	19
raras	19
aumentar	19
recente	19
espíritos	19
baixando	19
boh	19
deseguido	19
gashade	19
nagin	19
virou	19
persecución	19
metín	19
jenny	19
estupidez	19
kent	19
pensabas	19
nube	19
lixeira	19
jazz	19
depósitos	19
pica	19
xeneroso	19
macho	19
seredes	19
atractiva	19
erga	19
suxestión	19
sermón	19
asistir	19
artístico	19
remataches	19
perdo	19
catelyn	19
inmensa	19
hoxendía	19
retiro	19
institución	19
philippe	19
parentes	19
moe	19
loitaron	19
kowalski	19
avanza	19
granxeiro	19
trataban	19
centros	19
comerciantes	19
raros	19
estouno	19
durmimos	19
conseguiron	19
cuarteto	19
coñecementos	19
difunde	19
ferir	19
submarinos	19
espiritual	19
díxenllo	19
vales	19
wang	19
cemento	19
dia	19
eddard	19
agraria	19
cambiará	19
della	19
estadio	19
determinar	19
waggett	19
voluntario	19
interpretación	19
nanobots	19
deunos	19
téñome	19
fox	19
pesares	19
pida	19
aprenden	19
pinturas	19
seriamente	19
bigote	19
ensina	19
bañeira	19
barney	19
instrumento	19
coroación	19
gómez	19
episodio	19
berrou	19
mandei	19
hal	19
heiche	19
sacrificar	19
milicia	19
freeman	19
atopámonos	19
descubrimos	19
razoable	19
foras	19
ferrender	19
lima	19
canibalismo	19
kilos	19
propiedades	19
sip	19
ocupados	19
porcallada	19
barry	19
xeados	19
obedecer	19
sangrar	19
erades	19
violenta	19
usaba	19
tolas	19
poñemos	19
instalacións	19
excepción	19
inxenuo	19
kahana	19
pata	19
roubado	19
seguiremos	19
viñera	19
apuntar	19
traballadoras	19
bonecas	19
terminou	19
autos	19
gaulle	19
poderíase	19
daban	19
sa	19
resolución	19
preocúpame	19
todopoderoso	19
espléndido	19
mercan	19
lexítimo	19
doutras	19
interna	19
acabaron	19
resumo	19
cesar	19
esquecelo	19
vostriakov	19
vasos	19
alimentación	19
leira	19
capataz	19
dixestes	19
lembre	19
esquerdas	19
separado	19
organizado	19
fainos	19
imaxinei	19
escribo	19
xudía	19
cachola	19
solto	19
matadoiro	19
contamos	19
alcohol	19
frente	19
esperade	19
tinto	19
atoparás	19
pouquiño	19
pides	19
usado	19
intentando	19
argumento	19
fenda	19
tanner	19
saiamos	19
igor	19
atentado	19
enviada	19
jun	19
construído	19
públicas	19
despedido	19
agasallos	19
relacionado	19
satanás	19
santos	19
namais	19
contactar	19
estrés	19
honorable	19
demandas	19
bebes	19
bola	19
gafas	19
fachendoso	19
necesitan	19
dispararlle	19
houston	19
paras	19
activa	19
tornou	19
honrado	19
piche	19
crocodilo	19
círculos	19
superar	19
trama	19
doentes	19
roubei	19
paisaxes	19
quéreme	19
pares	19
caixeiro	19
investigacións	19
champaña	19
fósemos	19
virás	19
salas	19
oportunidades	19
gritar	19
mee	19
dominación	19
proletarios	19
arrestaron	19
referencia	19
comprendeu	19
construtores	19
descuberto	19
puideses	19
arrefriado	19
farase	19
fodendo	19
arquitecto	19
occidentais	19
teléfonos	19
reparar	19
protexa	19
impide	19
odiar	19
arreo	19
berra	19
curva	19
quéroa	19
dairyu	19
normais	19
mineral	19
queríamos	19
quixeron	19
paus	19
furuya	19
columnas	19
fuxiron	19
hugh	19
vise	19
deseños	19
comando	19
utopía	18
escape	18
sistemas	18
radicais	18
tocaba	18
desexando	18
mola	18
facelos	18
cambian	18
imperfecto	18
pediron	18
ritual	18
escolar	18
tino	18
técnicas	18
raymond	18
bay	18
campás	18
expulsado	18
didi	18
ruptura	18
subía	18
galiñas	18
póñense	18
calmo	18
editor	18
to	18
aclarar	18
chaira	18
stan	18
revistas	18
crían	18
abren	18
volume	18
williams	18
fieis	18
federais	18
uno	18
éramos	18
atoparán	18
morgana	18
film	18
mantemento	18
brutal	18
prepárate	18
legado	18
adiviña	18
executivos	18
amósame	18
eisenhower	18
fuxindo	18
despedir	18
vixiancia	18
hmong	18
kane	18
defende	18
vivendas	18
vincent	18
barril	18
primas	18
pulso	18
aconteza	18
ouvido	18
ciclo	18
modernos	18
pechan	18
protesta	18
asemade	18
fantasma	18
aburrida	18
crendo	18
manifestantes	18
creceu	18
entendedes	18
carreta	18
hábil	18
madeline	18
planetas	18
funme	18
desesperada	18
culpo	18
desafortunadamente	18
tire	18
durmas	18
impulso	18
prenda	18
agricultura	18
perdeuse	18
farnsworth	18
doloroso	18
chinesa	18
mecánica	18
conversar	18
kilómetros	18
insectos	18
contexto	18
sentiu	18
raíz	18
ra	18
bóla	18
prometín	18
liscou	18
matas	18
canles	18
esqueciches	18
comerciais	18
exemplar	18
colliches	18
herbas	18
emocións	18
gobernos	18
paguen	18
pilotos	18
soubeses	18
dinamita	18
considero	18
roubando	18
botando	18
traen	18
froitas	18
encargar	18
dionís	18
votei	18
vivirá	18
cravo	18
quérelo	18
arriscar	18
evacuados	18
sicilia	18
lestingois	18
armamento	18
desesperados	18
calefacción	18
toalla	18
perigos	18
iii	18
defunto	18
levareite	18
odia	18
direicho	18
lema	18
suficientemente	18
hase	18
fonda	18
botóns	18
tiran	18
sentade	18
daquí	18
garantía	18
atopen	18
volvese	18
pó	18
burocracia	18
desagradábel	18
debilidade	18
arrestar	18
aceptamos	18
aulas	18
soñaba	18
vera	18
únicas	18
ilusións	18
paris	18
pechou	18
lysa	18
informado	18
collino	18
gansos	18
boxeo	18
cuñado	18
darse	18
dawson	18
esté	18
jorah	18
corvos	18
puideran	18
neddy	18
formigas	18
bambú	18
bares	18
traducido	18
dicíame	18
silenciosa	18
negación	18
laurent	18
expedición	18
vendía	18
ahí	18
fórmula	18
diploma	18
perpetua	18
dio	18
iv	18
robot	18
cortesía	18
mula	18
bocas	18
explicalo	18
pelotas	18
votación	18
occidental	18
dunhas	18
devólveme	18
detención	18
deixaremos	18
mereces	18
austria	18
recuncho	18
taza	18
timbre	18
corría	18
recén	18
vago	18
disparen	18
silvia	18
traficante	18
existiu	18
teddy	18
buscarme	18
vanme	18
axitador	18
tigre	18
sabémolo	18
ardente	18
credo	18
vivido	18
ginny	18
rematan	18
escoura	18
fartos	18
reportaxe	18
causas	18
rancor	18
sullivan	18
salvador	18
collen	18
escollín	18
práctico	18
empezaron	18
happy	18
cole	18
municións	18
queimado	18
roy	18
erguédevos	18
crucifixión	18
atopara	18
denucci	18
inventar	18
placa	18
lémbrate	18
marines	18
sentenza	18
collelo	18
reixas	18
nunhas	18
inusual	18
puidésemos	18
motel	18
unirse	18
confidencial	18
on	18
chegarán	18
divertirse	18
virar	18
arranxado	18
altofalante	18
gatiño	18
fagades	18
discusións	18
nader	18
sexuais	18
virtude	18
selección	18
subimos	18
volvera	18
sucesión	18
custar	18
accidentes	18
ancián	18
estache	18
quer	18
cantidades	18
ascensor	18
ci	18
saíches	18
comprenden	18
inmóbil	18
sentiches	18
dylan	18
fato	18
imperialismo	18
inundación	18
bromas	18
conscientes	18
buscou	18
consigna	18
filisteos	18
vente	18
leas	18
valía	18
ise	18
procesos	18
dicide	18
venecia	18
mercou	18
barracón	18
vi	18
pm	18
cacho	18
apagar	18
explotar	18
atlántico	18
tirando	18
levárono	18
británica	18
banquete	18
lula	18
otto	18
dallas	18
cansado	18
establecer	18
queixar	18
óso	18
submarino	18
verdades	18
detelo	18
clotilde	18
hanoi	18
adolescentes	18
paralelo	18
oriental	18
senadores	18
humidade	18
matareite	17
gente	17
terse	17
altar	17
dalgúns	17
viena	17
furado	17
dugutigui	17
ímos	17
pálido	17
absurda	17
susan	17
myrcella	17
green	17
equipaxe	17
pasados	17
duchêne	17
mandíbula	17
levara	17
amen	17
mellora	17
interesantes	17
leland	17
contarllo	17
parécelle	17
yegussa	17
lóstrego	17
aceptalo	17
gústanche	17
falarme	17
pódeste	17
loitador	17
serra	17
continuamos	17
bilakoro	17
père	17
afrontar	17
suki	17
poxa	17
bruto	17
casei	17
descanse	17
chiste	17
cabalgar	17
facéndoo	17
doulle	17
fríos	17
quédate	17
darán	17
católica	17
dezaoito	17
metralla	17
reconstruír	17
he	17
datas	17
farían	17
trala	17
fígado	17
amei	17
adolf	17
pagando	17
pipa	17
oliva	17
viuno	17
decido	17
preguntes	17
mercadorías	17
preñada	17
buracos	17
arre	17
insultar	17
risa	17
tá	17
abandonada	17
agresión	17
amarga	17
xaora	17
arrepiante	17
fumo	17
telas	17
quietos	17
caio	17
delegación	17
compañeira	17
inspector	17
restaurantes	17
aforros	17
boneca	17
symington	17
fasme	17
tirei	17
jefferson	17
nen	17
alicia	17
sufrín	17
prexuízos	17
corrín	17
peggy	17
fodas	17
tua	17
cargada	17
daenerys	17
cavar	17
mormont	17
marabillas	17
tecido	17
salvalo	17
sinta	17
castrón	17
rexeitamento	17
desgracia	17
culpábeis	17
destruíron	17
estoupar	17
divertir	17
politburó	17
correa	17
arame	17
alemana	17
leña	17
frechas	17
atentamente	17
coidas	17
interromper	17
fixa	17
lúas	17
atópanse	17
xirar	17
cegos	17
morría	17
gustas	17
liderado	17
específico	17
violentos	17
tendencia	17
mito	17
ferreiro	17
cabina	17
solucionar	17
campesiño	17
levades	17
xerente	17
trent	17
agradézocho	17
actuais	17
indiferente	17
eficiente	17
admiro	17
telos	17
automóbil	17
sorpréndeme	17
misericordioso	17
evolución	17
cortello	17
llos	17
vestiario	17
forman	17
elo	17
acusa	17
travis	17
jotunheim	17
nomura	17
escocés	17
africana	17
levounos	17
fíxenme	17
consulta	17
traballe	17
continuará	17
xudías	17
winstanley	17
distante	17
prácticas	17
voullo	17
amir	17
accionistas	17
comités	17
sobreviviu	17
toleou	17
centavo	17
queixas	17
amamos	17
irlandeses	17
lembrade	17
cosa	17
vingadores	17
pelexas	17
oíu	17
braun	17
escoitara	17
inclúe	17
gañador	17
continuamente	17
inmediata	17
dividir	17
bando	17
amosou	17
rocco	17
taxa	17
bobo	17
faltan	17
escapa	17
apunta	17
matalos	17
nis	17
precise	17
perseguir	17
ladrillos	17
refería	17
activo	17
crenzas	17
esquecino	17
enténdelo	17
usalo	17
acouguen	17
recibiches	17
discriminación	17
díxeno	17
vendido	17
conducindo	17
burócrata	17
ovella	17
indiferenza	17
date	17
recorrer	17
apousentos	17
deir	17
negativa	17
ruín	17
rango	17
construíndo	17
liberados	17
recoñezo	17
ombreiros	17
beirarrúa	17
bufón	17
carbono	17
lamentábel	17
cociñas	17
soster	17
ofrezo	17
maldade	17
lagos	17
tiroteo	17
príncipes	17
apareceron	17
preguntarche	17
pacto	17
tesme	17
noventa	17
deberon	17
científica	17
profeta	17
atracción	17
decatei	17
liches	17
agochados	17
érguese	17
poñede	17
aventuras	17
pensaron	17
inspiración	17
estanse	17
institucións	17
discutimos	17
vendeu	17
exercicios	17
fachenda	17
entrade	17
ferrocarril	17
entro	17
foxe	17
palma	17
cuspir	17
facilidade	17
yang	17
moleste	17
bryce	17
avante	17
cabaza	17
cooperativas	17
acusación	17
xura	17
cumpre	17
filmado	17
bum	17
cargamento	17
despensa	17
bólas	17
tráxico	17
capturar	17
bombeiros	17
perdería	17
comerciante	17
posíbeis	17
atento	17
habilidades	17
verse	17
destruída	17
enviaron	17
filmando	17
autónomo	17
desaparición	17
cafés	17
trabucado	17
marcharemos	17
daniel	17
lazos	17
manteñen	17
imperial	17
consideración	17
pensará	17
pecho	17
diferenzas	17
alimento	17
xustificar	17
pensións	17
concertos	17
lanzou	17
xeracións	17
meryn	17
escollido	17
respectos	17
ocuparme	17
mentindo	17
funcionario	17
permita	17
empregada	17
ensaio	17
crush	17
mancha	17
cold	17
perdoade	17
gravitacional	17
superficial	17
interrogatorio	17
deprimida	17
gustouche	17
clave	17
máxico	17
sos	17
ámoa	17
balcón	17
yoshizawa	17
corresponde	17
casterly	17
gravado	17
intentes	17
preocupedes	17
inxusto	17
poñela	17
aeródromo	17
candidatos	17
instinto	17
pídolle	17
flipper	17
xanelas	17
mataría	17
radiante	17
portella	17
proceder	17
grandeza	17
mann	17
puxemos	17
cega	17
élle	16
agochado	16
güisqui	16
individuais	16
espionaxe	16
coidadosamente	16
merdas	16
red	16
tese	16
asistencia	16
tolear	16
cadaquén	16
deitado	16
impotencia	16
serea	16
barreira	16
quedaría	16
sutil	16
zume	16
marchaba	16
deteña	16
gabia	16
expo	16
paracaídas	16
reciclaxe	16
recreo	16
basil	16
mami	16
escribes	16
afundir	16
preocuparme	16
paréntese	16
vense	16
posúen	16
hassan	16
presentou	16
viaxeiro	16
vota	16
xúroche	16
granadas	16
teherán	16
aplicación	16
compensación	16
arestora	16
invisíbel	16
estivésemos	16
achtung	16
desafío	16
podre	16
carol	16
espérame	16
entraches	16
viras	16
aceptas	16
peta	16
arar	16
acender	16
collendo	16
finxir	16
fraga	16
abride	16
onu	16
estiveras	16
tróuxenche	16
acontecido	16
pertencía	16
voulles	16
coñecerte	16
tardarei	16
cirurxía	16
empezando	16
salvou	16
fostes	16
atómicas	16
demáis	16
dieta	16
cineasta	16
hiroshima	16
comezaremos	16
evacuar	16
autorizado	16
quito	16
clermont	16
grant	16
correu	16
presencia	16
collerei	16
illinois	16
casiña	16
artillería	16
cabalería	16
destruir	16
valado	16
soporto	16
emocional	16
antonio	16
stanton	16
ansiedade	16
howie	16
débiles	16
recoñeceu	16
coelliño	16
ken	16
ledo	16
saídas	16
preparación	16
axudará	16
adoitan	16
belo	16
estourou	16
gravadora	16
postas	16
old	16
triunfar	16
paralo	16
rexente	16
próximos	16
cóllea	16
fina	16
casino	16
calibre	16
cartuchos	16
limitado	16
pílulas	16
estiveramos	16
xemelgos	16
carraxe	16
gordos	16
espectáculos	16
quédache	16
proletario	16
producido	16
axúdanos	16
especialidade	16
galiña	16
anual	16
meniños	16
cazadores	16
sans	16
cadillac	16
ficaba	16
budde	16
metralladoras	16
incluído	16
pementa	16
andamos	16
asusta	16
heino	16
eisenstein	16
proxección	16
render	16
funcionamento	16
fodidamente	16
potente	16
cuco	16
organizados	16
sento	16
cultivar	16
esperen	16
tías	16
deriva	16
ruídos	16
dex	16
queden	16
banca	16
falarche	16
comprobalo	16
europeo	16
envolto	16
sorpresas	16
hara	16
cumio	16
satisfeita	16
maricas	16
selvig	16
vinnie	16
lévanos	16
deputado	16
deba	16
congo	16
pantasmas	16
oberyn	16
células	16
dáma	16
peitos	16
convencer	16
aprendemos	16
usada	16
terzo	16
tomes	16
nancy	16
cranio	16
incidentes	16
terriblemente	16
bordel	16
serventa	16
pensaría	16
impaciente	16
cineastas	16
xudicial	16
revisar	16
desdémona	16
sumidoiros	16
aguias	16
excepcional	16
atractivo	16
maricóns	16
sentaba	16
veteranos	16
tex	16
dámoslle	16
concordo	16
querendo	16
tixolos	16
creba	16
obedece	16
sintas	16
abundancia	16
puño	16
conquistar	16
expertos	16
iraquí	16
adorábel	16
guiar	16
nanni	16
carl	16
reféns	16
morran	16
chamarte	16
paulo	16
otelo	16
cansada	16
activista	16
gai	16
francis	16
monxas	16
doume	16
admiración	16
dourada	16
raquel	16
granada	16
digger	16
tie	16
emboscada	16
enigma	16
dásme	16
london	16
detéñase	16
propietaria	16
descubriron	16
cumpría	16
preguntábame	16
saberemos	16
eficaz	16
tense	16
discutindo	16
nora	16
putitika	16
reflexo	16
ordenou	16
insulto	16
xogador	16
escollemos	16
artística	16
terreos	16
liberal	16
contradicións	16
mártires	16
indulto	16
recanto	16
chegarás	16
alquimista	16
meterme	16
saqueadores	16
malcolm	16
interésame	16
illada	16
tristura	16
dozura	16
sincera	16
teríao	16
enterrado	16
pendente	16
dicídeme	16
colectivo	16
renda	16
cordeiro	16
coigne	16
paquetes	16
vagar	16
georgie	16
coñecedes	16
tente	16
bombardear	16
protestar	16
minte	16
guindar	16
sucios	16
porno	16
vicio	16
aprenderon	16
crítico	16
pasaxe	16
recollelo	16
reflexión	16
veas	16
dziga	16
mingliang	16
prohibida	16
novidades	16
inmobiliario	16
hábito	16
seguranza	16
tanzi	16
sair	16
imbéciles	16
elevado	16
mercedes	16
insignificante	16
intelectuais	16
interiores	16
cacahuetes	16
phillips	16
anarquista	16
alédame	16
citas	16
bonos	16
coro	16
rifar	16
cidadás	16
conduzo	16
cubanas	16
pesados	16
factura	16
vante	16
fando	16
solucións	16
duelo	16
biberkopf	16
primaria	16
crianza	16
comía	16
bass	16
autobuses	16
soña	16
creador	16
negociacións	16
veciña	16
li	16
creu	16
coide	16
inspección	16
rap	16
perdóeme	16
milagres	16
sufrindo	16
miserable	16
posuír	16
archie	16
pasadas	15
distribución	15
milla	15
colorado	15
cruza	15
converteu	15
diremos	15
frías	15
roubos	15
tacto	15
convertido	15
xogaba	15
xubilación	15
probado	15
atravesou	15
stratton	15
conclusións	15
fisicamente	15
graciosa	15
edward	15
darte	15
marshall	15
xogadores	15
díxoche	15
síntese	15
aparición	15
sensato	15
mansión	15
roseanne	15
holly	15
xeografía	15
cervexas	15
agradecida	15
mísil	15
perfección	15
arrincar	15
téxtil	15
caramba	15
estruturas	15
quitarlle	15
devolva	15
naturais	15
comecemos	15
usala	15
ordena	15
ofrecerlle	15
ocorren	15
véspera	15
vermes	15
sucesos	15
cantan	15
gústanlle	15
atópome	15
bee	15
roubaches	15
decida	15
benny	15
tiveras	15
minto	15
filmación	15
bailes	15
pota	15
crecemento	15
ironía	15
voan	15
tchoupitoulas	15
vixiando	15
criar	15
chámeme	15
hawai	15
sirvo	15
lembran	15
intercambio	15
conversas	15
forzado	15
capturados	15
saíra	15
soñan	15
deportes	15
provén	15
