לא	5020713
את	4846155
אני	4542964
זה	3965637
אתה	2209686
מה	2185556
הוא	1542014
על	1433417
לי	1398533
של	1237775
כן	1217972
לך	1096139
אבל	982140
יש	894061
שלי	866109
כל	854228
בסדר	837200
עם	822686
היא	819212
שלך	794526
אם	784826
טוב	756941
היה	726660
אנחנו	703852
רוצה	697126
אז	672967
יודע	621357
רק	588280
הם	582297
יכול	568603
אותו	557493
אותך	552982
יותר	513104
כאן	464763
אותי	463016
הזה	458330
שאני	457238
למה	446960
להיות	444663
עכשיו	427441
או	426276
אחד	411425
משהו	408759
היי	402328
צריך	385945
כמו	384782
אל	372777
כך	370516
איך	369797
אין	356926
נכון	356275
לעשות	356015
תודה	347886
לו	329108
לנו	326243
שאתה	323270
מי	320967
זאת	317659
שם	317112
חושב	312536
כדי	307004
שהוא	306651
כמה	303974
פשוט	296462
יודעת	294931
אותה	290629
אולי	289547
באמת	288509
כי	284625
הייתי	284462
שזה	279818
גם	278375
זו	269029
עושה	259254
האם	253962
ואני	251631
דבר	250435
שלו	249809
עוד	242627
כבר	240024
שלא	237818
נראה	233617
שלנו	232906
מאוד	219780
לפני	213831
הרבה	212974
בבקשה	210405
הולך	209279
קדימה	206030
אומר	205303
יהיה	202862
יכולה	201187
פעם	201053
זמן	199628
אתם	198732
עדיין	198438
עד	197041
ממש	193609
אלוהים	193433
ובכן	192081
איפה	188832
לה	186988
קצת	184637
מישהו	180836
אותם	179378
לעזאזל	173787
אה	173676
לראות	170265
הנה	168197
הייתה	167162
פה	165554
אבא	163738
הכל	163421
ללכת	162640
בכל	161600
שהיא	160675
צריכה	159269
בדיוק	156937
אנשים	155948
אף	155442
לדבר	153782
חייב	152222
שוב	152094
חשבתי	151208
היית	150831
היום	149237
שיש	148367
מצטער	148317
מר	147821
צריכים	147615
בוא	146382
היו	144161
שאת	142989
חושבת	140131
קרה	139297
אחת	137608
לזה	137008
שלה	136931
אמא	136251
אוהב	136116
שום	133440
אחר	132493
אפילו	131829
אדוני	130879
תמיד	130003
יכולים	129274
יום	127718
חבר	126211
להם	125562
בטוח	123228
בגלל	123039
שלום	122580
ואז	121784
בטח	121578
קורה	120978
האלה	120563
אחרי	120108
שהם	119603
מדי	119009
רואה	118958
הזאת	118441
הזמן	117817
כולם	117677
איתך	115851
אמר	115694
רגע	115535
בן	113883
שאנחנו	112200
אמרתי	109378
איזה	107314
בו	107268
אדם	106269
תראה	104491
דברים	104218
מבין	103960
טובה	101950
בשביל	101302
בזה	101061
דרך	100502
אוקיי	99690
לעזור	99563
אותנו	99088
בבית	98848
בואו	98742
מספיק	97929
הו	97758
תהיה	97323
הכי	96155
הדבר	96127
תן	95340
לדעת	94017
כלום	93708
מקום	92829
כזה	92410
לקחת	91912
מזה	91689
לכם	91457
מתכוון	91299
ככה	90945
ביותר	90859
אוכל	90490
איתי	90040
יודעים	89907
אפשר	89818
וזה	88350
לומר	87442
כאילו	87139
קשה	86467
לכאן	86401
הביתה	85589
עליי	84374
להגיד	83567
שנים	83547
מת	82541
די	82161
למצוא	81970
גדול	80960
היתה	80885
שני	79839
בלי	79822
מצטערת	79687
אנו	79281
אלה	79134
שלהם	78942
לקבל	78097
הזו	77971
יפה	77712
ראיתי	77523
מנסה	77253
כמובן	77018
מותק	76893
מדבר	76670
ואתה	76591
נהדר	76346
עליו	75995
סליחה	75763
אוהבת	74594
אך	74194
אומרת	73871
בואי	73487
לעולם	73454
ממני	72857
רוצים	72744
הלילה	72709
והוא	72599
הבחור	72522
לתת	72025
האמת	71043
אחי	70842
ולא	70306
לשם	69285
עבור	69204
תגיד	68921
בית	68810
אמרת	68712
ואת	68445
בי	68076
מעולם	68065
מכאן	67607
כסף	67379
עבודה	67140
זהו	67097
מוכן	66987
ילד	66538
נחמד	66521
לכל	66340
בך	66277
עושים	66193
מרגיש	65707
רציתי	65615
עליך	65580
נמצא	65471
אכפת	65234
הולכים	63419
לצאת	63409
כדאי	63400
עובד	63023
בדרך	63009
חכה	62805
אי	62563
לאן	62412
עשה	61899
איתו	61881
מהר	61577
בזמן	61512
נוכל	60786
לגבי	60679
נשמע	60489
עשית	60131
עשיתי	60086
בכלל	60047
דקות	60008
חייבת	59976
שלכם	59918
בשבילך	59874
אמור	59600
מספר	59515
מכיר	59410
ללא	59201
מחר	58997
לספר	58939
גברת	58656
לחזור	58387
בעיה	58332
רע	58219
בא	57991
נלך	57940
משנה	57862
ידעתי	57545
מתי	57252
חייבים	57179
סוף	56758
החיים	56367
להרוג	56310
הן	55981
ממך	55866
חלק	55389
מאמין	55365
בחור	55166
בחייך	55152
במקום	54883
גבר	54669
זוכר	54535
הולכת	54321
הגיע	54247
הכול	53615
תעשה	53456
מקווה	53315
לב	53268
בחיים	53138
הבית	53024
המקום	52981
ידי	52651
חיים	52296
איש	52124
תוכל	52082
כנראה	51626
האנשים	51604
כאשר	51423
היינו	51325
לבד	51260
כמעט	51209
עלי	51150
מניח	51024
הכסף	50941
נעשה	50804
לילה	50757
למעשה	50566
דולר	50473
שנה	50380
שמעתי	50362
תראי	50219
בטוחה	50050
לגמרי	49865
החוצה	49767
ילדים	49744
קטן	49623
הדברים	49318
חשוב	49271
בין	49053
שמח	48892
הבא	48823
הראשון	48769
לבוא	48652
לחשוב	48644
הדרך	48311
מאז	48306
בחזרה	48244
אמרה	48109
מאוחר	47852
קודם	47752
העבודה	47688
אחרת	47599
מגיע	47581
להגיע	47250
בה	47178
מבינה	47136
ברור	47090
עצמך	46891
בהחלט	46718
לאחר	46584
כלומר	46340
השני	46081
יחד	46018
אוי	46000
במשך	45995
לפחות	45970
לשמוע	45464
אהיה	45464
מוזר	45455
ברגע	45438
לעבוד	45285
אליי	45233
וואו	44946
אישה	44644
כעת	44614
אליך	44520
העולם	44499
יופי	44489
שלוש	44383
מהם	44012
הערב	43566
אתמול	43497
הספר	43461
ואם	43339
הראשונה	43288
אתן	43269
ספר	43044
חדש	43002
מושג	42892
בוקר	42834
שעות	42782
לבית	42756
מזל	42651
להביא	42642
בחוץ	42601
ון	42484
למטה	42474
בשבילי	42468
אלא	42462
חברים	42459
היכן	42356
למעלה	42196
כולנו	41978
מקרה	41920
ראית	41810
ביחד	41569
שהיה	41392
עלינו	41184
להישאר	41009
ערב	40978
כרגע	40884
בני	40720
בלילה	40674
תקשיב	40566
אלו	40464
האחרון	40405
קשר	40325
באופן	40254
ביום	40187
בקשר	40148
אעשה	39922
בת	39796
איתה	39666
ימים	39510
מקבל	39352
ומה	39308
בתוך	39221
השם	38905
האיש	38835
תפסיק	38742
לשאול	38613
והיא	38591
הילד	38507
ועכשיו	38218
מדוע	38027
קח	37922
יקרה	37807
סוג	37658
ממנו	37594
עליה	37563
העיר	37539
העניין	37517
הפעם	37495
החבר	37458
הבעיה	37416
האחרונה	37286
שיהיה	37191
היחיד	37022
האלו	36917
לפעמים	36901
רעיון	36827
כפי	36784
חזרה	36756
למען	36632
בעוד	36615
עומד	36513
שבו	36262
אלי	36220
בנאדם	36193
טובים	36151
חרא	36087
אליו	36064
מיד	36028
משחק	35955
צודק	35801
בפעם	35766
הלו	35692
להיכנס	35684
עצמי	35630
בעולם	35616
תורגם	35485
קטנה	35451
תני	35434
בלתי	35421
איזו	35420
לאכול	35224
לעזוב	35212
תראו	35200
בפנים	35124
לשמור	35069
יהיו	34946
גדולה	34860
לעצור	34810
שלושה	34799
קל	34793
הילדים	34732
להשיג	34714
הדלת	34641
הרגע	34630
אימא	34409
להבין	34407
בחדר	34373
חזק	34367
נורא	34350
הי	34336
רבה	34319
הסיבה	34315
מחוץ	34315
הבן	34250
יכולתי	34209
וגם	34164
לכן	33932
מתכוונת	33894
אתכם	33821
היחידה	33793
אמיתי	33702
סתם	33588
מרגישה	33575
האדם	33465
שאתם	33440
אומרים	33252
חוץ	33221
למות	33029
רב	32875
ראש	32778
נו	32771
להתראות	32766
אדירים	32716
קרוב	32710
שתי	32526
מתה	32391
גרוע	32377
לוקח	32355
מכל	32305
נראית	32283
פנים	32204
להשתמש	32153
קוראים	32035
חברה	31900
ממה	31772
הראש	31750
מדהים	31739
ילדה	31735
המשפחה	31685
והם	31647
מצחיק	31580
חושבים	31493
קיבלתי	31482
מצאתי	31463
נגד	31329
לעבור	31288
ליד	31222
שאין	31076
החברה	31039
לקרוא	30977
לחיות	30965
מוכנה	30952
חמש	30942
עלייך	30870
חיי	30717
פחות	30705
באותו	30677
מפה	30572
הבנתי	30570
לנסות	30569
ביי	30347
ארוחת	30226
אבי	30141
נגמר	30138
שהייתי	30131
בשם	30113
הבוקר	30045
יוצא	30019
מדברים	30007
לשחק	29942
אחרים	29918
לפגוש	29883
דם	29880
פעמים	29843
לנצח	29837
תחת	29764
חודשים	29740
הבאה	29705
להתחיל	29682
ואנחנו	29581
הטוב	29570
לגרום	29526
הא	29447
סיכוי	29400
להמשיך	29307
לישון	29287
שמעת	29282
אהבה	29256
שמישהו	29238
זונה	29043
שעה	28820
נהיה	28719
מאשר	28674
הגדול	28563
אותן	28511
חצי	28455
בקרוב	28396
תגידי	28389
סיבה	28386
מחדש	28251
לבדוק	28207
נשים	28037
חכי	27987
כשאני	27876
מאמינה	27853
מגניב	27814
בבוקר	27697
שכל	27632
מדברת	27531
לחכות	27463
מתחיל	27438
פרק	27357
לכך	27300
שאלה	27274
לקח	27201
צוחק	27177
בנוגע	27171
לשים	27137
מכירה	27136
נותן	27071
אלך	27035
חי	26982
מעט	26906
המכונית	26901
התכוונתי	26793
חדשות	26769
צוות	26766
משפחה	26721
זקוק	26644
מתחת	26569
להציל	26544
גמור	26541
הזדמנות	26464
מטורף	26391
שונה	26358
כאלה	26348
מעולה	26303
וכל	26300
ויש	26294
בתור	26256
לפי	26230
ניסיתי	26226
סיפור	26188
בערך	26188
מים	26171
לתוך	26056
תסתכל	26050
דעתך	26023
זוכרת	26015
יין	25998
שאם	25983
להרגיש	25976
חוזר	25949
עזרה	25930
רציני	25823
עונה	25821
שלומך	25811
אפשרי	25800
מחפש	25741
הסיפור	25680
חתיכת	25679
שכן	25641
המפקד	25633
מעל	25629
הלך	25579
מלא	25428
שאולי	25424
אנג	25420
בצורה	25394
שומע	25388
נכנס	25345
להפסיק	25258
החדש	25253
שווה	25249
עניין	25200
פנימה	25165
כיף	25048
חדר	24976
חסר	24970
ורג	24962
כמוך	24958
ראשון	24938
אסור	24886
לקנות	24871
מאד	24835
להתקשר	24736
מייקל	24731
בהם	24714
בעבר	24532
ראה	24522
להראות	24488
מצב	24444
ברצינות	24437
נתראה	24376
נפלא	24375
מוקדם	24273
אינך	24256
שתיים	24133
תדאג	24071
להגן	24053
כלל	24043
מאיתנו	24019
בחורה	24012
בנות	23956
עבר	23911
במה	23854
טעות	23835
משם	23815
הטלפון	23800
רצה	23746
שקרה	23725
שזו	23647
להוציא	23639
כה	23593
עצמו	23569
המצב	23562
למרות	23527
הקטן	23442
עצור	23392
מיליון	23384
אקח	23370
מסוגל	23314
להאמין	23264
במקרה	23169
ידע	23133
שבוע	23062
איתנו	23038
נוסף	23036
חדשה	23023
רצח	23002
אמרו	22994
איני	22971
כוח	22914
גברתי	22907
גורם	22903
עליהם	22903
לעבודה	22866
מוכנים	22793
ידעת	22780
מאחורי	22750
ים	22734
האישה	22681
הכבוד	22675
מידע	22650
שאלות	22642
לכי	22611
דין	22527
בצד	22483
נעים	22479
כשאתה	22457
באתי	22434
מפני	22383
מבטיח	22348
קשור	22299
כשהוא	22285
כדור	22219
שאמרתי	22183
בחיי	22182
שמחה	22167
קורא	22087
נתן	22050
מעבר	22050
תוכלי	22025
מס	22017
חולה	21985
שונא	21953
לפה	21926
המשטרה	21888
במיוחד	21854
ימי	21853
שאוכל	21827
קפטן	21827
מעניין	21808
יצא	21801
לאנשים	21785
גברים	21663
אשר	21622
ניתן	21590
בכך	21569
ככל	21559
בעיות	21547
מושלם	21538
בעלי	21508
לשתות	21435
אראה	21393
בעל	21309
הלא	21257
אגיד	21229
אוהבים	21203
לקרות	21202
שרה	21183
מין	21156
להכיר	21145
ארבע	21005
אלף	21004
להתמודד	20976
מניחה	20927
למקום	20882
קפה	20843
הבחורה	20815
אינו	20800
מייק	20765
יי	20754
ישר	20675
לשבת	20653
לעצמי	20615
בראש	20614
אידיוט	20608
מחכה	20589
תקשיבי	20585
נשאר	20561
פיטר	20557
הבת	20517
אלייך	20486
שניכם	20468
עובדת	20460
לשלם	20420
מן	20419
תוך	20397
לטפל	20366
לזוז	20327
המשחק	20326
באה	20312
עשר	20310
לדאוג	20308
פרנק	20247
שצריך	20220
אש	20143
ללמוד	20127
תהיי	20103
למי	20010
מאיפה	19986
לעצמך	19985
ממנה	19985
הלב	19901
לג	19885
מתוקה	19884
רוח	19877
למישהו	19873
חג	19869
הנשיא	19848
ספק	19846
דוקטור	19807
התחת	19781
בעיר	19765
המון	19759
החולים	19718
מוצא	19711
לחפש	19709
לחלוטין	19695
שהיית	19694
הלוואי	19687
רד	19683
שמי	19660
רחוק	19644
התיק	19588
ההוא	19574
אנא	19564
מילה	19550
חשבת	19516
הללו	19452
אמורה	19401
מול	19316
אליה	19286
אצל	19272
עשינו	19178
הפנים	19168
שוטר	19155
שנינו	19099
להחזיר	19077
מערכת	19062
מצוות	19020
להודות	18975
שבועות	18971
מתוך	18944
לתפוס	18934
לפגוע	18924
מיוחד	18888
רוב	18876
לבחור	18874
טיפש	18856
אלינו	18839
במצב	18835
אחזור	18833
תעשי	18793
שמה	18724
מכן	18720
התינוק	18719
שנוכל	18656
להפוך	18575
אח	18523
בחורים	18515
יורק	18508
נעלם	18472
רואים	18463
טום	18448
מצוין	18431
לגלות	18421
לכולם	18393
לחדר	18378
היד	18375
שמו	18362
בעצמי	18358
יכולת	18297
תחזור	18292
הנכון	18288
מתים	18272
טובות	18242
אביך	18238
אצטרך	18220
להסביר	18212
מישהי	18205
הארץ	18204
שאמרת	18182
תביא	18120
איתם	18090
טלפון	18085
נצטרך	18063
ייתכן	18017
שאנו	18003
השנה	18000
הדם	17937
לשנות	17934
חבל	17926
אינני	17898
כבוד	17889
המשפט	17871
המוות	17855
רבים	17796
צא	17765
באמצע	17755
יעשה	17754
סלח	17723
יימס	17681
נמצאת	17664
לרגע	17636
החלק	17618
להשאיר	17617
שניות	17563
בנו	17557
שנייה	17542
חכם	17523
הודעה	17448
פני	17399
מידי	17346
ליצור	17267
הגיוני	17238
תירגע	17236
זין	17223
בעצמך	17198
לברוח	17192
בעצם	17174
לבן	17167
האקדח	17156
אכן	17149
השבוע	17131
יד	17129
כולכם	17119
הנרי	17052
מצפה	17043
הרג	17017
אהבתי	17015
בסוף	17015
כלב	16995
מכם	16982
בשבוע	16973
תרצה	16966
כזאת	16927
ההורים	16925
עוזר	16924
לעמוד	16916
לאחרונה	16893
דקה	16826
לאף	16823
לאט	16776
צעיר	16769
ישנה	16749
עובדים	16749
אופן	16729
צודקת	16699
גבוה	16697
הקטנה	16687
שקט	16671
הילדה	16669
גב	16635
הידיים	16632
הקטע	16625
עדיף	16613
אוקי	16580
ריצ	16548
ישן	16533
שעשית	16526
סאם	16491
להסתכל	16444
פי	16429
מבקש	16417
מסוכן	16413
מתוק	16403
עשו	16394
תמשיך	16363
דוד	16348
תוכנית	16348
נשק	16310
מתאים	16281
סקס	16270
דני	16234
תינוק	16228
סמים	16207
עשתה	16187
שש	16160
מיס	16120
מצא	16119
משוגע	16105
חם	16096
המדינה	16092
ידיים	16084
נמצאים	16064
צורך	16047
אקדח	16035
מחפשים	15966
בכלא	15946
אשתי	15944
מוות	15932
לסיים	15895
אהה	15895
עולה	15877
מעמד	15852
עלול	15848
לפתוח	15841
הוד	15814
רצית	15807
לארוחת	15740
מקס	15727
עבד	15687
כיצד	15680
קול	15671
הלכתי	15638
לבקש	15572
לחיים	15555
החברים	15552
מצאת	15549
שב	15531
מנסים	15506
חמוד	15447
היטב	15445
שיחה	15439
תנו	15434
בהצלחה	15431
האמיתי	15426
דיברתי	15425
אילו	15422
קווין	15416
רופא	15394
הפה	15384
הרעיון	15384
נדבר	15380
יוכל	15375
מאחור	15348
תחשוב	15307
יעזור	15307
שניים	15296
הבאתי	15290
בשעה	15267
האחרים	15237
שתהיה	15234
שעשיתי	15214
תצטרך	15212
חן	15200
לשלוח	15189
לצפות	15138
לשעבר	15123
אלכס	15082
למשטרה	15071
מכונית	15062
התחיל	15036
מדובר	15034
ריי	14994
החדשה	14968
יו	14914
אדון	14877
לחץ	14875
אגב	14871
לירות	14850
לתקן	14839
חזר	14825
שראיתי	14785
שלח	14742
עבורך	14742
שמונה	14741
נוספת	14728
אמורים	14727
משום	14716
באים	14703
פול	14703
בוודאי	14695
להחזיק	14684
מנהל	14682
זוהי	14667
בעבודה	14661
תלוי	14649
בינינו	14609
שטויות	14605
בסביבה	14597
תפסיקי	14584
המלך	14573
להילחם	14525
מצאנו	14478
נשבע	14477
גאה	14473
תלך	14469
מפחד	14427
המוח	14395
גרם	14388
עובר	14349
לכו	14349
קיבל	14344
נתתי	14312
כלבה	14308
מכיוון	14307
ואל	14304
ארבעה	14293
מסתכל	14278
במשרד	14264
אחותי	14256
שאף	14236
מסיבה	14236
השאלה	14220
כמוני	14213
שעבר	14206
התוכנית	14187
המים	14180
תדאגי	14160
העיניים	14123
הוגן	14123
שתוכל	14093
זקוקים	14046
בקושי	14030
השאר	14023
ניק	14008
עוזב	13999
תמונה	13972
בשנה	13971
אתקשר	13970
סיפר	13960
השנים	13950
קיבלת	13950
וסונכרן	13936
החדר	13920
כשהייתי	13914
בשקט	13905
ועל	13899
מצליח	13888
שונאת	13888
במהלך	13859
מפחיד	13820
כואב	13814
גר	13806
להעביר	13804
עמוק	13802
שואל	13771
שכחתי	13750
חדשים	13727
הבאים	13726
ניסה	13723
ודאי	13722
זקוקה	13717
שחור	13707
סימן	13662
הרגשתי	13644
חיה	13623
לאל	13603
זוג	13593
הלאה	13588
ארלי	13582
ארוך	13569
וג	13555
לוודא	13545
אישי	13544
חייך	13534
לנסוע	13531
אשמח	13487
אחורה	13485
קחי	13482
הגוף	13464
רלי	13457
הגדולה	13439
בערב	13429
יגיע	13423
שאומר	13392
מעדיף	13388
צהריים	13365
עורך	13353
קר	13308
כרטיס	13305
חכו	13284
נתחיל	13279
שיכול	13274
לבצע	13269
בטלפון	13268
מלאה	13245
חופשי	13195
ברירה	13184
שמע	13169
החוק	13115
סרט	13104
תישאר	13097
המולד	13077
החרא	13075
סבתא	13074
באיזה	13069
לשום	13058
אן	13054
נהדרת	13037
הנשק	13034
עומדים	13001
טועה	12977
הרכב	12964
האל	12937
נקרא	12929
עסקים	12895
סי	12893
שמך	12864
יקירתי	12852
האבא	12847
שים	12842
בפני	12840
ואין	12839
יאללה	12825
פגישה	12809
עומדת	12808
מלחמה	12803
סגן	12793
שהיו	12783
הצילו	12769
במכונית	12750
מתחילים	12750
הבוס	12714
פעמיים	12691
הצוות	12675
שג	12670
שון	12670
עבורי	12649
כאב	12638
הסרט	12638
השנייה	12635
לקחתי	12606
אלן	12598
יוצאת	12593
תמונות	12592
הסוכן	12589
ועוד	12574
הספינה	12572
עיניים	12572
הייתם	12571
שינוי	12550
שומר	12546
כלי	12545
שבע	12538
הופך	12519
הבנות	12505
מכירים	12489
האחרונים	12484
להוכיח	12477
אנשי	12414
סביב	12406
לסמוך	12396
הקשר	12369
הסוף	12359
לכתוב	12356
פעולה	12349
בוב	12343
ביל	12324
עין	12315
כשהיא	12304
זוז	12298
הצהריים	12285
לכלא	12279
לואיס	12278
שליטה	12274
עשוי	12260
דניאל	12243
מחזיק	12240
סיפרת	12238
ברחוב	12217
לבנות	12211
מקבלים	12210
חולים	12207
נזוז	12200
מציע	12199
רוצח	12188
עשרה	12173
הדין	12161
המידע	12161
רי	12132
וני	12128
להכין	12128
בלבד	12126
אתך	12116
תוריד	12115
ישו	12111
לעלות	12110
לאבד	12109
למכור	12105
שבה	12098
בירה	12066
התקשר	12059
מוכר	12050
שגם	12036
כתוב	12033
הרוחות	12025
תמצא	12022
בסופו	12014
בוס	12013
אור	12011
השעה	11993
החדשות	11981
עסוק	11951
שייך	11949
ראשונה	11936
לענות	11900
סיימתי	11892
המילה	11886
כזו	11873
הג	11870
נחמדה	11856
מרי	11846
האהבה	11845
העובדה	11831
שתוק	11828
השולחן	11824
מעריך	11821
עולם	11820
שניהם	11814
להניח	11812
לבלות	11802
עלה	11798
המטרה	11793
במהירות	11792
השיחה	11789
עזוב	11787
הגב	11782
ולי	11782
שמור	11781
לרדת	11781
אמש	11777
סוכן	11766
הכוח	11765
עסק	11753
נקי	11750
המספר	11743
חברי	11742
להכניס	11737
אדי	11734
הארי	11728
קצר	11723
טעם	11709
יוצאים	11708
שכולם	11703
לס	11690
מלבד	11684
עסקה	11659
במשחק	11654
מובן	11647
מסכים	11636
חושש	11635
תתקשר	11634
לזמן	11634
דומה	11633
הגיעו	11612
ריק	11607
הגיעה	11596
מבט	11580
לבקר	11576
נראים	11573
התמונה	11565
פתאום	11564
שאר	11543
הצלחתי	11543
באת	11542
ין	11541
חמישה	11532
הים	11522
סם	11520
גדולים	11513
כוס	11498
בעניין	11494
שינה	11470
הרגליים	11461
זקן	11455
ייק	11446
להצטרף	11436
טוני	11434
צעד	11434
אממ	11432
קלארק	11431
הרצח	11415
בדיחה	11403
תנסה	11399
להוריד	11392
האחרונות	11388
מסביב	11382
כריס	11380
אריק	11362
יכולות	11358
אביא	11357
שאנשים	11355
qsubs	11351
קראתי	11344
כועס	11341
להרוס	11326
בשר	11324
שאפשר	11322
להקשיב	11319
הגעתי	11317
מראה	11284
כלשהו	11279
האוכל	11275
אק	11269
תעזוב	11269
מבינים	11250
מתנה	11239
ייקח	11237
לגור	11221
תיק	11221
שונים	11220
משתמש	11207
לאמא	11195
מאחר	11189
אמיתית	11180
חוקי	11178
מאות	11177
נוח	11176
מצאו	11161
ברוך	11158
רגיל	11147
עזב	11137
מאושר	11124
ההזדמנות	11115
שישה	11106
משחקים	11105
המלחמה	11097
הפתעה	11091
ניו	11075
איבדתי	11061
נמאס	11052
תעזור	11045
השיער	11038
מגיעה	11010
שזאת	10997
הנקודה	10988
באזור	10981
לאסוף	10945
קבל	10939
אחראי	10927
מילים	10893
באותה	10890
המזל	10888
המפתח	10884
תסתכלי	10874
סגור	10868
בטוחים	10857
בתי	10856
מהיר	10856
למוות	10841
הטובה	10831
הכלב	10828
אשתו	10811
תאמין	10793
מבלי	10791
קרב	10780
רבות	10774
לכמה	10767
אוו	10745
הגעת	10734
וחצי	10726
סבא	10720
בר	10712
מיני	10703
תקבל	10702
יושב	10702
הרופא	10692
הרוצח	10688
תשכח	10686
גישה	10684
בנים	10679
רצינית	10679
שיער	10678
יחזור	10674
בילי	10673
הרגל	10666
סיפרתי	10666
בכדי	10664
אספר	10660
סטיב	10647
הגענו	10639
נתת	10633
מגוחך	10630
שיר	10627
מביא	10623
חשב	10621
טומי	10619
רצתה	10616
אמת	10613
בובי	10603
להתחתן	10593
כיוון	10581
לאבא	10578
להציע	10570
מהבית	10548
חומר	10547
להחליף	10547
שקורה	10539
קטנים	10530
כוכב	10526
משקה	10517
ידוע	10517
הולדת	10513
יחסים	10504
קו	10499
האוויר	10495
קייט	10483
איימי	10481
איננו	10476
הקורבן	10474
זכות	10473
חייו	10470
הורג	10469
אוויר	10462
מנת	10462
אחיך	10445
תא	10426
כתב	10416
תזדיין	10409
בקלות	10394
הכדור	10392
כולו	10373
פתח	10371
חוזרת	10352
פגשתי	10346
מארק	10340
להיראות	10326
כשהם	10317
הנשים	10317
יעבוד	10313
אשתך	10295
מאה	10286
תוהה	10278
תשמע	10268
ולכן	10267
הבנת	10266
הטובים	10233
ברוכים	10226
יבוא	10222
אחות	10218
משפחת	10214
אדום	10208
עצוב	10207
זוזו	10201
לרוץ	10200
ייסון	10191
פתוח	10189
גבירותיי	10173
סמל	10164
השמש	10155
שוטרים	10153
דלת	10148
למשרד	10144
בשום	10137
מגיעים	10131
ואולי	10130
העסק	10127
רכב	10126
אליהם	10121
דן	10117
כולל	10059
אמצא	10049
הממ	10037
להזמין	10036
חמודה	10028
זהירות	10026
דיברנו	10013
אחרות	10012
לשחרר	10010
רעב	9998
מסוגלת	9993
תחזיק	9985
משקר	9953
לאהוב	9933
עצמה	9932
לעיר	9924
שאי	9916
שמתי	9910
אד	9907
שנתיים	9906
חזקה	9884
סקוט	9883
חירום	9879
רבותיי	9879
הגופה	9868
התחלתי	9862
השיר	9860
תספר	9857
מודה	9848
הרגת	9837
אחוז	9836
אחריו	9835
האש	9831
איכפת	9829
לאתר	9813
יראה	9811
שכדאי	9785
המשימה	9778
נוסע	9776
בלש	9776
לחבר	9767
לזרוק	9761
בעלך	9724
ניתוח	9723
לדעתי	9720
אצלי	9717
לרקוד	9708
מוכרח	9708
הרוח	9703
לשלוט	9701
צעירה	9697
מעוניין	9696
מודאג	9668
העתיד	9665
דפוק	9662
עץ	9655
וכך	9653
ועם	9646
באמצעות	9641
פרטי	9625
מפשע	9622
לשכנע	9621
בינתיים	9618
תאונה	9617
ואיך	9616
תיתן	9600
במשהו	9595
בגדים	9590
דון	9587
אינה	9574
אחריי	9573
חודש	9567
עוף	9565
האור	9558
תפסתי	9557
בריאן	9552
שהן	9547
אישור	9546
חלום	9543
מבטיחה	9543
תכנית	9539
אמריקה	9536
לנקות	9527
אהרוג	9520
קרא	9517
נכנסת	9515
הצליח	9509
צריכות	9498
ביקש	9489
ניסיון	9489
רוברט	9473
שותה	9472
רגל	9471
יומיים	9468
שעברה	9461
לוותר	9461
לפנות	9445
נצא	9439
מתחילה	9439
ניקח	9437
התפקיד	9435
להיפגש	9426
טרי	9423
בתחת	9406
לוק	9401
פשע	9393
גנב	9393
מסתבר	9383
גבירתי	9366
חוק	9365
מחפשת	9361
למשהו	9355
הבאת	9350
ראיות	9350
וזו	9348
מכה	9346
הפך	9333
עברו	9333
קלי	9324
אמה	9317
החלטה	9317
מטר	9315
וולטר	9305
שאלתי	9303
נהג	9300
אטפל	9295
פיט	9279
אשם	9253
קיים	9252
שבאת	9251
שחשבתי	9247
ואי	9236
ממשיך	9218
לשכוח	9209
עשרים	9208
נחזור	9195
התקשרתי	9190
קלייר	9189
מזמן	9156
תה	9152
תשומת	9150
הקול	9147
ביקשתי	9133
לכיוון	9130
הבחורים	9127
בשבילו	9126
הצד	9126
למשך	9125
אנה	9110
ומי	9094
משרד	9088
הקודמים	9084
מאט	9074
תבוא	9059
שתרצה	9059
הגבר	9038
במרחק	9029
ליום	9028
התשובה	9023
בידי	9015
שהייתה	9010
הביא	8994
כשאת	8990
מתגעגע	8988
עברתי	8988
מאמינים	8970
מקבלת	8966
ואן	8965
הרגתי	8965
קייל	8962
שאעשה	8958
עתה	8957
שלם	8955
מקשיב	8951
תתחיל	8949
ערך	8936
ענק	8932
חשבון	8925
יקר	8906
חברת	8901
שבי	8892
החתונה	8883
ללבוש	8870
קרובים	8870
תאמר	8865
מעורב	8864
וויל	8851
טיפשי	8846
לאורך	8845
במיטה	8842
הממשלה	8826
נושא	8814
אנדי	8803
רייצ	8794
לילדים	8783
למיטה	8780
לוקחים	8763
ספרי	8758
אדבר	8755
צו	8745
הלכה	8740
תרצי	8737
דיבר	8730
הומו	8723
שקר	8719
צדק	8719
סונכרן	8718
הראשי	8717
מלך	8711
הצלחת	8703
תיכנס	8702
משמעות	8701
קחו	8700
התעופה	8699
למנוע	8693
משטרה	8685
קונה	8684
העניינים	8679
לדמיין	8675
קי	8671
חשובה	8658
אליס	8655
שנמצא	8654
בכנות	8633
תיקח	8631
לוקחת	8624
לסגור	8624
המטוס	8620
ידידי	8615
שישי	8613
תדבר	8602
שרק	8600
חזרתי	8599
מרטין	8593
להרשות	8590
ידעו	8589
סביר	8586
לגנוב	8581
צוחקת	8568
צופה	8551
מתקשר	8546
תוכלו	8545
טד	8538
דיוויד	8538
דרכים	8534
הימים	8534
למדתי	8522
פיל	8521
אינם	8520
המסיבה	8518
תהרוג	8516
קום	8512
בצרות	8512
אמי	8512
ני	8509
יהרוג	8507
נשוי	8501
שבועיים	8495
דו	8487
הרצפה	8484
ארה	8477
תקשיבו	8470
הקבוצה	8456
מסיבת	8455
תגיע	8447
השגת	8445
דיברת	8435
זהב	8432
תסלח	8429
מחבב	8424
הלכת	8418
שומעת	8415
אפשרות	8415
ארד	8413
להרים	8405
מק	8400
הפשע	8397
בדיקת	8389
קולונל	8382
קניתי	8375
חברות	8373
בסכנה	8365
הרגשה	8355
הגנה	8354
לצד	8348
הלבן	8347
המנהל	8336
ארוכה	8333
שמת	8333
חיות	8327
שכבר	8325
המשרד	8325
אשמתי	8317
נסה	8315
האדמה	8314
נמוך	8312
לקחו	8309
בגיל	8307
מחכים	8300
ההולדת	8298
רעה	8296
הגברים	8286
קיבלנו	8285
איי	8285
אצלך	8272
להירגע	8270
תיזהר	8269
פרופסור	8262
אום	8261
טיפול	8256
לזכור	8253
שלישי	8239
סיפרה	8222
מדהימה	8221
כלשהי	8216
לאחור	8213
ובכל	8212
בהתחלה	8195
מאושרת	8190
הדירה	8182
ואף	8180
בנוסף	8177
בתיק	8166
שאל	8158
גנרל	8150
מכתב	8148
ליסה	8147
דולרים	8146
רחוב	8138
הברית	8138
ולמה	8137
יקירי	8135
לעזרה	8133
החלטתי	8120
ריאן	8115
לבין	8114
לגעת	8099
מבית	8098
לנהל	8095
צרות	8094
איום	8093
כלפי	8090
ימין	8088
לחיי	8088
דה	8084
הישן	8070
נורה	8068
בעיקר	8059
שמשהו	8056
דואג	8045
נהרג	8036
ושוב	8026
פחד	8025
גרה	8017
לילי	8012
להציג	8004
פרי	8003
נתנו	7997
השוטרים	7989
הבגדים	7987
תוציא	7986
מזהה	7984
לעצמו	7983
מחיר	7974
תקווה	7968
כֵּן	7953
תמות	7953
בעד	7953
נהנה	7945
אמילי	7938
להן	7925
הקרב	7925
אחותך	7911
משטרת	7908
משלם	7900
נוסעים	7900
חום	7889
מטרה	7887
ללמד	7884
ישנם	7882
האמא	7878
עיר	7875
בימים	7874
השינה	7874
תזוז	7869
גדולות	7856
אמן	7856
נאמר	7852
לעקוב	7843
אנסה	7843
להיפטר	7829
האבטחה	7811
שאבא	7808
רוג	7803
צד	7802
נקודה	7801
שחקן	7799
מוטב	7793
המפתחות	7791
עבדתי	7790
קרטר	7787
הרכבת	7785
הבלש	7783
אהבת	7780
נקודות	7774
שיחות	7773
בעיניי	7771
אישית	7766
קים	7758
כוחות	7755
חוסר	7755
ההיא	7745
פגע	7742
לנהוג	7740
גיבור	7737
תשובה	7733
רגשות	7731
השוטר	7730
תפסיקו	7728
מהנה	7710
לשכב	7709
להבטיח	7699
בפרקים	7689
מרוצה	7685
לשיר	7684
שמן	7679
צבע	7679
למדי	7668
מכך	7666
דייב	7664
למקרה	7663
לובש	7662
לשקר	7661
המחשב	7660
גבוהה	7654
מגעיל	7653
ירה	7652
שיכור	7652
נפל	7649
יתכן	7638
להחליט	7634
עליכם	7631
אוה	7627
לנשום	7616
ראו	7603
לבטוח	7600
החוף	7595
טעים	7592
בוכה	7592
הפסקה	7590
קראת	7588
משתמשים	7585
רעים	7582
שמות	7581
מג	7576
האהוב	7575
לארי	7573
בהריון	7573
השטח	7572
נותנים	7571
קוד	7569
למכונית	7565
כועסת	7558
כשזה	7556
לשני	7553
המקרה	7550
למסיבה	7547
האנק	7542
נותנת	7542
בטלוויזיה	7533
לסדר	7526
מבחינה	7524
לקפוץ	7512
תבין	7505
לאדם	7501
קוראת	7497
מיוחדת	7489
מולי	7485
השופט	7483
לסבול	7482
מהן	7471
the	7468
קסון	7464
בשלב	7462
והייתי	7455
ורק	7454
אבטחה	7453
נא	7452
הבניין	7452
שהכל	7450
באיזו	7448
הצ	7443
משפט	7442
ואתם	7441
שניה	7439
עזבה	7438
העסקה	7411
תשע	7405
אבוא	7404
ראשי	7404
שכח	7402
כבודו	7400
יורד	7397
להסתיר	7395
למרבה	7388
שיכולתי	7384
מוח	7384
לוח	7382
דודה	7381
חזיר	7374
שנעשה	7372
לאיש	7372
כבד	7371
מקרים	7370
ביצים	7370
התכנית	7367
בג	7358
השתמש	7356
נתנה	7354
מטפל	7352
המילים	7351
בעצמו	7349
שתעשה	7346
קיוויתי	7346
ביד	7345
אליסון	7342
העבר	7334
אנני	7333
תפוס	7320
פנוי	7319
הגברת	7317
יצאתי	7311
לפתור	7308
שהיינו	7303
איפשהו	7299
שותף	7292
מצויין	7291
יוכלו	7288
תניח	7287
ארצה	7285
הזקן	7283
להתנצל	7281
מריח	7277
השותף	7275
להתרחק	7271
לאחד	7264
ימות	7262
לשרוד	7254
שיניים	7249
בעזרת	7240
התמונות	7229
נוספים	7224
שתדע	7218
תרגום	7210
מודע	7210
אמך	7203
דירה	7195
קבוצת	7191
מקסים	7174
חור	7174
רומן	7173
מזון	7169
במלון	7166
סוד	7166
ביטחון	7163
שתמיד	7162
איכשהו	7159
לשבור	7155
you	7145
השטן	7144
טבעי	7140
בניו	7140
השבט	7138
משפחתי	7135
קרן	7134
שנראה	7132
מפחדת	7132
שרציתי	7127
נגיד	7121
השתנה	7116
אביו	7103
האחד	7097
סיימנו	7095
שכולנו	7093
חנות	7092
תהיו	7088
צבא	7087
עצמם	7086
עוזבת	7083
היחסים	7080
מקומות	7072
אדמה	7052
זבל	7050
אתי	7046
האב	7038
חמור	7037
תעשו	7030
קבוצה	7030
יכל	7028
מסוים	7023
חשבנו	7022
ראינו	7019
חוזרים	7018
תתרחק	7016
הוכחה	7009
למשל	7008
תלכי	7007
סוס	6999
סומך	6998
בחינם	6991
ניסית	6989
וש	6989
והנה	6988
סופר	6986
בדקתי	6983
קסם	6982
בחנות	6982
בקרב	6980
סלחי	6977
מתנהג	6970
לכבוד	6967
מזכיר	6958
חיפוש	6948
אהב	6942
שכר	6937
פועל	6937
חזרת	6936
מהו	6934
מתכנן	6931
תהיתי	6922
לנחש	6921
בשבילנו	6913
הדוד	6903
חייל	6896
מועדון	6892
משוגעת	6881
מפתח	6880
החומר	6876
נורמלי	6868
להסתובב	6867
תעצור	6853
נוספות	6837
האח	6834
אפס	6833
נייר	6833
גיל	6824
גוף	6822
ההחלטה	6817
סטיבן	6813
היחידי	6813
השאיר	6809
רוז	6805
דר	6798
החל	6793
הזין	6792
תקוע	6787
סע	6787
לילד	6783
מזדיין	6779
נעלמה	6774
נכונה	6772
הצבא	6772
ונס	6770
צדקת	6758
לדרך	6747
ששמעתי	6744
ישמור	6741
שאהיה	6736
חיפשתי	6734
מושלמת	6730
דאג	6729
בהתחשב	6727
המורה	6726
לחגוג	6722
מורה	6721
במערכת	6720
תקרא	6717
עייף	6716
יל	6716
קנה	6713
להזכיר	6712
אחריות	6712
ברח	6711
ראוי	6710
איתכם	6705
ארתור	6705
שולחן	6696
קטנות	6687
שלעולם	6686
משלי	6679
תצטרכי	6676
מטומטם	6675
הקו	6674
מכוניות	6665
דעתי	6663
מוסיקה	6654
מטוס	6650
ריח	6646
הצעה	6639
הפגישה	6636
הטבעת	6635
ננסה	6634
קלה	6628
עצרו	6628
ואבא	6626
אלפי	6625
לברר	6624
מזוין	6624
סתום	6616
רץ	6613
מגן	6610
דוק	6610
אקבל	6609
דווקא	6609
השעון	6607
במרכז	6605
מפריע	6604
שמעולם	6603
יחסי	6596
מלון	6591
ההודעה	6589
חכמה	6586
להאשים	6583
מישל	6576
החולצה	6568
מרשים	6568
נמשיך	6568
בתא	6567
מפלצת	6567
שיחת	6564
לראש	6564
למשוך	6563
ועד	6562
שיט	6560
ההגנה	6560
עדין	6555
להפריע	6554
עברה	6550
הקפה	6549
רבקה	6547
ולאחר	6546
בכמה	6544
שנות	6532
תמשיכי	6528
צאו	6526
תחושה	6525
המלכה	6524
אחריך	6522
מוזרה	6522
הכאב	6518
מאוהב	6516
תרופות	6516
תפתח	6514
השלישי	6512
מסובך	6512
צר	6511
לבכות	6508
מצלמה	6503
לחתוך	6502
הקיר	6496
מראש	6496
לזהות	6493
לקום	6491
באו	6490
המאמן	6488
טיילור	6486
בעיניים	6484
רצו	6463
לנשק	6461
תוכניות	6459
שולח	6453
הכרתי	6451
הלכו	6449
מעדיפה	6446
כדורים	6436
עזר	6432
תדע	6426
בדירה	6425
שרצית	6424
שיהיו	6418
עזור	6417
רגליים	6415
בחודש	6415
עדן	6411
שעתיים	6406
איתן	6405
חסרת	6401
הניתוח	6398
שירות	6390
בדם	6384
הנראה	6378
ועדיין	6377
ארלס	6376
אמיתיים	6374
עשיר	6372
נזק	6370
קרובות	6370
תירה	6369
למלא	6362
קרח	6358
לחלוק	6358
המתים	6358
גרועה	6344
החוקים	6342
הכוונה	6339
האמיתית	6338
השער	6324
תחזרי	6323
תשאל	6321
משאיר	6320
נוגע	6317
בסיס	6316
קלואי	6315
הכביש	6311
לדעתך	6299
תשתוק	6296
עצבני	6294
היפה	6293
נער	6292
מעשה	6290
לבטל	6289
לשאת	6283
וכעת	6282
המצלמה	6281
אוון	6280
חזור	6279
מצד	6277
החקירה	6277
בסך	6277
רשמי	6273
הבעלים	6272
מורגן	6266
לפעול	6266
ירצה	6266
מממ	6265
שנקרא	6265
לאיזה	6260
יימי	6257
דופק	6256
והכל	6251
מופתע	6247
מסתובב	6240
נפגע	6240
בידיים	6237
היקר	6235
עוברים	6234
שימו	6231
השחור	6223
חשוד	6222
בעלה	6221
למשחק	6218
המערכת	6216
סכין	6212
בכיוון	6208
שיקרה	6208
מתו	6202
מכשיר	6193
קשים	6191
לרכב	6187
קשוח	6185
כאלו	6183
מחבבת	6174
טיפשה	6170
לנוח	6166
וכמה	6166
להכנס	6163
תתקשרי	6162
איבד	6161
סרטן	6160
יצאת	6158
להפעיל	6154
בסרט	6151
למשפחה	6146
לאור	6143
להעמיד	6141
מבצע	6140
הנכונה	6132
שריף	6129
האי	6127
לוסי	6121
נחש	6112
ניל	6112
בחירה	6109
מבוגר	6109
לזכות	6107
תחשבי	6107
לקחה	6105
בדיקות	6102
אב	6100
ורבותיי	6099
קולות	6099
קארל	6098
מעלה	6098
לכולנו	6097
אדיר	6093
עמוד	6087
פארק	6086
לצלם	6085
עצמנו	6083
אזור	6081
תצא	6078
האחורי	6077
ההרגשה	6076
גופה	6075
יקבל	6072
הצעיר	6072
מביך	6072
באש	6070
בחורות	6065
ונראה	6064
מהלך	6062
מופיע	6055
ידעה	6053
אחרונה	6051
דג	6050
להכות	6048
פצצה	6048
אסיר	6042
סמית	6042
בשנת	6042
נייט	6040
שתוכלי	6040
להפסיד	6039
שקרן	6038
לעוד	6038
האף	6035
יקח	6035
בתיכון	6031
גרייס	6030
הרחוב	6029
בארי	6028
ישירות	6025
כנה	6020
עור	6017
לחקור	6013
יגיד	6012
יתר	6011
שדה	6006
שתגיד	6006
סיכון	6002
משעמם	6000
תקופה	5998
מכדי	5997
שלחתי	5996
דניס	5996
מחשב	5995
בקבוק	5993
הגדולים	5993
מבחן	5992
כלבים	5991
הכתובת	5990
הבנים	5989
נפגשנו	5987
שמאל	5984
אדאג	5984
מייד	5983
חלב	5981
לדפוק	5981
תירגעי	5975
אשמתך	5975
נכנסים	5975
סוזן	5973
יצאה	5973
שאלך	5968
מוזיקה	5966
אלוקים	5966
משימה	5963
כותב	5960
רובין	5960
החלון	5958
סדר	5955
אחרון	5951
גרג	5950
אחלה	5949
תשאיר	5949
שאמא	5948
מבקשת	5948
שלהן	5947
בכיתה	5944
אחים	5941
קראו	5940
לעוף	5936
סטין	5934
נעליים	5925
הגג	5919
רמי	5918
המשך	5918
המיטה	5917
אעזור	5914
מסוג	5909
יעשו	5904
הזהב	5901
אוכלים	5899
המוזיקה	5898
אשמה	5896
תוצאות	5896
גשם	5894
באחד	5893
תישארי	5893
תשמור	5891
שלמה	5886
סופי	5880
מתקדם	5879
מרכז	5878
טבעת	5872
מתנצל	5867
טים	5862
שימוש	5861
הבנק	5860
לעבר	5858
ציפיתי	5852
סלחו	5849
לחברה	5848
מסע	5848
הסמים	5847
העזרה	5845
ראתה	5845
שהגיע	5842
אווה	5839
עוזרת	5838
האנה	5835
סיבוב	5834
בקול	5831
שבת	5830
עמדתי	5829
אנושי	5828
ליאו	5821
המחיר	5821
השיניים	5819
פרחים	5815
חיילים	5813
לבנים	5812
נקודת	5810
דיי	5807
במלחמה	5806
לעניין	5802
עצם	5802
שכחת	5800
צעירים	5800
אנרגיה	5793
ישנו	5792
לשוחח	5789
יגרום	5784
להרוויח	5781
רשימת	5781
בודד	5781
ילך	5779
החשוד	5779
תפסו	5778
מריה	5777
קצין	5777
חקירה	5776
יצאו	5767
להעלות	5765
נשבעת	5763
כחול	5762
החלום	5761
כפול	5759
ברכב	5758
בשני	5751
קיבלה	5747
לרצות	5746
אמנדה	5743
תיגע	5738
שר	5734
ער	5733
מותו	5731
לבזבז	5731
אבדוק	5729
עוזבים	5729
סנט	5728
רוס	5720
חזרו	5718
חופש	5718
ששש	5718
טס	5717
סודות	5717
ברכותיי	5711
טיסה	5710
חסרי	5709
רעיונות	5708
עסוקה	5707
גיליתי	5705
ראשית	5705
פטריק	5704
נלחם	5702
עבודת	5697
זוכה	5695
רכבת	5695
תחזיר	5695
למסור	5694
לראשונה	5692
זונות	5686
הזמנים	5685
באנו	5685
נשארת	5684
ימצא	5684
מסתדר	5679
ירד	5679
שד	5678
שראית	5675
שמאלה	5673
בדיקה	5670
מיץ	5665
הסוד	5662
הנושא	5659
זר	5655
לשירותים	5654
שעשה	5653
שמגיע	5644
נערה	5641
רעות	5640
שחשוב	5637
הכניסה	5632
הראשונים	5629
מוצאת	5629
האויב	5626
באוויר	5623
להתנהג	5621
הנעליים	5620
מוצאים	5616
בנושא	5616
במועדון	5614
הכנתי	5611
הטובות	5610
לאישה	5607
תעלה	5605
נה	5604
חתול	5603
מכונת	5602
גן	5601
רוק	5596
ניקי	5593
תביאי	5593
מגי	5591
אגיע	5587
טלוויזיה	5584
לחלק	5584
יגיעו	5584
סיימון	5580
הבחירה	5580
הכוכב	5577
הסירה	5569
ספרים	5568
באינטרנט	5565
סנטה	5564
נוהג	5563
אשאר	5560
בריא	5555
והיה	5553
תבדוק	5552
ציפור	5545
שמר	5541
בזהירות	5539
כול	5534
מותר	5523
תסתכלו	5522
במים	5520
סיקה	5520
המטען	5514
נולד	5513
תרגיש	5513
ההיסטוריה	5513
שומרים	5512
הסיכוי	5512
גאון	5506
רשימה	5502
הטעם	5501
מכות	5500
התחילו	5497
הצער	5492
התובע	5490
התחלה	5490
ויקטור	5488
העץ	5486
שעדיין	5481
אבן	5481
קטע	5480
הבטן	5478
שפשוט	5477
ישנים	5475
מחלקת	5475
גארי	5474
תגידו	5466
אלכוהול	5466
תגובה	5456
רגוע	5456
מקור	5455
אליכם	5454
חה	5453
החדשים	5453
עוברת	5452
למר	5451
אוליבר	5450
שבא	5440
במקומך	5439
בשבילה	5438
סטן	5435
ויותר	5433
מצאה	5432
מהי	5432
מצליחה	5431
קופר	5430
הקרקע	5429
יורה	5429
הגבול	5428
לדחוף	5427
לזיין	5426
יף	5426
נגיע	5425
בשטח	5425
שיעור	5423
תענה	5423
זכור	5421
השארתי	5420
שונות	5418
במדינה	5412
אנגלית	5412
תחנת	5410
הארור	5408
אתו	5405
הצורה	5405
בטי	5404
שיותר	5402
בדברים	5400
היסטוריה	5398
לחתום	5397
מונית	5395
מטורפת	5394
אצבעות	5393
הקטנים	5390
להיפרד	5388
הקפטן	5387
חד	5384
טביעות	5383
תשכחי	5377
בלה	5376
מסוגלים	5376
דלק	5375
ייתן	5375
הרי	5370
מנצח	5368
נוראי	5364
חלש	5363
לטלפון	5362
מרגישים	5362
יעלה	5360
בספק	5359
כמות	5356
הזוג	5350
כוסית	5348
פיליפ	5346
וחשבתי	5346
העליון	5344
מעקב	5343
לסלוח	5342
מעלות	5340
ההצעה	5338
לבסוף	5334
נסיעה	5334
פיצה	5333
מטופש	5333
נשואה	5333
דגים	5321
נרצח	5320
סובל	5313
התקף	5312
ואפילו	5310
יפים	5310
נאנח	5310
האחות	5309
תשיג	5302
המושבעים	5299
למצב	5294
חשובים	5293
מחקר	5292
הכרטיס	5291
סיפורים	5291
להשאר	5291
עברנו	5285
מתקרב	5283
ליל	5282
תאמיני	5281
תועלת	5280
צפייה	5276
שבאמת	5272
הקיץ	5271
מתגעגעת	5261
בדבר	5260
וליה	5257
מספרים	5257
תתעורר	5255
תספרי	5254
שנשאר	5253
אליזבת	5251
למים	5245
באנשים	5243
המתנה	5242
קייטי	5230
דונה	5230
הרע	5229
עוקב	5226
תגרום	5226
מרגש	5225
חבוב	5224
הבטחתי	5221
rlm	5218
התקשרה	5218
הזכות	5217
שעשינו	5213
חיכיתי	5211
בום	5211
שבט	5210
עלולה	5209
מסר	5204
אמות	5203
מטריד	5202
ממזר	5201
לדירה	5199
בחשבון	5198
זואי	5186
בוודאות	5186
שנלך	5181
במטבח	5175
הלקוח	5173
רוצות	5172
להופיע	5172
אות	5171
הודעות	5170
דברי	5168
בתפקיד	5165
זמני	5165
לקבוע	5165
הלן	5162
להזיז	5162
תרופה	5162
פתוחה	5159
בדלת	5158
הביצים	5157
ימינה	5155
ראסל	5155
לחסל	5155
השמלה	5150
בתמורה	5150
יה	5148
האדום	5148
מסריח	5147
אכלתי	5146
פרס	5144
לספק	5144
שחרר	5143
ביער	5143
ביטוח	5143
עמד	5141
ונסון	5136
עדים	5133
טיילר	5131
ינה	5129
החשבון	5127
תפקיד	5125
אומץ	5123
איבדנו	5123
דייט	5120
להתקרב	5120
נעלמו	5119
היכנס	5117
הטיסה	5116
בנק	5115
מוביל	5109
שתהיי	5107
הכלבה	5107
ור	5106
פרט	5106
שאינך	5102
יכולנו	5102
יודעות	5101
השגתי	5101
חייה	5099
הסיכויים	5094
דורש	5091
וזהו	5090
המבט	5090
קתרין	5089
סרטים	5087
קני	5086
המזוין	5084
גז	5083
כנגד	5082
ירוק	5082
יציב	5080
האזור	5080
טינה	5079
הירח	5076
שוקולד	5073
לפרוץ	5072
לחנות	5072
נס	5072
font	5069
מסביר	5066
תנועה	5065
מרק	5064
וזאת	5064
הקשה	5062
הריח	5062
בקשה	5060
תאכל	5058
חוזה	5056
רחמים	5053
עזבו	5051
הכומר	5047
הישאר	5043
נשיקה	5043
הראה	5042
color	5042
מידה	5041
נשימה	5040
באף	5036
סיטי	5031
במשפחה	5028
איבדת	5027
התגעגעתי	5024
ספורט	5023
הסתכל	5021
מסכימה	5018
הכוכבים	5016
דוחה	5016
נדמה	5015
מטרים	5014
מעכשיו	5011
כנס	5010
הקסם	5010
ענקית	5007
בכוונה	5007
התינוקת	5004
הקריירה	5003
נעבור	5001
ברגל	5000
לורה	4999
שטח	4999
הזמנתי	4998
קרול	4995
משלך	4995
העור	4993
שמצאתי	4993
שנהיה	4990
בנוח	4987
התקשרת	4986
ממתי	4985
סיימת	4983
לדון	4981
לבי	4981
שעל	4980
מתישהו	4976
לרופא	4975
המין	4975
רובי	4973
תשובות	4972
מהירות	4967
ההבדל	4967
חבורה	4965
בהן	4963
אצבע	4960
יפהפה	4959
זרוק	4958
שיעורי	4956
להתקדם	4955
הז	4952
הרגו	4947
כתבתי	4946
מינית	4946
וידאו	4946
וינסנט	4945
בכוח	4942
הפרצוף	4940
לוס	4939
לאיבוד	4938
נישואים	4937
שאתן	4937
שלושת	4933
המראה	4932
זז	4926
שניתן	4925
מסוימת	4923
גילה	4923
בהרבה	4921
מזג	4920
שתרצי	4915
מארי	4913
תנסי	4913
להזדיין	4909
נחשב	4906
יצליח	4902
הישנה	4901
לפחד	4898
דבש	4895
יכלה	4895
שמחים	4893
הצלחנו	4891
השריף	4889
ארוחה	4889
נקמה	4884
ניסתה	4878
נשיא	4874
חשמל	4872
בשירותים	4871
להביע	4870
מהעבודה	4870
שומעים	4870
בעתיד	4868
נכנסתי	4867
זיהוי	4865
מולד	4862
יא	4862
בנך	4860
וי	4859
ממשיכים	4858
מצדך	4857
הצלת	4855
ולראות	4851
פוחד	4841
חלומות	4841
בבר	4837
טוד	4836
מפקד	4835
ופשוט	4834
בגללך	4832
מלוכלך	4829
פגשת	4827
לוודאי	4826
תינוקות	4826
שלושים	4824
מסתכלים	4823
המלון	4819
אנדרו	4817
רוחות	4817
שעון	4816
מקרי	4815
מאשים	4813
האוטובוס	4813
השניה	4810
מבריק	4810
האצבעות	4809
משלמים	4805
צאי	4804
רשת	4804
מצלמות	4802
הנייד	4801
מעלתך	4800
גרמת	4799
האצבע	4799
בטעות	4797
הגרוע	4797
לויס	4797
מרחק	4796
שלג	4795
ברמה	4795
מבפנים	4794
במסיבה	4792
התנגדות	4792
לומד	4791
קרובה	4791
החזק	4790
חתיכה	4788
הופיע	4784
התחילה	4784
חיינו	4784
מפתיע	4776
חוקר	4776
רוץ	4776
רצון	4774
להוביל	4773
אשלח	4773
הפצצה	4772
הראיות	4772
בדרכי	4770
סאלי	4770
להגיש	4769
נשארו	4769
פחדתי	4767
בחלק	4767
דרק	4766
המכתב	4765
מוזרים	4764
הכלל	4763
ציוד	4763
הסכם	4762
חמישי	4762
ריקוד	4761
גבי	4760
מסכן	4759
עקב	4759
מהסוג	4755
התכוונת	4750
מאבד	4750
התרופה	4749
תחרות	4749
רפואי	4748
בהמשך	4747
כולן	4747
תזכור	4747
יראו	4747
מספרת	4745
חף	4744
חינם	4742
בעלת	4740
גורמת	4739
מעריץ	4736
לצחוק	4735
הנערה	4735
ברט	4735
תומאס	4733
לצערי	4732
ברוס	4732
צורה	4730
זאק	4728
להוסיף	4728
יריות	4727
עבורו	4725
תתני	4725
קצרה	4724
הספה	4721
מכולם	4720
קייסי	4720
הקרח	4720
יכלו	4718
לארגן	4718
אמריקאי	4716
יצטרך	4712
בתוכנית	4711
החזה	4711
שכמוך	4710
הקרוב	4709
קולט	4707
להורג	4706
שלב	4706
התרופות	4705
לתאר	4704
תרים	4702
המכנסיים	4700
מדינה	4698
זכר	4697
כף	4694
משאית	4693
התא	4689
תפס	4688
טיפה	4687
וכולם	4686
שבור	4686
כרטיסים	4682
אשה	4681
הגישה	4680
רעש	4679
הספרים	4679
ברצח	4678
דופן	4673
משקאות	4672
הכרת	4669
מלכתחילה	4669
זמנים	4665
להסתדר	4665
הבעיות	4664
כוכבים	4661
לדברים	4656
קבוע	4654
תשלום	4654
פוגע	4653
חשבו	4653
להודיע	4650
רג	4649
בשדה	4649
נאה	4648
ליהנות	4647
עייפה	4647
סימנים	4645
הרחק	4644
כולה	4643
המחוזי	4643
אקרא	4642
אימי	4642
נופל	4638
לעתים	4637
כומר	4636
רשום	4636
הרגיש	4633
קורבן	4633
שואלת	4633
גרים	4632
יצור	4631
מומחה	4630
שיקרת	4629
הנחתי	4628
פרטים	4627
שוד	4627
החיות	4625
עצה	4621
פרד	4619
התקשורת	4617
שתלך	4616
מהדרך	4613
שמענו	4613
גבינה	4608
אישתי	4603
ורדן	4602
בבניין	4600
אמון	4599
כתובת	4597
הכלא	4595
סר	4594
לעיתים	4592
חזקים	4591
טכנית	4588
עוצר	4587
לידי	4584
בקטע	4584
אירוע	4583
שייכת	4581
התיכון	4580
עצמית	4579
ירי	4578
נוסעת	4577
טוען	4576
הבר	4574
כלא	4573
לפוצץ	4571
אמיץ	4569
האחר	4565
מלחמת	4563
שתדעי	4559
קילומטרים	4558
לוקאס	4556
מלכודת	4551
חיל	4551
זהות	4551
הכובע	4550
מילר	4548
ואחד	4548
הנסיך	4547
בוחר	4543
הכנסייה	4541
חש	4540
מודאגת	4539
אבקש	4537
למדת	4536
לובשת	4536
האחים	4535
הסוס	4534
וושינגטון	4533
מהירה	4533
ודי	4532
אליוט	4531
בוגד	4529
גאס	4526
הלימודים	4526
מסתכלת	4524
רגילה	4523
ואחרי	4523
לצ	4521
יהרגו	4520
מהאנשים	4519
עזבתי	4519
רפאים	4519
ניפגש	4519
עושות	4517
טרמפ	4517
הביטחון	4516
תמורת	4515
הזבל	4514
לערוך	4513
החנות	4513
להפיל	4512
תעזבי	4511
הארוחה	4509
חוקים	4507
רחבי	4506
אלפים	4503
מאושרים	4503
טובי	4501
ברחבי	4499
טירוף	4498
פלא	4496
להשתין	4495
סמוך	4493
בארון	4490
בקומה	4489
סקסי	4485
דואגת	4484
עבורנו	4483
מתברר	4481
אגרוף	4479
להתערב	4479
תסלחו	4477
השאלות	4476
מההתחלה	4474
רובה	4472
דעת	4471
ראיתם	4469
הסבר	4468
טעיתי	4465
לחם	4464
לקוח	4463
גרועים	4460
רס	4459
כניסה	4455
נפלאה	4453
נצליח	4453
אדע	4453
גריי	4445
עוגה	4443
תתן	4443
קיימת	4440
מערכות	4439
בחר	4439
אמ	4438
חייהם	4437
שמים	4435
עשיתם	4433
שאלת	4430
אחריה	4426
במורד	4426
לראותך	4425
חומד	4423
התאבדות	4420
לנגן	4419
המסכן	4418
התחלנו	4415
לרצח	4415
אחרינו	4414
בשל	4414
ליז	4413
רומנטי	4411
הנהר	4410
נשואים	4408
ספנסר	4407
רביעי	4406
המשמעות	4402
שבעה	4402
לשתף	4400
אושר	4400
נשלח	4400
הפרטים	4399
לעשן	4397
extreme	4395
חוששת	4394
הלקוחות	4392
רוי	4388
בעקבות	4387
תאריך	4385
סו	4384
הלכנו	4384
כשאנחנו	4383
המושלם	4382
שלחו	4382
אוליביה	4381
בראון	4380
תצליח	4379
אמונה	4379
לקראת	4376
סוחר	4376
עלולים	4375
מחשבה	4373
הציע	4371
בספר	4370
החירום	4369
הטלוויזיה	4368
השלישית	4368
רשות	4368
גדל	4365
השטויות	4364
חמה	4362
שמש	4360
הדואר	4360
אחיו	4358
הקדוש	4357
ברשימה	4357
שבר	4356
בניין	4355
אוסף	4354
לחשוף	4349
ימצאו	4347
בארט	4347
אחכה	4347
ידענו	4347
צירוף	4346
תמשיכו	4346
לפגישה	4344
מקל	4341
בל	4341
גלידה	4341
בובה	4341
הורים	4341
שאכפת	4339
פעילות	4338
גופות	4331
הכוחות	4331
מוחלט	4331
לטיול	4328
סימני	4323
ריד	4322
דחוף	4322
האות	4321
to	4320
הסכין	4320
קיי	4320
האפשרות	4317
מתקן	4316
מוכרחים	4315
ניסו	4313
הטבע	4310
סודי	4308
הנישואים	4307
צפוי	4306
מלאך	4305
רודף	4304
יעבור	4301
להשתנות	4301
מושך	4300
וינס	4300
הבה	4298
ללחוץ	4297
בגודל	4296
משקרת	4292
פשוטה	4292
המשאית	4290
רושם	4284
לעזרתך	4283
זקנה	4282
להתעסק	4277
נמשך	4273
יישאר	4272
רצינו	4271
המכונה	4271
ונתן	4271
לקוחות	4270
בעיני	4270
הבמה	4269
לחוץ	4268
שעושה	4267
סוכר	4265
שחורה	4262
שהיתה	4261
מהצד	4260
האחורית	4260
הבלתי	4259
תאהב	4256
תכניס	4255
נפטר	4255
אתחיל	4253
אולם	4253
קט	4252
רות	4249
שמצאנו	4248
שותפים	4248
להפחיד	4248
חשבה	4247
האנושי	4247
זיכרון	4247
כמיטב	4245
לינדה	4243
נחמדים	4240
מופע	4240
צחוק	4233
איאן	4232
גורדון	4232
הביאו	4229
הקוד	4229
חמישים	4227
הרס	4227
אצא	4227
הבחירות	4225
הציל	4225
צופים	4222
בלב	4221
בחברה	4221
דאגה	4220
הקודם	4220
יק	4217
פרנקי	4216
שמעתם	4215
צדקה	4214
מתערב	4213
נפגש	4213
נניח	4212
החברות	4212
אשיג	4211
אזהרה	4210
נהנית	4210
יפות	4209
פייג	4209
הנשמה	4209
אסון	4207
שולט	4205
ינג	4204
עברת	4202
הסוכנת	4202
הצוואר	4200
נדע	4197
עורכי	4196
שאלוהים	4195
עתיד	4191
מצידך	4190
נגמרה	4189
ארל	4189
מסלול	4188
אוכלת	4187
להתחמק	4185
קליפורניה	4185
מתקשרת	4179
משוגעים	4178
כובע	4177
הבט	4174
תסלחי	4173
השפעה	4172
בדרכו	4172
המזדיין	4170
הרשימה	4168
מרקוס	4168
אפשרויות	4167
זרים	4167
היחידים	4165
הסמל	4164
המחשבה	4160
להצביע	4160
הר	4159
זאב	4156
שופט	4156
הציוד	4155
הבירה	4151
רעבה	4149
איכס	4149
הולי	4147
המחקר	4145
מסיבות	4145
ברוק	4141
ספינת	4141
הארנק	4140
תורך	4139
חולצה	4139
להזהיר	4139
רנדי	4138
לטוס	4138
היכולת	4135
ניפר	4134
בחצר	4134
שוכב	4133
לתקוף	4132
נפש	4131
מבלה	4127
השתגעת	4127
יפגע	4126
עקבות	4125
לחטוף	4123
חיובי	4122
בייבי	4122
להצליח	4117
היילי	4115
אשאל	4111
apos	4109
לשחות	4104
בסביבות	4102
הקשב	4102
הרגשות	4100
ניסינו	4096
המספרים	4096
שלילי	4095
לדווח	4094
לטיפול	4094
בשכונה	4094
עצמכם	4094
המחלקה	4093
אכזרי	4091
עצום	4088
האורות	4087
ווקר	4086
שנתת	4084
מתכוונים	4080
היקום	4078
שלכן	4078
הבין	4078
בסמים	4076
החשמל	4074
שהבחור	4074
רדיו	4074
בשלום	4073
ומתן	4073
בעיניך	4072
להעיף	4072
אלוף	4071
עזרתך	4062
שמוק	4061
בפארק	4058
בתחום	4057
הסתכלתי	4052
המעיל	4051
מזיין	4049
קונור	4048
שהרג	4048
אמנות	4046
מלקולם	4046
גבול	4044
רמז	4044
תרגע	4042
ושם	4042
כמוהו	4042
ביניהם	4040
מחזיקים	4040
השראה	4040
התנהגות	4038
זכויות	4037
ממשיכה	4037
נעצר	4036
הנהג	4035
הלחץ	4034
מבולבל	4031
משלנו	4030
שאומרים	4029
ריילי	4029
מעוניינת	4029
לקיים	4028
ארצות	4028
אצליח	4026
יבואו	4024
להשלים	4024
תאמרי	4023
פרדי	4023
שחורים	4022
בשנות	4021
אתר	4019
שיקרתי	4017
חתונה	4017
ברית	4016
לנצל	4016
נותר	4015
בבירור	4014
תופס	4013
ייס	4012
טיול	4012
תשתמש	4012
לוחם	4010
ביקשה	4008
עמדה	4008
לכבות	4007
הקהל	4006
מעריכה	4005
בארץ	4005
ליפול	4000
מאוהבת	3999
פיצוץ	3999
טעויות	3995
פוטבול	3995
נפתח	3994
לדלת	3994
שאחד	3994
שימי	3991
תנאי	3990
לעת	3988
פגיעה	3987
אחוזים	3985
הפסקת	3984
במוח	3983
עבודות	3983
הכדורים	3983
הלהקה	3982
באלוהים	3980
החלומות	3980
גבריאל	3979
טקס	3978
ולעשות	3977
החלל	3977
ביקשת	3977
חלל	3976
בודק	3976
במידה	3975
מבאס	3975
שתה	3974
הגורל	3973
ספינה	3973
דואר	3971
לרדוף	3969
הוראות	3969
חוש	3967
סוסים	3966
תדאגו	3963
להשמיד	3962
גנבת	3961
למועדון	3961
טיפוס	3959
לחתונה	3958
מפסיק	3957
לנשים	3956
שעלינו	3956
הטיפול	3954
להרבה	3953
קארן	3951
אביה	3950
מיקי	3950
בניגוד	3947
כשיש	3946
נשמעת	3942
מאלה	3942
יפס	3942
אבוד	3941
ייגמר	3937
תגלה	3937
הנתונים	3934
וכן	3932
החתול	3931
מתנות	3931
אעזוב	3928
בסגנון	3927
כמונו	3926
להימנע	3925
חוט	3923
ברוכה	3923
מחזיקה	3923
הווארד	3922
יביא	3921
להביט	3921
מפורסם	3920
בלעדיך	3919
שעכשיו	3918
ואמר	3918
אכלת	3917
בגדול	3917
נקבל	3916
רגילים	3916
האדון	3914
החליט	3914
ושל	3913
הקורבנות	3912
תלכו	3911
לבנה	3911
מוציא	3911
בגן	3909
המבחן	3906
ברי	3905
מנהיג	3905
הפרס	3901
התיקים	3901
הורה	3899
אשלם	3898
ולך	3898
קרלוס	3898
התאמה	3898
מהכלא	3898
משתנה	3897
התכוון	3897
לצעוק	3896
שווים	3896
ואמרתי	3895
ואומר	3894
פותח	3892
מחלה	3891
הולכות	3890
לרצוח	3888
קיבלו	3884
רשמית	3883
ברחובות	3881
פחדן	3879
שיין	3877
גוסס	3876
באמריקה	3874
יפהפייה	3873
בכיס	3872
שפגשתי	3871
כיום	3870
יניה	3869
מחשבות	3869
אלימות	3866
משתמשת	3865
בושה	3865
בוטח	3865
עזרתי	3861
פין	3860
עליהן	3860
תענוג	3859
עוגיות	3859
נהגתי	3857
התחלת	3857
סיבות	3856
ואנו	3856
סכנה	3856
השמות	3856
העם	3856
מעצבן	3855
שרוצה	3855
במישהו	3853
הגשר	3852
בהיסטוריה	3852
המתאים	3852
קארי	3851
פניו	3847
המקור	3847
הצבע	3845
הזמין	3845
במרתף	3844
כשהיית	3838
השאירו	3837
נסגר	3836
זהיר	3836
כתבת	3836
טדי	3834
מנהלת	3833
מהיום	3833
מקומי	3831
בורח	3828
עיוור	3827
האנרגיה	3826
כרגיל	3820
שארית	3819
חודשיים	3817
טרייסי	3817
לטובת	3816
הכרחי	3816
המיקום	3815
בלגן	3815
עלוב	3813
ליבי	3813
רגיש	3812
ראיין	3810
אלנה	3809
ראיה	3808
הברכיים	3807
תיכנסי	3805
לורד	3805
הדלק	3804
אורח	3802
סירה	3802
הצלחה	3802
להסיר	3801
במעצר	3800
וניור	3800
יגלה	3799
ארון	3798
התוצאות	3798
לרחוב	3797
פתרון	3796
הצעד	3794
העלמה	3791
נכנסה	3785
קהל	3783
הזיכרון	3782
יוצר	3781
ולתת	3781
ינא	3780
הבטחת	3780
ולס	3780
פלילי	3777
טיפשים	3776
רבותי	3771
העין	3770
צבאי	3769
קן	3769
בכסף	3767
האמנתי	3765
רון	3765
שלחה	3764
בנה	3754
הזמנה	3752
קורים	3751
נהדרים	3750
ערובה	3749
ליותר	3748
דרכו	3747
המ	3747
ובגלל	3746
משחקת	3745
קצה	3745
גולף	3744
שאפילו	3744
תחזיקי	3741
בזבוז	3736
נעול	3734
תואר	3732
ירח	3731
נט	3731
יושבת	3730
לסוף	3729
יאנג	3729
בזכות	3729
לבדי	3729
לעצמנו	3729
מסוימים	3728
להסכים	3728
לנוע	3727
מעורר	3727
קנדי	3727
עצמות	3725
טמבל	3723
החום	3721
נגדך	3719
ששם	3719
החשוב	3718
לתמיד	3716
בתקווה	3716
להתכונן	3715
אמצעי	3710
כיתה	3710
אשראי	3709
שכמותך	3708
טי	3708
להתגבר	3705
וויליאם	3703
המפקח	3703
נאכל	3702
ברשת	3700
כתבה	3700
ידך	3698
מבקשים	3698
משמיעה	3698
להתעלם	3697
תמצאי	3696
תפתחי	3695
לתפקיד	3695
גרין	3694
השעות	3692
מבחינתי	3689
תשמעי	3688
האשמה	3687
המסמכים	3685
מאי	3682
בשורה	3682
מצפים	3681
בשמחה	3681
מועצת	3680
גילית	3680
פרנסיס	3679
יהפוך	3678
מגלה	3677
וו	3676
לונדון	3676
הון	3676
מלח	3676
קנית	3675
זול	3673
הפעולה	3673
זוכרים	3672
עצים	3666
תעודת	3665
it	3665
לפטר	3665
יחידה	3664
הכרה	3663
לימד	3663
מחורבן	3663
תעמוד	3659
הקלטת	3658
מכין	3658
תפגע	3657
לשקול	3656
ביתי	3656
מקצועי	3655
צילום	3655
הפכה	3654
מעז	3651
מגע	3650
הנישואין	3650
קריאה	3649
ענה	3649
קשרים	3648
אשלי	3648
בניסיון	3647
תדברי	3647
עשויה	3646
יתרון	3646
הרופאים	3644
חלון	3641
לחפור	3641
תעזרי	3640
עזרו	3639
קלאוס	3636
האורחים	3634
בות	3633
ננסי	3632
בחייכם	3632
סיים	3632
מהיכן	3627
למחנה	3627
הבשר	3625
לשנייה	3624
לילות	3623
המושל	3623
ניצחון	3623
תפסת	3622
בד	3621
יהודי	3620
מייגן	3620
ארור	3620
מיוחדים	3619
יושבים	3619
זורק	3619
אדוארד	3616
הכפר	3615
תרד	3614
קינג	3613
סטר	3612
עצובה	3611
יצר	3611
אפגוש	3611
בייסבול	3610
משער	3607
נינה	3607
הקלה	3606
אנוש	3605
בלונדון	3605
לבוש	3604
בראד	3603
כיסוי	3603
לכבד	3600
עבדה	3600
מזמין	3599
אצלנו	3598
הפחד	3597
הקודמת	3597
תקין	3597
בגללי	3596
החליפה	3594
לעתיד	3594
שאלו	3593
לכסות	3592
שילם	3591
קאט	3589
האמריקאי	3588
המהיר	3586
הפכו	3586
הסיכון	3586
יחזרו	3586
דמות	3586
לאשר	3585
ירו	3585
למערכת	3585
ארץ	3585
סרן	3584
קשות	3584
דאגתי	3584
תקף	3583
לתא	3583
הפרטי	3582
מקודם	3582
חופשה	3581
המעבדה	3579
בטן	3578
היקרה	3577
ידידים	3573
הצידה	3573
תקיפה	3570
ולהיות	3570
לשרת	3570
בתחרות	3570
שתבוא	3569
ביג	3569
סידני	3568
אשאיר	3568
המועצה	3567
רם	3565
לצוות	3565
הדלתות	3565
צפון	3565
הפוך	3564
מאק	3564
להשתתף	3564
מצוינת	3564
מוכרחה	3563
חתיך	3562
חרב	3561
בפה	3561
הפרחים	3561
מרטי	3560
יאומן	3558
משקל	3557
נעדר	3556
עזבת	3556
הקדושים	3556
גורמים	3553
המסלול	3553
שקרים	3548
אלברט	3545
ואמא	3541
המופע	3541
נשבר	3540
הורס	3540
קיטי	3540
ריימונד	3538
עניינים	3538
להשתלט	3536
במילים	3536
כרטיסי	3535
עשויים	3534
רוני	3533
נראתה	3533
מניאק	3533
אודרי	3533
למשפט	3532
וולט	3531
לרוב	3530
היער	3529
נגדי	3529
הרשה	3526
בכם	3526
בהיריון	3525
יפ	3524
עו	3524
ריקי	3523
הכה	3522
ליידי	3522
חלקי	3521
אורחים	3520
צוחקים	3520
לגשת	3519
הצליחו	3519
תחושת	3518
אמשיך	3518
תשמרי	3516
ברורה	3514
נביא	3514
מכנסיים	3511
לבדך	3510
מטפלת	3510
אחראית	3509
תשתקי	3508
שאסור	3508
במסעדה	3506
מעצר	3505
נישואין	3504
מאסטר	3502
וירג	3500
בים	3499
תביאו	3499
חלקים	3497
אנס	3497
מרתה	3497
קצב	3497
בנג	3496
בוגר	3493
בתחנת	3493
הנסיכה	3492
לכסף	3491
בחדשות	3491
בינך	3491
כללי	3491
מבוגרים	3490
תיכון	3490
משחקי	3489
הפסיק	3489
פונה	3488
לגדל	3487
וליאן	3486
הצעת	3485
מהעיר	3485
גרנט	3484
ישנתי	3484
הסיום	3484
עובדות	3484
מאתנו	3484
נדיר	3483
האשראי	3482
נעלה	3480
בשידור	3480
יחידת	3478
הביטוח	3477
משני	3477
שנת	3475
שיוכל	3474
החיילים	3474
לכולכם	3473
שאינו	3472
החיה	3471
שרלוט	3470
להתרכז	3470
לשרוף	3469
שנית	3469
לבשל	3469
תפסנו	3469
האחראי	3467
החלטות	3466
קבלת	3465
דיווח	3463
ידיד	3463
דוב	3462
בהקדם	3461
שמלה	3461
סכום	3461
עבדת	3461
הבדיקה	3461
מזויף	3461
במחנה	3460
בקצב	3460
ההתחלה	3459
באתר	3457
בחרת	3456
לחוף	3456
השתמשתי	3455
לים	3455
וב	3453
אוטובוס	3452
לפתע	3450
השיג	3450
הומר	3449
פקודה	3448
בגוף	3447
פנה	3446
מנחש	3446
תשאלי	3446
בקולג	3445
הרים	3445
סיור	3442
למלון	3440
לסיבוב	3439
תירוץ	3438
ריס	3438
דייויד	3437
בכוחות	3437
ליין	3436
התחנה	3435
למהר	3435
נקווה	3432
נבדוק	3432
דרום	3432
להעיד	3432
כדורי	3431
מכוער	3430
בעניינים	3429
השירות	3429
ותראה	3429
לקרב	3428
דילן	3428
בצפון	3427
לאפשר	3426
מניע	3424
אמו	3423
עובדה	3421
קלות	3420
נחכה	3419
תהנה	3418
איזשהו	3418
עונש	3418
גרמה	3417
שירה	3415
יקירה	3412
הישרדות	3411
לגמור	3411
מקנא	3411
למענך	3411
הטיפוס	3410
ראשו	3408
עשירים	3407
ציד	3406
חלמתי	3406
וכאשר	3403
ברברה	3402
סיום	3401
פרופיל	3400
מנוע	3400
השחורה	3400
מטה	3398
פולי	3397
למלחמה	3397
מצלמת	3397
מחנה	3397
נאמן	3396
הורגים	3394
ליאם	3394
מהחיים	3392
החזיר	3392
מאמן	3390
בריאות	3390
אחזיר	3389
שהגעת	3389
נוראית	3385
לחייך	3385
הלאומי	3384
לגבר	3383
מכשפה	3383
אשים	3383
יבש	3383
מוכרים	3383
ערה	3382
העסקים	3382
רמת	3381
מנקה	3379
תסתום	3379
אימך	3379
נסי	3378
ימותו	3377
נפגשים	3376
השירותים	3374
תסתלק	3374
החפצים	3372
מציעה	3372
לעד	3372
בגד	3370
אכל	3370
פרצוף	3369
שירים	3368
בוני	3367
להיום	3367
מתאימה	3366
נלחמים	3366
שונאים	3365
התאונה	3365
בשוק	3364
נטלי	3364
לניו	3363
להיעלם	3363
להמתין	3362
להתאמן	3362
למד	3361
מתעסק	3361
עבודתי	3360
קילו	3357
לנשף	3357
תקראי	3356
נשארים	3355
תבואי	3355
להאכיל	3352
תהליך	3351
כביש	3351
המיוחד	3348
נסיכה	3348
המנוע	3347
שפרד	3346
הציבור	3346
האישי	3345
מלאים	3342
נעימה	3341
מטען	3341
עולים	3341
שער	3340
תמצאו	3340
מוניקה	3339
במאי	3338
הסתיימה	3337
יצאנו	3335
שחזרת	3334
לתמוך	3332
מכירות	3330
קולין	3328
בשבילכם	3328
לורן	3324
חשבונות	3322
האחרות	3321
חייבות	3320
חמים	3320
מוריס	3320
מוגן	3319
קרוליין	3318
נייד	3318
חיוך	3314
שמפניה	3312
לקס	3311
לגברת	3311
רופאים	3310
אתכן	3308
נאום	3308
ששניכם	3307
הודו	3306
הרובה	3305
בשליטה	3305
and	3304
פושע	3303
בביה	3302
נשיג	3302
שולחים	3302
כדורגל	3302
האלים	3302
כפיים	3298
השארת	3298
מיקום	3298
קוף	3297
האירוע	3297
אוסקר	3294
מטורפים	3293
ביליתי	3292
המזון	3292
לסגת	3292
צרפת	3292
האוקיינוס	3292
בדרום	3291
אחיה	3291
בפניך	3289
בעדינות	3289
ינס	3285
כושי	3284
ונגל	3284
אקנה	3283
הגופות	3282
הכיף	3281
מהמקום	3281
לריב	3281
תשים	3280
נקבה	3279
ההדק	3277
באשמתי	3277
והן	3277
תקשורת	3277
תודיע	3276
בתך	3275
תרצו	3273
האין	3271
שיקר	3270
התנועה	3270
קית	3269
הסתיים	3268
מייסון	3266
חצות	3264
תסתובב	3264
נותרו	3263
ימשיך	3262
העצים	3262
מתקדמים	3260
מייל	3258
שאמר	3258
הנסיעה	3256
אבק	3255
בונה	3252
משלוח	3252
שתראה	3251
פנו	3249
וורן	3249
מעניינת	3249
סבל	3247
צינור	3246
זרק	3245
מפתחות	3244
עמוקה	3243
לארוז	3240
הגיבור	3240
בצבא	3239
גיבוי	3238
קלטת	3237
תמיכה	3235
שכולכם	3235
ראייה	3234
אותכם	3233
בחרתי	3232
נסע	3232
אמרנו	3230
מחסה	3229
מהדברים	3228
מסתדרים	3228
השתמשו	3226
מתקרבים	3226
דיק	3225
מתנהגת	3225
פוחדת	3223
סבבה	3223
בקצה	3222
בעת	3222
לצוד	3221
משא	3221
חווה	3220
משפחתו	3220
נאלץ	3219
סוכנים	3218
הרשת	3218
היין	3218
נוציא	3217
מלכת	3217
החרב	3217
במזומן	3217
שומרת	3216
נגמרו	3212
ביקור	3212
חזה	3210
עצר	3209
ניכנס	3208
העיירה	3207
יחשבו	3207
נתפס	3207
סת	3206
מהמכונית	3205
כושר	3205
תתחילי	3202
מוצלח	3202
במגרש	3201
הבנה	3200
שרשרת	3198
נפלה	3197
הרגה	3197
ברכבת	3196
הצעירה	3196
תעבור	3195
בצ	3195
תשב	3194
דיאנה	3194
תחזרו	3192
ארגון	3191
כעס	3190
ואיפה	3189
הטעות	3189
סטפן	3188
מכוסה	3187
לשכור	3187
בעיתון	3186
להשגיח	3185
בקו	3185
העובדים	3185
לאחרים	3185
ניגש	3181
נשחק	3181
הכניס	3180
אלכסנדר	3179
קיימים	3177
להקיא	3175
פן	3175
חברתי	3174
שכך	3174
אמבולנס	3174
הנח	3173
המטבח	3173
האחת	3173
מרגרט	3172
המועדון	3171
להרחיק	3171
להישמע	3171
לטווח	3169
האהובה	3169
בארוחת	3169
המת	3169
דרכי	3168
שקית	3167
מכניס	3167
למטרה	3165
לסרט	3164
מדע	3163
שעת	3162
פקודות	3162
חדרים	3161
אמרי	3161
לבחורה	3160
בולשיט	3158
שק	3157
חליפה	3157
להתעורר	3156
אישיות	3156
מדויק	3156
לחצות	3155
נשמה	3155
קיין	3154
עשי	3153
הציור	3152
רובים	3152
אשמור	3152
טלפונים	3151
אנגליה	3150
הכללים	3150
אלים	3149
היטלר	3149
שתעשי	3148
בשלוש	3148
גבירותי	3146
וראיתי	3144
מועיל	3144
שכזה	3143
אורות	3143
לידה	3142
מתחנן	3142
להשתחרר	3140
מלכותך	3137
בפינה	3137
הולם	3136
אכין	3136
ביני	3135
דיברה	3134
קיץ	3134
הבדל	3132
שהולך	3131
לבני	3131
מרים	3130
פסק	3128
אפל	3127
עצרי	3126
כשהיינו	3126
דייל	3124
מו	3124
שלחת	3121
מרשל	3120
בסוד	3119
מחובר	3117
מעביר	3117
ולעולם	3116
מסתיר	3115
פירות	3115
סיוט	3114
במעבדה	3114
ששנינו	3114
מעורבת	3112
מרלין	3112
יציאה	3111
והלאה	3110
עמדת	3110
נפץ	3109
הבאות	3109
המשחקים	3109
בליל	3105
באהבה	3104
להיזהר	3104
פו	3101
יתחיל	3101
בטירוף	3101
ללילה	3101
הדעת	3100
רלס	3100
לפינה	3100
פופ	3099
עוגת	3099
לציין	3098
ספינות	3097
המפה	3097
ציפורים	3097
להתמקד	3096
הראשית	3095
מכבד	3095
לחברים	3094
צלצול	3094
שאחזור	3094
לפרוש	3093
ברק	3093
ייאמן	3092
יסתיים	3090
אשכח	3090
כישרון	3090
בתים	3089
הזרוע	3089
צפיתי	3089
קנט	3087
מעין	3085
הגעתם	3085
מיילס	3084
מצטערים	3084
הקשיבו	3083
חיבוק	3083
שינויים	3083
עוקבים	3081
לין	3080
בחצי	3076
במדרגות	3076
מוותר	3072
הרגשת	3072
הפסקתי	3072
צעדים	3072
עניינך	3070
חזרנו	3070
לאומי	3069
לאיפה	3068
נהרגו	3068
קשורה	3068
ותגיד	3067
נולדתי	3066
מודעת	3066
זמנך	3065
משותף	3065
למחרת	3065
לסכן	3064
הצהרה	3064
עשן	3062
לשלום	3062
הופכת	3062
בכדור	3061
להקים	3061
מקשיבה	3059
שתיתי	3059
הזכיר	3058
ביה	3058
מאמץ	3057
זירת	3056
בקבוצה	3056
שנתתי	3055
ויליאם	3054
העונה	3054
החודש	3054
שוכח	3053
ילדי	3052
בחג	3052
אחריהם	3052
במחיר	3049
דמי	3048
הקולות	3047
מערב	3044
מהווה	3043
הדו	3043
תביני	3043
החוזה	3042
קורט	3041
משלו	3041
דלתות	3041
הארווי	3041
לינקולן	3041
תורידי	3041
התחתונים	3040
החלטת	3039
לצייר	3039
הכלים	3038
עשרות	3038
גג	3037
תינוקת	3036
הרעים	3036
תומס	3035
הרעש	3035
בזמנו	3035
מוסר	3035
קטלני	3034
בלוס	3033
ההצגה	3032
לתוכנית	3031
גלגלים	3031
בתו	3031
לאימא	3031
דעתו	3030
הופעה	3028
לבת	3028
למספר	3027
דב	3027
איננה	3026
התביעה	3024
תצטרכו	3023
יחסית	3023
צועק	3022
סיני	3021
קילומטר	3021
מסמכים	3020
שמעו	3020
קמרון	3019
סנדי	3018
להעליב	3017
בצבע	3017
הוציא	3016
ילדות	3016
וללכת	3016
רישיון	3015
סבלנות	3015
אתגעגע	3015
היזהר	3014
ממי	3014
להתחבר	3014
ההם	3013
נטפל	3011
אהרון	3010
נתפוס	3010
זמנית	3010
בעצמה	3010
הופכים	3009
חשוך	3009
עיניי	3009
קדוש	3008
שאחרי	3007
ווילי	3007
בגובה	3006
ביילי	3005
לשולחן	3005
שיום	3004
אודות	3004
האנושות	3004
קריין	3003
פצוע	3002
בלעדיי	3001
במשקל	3000
אזרחים	2998
עצבנית	2998
להשפיע	2997
ותיק	2997
הבסיס	2996
תור	2996
יתן	2996
תעביר	2996
תחילה	2996
מבוסס	2995
הרולד	2995
ארצ	2995
בול	2994
שבהם	2993
לרפא	2993
בצהריים	2993
קומה	2990
השמן	2990
קליי	2990
פורנו	2990
המדרגות	2989
זהה	2988
הביאה	2987
אחיות	2987
הכוס	2987
חטף	2986
שדים	2986
לתחנה	2984
הכלבים	2983
רוצחים	2983
מכינה	2983
מל	2983
שכבת	2982
ניסע	2979
הקצב	2978
משרת	2978
לדייט	2978
דיוק	2977
מנוחה	2975
ינסה	2975
מתאר	2975
שאיני	2974
מעתה	2974
במי	2973
עלו	2971
אחשוב	2970
המדע	2969
כריסטין	2969
מכוון	2968
מדמם	2967
עף	2967
חפים	2966
במטוס	2966
לאלוהים	2966
מופתעת	2963
שהגעתי	2963
לאזור	2963
הבעל	2962
סימפסון	2962
דלקת	2961
כח	2961
גונב	2961
דיאן	2961
בכביש	2961
זכוכית	2960
שתמצא	2960
מחלת	2960
להריח	2960
מצלצל	2960
הרסת	2959
הכנסת	2959
לחסוך	2958
בחוף	2955
לאי	2955
נמלט	2954
התקשרו	2953
השכנים	2953
ציבורי	2952
ידו	2952
מסודר	2951
חשיבות	2951
אפריל	2950
כריסטופר	2950
האוס	2950
טייס	2948
זוזי	2948
ולקחת	2946
במילה	2945
בתמונה	2945
מכונה	2944
הפכת	2944
מביאה	2944
פועלים	2944
גשר	2944
בקיץ	2943
האפשרי	2942
רזי	2942
החבילה	2941
שגרם	2940
כלים	2939
שנתחיל	2938
לשעה	2938
השתמשת	2938
מביאים	2936
החולה	2936
הסכים	2936
לנתק	2935
תחתונים	2935
ניקול	2935
להביס	2934
בקי	2934
רבע	2930
זכה	2930
כראוי	2929
כשלא	2928
בבטן	2926
ההופעה	2926
ואחר	2925
האריס	2925
נשכח	2923
בדרכים	2921
לשלב	2921
ענייני	2921
תעבוד	2920
שריפה	2920
המסע	2919
עורכת	2918
תקנה	2917
לפספס	2917
נפטרה	2916
בשתי	2916
מסרב	2916
מיטה	2915
בנט	2915
הערכה	2914
השקט	2913
מבזבז	2913
השד	2911
להתייחס	2911
מאת	2909
בעסק	2909
אצלו	2908
המציאות	2907
מורכב	2907
מטופל	2907
הפרק	2906
מסוכנת	2906
נושם	2905
פרץ	2905
תוציאו	2904
שלפני	2903
האמיתיים	2903
תרגישי	2903
ישב	2903
למחוק	2901
שהדבר	2901
המאה	2898
מפגר	2896
כוונה	2896
הידוע	2896
הרפואי	2895
אחרייך	2895
גמרתי	2895
אופניים	2895
לשדה	2893
היל	2892
אשת	2891
שקיבלתי	2891
אתפוס	2890
המרכזי	2890
דיימון	2889
מכסה	2889
חתך	2888
העוגה	2887
מחוז	2887
האפשר	2886
להורים	2886
נתונים	2884
מיליוני	2884
סמי	2879
עותק	2879
נסיך	2878
דחף	2878
הת	2878
נמצאה	2878
התנצלות	2878
סוכנות	2876
נהיגה	2875
ציור	2875
חמוש	2875
נראות	2875
הלשון	2874
החסינות	2874
מיידי	2874
וכאן	2874
שבאתם	2874
באי	2873
תשוקה	2873
להעיר	2873
מכובד	2872
במחשב	2871
חמצן	2870
מתמודד	2869
ישיר	2869
היכנסי	2869
סיגריה	2868
בעינייך	2867
ואבוי	2866
המסעדה	2866
תישארו	2865
הלוח	2864
ייקוב	2863
שילמתי	2863
כספי	2863
סקרן	2863
גובה	2862
גלוריה	2862
רוזי	2861
ביניכם	2860
שעומד	2860
למכירה	2860
אישתו	2860
מגרש	2859
תורידו	2858
הקונגרס	2858
הצליחה	2857
חופשיים	2857
מקרוב	2856
באור	2856
נעלי	2855
לטובה	2854
מעשן	2854
הרדיו	2854
לבחון	2853
למרכז	2852
מרפי	2852
הרוסים	2851
עזרת	2851
שביקשת	2847
תקבלי	2846
שיעזור	2846
לשפוט	2845
חבורת	2845
זכיתי	2844
עסוקים	2844
נהניתי	2844
מגדל	2843
ההודיה	2841
סופרמן	2840
הסקס	2840
קאסל	2839
רחובות	2838
במעלה	2837
לחוצה	2837
לערב	2836
האמבטיה	2836
לגדול	2836
משתנים	2835
הזונה	2835
כאבים	2835
מסכימים	2834
מתייחס	2834
טקסס	2833
התעורר	2833
החשבונות	2831
שלאחר	2831
מרשה	2830
תרגיל	2830
הגדולות	2829
וגאס	2829
לורי	2827
מכר	2827
תלמד	2826
הגנרל	2825
משפחתך	2825
גלן	2824
תרשה	2824
תשאר	2823
כתוצאה	2823
תשחרר	2823
תזיז	2823
שעוד	2821
לחג	2821
קרייג	2820
פרקר	2820
ואנשים	2820
מיה	2820
מפעיל	2819
פעיל	2819
רומא	2817
קת	2817
שואלים	2817
ברכות	2817
מחייך	2816
ארבעים	2816
שובר	2816
גודל	2815
חוששני	2815
לתלות	2815
נישאר	2814
מפחדים	2812
היחידות	2812
התור	2810
גידול	2810
לעצמה	2810
שקשה	2810
בראבו	2809
בהתאם	2806
החלטנו	2805
החיפוש	2804
המפלצת	2803
מפקח	2802
מקובל	2801
הודות	2800
תיקים	2800
בגב	2799
שתחזור	2799
פרויקט	2798
קונג	2798
בצוות	2797
מעיל	2796
ובין	2795
נמות	2794
מרושע	2794
שמדובר	2793
אפשרית	2793
שיכורה	2793
עבירה	2793
ההזמנה	2792
האומץ	2791
שפה	2791
הארורה	2790
נסעתי	2788
נואש	2788
איטי	2788
ובלי	2788
חוקית	2787
נמוכה	2787
ללב	2786
שכאן	2785
לספור	2784
ויקטוריה	2784
במקומות	2784
שאראה	2784
חכמים	2784
לואי	2783
הוצאתי	2781
חובה	2781
נועד	2781
ורוניקה	2781
מתכננים	2780
שלישית	2780
פוגש	2780
שנאה	2779
פאם	2779
אגלה	2779
לד	2779
אופס	2779
סיד	2779
חתיכות	2777
הצפוני	2777
מרגל	2776
פרנסיסקו	2776
קניות	2776
נכנסו	2775
סטנלי	2774
שהכול	2773
מאיה	2772
ריקה	2772
רוטב	2772
במסדרון	2771
בנקודה	2771
בימי	2771
במשפט	2770
הקטנות	2770
אוהבות	2770
קוקאין	2770
סטייסי	2769
צייד	2769
משמעותי	2768
משפחות	2768
מאיים	2768
אימון	2767
לשיחה	2767
תהפוך	2767
בעמדה	2766
פלין	2766
להשיב	2765
man	2765
טהור	2765
חול	2764
הנער	2763
מאחרת	2763
מרתק	2763
בבנק	2762
שיחקתי	2762
לקבוצה	2762
ולייט	2761
להתלבש	2761
ממ	2760
מעורבים	2759
באיזור	2759
יחדיו	2758
אדונים	2758
תשלם	2757
שיקגו	2757
בשולחן	2757
נגלה	2756
תיזהרי	2756
שיא	2754
הסוכנות	2754
הצי	2754
הסוג	2753
העד	2753
קונים	2753
תשעה	2752
להסתלק	2752
השיחות	2751
תעזבו	2750
הסדר	2750
אלפא	2749
מאחוריך	2749
סטיוארט	2748
סיגריות	2748
ויסקי	2748
חתולים	2747
בפגישה	2747
מתקדמת	2747
בשבת	2746
עדות	2746
בשבילם	2745
הקרובים	2744
העוזרת	2744
הזמנת	2744
לסרב	2743
מות	2743
מבוגרת	2743
מגניבה	2742
התוכניות	2742
חמורה	2742
רפואית	2741
תביט	2741
שנגיע	2740
המשיכו	2738
שמצאת	2737
ראלף	2737
עת	2737
השלום	2736
הישארו	2736
דייזי	2736
ויק	2735
רוסי	2734
קרי	2734
בעבור	2734
דיבורים	2733
ערוץ	2733
נכשל	2732
שעליי	2732
להסתכן	2731
תזוזי	2731
לרשום	2731
מסעדה	2731
רגעים	2730
מאליו	2729
האופניים	2729
הפלאפון	2729
דומים	2728
להגיב	2728
להתאים	2728
איזבל	2728
ופתאום	2728
הירגע	2727
המפקדת	2726
רעל	2725
גדלתי	2725
סובלת	2724
מתעורר	2724
פתק	2724
שגורם	2723
אויב	2723
ונסה	2722
מצבו	2722
נעל	2722
תעצרו	2720
השומר	2720
טרור	2719
התוצאה	2718
המטופל	2718
בחלל	2717
יידע	2717
האפשרויות	2716
סוטה	2716
גנבתי	2713
ניצחת	2713
ויין	2713
הסיפורים	2712
תוספת	2712
הבריאות	2712
שוכבת	2710
כוונתי	2709
התעוררתי	2708
המקורי	2707
במכנסיים	2705
האוטו	2705
הבטיח	2704
העיתון	2704
ציון	2702
האחריות	2701
המנהיג	2700
לעומת	2699
בתוכו	2699
אזרח	2698
קלפים	2698
נרגש	2698
וצ	2697
השכונה	2695
מתאימים	2695
עוסק	2694
סופיה	2694
סומכת	2692
השתנו	2692
גבוהים	2692
כריך	2692
רקע	2691
ותמיד	2690
תעזרו	2690
פירס	2690
הנשימה	2688
העונג	2687
שהופך	2687
הדייט	2686
מוכרת	2686
הפיצוץ	2685
בדוק	2684
תלונה	2684
הגשם	2684
באנגלית	2683
לדחות	2683
נרצחה	2683
הבלגן	2682
הצעתי	2681
נהנים	2680
הכחול	2679
בכנסייה	2679
מתנת	2679
הישנים	2678
שחשבת	2677
להעניק	2676
שהאנשים	2676
אנושית	2675
סלט	2674
הליכה	2674
אפריקה	2674
מאמא	2674
כדורסל	2672
קרל	2672
הקשיבי	2671
מאבדים	2671
פורד	2671
שיחק	2671
אומנות	2670
ולקבל	2670
בתחנה	2670
וונדי	2670
הסימן	2669
עמוס	2669
קורבנות	2669
לפצות	2669
אנתוני	2668
הדוקטור	2668
בלייר	2668
האבן	2666
מתכת	2666
צפונה	2666
וכמובן	2665
נהר	2664
נע	2664
מצליחים	2663
הנאום	2663
תבחר	2663
פריצה	2663
ומעולם	2662
פרידה	2662
שייכים	2661
בתוכי	2660
פיבי	2660
תקועה	2660
נאלצתי	2659
פייפר	2658
הצעירים	2658
שזהו	2657
רמה	2657
שהכרתי	2657
כוונתך	2656
קיר	2656
לתכנן	2655
נורמן	2655
ארי	2654
מדעתך	2654
בחקירה	2654
תומך	2653
תוודא	2653
להימלט	2653
עבורם	2652
לשוטרים	2652
נסיים	2652
לנעול	2652
מיליארד	2652
השדרה	2651
האינטרנט	2651
נגדו	2650
ברשימת	2650
תלמיד	2650
תכף	2650
במאה	2649
תשכחו	2648
בכבוד	2648
לשמש	2648
העליונה	2647
הבחורות	2647
תבטיח	2647
להבהיר	2646
מאבק	2645
בארה	2645
קשורים	2645
שהבאת	2644
אמריקאים	2644
שירותים	2644
ערפדים	2644
המעבר	2643
השמועה	2643
ראויה	2641
בקר	2641
למדינה	2641
go	2640
נטלמן	2640
השותפה	2639
יספיק	2639
ולדבר	2638
בעיית	2637
חסינות	2636
גזר	2636
אגדה	2635
תקופת	2635
המקומות	2634
עירום	2634
אדומה	2634
ללוות	2632
שתייה	2632
בטיפול	2631
המסכנה	2631
הצדדים	2629
מנהלים	2629
לארוחה	2627
גבולות	2626
לעכשיו	2626
מוריד	2626
תשלח	2625
האידיוט	2625
שו	2625
בעין	2623
תפנה	2623
אנוכי	2623
גורל	2622
מביט	2621
המסר	2620
תעני	2620
הקבלה	2619
יני	2619
לשניכם	2619
גילו	2618
שעובד	2618
ירייה	2617
מארג	2617
פגעתי	2616
בלעדיו	2615
מאחורה	2615
מתחתן	2614
הנוכחי	2614
לאונרד	2614
משבר	2614
מסוכנים	2614
אישתך	2613
כותבת	2613
תיכנסו	2613
ציצים	2613
פרנקלין	2612
שנצטרך	2612
מהמר	2611
לעסקים	2610
שאיש	2609
למעבדה	2609
בזירת	2608
ויל	2608
אוציא	2608
תחכה	2608
לחוש	2607
יקבלו	2607
ההר	2607
אונס	2605
סין	2604
ישמע	2603
ברכה	2602
מקווים	2601
יצטרכו	2601
סוכנת	2599
בלייק	2599
הכלה	2597
הומואים	2597
דוני	2595
וכמו	2595
סקסית	2593
התקדמות	2593
פרטית	2592
לגן	2592
הספורט	2592
רשע	2590
חולם	2590
הכרטיסים	2587
הקרבן	2585
מדהימים	2585
למסע	2584
בטווח	2584
עלתה	2583
שיודע	2583
ברידג	2583
במסלול	2582
הצורך	2581
נקיים	2581
המונית	2581
תבקש	2580
הלידה	2579
שירותי	2579
הצדק	2579
סקוטי	2579
מזרח	2578
לומדת	2578
וברגע	2577
הצלתי	2577
מעגל	2577
הסוסים	2577
השאירה	2576
אחותו	2576
יגלו	2575
במשימה	2574
ברנדון	2573
בתקופה	2572
פצצות	2571
מייצג	2571
באפי	2570
הפסק	2570
ממתקים	2569
הרגיל	2569
שתגידי	2569
מעמיד	2568
באוטובוס	2567
הבטחה	2567
תתנו	2567
ורבותי	2565
נגן	2565
מדליק	2565
להעריך	2565
torec	2564
ולהגיד	2564
מתרגש	2564
שלט	2563
מספק	2563
סגנון	2563
המתן	2562
בסיפור	2562
ערפד	2562
ואוו	2561
בחייו	2560
וזף	2560
כספים	2560
קם	2560
מתמודדים	2560
מהרגע	2559
המוזר	2558
אימה	2558
שיתוף	2558
גרייסון	2558
שסיפרתי	2558
אנחות	2558
גס	2557
אידיוטים	2557
לקרוע	2557
במחוז	2556
חבריי	2556
מחלות	2556
איבדה	2555
לשפר	2555
לבדו	2554
מפלצות	2554
בצרה	2554
במשותף	2554
לגביך	2554
החודשים	2552
הרב	2551
רזה	2549
גל	2548
בוושינגטון	2546
יחיד	2546
me	2546
לביה	2546
הנזק	2546
יעצור	2546
מוזמן	2545
טרוי	2545
פרטיות	2544
הפכתי	2544
הירי	2544
נלסון	2544
מדיי	2542
לשנינו	2542
מנתח	2542
חבילה	2542
הרביעי	2541
לכנסייה	2541
אסביר	2540
המבצע	2539
הפסיקו	2539
לקבור	2538
הירוק	2538
שמועות	2537
שחקנית	2536
לאביך	2536
הסרטים	2536
צפה	2536
תעצרי	2535
פספסתי	2535
המשקה	2534
ממישהו	2533
שמרתי	2533
בלעדייך	2533
כיסא	2532
שהחיים	2532
נעצור	2532
מחזיר	2532
סן	2531
מבחוץ	2531
מקדימה	2531
התקווה	2530
למסיבת	2530
לוהט	2529
המהלך	2529
ביקורת	2528
סנטור	2528
השומרים	2528
הכיר	2526
שכבתי	2525
נעמי	2525
לטייל	2525
אמבר	2525
בצורת	2525
לניתוח	2524
פיקוד	2524
קורע	2524
ההתנהגות	2524
מסור	2524
צרפתית	2523
גייל	2522
יורים	2522
מטפלים	2521
שתינו	2520
חוף	2519
סקאלי	2518
לכאורה	2518
מנגן	2518
תתקרב	2517
להבחין	2515
זריקה	2515
פצע	2514
שלדון	2514
החורף	2514
מתכננת	2512
מצאתם	2512
העובדות	2511
אהבו	2510
ותודה	2510
דובר	2510
מהחלון	2509
לחלץ	2509
בפרצוף	2509
למשקה	2509
כריסטינה	2508
מחליף	2506
העצבים	2506
שנותר	2506
להלחם	2506
מוחלטת	2506
הקיסר	2505
לעצמם	2505
מליון	2505
הדבש	2504
מיידית	2504
שומן	2504
הבולשת	2504
עסקי	2503
משפיע	2503
ישבתי	2503
נוטה	2503
לילדה	2502
שארצה	2502
ברחה	2502
קומי	2501
החופש	2499
בחתונה	2499
לחקירה	2498
דרו	2498
פריס	2496
הגז	2496
מתיו	2496
לוגן	2496
בחזה	2495
ניצח	2495
מתרחש	2495
הנשיאה	2495
החופשי	2494
משיג	2494
הדגים	2491
שקיבלת	2490
לאנס	2490
התחתונה	2490
המכוניות	2490
אתגר	2489
לשטוף	2488
נד	2488
רוצו	2488
הישארי	2485
לתבוע	2485
תכננתי	2484
ולפעמים	2483
שאצטרך	2482
היכנסו	2482
השלט	2482
טבע	2481
מכור	2480
שהכי	2479
שקשור	2479
אמבטיה	2479
הענק	2479
באחת	2478
מבצעים	2478
שקוראים	2478
מקבוצת	2478
מעשי	2478
fbi	2477
סטפני	2477
מציג	2477
תשתה	2476
קופץ	2476
ללדת	2475
במובן	2474
ירצו	2474
חיבור	2474
באולם	2474
השכן	2473
ביצע	2473
תום	2473
פתוחים	2472
תנשום	2472
מרחב	2471
לתחנת	2471
יריתי	2471
מיי	2471
להתחבא	2470
האמונה	2470
שהעולם	2470
מפגש	2468
שתיקח	2468
בודקים	2467
להטריד	2466
ניצחתי	2466
עבדו	2466
האמין	2465
היצור	2465
מצביע	2464
בחיפוש	2464
מהחדר	2464
פושעים	2464
אס	2464
תמהר	2464
לבניין	2463
ביצה	2463
מליסה	2462
אהוב	2462
תאי	2461
הזהות	2460
בארני	2460
יצורים	2459
קארה	2459
ברצוני	2458
הכיסא	2458
שאגיד	2457
עוצמה	2456
מיק	2456
מרוויח	2456
לגביו	2455
אנדרסון	2455
לכוון	2455
בפרק	2455
לתינוק	2452
לסבית	2451
וויסקי	2451
תקועים	2450
מטבע	2450
גריפין	2449
מונה	2448
נאמנות	2448
לידיה	2447
בהכרח	2447
ברדיו	2447
יגידו	2447
אובדן	2446
היורה	2446
מלמד	2446
מצחיקה	2445
המשיך	2444
מסיים	2444
לצורך	2443
לסייע	2443
בעיקרון	2442
למעני	2442
להגדיר	2441
ירית	2440
ברך	2440
ביתו	2440
הראשונות	2440
שבורה	2440
אמין	2440
איים	2439
להריון	2439
הכללי	2438
גרמתי	2438
פרה	2438
הנחה	2437
והדבר	2437
להיזכר	2436
מהמשרד	2436
התלמידים	2436
רך	2434
השפה	2434
הוביל	2434
ליתר	2433
מחליט	2433
מטומטמת	2432
רוצי	2432
מבנה	2431
אויבים	2431
לרוע	2431
לטפס	2430
לכת	2430
החור	2429
האשה	2429
רציניים	2429
אריקה	2427
הקטור	2427
מקסיקו	2427
ישנת	2426
לבעוט	2426
בודדה	2425
למשימה	2425
נתון	2424
הוריי	2423
דף	2423
הילדות	2422
הולמס	2422
מאסר	2422
מבקר	2422
קריירה	2421
הכח	2421
מכתבים	2421
תעוף	2418
מקסימה	2418
עט	2417
לפנינו	2417
והאם	2416
לקשור	2416
לדין	2416
התה	2415
תתחילו	2415
מזדיינת	2415
צרפתי	2415
שתיכן	2414
נקייה	2414
מנה	2414
יחשוב	2413
התחושה	2413
עוזרים	2412
שהדברים	2412
כוסות	2412
החלקים	2412
ידבר	2412
ומתי	2411
להמר	2411
אוף	2411
רשאי	2411
הסימנים	2410
אסירים	2410
הגן	2410
נשתמש	2409
שתלכי	2407
המחשבות	2406
אכנס	2406
באדי	2406
רורי	2406
נתקלתי	2405
המזרחי	2405
ספרדית	2405
אדריאן	2404
המידה	2404
תניחי	2404
מאפשר	2404
שעושים	2403
יעזוב	2403
קרוז	2403
בעיירה	2403
מהדלת	2402
קולינס	2402
דרומה	2401
משוחרר	2401
כפולה	2401
המשמר	2401
בהלם	2401
ווטסון	2400
שבאתי	2400
מפחידה	2399
בפועל	2398
מאין	2398
האלוהים	2398
משך	2395
בשווי	2395
חוקרים	2394
לפניך	2394
להנות	2393
קלאסי	2393
סוזי	2393
זוגות	2392
החלה	2392
that	2391
לקולג	2391
שידעתי	2391
הכפתור	2390
הגבוה	2390
זיין	2390
תשאירו	2388
קראה	2388
לטעון	2387
תעז	2386
התהליך	2386
הממזר	2386
סינדי	2385
המושלמת	2385
במספר	2385
להסיע	2382
אהובתי	2382
למעט	2382
התשובות	2382
החלו	2381
תמסור	2380
לשדוד	2379
תיקון	2379
לומדים	2377
מוכיח	2376
האחיות	2375
והיו	2375
תשחק	2375
נצח	2375
רובוט	2374
וה	2373
לביקור	2373
מפסיד	2373
מצחקק	2373
בחירות	2371
בחילה	2371
מכלל	2370
הביקור	2370
לאנה	2370
הקהילה	2370
לדוג	2370
שוטרת	2369
טריק	2368
חברך	2368
היופי	2368
להרגיע	2367
העתק	2367
בריאה	2367
לינה	2367
מונרו	2367
שאדם	2366
בחברת	2366
שוקל	2364
לגברים	2363
מחזור	2363
וויליאמס	2363
מרחוק	2362
שכב	2362
שעדיף	2362
לורנס	2362
נשרף	2362
שהילד	2361
בשעת	2361
מסתדרת	2360
שידוע	2360
הריקוד	2359
הקירות	2359
דעתכם	2359
בבת	2358
ברנדה	2357
הסביבה	2357
הטכנולוגיה	2357
אקדחים	2357
הקודש	2357
מתחתנת	2356
מחשבים	2356
בתנועה	2356
נמצאו	2356
אלק	2356
מכפי	2355
שולחת	2355
ענקי	2355
מאנשים	2354
ניקולס	2353
קבלה	2352
לקצת	2352
במחסן	2352
במכללה	2352
מאוכזב	2352
שתקבל	2352
להתחרות	2352
התקפה	2351
נדיב	2351
שתוכלו	2351
להתפוצץ	2351
המערבי	2350
מהמשפחה	2349
מלפני	2349
יחזיק	2349
טון	2349
ניסוי	2348
לשנוא	2348
יזיק	2348
ול	2348
מקלט	2348
עבודתו	2348
פיין	2347
מצפון	2347
משוכנע	2346
נערת	2345
כמוה	2345
הטיול	2344
בכפר	2343
לשתוק	2343
מהרכב	2342
נעלמת	2342
ברנן	2341
מגחך	2341
יגמר	2340
להסתתר	2340
הכנס	2339
שתית	2339
גרסיה	2339
מאותו	2339
האפל	2339
קצרים	2338
גוון	2337
יועץ	2337
הדודה	2337
במחלקה	2337
ממהר	2336
מתח	2336
ישירה	2336
תירו	2336
דעה	2335
קשוחה	2335
שאמצא	2334
לכעוס	2334
השדים	2334
קבלו	2334
קפץ	2333
רין	2333
העצמות	2332
שיכולים	2331
חשודים	2331
קעקוע	2331
המחלה	2331
השלב	2331
איילנד	2331
סימון	2330
זעם	2330
סרינה	2330
עזבי	2329
לתקשר	2328
דבי	2327
ליזי	2327
שדיברנו	2326
האישיים	2325
תריסר	2325
נלקח	2324
ארוכים	2324
בלשית	2324
ראיון	2323
יתקשר	2323
אפגע	2322
הכיתה	2321
בלעדי	2321
נייתן	2321
אפתח	2321
לחלום	2321
לגבות	2320
הלבנים	2320
השרשרת	2319
סול	2319
פייר	2319
חייזרים	2319
להתווכח	2319
והיית	2319
אחה	2318
לצרות	2317
עיתון	2315
יקרים	2314
אלמד	2314
הפתיחה	2314
ממקום	2313
הבדיקות	2313
מור	2312
הרצון	2312
נכונים	2312
קלרה	2312
שאליו	2312
יורשה	2312
לשבוע	2311
יעיל	2309
ווילסון	2309
היעד	2308
הפרה	2308
שאבוא	2307
שלפיה	2307
ולמרות	2307
מנומס	2307
משונה	2306
מפוטר	2306
שיעשה	2305
היציאה	2305
סטארק	2305
מדיניות	2304
קוק	2304
כריסטיאן	2304
המכשיר	2304
מזומן	2302
תאמינו	2302
שחקנים	2302
כולי	2301
המסך	2300
האזעקה	2299
לגיל	2299
להפריד	2298
נעולה	2298
חשה	2297
עוצרים	2296
כישוף	2296
מבעד	2296
השמיים	2296
וד	2295
נעדרת	2295
לביטחון	2295
פישלתי	2295
איכות	2294
מתקשה	2294
לתהות	2294
עבורה	2294
מיטשל	2294
לכפר	2293
כבה	2293
הקצה	2293
אורז	2292
האוצר	2291
במדבר	2291
רודפים	2290
הלורד	2290
שמנה	2290
לבסיס	2290
הפרעה	2289
שאריות	2289
פוטר	2288
שימושי	2288
להתרגל	2288
לפנים	2287
מכנים	2287
כשראיתי	2287
במהרה	2286
תלחץ	2286
פיזית	2286
ושני	2285
בוטנים	2285
בטחון	2284
הורד	2284
השורה	2284
קבוצות	2284
מרקו	2283
נגע	2283
זזים	2283
שגוי	2282
רגשית	2282
זיון	2282
תג	2281
תוקף	2280
מאחד	2280
טיפ	2280
רודי	2280
ייראה	2280
היישר	2279
דיוויס	2279
שרון	2279
פנויה	2278
שורה	2278
יופיע	2276
להינשא	2275
תאבד	2275
בגידה	2275
ילדונת	2274
מעריכים	2274
שניסיתי	2274
ליצן	2274
גרמניה	2273
וחוץ	2273
להכריח	2273
of	2273
שיצא	2272
קלטתי	2272
הכבד	2272
חוות	2271
הוצאת	2271
יהודים	2271
המטורף	2270
התג	2270
אקס	2269
התחתית	2268
עבודתך	2267
מתוח	2267
המעקב	2267
תזכיר	2266
סאן	2266
הפנימי	2266
זיהום	2265
קודי	2265
טראומה	2264
להתקלח	2264
ששום	2263
רגועה	2263
אופי	2263
קרטיס	2263
בנסיבות	2261
ישנן	2260
הפיקוד	2259
נשתה	2259
ויקי	2259
משעשע	2259
בחזית	2258
קאל	2258
חלקם	2258
השיעור	2257
הנאה	2255
אשב	2255
להדליק	2255
תחשבו	2255
מחלקה	2254
הגרון	2253
לקוות	2253
המחנה	2252
תזכרי	2252
נמנע	2252
הבקבוק	2252
הגרמנים	2252
תעיף	2251
הורגת	2251
שאביך	2251
חפצים	2250
קולה	2250
הלם	2248
במראה	2247
מאחורינו	2247
המסדרון	2247
תתרחקי	2247
שחררו	2247
הבנאדם	2247
בסרטים	2246
מבלבל	2246
קרלה	2245
כרצונך	2245
עקבתי	2245
הגון	2244
בתחתית	2243
נחזיר	2243
נשאיר	2242
מתקרבת	2242
פרסי	2242
ייצא	2242
הכביסה	2240
מזכירה	2240
תיבת	2239
מזהיר	2239
נמצאות	2239
יצירת	2239
הדרכים	2238
באשר	2238
התחתון	2238
לנקום	2237
הודה	2237
נשקים	2237
בעלות	2236
cecause	2235
המגרש	2235
שוק	2234
הדרקון	2234
גאים	2234
אזכור	2233
שותים	2233
נדלר	2232
בפריז	2231
אבות	2231
המשקפיים	2231
אשתמש	2230
פנימי	2230
מירנדה	2229
עצבים	2229
כפתור	2229
דום	2228
הכספת	2227
פאי	2227
וגברת	2227
מותה	2227
המחורבן	2227
ישמח	2226
שראה	2226
מאיזה	2226
ברזל	2225
חיית	2225
לרפואה	2223
לויד	2222
נודע	2222
הוציאו	2222
יברך	2221
פינה	2221
השליטה	2221
רופאה	2221
מלמעלה	2221
קרו	2220
ממתין	2219
שמץ	2218
לטעום	2218
בפרס	2218
תאונת	2218
כהה	2218
מני	2217
וכולנו	2217
יחידות	2217
מאובטח	2217
לוחץ	2216
שהילדים	2216
שקרנית	2216
הופ	2215
הימורים	2215
לאבי	2214
תתרחקו	2214
יתחילו	2214
בוסטון	2214
לרשת	2213
לגביי	2213
ללונדון	2213
שעזבת	2213
כפות	2212
ההסכם	2212
דרמה	2211
שרי	2210
בחופשה	2210
מאשימה	2210
שהיום	2210
פנטסטי	2209
ולומר	2209
לני	2209
תביעה	2208
אודיע	2208
להתאבד	2208
לתחת	2206
גיהינום	2206
למחר	2206
מכונות	2205
הסוכנים	2205
שאבי	2205
תצאי	2204
בהנחה	2204
מבולבלת	2204
המעשה	2203
דיברו	2203
אר	2202
נושאים	2202
קוני	2202
להקה	2201
חיפש	2201
מצ	2201
להתפלל	2201
מתעניין	2200
וודקה	2200
ולפני	2200
בזירה	2200
סמכות	2199
צל	2199
הטייס	2199
מחצית	2199
לנקודה	2199
לרגל	2199
מושכת	2198
שחרור	2197
הסיבות	2196
בדיחות	2196
החזיק	2196
שלקחת	2195
יתנו	2195
קרם	2195
פג	2195
מאחרים	2195
תודות	2195
אוטו	2194
ההוראות	2194
נסיון	2194
ותן	2193
במטרה	2193
השחקנים	2193
לגזרים	2193
מנצחים	2192
הציפור	2192
המשיכה	2192
המזוודה	2191
צעצוע	2190
יסתדר	2190
האגם	2189
מעוניינים	2189
איומים	2189
קיסר	2188
לכדור	2188
נפרד	2188
בעצמנו	2188
המצלמות	2187
אירופה	2187
קופסת	2186
טכנולוגיה	2186
שצ	2186
מוכנות	2185
הסודי	2185
תסביר	2185
המנצח	2185
רום	2185
לפרק	2183
כישלון	2183
חופשית	2182
ובשביל	2181
יוביל	2181
משמר	2180
זקנים	2179
שעליך	2179
האשפה	2179
פגש	2179
להקריב	2179
שראינו	2178
וודאי	2177
כשורה	2174
הונאה	2174
מדרגה	2173
מהעולם	2173
ראשך	2170
מלאי	2170
שאקח	2169
הביטי	2169
בטיחות	2168
ממשהו	2168
לרמות	2166
לעורר	2166
ערים	2166
להאט	2166
לפתח	2165
האמן	2165
בתכנית	2165
מלכה	2164
אסיים	2164
מייג	2164
לבש	2163
לארץ	2162
המהירות	2161
במזרח	2160
רחוקה	2160
הטלפונים	2160
לאמת	2159
גלי	2159
וכבר	2159
אריה	2158
מרדית	2158
והילדים	2158
נשארה	2157
ישאר	2157
נשף	2157
רחב	2156
גופתו	2155
והרבה	2153
שיחקת	2153
המזוינת	2153
הסכמתי	2151
נעזוב	2151
אבנים	2151
לחופשה	2151
בהיר	2150
העברת	2150
דמעות	2150
רוכב	2149
גזע	2149
נחוץ	2148
לעקוף	2147
אפסיק	2146
בדקנו	2146
הסתדר	2145
לשון	2145
שתגיע	2145
חוויה	2144
האיום	2143
מקצועית	2143
סגורה	2143
הבריכה	2143
כבודה	2143
פגישות	2142
התמיכה	2141
שלמים	2141
פרח	2141
רכוש	2141
סיוע	2141
פיונה	2140
וירוס	2140
ודרך	2140
ארוחות	2140
מונח	2139
לברך	2139
וילסון	2139
מוכשר	2138
לפרסם	2138
בינגו	2136
לאשתי	2136
פישר	2136
חייתי	2136
הדנ	2135
מטוסים	2135
הקלפים	2135
תצטרף	2135
התאים	2134
יהלומים	2133
בישופ	2131
ביצוע	2130
הצגה	2129
מוקדמת	2128
שיניתי	2128
ואלה	2127
הביטו	2126
קריסטל	2126
סגורים	2126
תחליף	2126
יבין	2126
במחלקת	2125
לאותו	2125
להרשים	2125
ארבעת	2125
שסיפרת	2124
הקופסה	2123
עתיק	2123
מעבדה	2123
גיבורים	2123
שהגענו	2123
לייצר	2122
עכבר	2121
החמישי	2120
בקט	2118
מתמיד	2118
המעצר	2117
אייברי	2117
דברו	2116
מתנצלת	2116
עבדנו	2115
האביב	2114
מסתובבת	2114
וקצת	2114
להתנגד	2113
חמושים	2113
פרסום	2112
סמנתה	2110
משגע	2110
בחמש	2110
רטוב	2109
סף	2109
האסירים	2108
התגובה	2108
דוח	2107
עני	2107
זרה	2107
מאותם	2107
סלואן	2107
החווה	2106
לחודש	2106
תוציאי	2106
פריז	2105
דקסטר	2103
העוזר	2103
לאדמה	2103
לעודד	2103
יציבה	2103
לבר	2103
מלהיות	2101
נהמות	2101
לקשר	2101
התחרות	2100
גרמו	2100
המשפחות	2100
מזוינת	2100
המחוז	2100
מסתובבים	2100
רוקי	2098
פספסת	2098
נשמור	2098
שרוצים	2098
סטון	2098
מסוק	2097
העיקרי	2097
מוגבל	2097
מדינות	2096
ורציתי	2096
היגיון	2096
שרד	2096
מייקי	2095
הראייה	2095
הנייר	2095
למון	2095
צמוד	2095
האתר	2095
בדקת	2095
שתצטרך	2094
קפוץ	2093
פתחו	2093
פוקר	2093
איב	2093
לולא	2092
האמריקאים	2092
לשנה	2092
מתנגד	2091
יפסיק	2089
הציצים	2089
למקומות	2089
לסיפור	2089
תשאירי	2088
השניים	2087
דודי	2087
דיקסון	2086
בכיר	2086
במאוחר	2085
קולנוע	2085
תרזה	2084
לרכוש	2084
בכניסה	2083
לבעלי	2083
ריטה	2082
להקת	2082
מזיק	2081
צהוב	2080
וחמש	2079
גאוני	2079
מעריצה	2078
תקבלו	2078
למלך	2078
ויפה	2078
הישבן	2077
תולעת	2077
ואחת	2077
נשב	2077
תכיר	2076
במועצת	2076
מסתיים	2075
מרסי	2075
הכנסתי	2075
השריפה	2073
המשקל	2072
ישתנה	2072
אשפה	2071
הומור	2070
מיליונים	2070
פלוס	2069
זמין	2069
חפץ	2069
מחלק	2069
הכושר	2067
רווח	2067
הניצחון	2067
הבייתה	2066
ישלם	2065
נחת	2065
קפוא	2065
בתהליך	2065
מתנהגים	2064
בלהיות	2064
מטבעות	2064
תלמידים	2064
הקרובה	2064
במושב	2063
במוקדם	2063
השמאלית	2063
דימום	2062
שכמעט	2062
המניות	2062
תזרוק	2061
נהגה	2061
לקחנו	2060
במקלחת	2060
החבל	2059
ללכוד	2059
טסה	2059
עשירה	2058
שיכולה	2057
שף	2057
שנאתי	2056
חומרי	2055
ומישהו	2055
לשניים	2054
הזקנה	2054
נוחות	2054
אמצע	2053
להפתיע	2053
המשמרת	2053
מסורת	2052
תזהר	2052
מולדר	2052
השוק	2052
באוור	2051
תכנס	2051
הדפוק	2051
ושום	2050
יאהב	2050
שהתקשרת	2049
יומן	2049
הנשף	2049
פגעת	2049
בערבות	2049
תזדרז	2049
רעבים	2049
הטנדר	2049
תפוחים	2048
לאיזו	2048
מרגע	2048
לעצמכם	2047
במוסך	2046
טיפלתי	2046
הפרויקט	2046
צעקות	2046
הטקס	2046
לנטוש	2046
תאכלי	2045
שנדבר	2045
נשמות	2044
כנסו	2044
מוגזם	2044
סודית	2044
חרקים	2044
המתקן	2043
וולס	2043
ברני	2042
בשמי	2042
מושב	2042
הקדושה	2041
המכשפה	2040
בור	2040
הכין	2040
הזדמנויות	2040
ממתק	2040
סמך	2039
יוצרים	2039
חטא	2039
שנצא	2039
מבחינת	2039
כאל	2039
הידד	2039
הסיור	2039
לתיק	2038
סוגר	2038
אוצר	2038
ששווה	2036
ישראל	2036
נפגשת	2036
שהחבר	2035
בירות	2035
שכאשר	2035
גלגל	2034
שמרי	2033
אחותה	2033
שתעזור	2033
מיום	2032
ומר	2032
ויהיה	2031
היותר	2030
יהרוס	2030
מטרות	2030
מזדיינים	2030
לכיתה	2029
קמ	2029
שותפה	2029
מאחוריי	2028
במסיבת	2028
לגרור	2027
ממליץ	2027
לאחת	2026
ואישה	2025
הסודות	2025
בחושך	2024
השפתיים	2024
שיכולת	2024
סדרתי	2022
החג	2022
ראשים	2022
לגוף	2022
גילתה	2021
תוקן	2020
אלקטרוני	2020
חזירים	2019
עמדו	2019
מגניבים	2018
הרוג	2017
דיויד	2017
במסע	2017
רנה	2017
הרוס	2016
הכיסוי	2016
למצוץ	2015
לבדה	2015
הבנו	2015
בדרכם	2015
ילכו	2015
זרע	2014
תירגעו	2014
הארון	2013
ביטוי	2013
המוניטין	2013
איומה	2013
בזמנים	2012
טאקר	2012
לספינה	2011
לשאלה	2011
חשמלי	2011
נכונות	2011
רנדל	2011
שיעורים	2011
בדרכה	2011
דפק	2011
מאל	2010
ומצאתי	2010
לבושה	2009
לנתח	2009
אליבי	2008
הסיפון	2008
להמציא	2008
אגרום	2008
לקו	2007
פוסטר	2006
טרנר	2006
מהראש	2005
ידידה	2005
מדינת	2005
ניקיטה	2004
הטיפש	2003
באד	2003
לפתות	2003
הערות	2003
האופן	2003
הכנת	2003
הדאגה	2001
תבדקי	2001
שמועה	2001
סבור	2001
חלשה	2000
פאונד	2000
הדרומי	2000
גילינו	2000
להתוודות	2000
אשתה	2000
להשקיע	1999
מראים	1998
עיני	1998
מדריך	1998
הדג	1998
רוסיה	1998
ארין	1998
לתרום	1997
בפניי	1997
קורס	1997
ארטי	1997
במקסיקו	1996
המגן	1996
מציל	1996
אדיוט	1996
תטפל	1996
איליי	1995
משקרים	1995
באקדח	1994
נתיב	1994
מזומנים	1993
אוונס	1993
תעופה	1992
המודיעין	1992
שמירה	1991
במשטרה	1991
נבנה	1991
דיג	1990
כאבי	1990
בברכה	1989
פארקר	1989
לארה	1989
באמבטיה	1989
לֹא	1989
כביסה	1988
פיסת	1988
פשעים	1988
עצרתי	1987
תרגעי	1987
ההמתנה	1986
אירועים	1986
בעמוד	1985
הסגן	1985
מונע	1984
פועלת	1984
באשמתך	1984
פדרלי	1983
חיוני	1983
שנחזור	1982
שהבן	1982
לשוב	1982
התרחק	1982
הוליווד	1981
רוקד	1981
תשנה	1981
לידך	1980
in	1980
לחמוק	1980
הניסיון	1979
רחוקים	1979
והכול	1978
תחזיקו	1978
מפעל	1978
שאיבדתי	1978
נסתלק	1978
שהבנתי	1977
פינץ	1976
וכדי	1976
שפעם	1975
נפרדים	1975
להיפגע	1974
נפלאים	1974
ובנוסף	1974
פטי	1974
לאמריקה	1973
פליקס	1973
נושאת	1973
הרואין	1972
וס	1972
תסיים	1972
חולשה	1972
ירדו	1972
צודקים	1971
לגייס	1971
בזאת	1971
חדרי	1971
באירופה	1970
זיכרונות	1970
מוטרד	1969
יורדים	1969
בבסיס	1969
המתנות	1969
מסכנה	1969
הארוך	1969
הסתם	1968
אינן	1968
בכלום	1968
הסגנון	1968
כתוביות	1967
תסכים	1967
זכרונות	1967
תנשמי	1967
שלקח	1966
משמרת	1966
סיפרו	1966
מדברות	1965
תוותר	1965
שאוהב	1965
תכשיטים	1964
מחדר	1964
בתוכך	1963
ונוכל	1963
שבגללה	1963
התפוצץ	1963
ארנב	1963
ידיו	1962
המדים	1962
שמידט	1962
בובות	1961
הניירת	1961
ויום	1961
מגיב	1961
דנ	1960
ציפית	1959
הרישוי	1959
לסי	1959
מד	1959
תורי	1958
לשער	1958
אניח	1958
התינוקות	1957
משלמת	1957
השחקן	1957
יורדת	1956
למסעדה	1956
מקורי	1956
נעבוד	1955
מכרתי	1955
נולדה	1955
התנ	1955
שידור	1955
מתבייש	1955
לדוגמא	1954
נשארתי	1954
רמזים	1954
חלקית	1953
ששמו	1953
לתמונה	1953
לינדזי	1952
הצליל	1952
יספר	1952
קלים	1952
המזכירה	1952
זרקתי	1951
אספקה	1951
תסמכי	1951
מופיעה	1951
לבנק	1950
כשהיה	1950
לחדור	1950
בוטחת	1950
לחימה	1949
היומן	1949
ידועה	1949
תלויים	1949
הקדמית	1949
בגילך	1949
ההפרעה	1949
המשקאות	1948
החול	1948
משרה	1948
להקל	1948
דיון	1948
פורטר	1947
אשמתו	1946
עורכים	1946
נהדרות	1945
לנשיא	1945
בתנאי	1945
באדמה	1944
מודאגים	1944
צורת	1944
מספרי	1944
הקללה	1943
דת	1943
דפוס	1942
קורות	1942
אומרות	1942
הדגל	1942
בנשק	1942
משכנע	1941
אנושיים	1941
מושלמים	1941
מגזין	1940
לצבא	1940
הרעות	1940
צץ	1940
שתבואי	1939
נראו	1939
חנון	1939
הסופי	1939
אזמין	1938
שלווה	1938
לעין	1938
הבדיחה	1937
טועים	1937
בשיעור	1936
נפלתי	1936
בילדים	1936
בונים	1935
השלג	1934
הקבצים	1934
הימנית	1934
הבאנו	1934
וכאלה	1933
חומרים	1933
ליילה	1932
בלעדית	1932
שכתוב	1931
תתפוס	1931
לדקה	1931
ברווז	1930
תושבי	1930
להגנה	1930
בביתו	1930
נתקע	1930
מרוצים	1929
משפחתית	1929
העירה	1929
מריחה	1928
תהנו	1927
לתחום	1927
העצם	1927
תכין	1926
דל	1926
בשיקגו	1926
שהמשטרה	1925
הדמות	1925
הודעת	1925
נזכרתי	1925
תפוח	1925
ההצבעה	1925
מיהו	1925
תעלי	1925
חסרים	1924
השינוי	1923
החוב	1923
המרכז	1923
האוזניים	1922
סוגים	1921
אתנו	1921
משאירים	1921
והחבר	1920
שרלוק	1920
האן	1919
עיניך	1919
בפומבי	1919
נוצר	1919
חוגגים	1919
נוף	1919
האוורד	1919
חולני	1918
אנד	1918
לפניי	1918
השירים	1918
תתנהג	1916
מתעקש	1915
הלוויה	1914
לפענח	1914
המעלית	1913
תזדקק	1913
באתגר	1913
המדבר	1913
פוקס	1913
בלו	1912
דק	1912
כפפות	1911
חטיפה	1911
ההרים	1911
חנה	1911
הברזל	1910
התקופה	1910
נהיית	1910
בשמו	1910
וסנכרון	1910
מתרגשת	1910
בויד	1909
קירה	1909
לחוק	1907
שהמקום	1907
רגש	1907
נכתב	1907
פתטי	1907
הגולגולת	1907
למחשב	1907
להטיל	1906
מריחואנה	1906
דווייט	1906
אוסטין	1906
מדאיג	1906
בסלון	1906
מקלחת	1905
דרקון	1905
אישיים	1905
לבו	1904
בשעות	1904
מוזמנים	1904
בתולה	1904
החליטה	1904
פייטון	1904
המפגש	1904
הנשקים	1903
ההפך	1903
אהובי	1903
בכול	1903
לטובתך	1903
קץ	1901
המקומית	1901
פתחי	1901
אמיתיות	1900
למטוס	1900
דונובן	1899
תכניות	1899
השמים	1898
כהן	1898
סיכונים	1898
אימו	1897
ינצח	1897
קולי	1896
דבק	1896
ספייק	1895
שמנסה	1895
ביקשו	1895
משמש	1894
לאלה	1894
נפט	1894
תוצאה	1894
מדען	1893
יער	1893
משחרר	1893
שדברים	1893
מתמחה	1891
תקחי	1891
תואם	1891
תזוזו	1891
מיאמי	1890
ממילא	1890
נוזל	1890
פשוטים	1890
שליח	1890
בכיסא	1890
הנאשם	1889
נהרגה	1889
אירה	1889
נתקל	1889
נופלים	1888
סיבת	1888
מהפה	1888
הבלשית	1888
כשאתם	1888
שמרו	1888
האמנות	1887
צילומי	1887
לסמים	1887
אעבוד	1887
התנאים	1886
דיבור	1886
לבגוד	1886
המוסיקה	1885
היהודים	1884
לשאר	1884
שלומו	1883
העדים	1883
טביעת	1883
עצות	1883
שלמדתי	1883
בפח	1882
לוחמים	1881
קליטה	1881
להספיק	1880
הזהרתי	1880
איזי	1880
אגם	1879
הדשא	1879
טווח	1879
ברודי	1879
אעבור	1879
מאוהבים	1879
סטייק	1878
חיובית	1878
הפיל	1878
סביבך	1878
צחקתי	1877
סוכריות	1877
הסכמנו	1876
לבך	1876
אזדקק	1875
לאהבה	1875
המלא	1875
רלוונטי	1875
בגין	1875
התאריך	1874
בחווה	1874
עמי	1874
דברה	1874
שובך	1874
טורק	1874
יאמין	1873
התיבה	1873
קין	1872
גופו	1872
שהאיש	1871
כמוכם	1871
משה	1871
המקומי	1871
העביר	1870
רישומי	1870
עוגות	1870
לשיעור	1869
מדיסון	1869
נהרוג	1868
להירדם	1868
קובע	1868
משפטי	1867
להעסיק	1865
צלחת	1865
בייקר	1865
הצילום	1864
דרייק	1864
איליין	1864
להרביץ	1864
צליל	1864
נמרץ	1864
הסחורה	1863
קווי	1863
הישר	1863
סחר	1862
ערכת	1862
מועמד	1861
כוכבת	1861
lt	1861
ועדת	1861
קלף	1860
איידן	1860
ניס	1860
הסערה	1860
קמפבל	1860
פקד	1859
יכאב	1858
תפחד	1858
לבטח	1857
וככה	1857
חוב	1857
ההגה	1856
נפרדנו	1856
תיהנו	1856
בספינה	1856
לשטח	1855
נרצה	1855
חורים	1854
העלה	1854
הידע	1854
קאם	1854
המשפטים	1853
בניתוח	1853
יוז	1853
שאינני	1852
לאכזב	1852
בבטחה	1852
שעשו	1851
מארשל	1850
החלב	1850
חתימה	1850
במו	1850
לשינוי	1850
הבקשה	1850
ברורים	1849
הגבעה	1849
ענית	1848
סרטי	1848
האהובים	1847
מוחי	1847
מתייחסים	1847
ספציפי	1847
נפגעת	1847
ברעב	1847
משתגע	1846
בנפרד	1846
מתחתנים	1846
יאמר	1846
חותך	1846
לגיהינום	1845
הביניים	1845
לות	1845
תיכף	1844
אוניל	1843
להתקיים	1843
הדיבור	1843
תירס	1843
הופעות	1842
דקר	1842
קסום	1842
לחוות	1841
הפסדת	1841
להעניש	1841
לתקוע	1841
ברחו	1841
סנכרון	1840
חזרי	1840
בורג	1839
כשאמרתי	1839
הצעות	1839
אואן	1839
החיוך	1839
והבחור	1839
בשימוש	1838
מבלים	1838
הביצה	1838
חריג	1838
המכתבים	1837
my	1837
מתפלל	1837
הינה	1836
ולמצוא	1836
בוחרת	1836
יצרתי	1836
קללה	1836
דוחף	1835
כיבוי	1835
ווסט	1834
איבדו	1834
ואילך	1834
חושבות	1834
שהמצב	1834
שעברת	1834
באשמה	1833
הצילומים	1833
ליב	1833
להדיח	1833
השדה	1833
נגנב	1832
בהתבסס	1832
ושאני	1832
ברוח	1832
טיימס	1832
התראה	1831
רצתי	1830
בתרדמת	1830
תהרוס	1830
נזדקק	1830
נחשוב	1829
כעבור	1829
מיכאל	1829
החלונות	1829
תיהיה	1828
במערב	1828
שברת	1828
באדם	1828
קורי	1828
העונש	1827
טופס	1827
להתלונן	1827
גרמני	1827
קנתה	1826
תדעי	1826
רווק	1825
ההחלטות	1825
תברח	1825
מושבעים	1825
תפגוש	1825
פרסון	1825
התכוונו	1825
קירק	1824
שפוי	1824
מפעם	1824
מהמיטה	1824
החצי	1824
הרומן	1824
קור	1824
מטומטמים	1823
השיא	1823
הנורא	1823
סטודנט	1823
שאינם	1823
בוץ	1823
העיקר	1823
תפוחי	1823
ילי	1823
למעצר	1823
הסרטן	1822
סודה	1822
המפלגה	1822
ההתקפה	1822
מאדים	1821
בידיעה	1821
צמא	1821
דואגים	1821
גנבה	1821
הול	1821
דמיאן	1820
משל	1820
תיאוריה	1820
מסך	1819
הכנות	1819
תומפסון	1819
ממלא	1818
מודעים	1818
אכתוב	1818
דנה	1817
מכנה	1817
ומיד	1817
מבוקש	1816
אנשיי	1816
אורך	1816
זרקו	1816
דיווחים	1816
מכיל	1816
משתפר	1815
סלע	1815
מימי	1815
חניה	1815
הרציחות	1815
אינכם	1815
למישהי	1815
מדרגות	1814
ארוכות	1814
מצבה	1814
שמעה	1814
נפצע	1814
בפניו	1814
חמאה	1813
חפש	1813
משערת	1813
ינו	1813
במשמרת	1813
צרה	1812
הרובים	1812
הקלטות	1811
דוגמה	1811
לאמר	1811
תבדקו	1811
לסטר	1811
מעלתו	1811
לולה	1810
הזכויות	1809
טקסט	1808
הודג	1808
הפעל	1808
הגדר	1808
בתחילת	1808
צעירות	1808
זרקה	1807
ואתן	1807
הפוטבול	1806
המחזור	1806
התשלום	1806
כוכבי	1806
ניקוי	1806
עצומה	1806
המשלוח	1805
צי	1805
מריסה	1805
חולקים	1805
אשוב	1805
ליידע	1804
להיעשות	1804
אבודים	1803
ששמעת	1803
לביתו	1802
אוטומטי	1802
ברחתי	1802
אכלנו	1802
הנוסעים	1802
הרסתי	1801
הקצין	1801
פניה	1800
לעומק	1800
נבחר	1800
קלר	1800
כתם	1799
סט	1799
נוכח	1799
הנפש	1798
תחנה	1798
הפצע	1798
טוענת	1798
קרע	1798
השטיח	1798
האזרחים	1797
שנפגשנו	1797
ארני	1797
בשיער	1797
פגישת	1796
המתוק	1796
יהלום	1796
לעדכן	1796
מנוול	1796
מכמה	1795
פעמון	1795
סדרה	1795
האנטר	1795
מבני	1795
הימור	1793
באשמת	1793
מחסן	1793
חוקיים	1792
נורמלית	1792
מהמשחק	1792
בבתי	1792
החליטו	1791
ההפתעה	1790
לגשר	1790
הכתר	1790
נקניקיות	1790
רו	1789
בגדי	1789
שילוב	1789
רצף	1789
מכינים	1789
שתחשוב	1788
התסריט	1788
הוק	1787
שתן	1787
שווא	1787
אבודה	1787
כשהגעתי	1786
הבובה	1786
אמנם	1786
שהתכוונתי	1785
שעזבתי	1785
האירועים	1785
מקומית	1785
במקרר	1784
שתיקה	1784
נפשי	1784
מתכונן	1783
כנסי	1783
גמרנו	1783
אישום	1783
בדואר	1783
בשמיים	1782
הציפורים	1782
שממש	1782
חמודים	1782
רובם	1781
בצרפת	1781
כנפיים	1780
המנהלים	1779
הכתף	1779
ורוד	1779
הצלה	1779
הוריד	1778
סבסטיאן	1778
מפוחד	1778
השחורים	1778
תשקר	1778
במפעל	1777
החלפת	1777
לעצבן	1777
מכירת	1777
דונלד	1776
צלצל	1776
נולדת	1776
לאו	1776
מוקדש	1776
בכושר	1776
האו	1776
גנבו	1776
במשרה	1776
החתימה	1775
ולבסוף	1775
בסיבוב	1775
הדופק	1775
להתקבל	1775
קיצוני	1774
אינטרנט	1774
תכבה	1774
עסקת	1773
אמריקאית	1773
הסכום	1773
קאסי	1773
להריץ	1772
גניבה	1772
שתישאר	1772
פורש	1771
כמשמעו	1770
הפחדת	1769
באטמן	1769
מעניינים	1769
שרירים	1769
בשנים	1769
בנינו	1769
תחום	1769
בבחור	1768
ושהוא	1768
נדרש	1768
הספיק	1768
אוותר	1768
הצבעה	1767
קולג	1767
לצעוד	1766
נעשית	1766
למדנו	1766
שילמת	1766
הממלכה	1764
ביקום	1764
זוכים	1763
רגועים	1763
חסרות	1763
תכה	1763
שי	1762
אדיב	1762
קוץ	1762
בעצמם	1762
האדומה	1761
סטיבי	1761
הגהה	1761
נקבע	1761
ידיך	1761
הפתעות	1760
זרם	1760
ליווי	1760
אשקר	1760
למטבח	1760
מחמד	1760
is	1759
יחס	1759
אמורות	1759
במקומו	1758
משקפיים	1758
מיועד	1758
צייר	1758
זיוף	1757
שהלכת	1757
טעון	1757
העצה	1757
וחלק	1756
חמשת	1756
צפצוף	1756
תאהבי	1756
קרבות	1756
שקטה	1756
ארגיש	1756
הצטרף	1755
המבנה	1755
עקשן	1755
לשחזר	1755
במציאות	1754
כריש	1754
כשכל	1753
מינה	1753
לכביש	1753
נערות	1753
אישר	1752
רצוי	1752
מאחל	1752
מתות	1752
חרדה	1752
השגנו	1751
בוצע	1751
כינוי	1751
לטוב	1750
שולטים	1750
צלם	1750
מהזמן	1750
פאק	1749
מפספס	1749
הצפון	1749
עיתונאים	1749
בפניכם	1748
לאנשהו	1748
בתאונת	1748
ספרות	1748
העל	1747
הוראה	1747
זוהר	1747
בוער	1746
באז	1746
שביקשתי	1746
בלונדינית	1745
לוחית	1745
שיטת	1745
נכניס	1745
הבקרה	1745
בצל	1745
היצורים	1744
הקשבתי	1744
משכורת	1744
פגי	1744
כואבת	1743
טרם	1743
בונד	1743
מתנשף	1741
מגיעות	1740
תשיגי	1740
לחלון	1740
נמכר	1740
מצער	1738
בסירה	1738
בספטמבר	1738
איטלקי	1738
שהרגת	1738
רישום	1738
בשער	1738
וכשאני	1737
קידום	1737
תסמוך	1737
דעות	1737
השמאלי	1736
ניסויים	1736
ווס	1736
הסדרה	1736
דפוקים	1736
היכון	1736
הופיעה	1735
עיוורת	1735
ריינולדס	1735
נתקשר	1735
שוחד	1734
בדרכך	1734
בוש	1734
התיאוריה	1734
ישים	1734
קלווין	1734
העיתונות	1734
באות	1734
תחתום	1734
גרעיני	1734
המזורגג	1733
שינית	1733
מאטי	1733
השימוש	1733
תשמרו	1733
הצלב	1732
מבקרים	1732
הבטיחות	1732
סנדרה	1732
ריצה	1732
מודיעין	1732
כלפיי	1731
פורץ	1731
לארח	1731
פשוטו	1731
נגעתי	1731
חלאה	1730
אדמירל	1730
העברתי	1729
מציעים	1729
בצע	1729
כרמן	1729
האופנוע	1729
מימין	1729
מודל	1729
כחולה	1729
מחבר	1728
אוודא	1728
מנות	1727
ותהיה	1727
הראיון	1727
ניצחנו	1727
ויכולתי	1727
מרוב	1726
רודני	1726
בורק	1726
הניח	1726
הסתכלת	1726
להיהרג	1725
אלפרד	1725
בארבע	1725
שקראתי	1725
כבדה	1724
מתחבא	1724
כנים	1724
דפוקה	1723
גוש	1722
נקרע	1721
התברר	1721
לסחוב	1721
אנדרה	1721
גרי	1721
המצאתי	1720
פסל	1720
עינייך	1719
שתרצו	1719
זומם	1719
פתחתי	1719
ניחוש	1719
המפורסם	1718
הגיונית	1718
מדים	1718
גוססת	1718
דיו	1718
העיקרית	1718
יזכה	1718
זכרו	1718
תשמעו	1717
מבחינתך	1717
חששתי	1717
חותם	1717
בתוכה	1717
שכבה	1717
החזר	1716
נדאג	1715
רמות	1715
מסתתר	1714
העוף	1714
הפיצה	1714
ראג	1714
האימפריה	1714
בימינו	1713
נטוש	1713
עברית	1713
משמאל	1713
פטיש	1713
אמיצה	1713
שלפעמים	1712
מנדי	1711
הזיכרונות	1711
השגריר	1711
הזאב	1711
תקרית	1710
נפתחת	1710
שתצא	1710
רדו	1709
לסחוט	1709
מוציאים	1709
גו	1709
עיניו	1708
התרחש	1708
פרטיים	1708
כשרון	1707
התערבות	1707
מתוקים	1707
במחשבה	1707
למותו	1707
לפעם	1707
משלהם	1707
להיט	1706
פרש	1706
הניחו	1706
מקשיבים	1705
לחצי	1705
שעברנו	1705
כשאמרת	1705
בבעיה	1704
תכתוב	1704
רדי	1703
לסתום	1703
מהחבר	1703
בוגרת	1703
מעריצים	1703
הבתים	1702
הקבר	1702
תלבש	1701
פאלמר	1701
נוכחות	1701
פז	1701
חשיבה	1701
טילים	1701
המבורגר	1701
בילה	1701
מוצק	1700
הרושם	1700
היתר	1700
ילדתי	1699
האיחור	1699
שורות	1699
לימון	1699
