है	38292
के	19078
मैं	17039
नहीं	15848
हैं	12526
में	12395
एक	12014
आप	10744
लिए	9698
और	9033
यह	8896
से	8696
की	8206
क्या	7557
कि	7460
तुम	7330
हो	6893
कर	6867
मुझे	6307
को	6224
हम	5726
था	5637
वह	5361
पर	5051
हूँ	4753
रहे	4388
भी	4263
रहा	4137
का	4024
अपने	3859
कुछ	3504
तो	3445
गया	3281
इस	3237
मेरे	3182
ठीक	3170
करने	3084
किया	2891
साथ	2804
उसे	2691
हाँ	2493
वे	2484
सकते	2442
लेकिन	2438
यहाँ	2419
तुम्हें	2383
कोई	2304
तरह	2293
अब	2290
पता	2238
होगा	2182
बहुत	2064
बात	2047
सकता	2041
जाओ	1987
ही	1929
दिया	1910
करना	1891
जा	1763
मेरी	1689
सब	1684
बारे	1660
लगता	1645
कहा	1636
जो	1563
वहाँ	1526
जब	1516
इसे	1508
अच्छा	1471
चाहिए	1463
बाहर	1448
करो	1400
क्यों	1387
अपनी	1362
थे	1358
चलो	1353
दो	1353
ले	1351
किसी	1330
फिर	1312
काम	1311
अगर	1296
ये	1294
कैसे	1281
करते	1277
पहले	1265
बस	1263
चाहते	1254
जाएगा	1241
आदमी	1238
कभी	1237
समय	1226
वापस	1219
हमें	1211
रही	1206
तक	1161
हमारे	1104
मेरा	1092
रूप	1077
मैंने	1071
करता	1052
या	1048
अभी	1039
मिल	1025
चाहता	1016
घर	1013
उसके	1009
सभी	1006
उस	989
मत	972
आपको	963
जाना	958
अरे	950
सिर्फ	941
बंद	920
ओह	916
उन्हें	909
सही	904
हूं	904
थी	903
देखो	903
ने	892
तुम्हारे	856
प्यार	837
वो	833
जरूरत	833
लोगों	833
हुआ	827
करें	822
ऐसा	793
उन्होंने	789
दिन	789
बाद	780
कौन	768
हर	766
पास	760
दे	749
नीचे	730
देखा	725
जाता	718
बार	717
कृपया	708
धन्यवाद	704
पिता	701
करेंगे	701
भगवान	700
क्योंकि	679
लोग	678
वाला	675
जानते	675
देख	657
छोड़	652
आज	651
मतलब	651
कहाँ	649
जीवन	648
आओ	647
जाने	645
अधिक	644
यही	627
होता	622
सर	619
मदद	607
रात	598
माँ	593
लिया	589
केवल	586
तुमने	586
सबसे	577
नाम	577
मार	576
हुए	571
हमेशा	570
याद	568
कारण	566
गए	564
आया	558
जानता	554
शायद	554
साल	553
दूर	551
हे	548
होने	545
फोन	540
भाई	537
वास्तव	535
शुरू	530
उसकी	522
मिला	522
जगह	521
कोशिश	520
कम	519
सच	511
लग	507
शादी	504
पसंद	503
चला	501
इन	499
अच्छी	492
तुम्हारी	491
यहां	487
दोस्त	479
मर	475
कहते	475
होना	473
दुनिया	460
तुम्हारा	459
एम	457
कह	456
इसके	451
रुको	449
तैयार	440
बच्चे	436
उन	436
लो	435
उनके	431
जैसे	419
इतना	410
जल्दी	408
अंदर	401
श्री	397
यदि	397
पिताजी	394
कल	392
ऊपर	391
देंगे	390
आपके	387
हमारी	386
बताओ	386
खुद	384
गई	383
अपना	381
खैर	376
उसने	368
वाले	368
चलते	363
रहो	359
दी	357
मिलता	357
बेहतर	357
कार	355
बकवास	353
पीछे	351
द्वारा	346
मुझसे	345
हाथ	345
विश्वास	344
पूरी	343
ना	340
महिला	337
लड़की	336
आपका	334
देखने	334
तुमसे	332
लगा	331
उसका	330
चल	324
ओर	324
मिनट	322
समझ	320
बिना	315
बता	314
तीन	312
सुनो	312
पैसे	307
होगी	307
दोनों	306
कहना	303
पुलिस	301
देना	301
पुरुष	300
कहीं	297
बना	294
परिवार	294
खो	291
दिल	289
हां	289
लेने	288
बेटा	286
सोचा	284
आगे	282
जहां	281
पागल	277
सुना	276
जाते	275
चले	274
बोल	272
गलत	272
ज्यादा	272
महसूस	271
चाहती	270
सकती	269
यकीन	266
इसलिए	265
पी	264
डर	263
आता	263
आपकी	262
लड़का	261
उह	260
समस्या	259
बुरा	257
सुंदर	255
छोटे	254
बताया	254
खत्म	254
आने	251
माफ	250
कमबख्त	249
यार	249
बीच	248
दूसरे	248
काफी	247
भूल	247
ध्यान	246
हुई	245
तब	244
बेटी	244
रहने	242
खेल	242
बड़ा	242
माफी	240
बच्चों	240
शहर	237
आह	236
पूरा	234
बदल	233
देने	233
देखते	231
देर	230
डाल	230
बिल्कुल	230
कई	230
वाह	229
सोच	229
भुगतान	228
जैक	227
बेटे	226
मुझ	224
पानी	223
महोदय	222
आग	219
देता	218
आते	215
कहां	215
चिंता	215
रखना	214
उससे	214
पहली	213
बनाने	213
गोली	212
माध्यम	211
कितना	211
सुरक्षित	211
देखना	210
वहां	210
इससे	210
इसका	210
मारा	210
पत्नी	210
रहना	209
पार्टी	208
अन्य	207
अच्छे	207
हैलो	206
महान	204
आए	204
क्षमा	203
पिछले	202
मारने	201
रहते	199
वादा	198
राजा	197
इंतजार	197
उनकी	197
सुबह	197
सिर	197
नए	196
विचार	196
दोस्तों	196
योजना	196
प्राप्त	195
घंटे	195
खुश	193
अंत	193
करती	191
करेगा	191
थोड़ा	191
सम्मान	191
आदेश	188
पूरे	188
अलग	187
उम्मीद	187
आर	185
पाने	185
औरत	185
इतनी	184
लड़के	184
गिर	184
संगीत	184
रास्ता	183
युद्ध	182
रास्ते	182
हमारा	181
जारी	181
मन	180
लड़ाई	180
डाला	179
शुक्रिया	179
मुश्किल	179
आराम	178
चुका	176
प्रिय	174
झूठ	174
बंदूक	174
खुशी	174
नरक	174
आशा	173
चुप	172
उपयोग	172
सवाल	171
आपने	171
वैसे	170
देश	170
रखो	169
असली	168
बड़ी	168
जैसा	168
सुन	168
हाय	167
चोट	166
रखा	166
मौत	165
पापा	165
पर्याप्त	165
पुरुषों	165
शांत	164
पुराने	164
हंसते	164
सा	164
दें	163
पकड़	162
बहन	162
सामने	162
सुरक्षा	161
खाने	160
खाना	160
चाचा	159
बन	158
अमेरिका	157
परेशान	155
बच्चा	155
सी	155
जवाब	154
सेना	154
आसान	154
पैसा	153
ऐसे	153
महीने	153
रखने	153
छोटी	152
अलविदा	152
कदम	152
अगले	152
भाग	151
नमस्ते	151
सारे	151
लंबे	150
देते	149
कॉल	149
छोटा	149
भाड़	148
बनाया	148
हमने	148
स्थिति	148
इस्तेमाल	148
परवाह	148
कैसा	148
होती	147
गलती	147
राम	147
नष्ट	147
स्वागत	147
अजीब	146
रह	145
व्यक्ति	145
मूर्ख	145
तुम्हे	144
सिकंदर	144
मै	144
मालिक	144
गंदगी	143
रखें	143
नौकरी	142
हांक	142
जीत	142
कंपनी	142
लेंगे	141
चारों	141
तस्वीर	139
रहता	139
कहानी	138
खड़े	138
रोक	138
बातें	138
अकेले	138
किस	137
साफ	137
िलए	137
मौका	137
भरोसा	136
चिल्ला	136
जहाँ	135
कसम	135
सारा	135
करीब	134
जान	134
तुलना	134
इतने	133
कब	133
यात्रा	133
हमला	132
रक्षा	132
पाया	132
जल्द	132
पति	132
गयी	131
जहाज	131
बेबी	131
हवा	130
आती	130
दरवाजा	130
जाएगी	130
कहता	130
स्कॉट	130
मिलेगा	129
मां	129
वाली	129
वजह	129
महत्वपूर्ण	129
जय	129
अकेला	128
सामान	128
सो	127
रख	127
शामिल	127
नया	127
मिलने	127
निश्चित	126
करनी	125
स्कूल	125
जेल	125
तरफ	125
बड़े	125
पल	124
अंतिम	124
ब्रायन	124
पैदा	124
चार	124
कितने	124
कहने	123
इंदर	123
इंतज़ार	123
जी	123
मातृभाषा	122
अस्पताल	122
जाँच	122
बर्बाद	122
दर्द	122
दिनों	122
शॉन	121
पृथ्वी	121
महिलाओं	121
पूछ	120
लगभग	120
नफरत	120
बताने	119
देखें	119
ट्रेवर	119
सप्ताह	119
बेशक	119
डॉक्टर	118
पांच	118
स्पष्ट	117
लगी	117
इसकी	117
तोड़	117
मजाक	116
पालन	116
यहीं	116
खाता	116
क्षेत्र	116
भर	116
मामले	116
खबर	116
ज़रूरत	116
सड़क	115
हत्या	115
समाप्त	115
प्रकार	115
ली	115
संदेश	114
क्लिक	114
माफ़	114
शब्द	114
खिलाफ	114
खून	114
जॉन	114
लाने	113
शक्ति	113
जाए	113
फ्यूरर	112
भोजन	112
आवाज	112
हिस्सा	112
कमीने	112
वही	112
भेजा	112
होंगे	111
देगा	111
जानती	111
गधे	111
रंग	111
मृत	110
शांति	110
आश्चर्य	110
बेवकूफ	110
शरीर	109
इच्छा	109
टीम	109
बताना	109
बचा	108
होते	108
कहो	108
आना	108
लाइन	108
मरने	108
व्यापार	108
कितनी	108
सं	107
दुश्मन	107
तेजी	107
स्वीकार	107
जिस	107
जीवित	107
बाकी	107
पार	106
दस	106
कमरे	106
संभाल	106
खोज	106
आसपास	105
कार्यालय	105
बढ़िया	105
मिशन	105
बर्ट	104
खेद	104
लेकर	104
डौग	103
चोरी	103
चेहरे	102
एंडी	102
हम्म	102
चुके	102
जानेमन	102
राष्ट्रपति	101
हथियार	101
सरकार	100
पूर्व	100
जंगल	100
बचाने	100
लेना	100
मानव	99
बेकार	99
ग्रह	98
करके	98
सोचते	98
लाया	98
गये	98
नेता	98
हा	97
जांच	96
साथी	96
बैठ	96
साहब	95
प्रार्थना	95
यीशु	95
अनुमति	94
मजबूत	94
लड़कियों	94
भेज	94
पूछना	94
विकल्प	94
सीधे	93
खोजने	93
सवारी	93
नंबर	93
मैडम	93
विशेष	92
दूसरी	92
ख्याल	92
उत्तर	92
दिमाग	92
मुक्त	92
उनका	92
उनमें	92
कॉलेज	92
कप्तान	91
हाउस	91
निशान	91
आवश्यकता	91
पेड़	91
सारी	91
निकल	90
ऐसी	90
श्रीमान	90
हालांकि	90
जिंदा	90
पैर	90
युवा	90
तय	90
राज्य	90
जादू	90
जानकारी	89
नई	89
शॉ	89
इसमें	89
सुनिश्चित	89
बुरी	89
पीठ	89
समुद्र	89
पड़ा	88
व्हाइट	88
गर्म	88
कोड	88
कठिन	88
मुसीबत	88
लायक	87
सोने	87
छह	87
रेडियो	87
समझते	87
करोगे	87
दरवाजे	87
सेकंड	87
भविष्य	86
जला	86
सामान्य	86
कोडी	86
खाली	86
निर्णय	86
दूसरों	86
गति	86
नियंत्रण	86
गंभीर	86
आँखें	86
चाल	85
परमाणु	85
बिस्तर	85
अधिकार	85
गायब	85
कपड़े	85
लक्ष्य	85
तेज	85
प्रेज़ीडेंट	84
दौरान	84
चलिए	84
जाती	84
तरीका	84
चेहरा	84
उड़ान	84
जबकि	84
जिम	84
ड्राइव	84
तुरंत	84
लानत	83
निर्माण	83
दूसरा	83
ग्रन्ट्स	83
संभव	83
कुतिया	83
सक्षम	83
कॉफी	83
विंसेंट	83
सावधान	83
पहुँच	83
सांस	82
प्रवेश	82
सपना	82
बिजली	82
पेले	82
इंजन	82
तरीके	82
लड़कों	82
दुकान	82
संपर्क	82
सेवा	82
पूछा	81
चुकी	81
बुला	81
मारो	81
अलावा	81
करूँगा	81
फेंक	81
ड्रैगन	81
नमस्कार	81
उठो	81
पक्ष	81
बीमार	81
धीरे	81
भारी	80
पकड़ो	80
मिले	80
प्रभु	80
लगाने	79
ओक्जा	79
खा	79
सहमत	79
रिपोर्ट	79
मृत्यु	79
चाय	79
बैठक	79
सात	78
खराब	78
आत्मा	78
नुकसान	78
खर्च	78
पड़ता	78
लाख	78
समझा	77
निकाल	77
बिलकुल	77
प्लीज़	77
बारी	77
भूमि	77
लेते	77
खींच	77
दूँगा	77
जमीन	76
कार्य	76
सामना	76
बजे	76
आई	76
प्रकाश	76
लें	76
सूअर	76
चाची	76
लेफ्टिनेंट	75
देखेंगे	75
चीजें	75
छोड़ने	75
पीछा	75
बढ़	75
भाग्यशाली	74
गर्व	74
ताकि	74
टूट	74
शानदार	74
उच्च	74
भाग्य	74
टायर	74
पहला	74
ओम	73
डी	73
तेरे	73
सौदा	73
काट	73
कराह	73
खूबसूरत	73
बनाना	73
गड़बड़	73
फैसला	72
ज़रूर	72
प्रतीक्षा	72
थोड़ी	72
वर्ष	72
नही	71
दिखाने	71
परिवर्तन	71
समुद्री	71
आनंद	71
रोकने	71
सूट	71
शिकार	71
मारे	71
साइमन	71
मील	71
जानना	71
वक्त	71
सैम	71
धोखा	71
चिंतित	71
जन्मदिन	71
टीवी	71
कल्पना	71
पा	71
बधाई	70
होटल	70
पुरानी	70
इसी	70
हिम्मत	70
राहुल	70
हेलो	69
लाल	69
समर्थन	69
जिसे	69
कार्ड	69
डैनी	69
चलें	69
बेच	69
डॉलर	69
जाएंगे	69
जाएँ	69
माफ़	69
गले	69
बदलने	69
प्यारी	69
भयानक	68
अचानक	68
कानून	68
उसी	68
खतरनाक	68
बच	68
स्थान	68
भागो	68
रक्त	68
उड़ा	68
साबित	68
दक्षिण	68
उम्र	68
रहें	68
सोचता	67
सुनने	67
बैठो	67
तलाश	67
शाम	67
मास्टर	67
धत्	67
बुलाया	67
मानना	67
व्यस्त	67
ज़्यादा	67
दूंगा	67
अप	67
फ़ोन	67
ऐलिस	66
खड़ा	66
सोचो	66
करूंगा	66
डॉ	66
रानी	66
एलिजाबेथ	66
रो	66
आये	65
करोड़	65
दूरी	65
लेता	65
हार	65
बज	65
एरिक	65
कीजिए	65
छत	65
सके	65
माता	65
मिली	65
देखकर	65
देखभाल	65
अध्यक्ष	65
पहचान	65
पूछो	65
तूफान	65
बैग	64
किए	64
तौर	64
एन	64
दीवार	64
इलाज	64
समझे	64
मुख्य	64
शराब	64
सेट	64
कराहना	64
सज्जनों	64
फर्क	64
राजनीति	63
कमांडर	63
प्रणाली	63
दिखाई	63
बम	63
जाकर	63
हाल	63
स्टेशन	63
लाओ	63
घुरघुराना	63
भारत	63
पश्चिम	63
जाओगे	63
लेडी	63
उठा	63
पक्का	63
लिये	62
समाज	62
बाजार	62
विस्फोट	62
प्रति	62
जोर	62
मिलते	62
कमजोर	62
जन्म	62
एलन	62
जूडिथ	62
सूची	62
घंटी	62
पे	62
हमले	61
गांव	61
सचिव	61
इमारत	61
आखिरी	61
स्तर	61
इंदु	61
रुक	61
कवर	61
आँखों	61
आपसे	61
दीजिए	61
स्वान	61
उनसे	61
जाये	61
हिट	60
गुड	60
शो	60
मिलना	60
बोलो	60
भीड़	60
बदला	60
समूह	60
सीट	60
पत्र	60
बोलते	60
तुमको	60
मना	60
अगली	60
भीतर	60
वहीं	60
हाथों	60
टिम	60
बॉस	59
सौ	59
सेल	59
करे	59
प्रस्ताव	59
प्रेमी	59
अमीर	59
लगेगा	59
प्रयोग	59
संकेत	59
पूछने	59
उम	59
शुभ	59
हन्ना	59
योद्धा	59
फ़ॉन्ट	59
वर्षों	59
गुप्त	58
चीजों	58
साँस	58
खास	58
सबको	58
वकील	58
परीक्षण	58
अद्भुत	57
कुत्ते	57
टुकड़ा	57
निकलना	57
पीने	57
बैंक	57
सबूत	57
अभिमन्यु	57
ऊर्जा	57
चलता	57
दिखा	57
आइए	56
चाकू	56
दल	56
हवाई	56
मम्मी	56
इतिहास	56
लड़ने	56
चीज	56
गरीब	56
जेरी	56
विमान	56
शीर्ष	55
बाल	55
सरस्वती	55
सका	55
जाऊँगा	55
गिरफ्तार	55
ला	55
लगे	55
एहसास	55
मस्तिष्क	55
सीखा	55
देवताओं	55
संपत्ति	55
समीर	54
जैरी	54
उठाया	54
अपराध	54
संख्या	54
तलवार	54
रहेगा	54
अभिशाप	54
डाकू	54
वृद्धि	54
लाना	54
रिकॉर्ड	54
खुला	54
बजाय	54
दवा	54
अध्ययन	54
भूत	54
मैनें	54
बारिश	54
हरा	54
हिरण	54
खोलो	54
हंसी	54
श्रीमती	54
प्यारा	54
चुरा	54
जगदीश	54
जनरल	53
रॉक	53
हस्ताक्षर	53
प्रभावित	53
शर्मिला	53
बदलाव	53
असंभव	53
अधिकारी	53
छुट्टी	53
ताकत	53
मिरैन्डो	53
सपने	53
माना	53
चाहेंगे	53
चलाने	53
लिखा	53
मौजूद	53
हासिल	53
भरा	53
प्रिया	53
हल	53
राजकुमारी	53
जरा	53
सपनों	53
मजबूर	53
सलाह	52
प्रत्येक	52
एंटोन	52
खान	52
हुह	52
प्रेम	52
व्यवहार	52
सोचना	52
दिव्या	52
इंसान	52
स्थानीय	52
माइक	52
परेशानी	52
हटो	51
हांफते	51
सराहना	51
डैड	51
सैनिक	51
नज़र	51
एजेंट	51
शक	51
खेलने	51
चुंबन	51
आदमियों	51
पारित	51
कावेरी	51
कॉपी	51
असल	51
लगाना	51
गहरी	51
डालो	51
कीमत	51
खरीदने	50
अलार्म	50
फंस	50
आम	50
चीज़	50
शक्तिशाली	50
चेतावनी	50
चलेगा	50
छेद	50
चोर	50
हों	50
पाँच	50
अमेरिकी	50
रखता	50
एंडर	50
मुलाकात	50
बच्ची	50
बुलाओ	50
स्टीफन	50
ट्रक	50
टिकट	50
वास्तविक	50
भूख	50
सीमा	50
बैठे	50
पड़ेगा	50
आधा	50
पासपोर्ट	50
जेम्स	50
चलना	49
मंत्री	49
बताता	49
बनने	49
परोपकारी	49
व्यवस्था	49
संभावना	49
क्लार्क	49
एल	49
मिलकर	49
बढ़िया	49
कोने	49
आठ	49
साइकिल	49
प्रयास	49
मज़ा	49
धन	48
छोड़कर	48
स्टीव	48
मैन	48
प्रमुख	48
व्यक्तिगत	48
बॉक्स	48
शुरुआत	48
नृत्य	48
पैरों	48
डिंग	48
छात्र	48
जीना	48
दुख	48
प्रदर्शन	48
साफ़	48
दुर्घटना	48
छाया	47
मैक्स	47
बड़ा	47
मार्टिन	47
खूनी	47
बनाता	47
किसने	47
आंखों	47
लिफ्ट	47
रुकिए	47
शर्म	47
दादी	47
मुँह	47
निजी	47
समस्याओं	47
लटका	47
मालूम	47
तकनीक	47
बनना	47
पो	47
खरीद	47
जाम	47
गीत	47
पपी	47
बर्लिन	47
नेतृत्व	46
अवसर	46
नींद	46
बदमाश	46
शिवा	46
शर्मिंदा	46
तहत	46
लूँगा	46
सालों	46
घड़ी	46
रोते	46
शर्त	46
खतरे	46
गुरू	46
नशे	46
कारों	46
यो	46
लड़	46
शॉट	46
ज्ञान	46
मिस	46
पुरस्कार	45
पिछली	45
तंग	45
गार्ड	45
फिल	45
कैसी	45
दोपहर	45
दस्तक	45
मूल	45
किनारे	45
निकलो	45
दया	45
अजु	45
कमरा	45
भावना	45
संघर्ष	45
मुंह	45
प्रदान	45
दिखता	45
मशीन	45
अपमान	45
जिसका	44
चलने	44
प्यारे	44
नजर	44
कार्यक्रम	44
जानवर	44
उड़	44
चुना	44
जाएं	44
विश्व	44
खतरा	44
पढ़	44
बढ़ो	44
पेट	44
पैक	44
नाव	44
उपहार	44
लौट	44
रूसी	44
वरना	44
लात	44
स्मार्ट	44
बातचीत	44
एकदम	44
पड़	44
अंडे	43
सैन	43
चिल्लाती	43
मछली	43
मान	43
पांडा	43
भीख	43
पुष्टि	43
खयाल	43
लूंगा	43
मेहनत	43
नारंगी	43
मौसम	43
पढ़ा	43
लंदन	43
हालत	43
बिक्री	43
उल्लंघन	43
बनो	43
दबाव	43
बॉबी	43
जीतने	43
जोखिम	43
विक	43
मारना	43
दृश्य	43
लाभ	43
बोतल	42
सुझाव	42
मिलेंगे	42
शेर	42
कमी	42
ट्रैक	42
जरुरत	42
आधार	42
पकड़ने	42
इधर	42
सैन्य	42
रे	42
अविश्वसनीय	42
संबंध	42
जाऊंगा	42
बल्कि	42
रोको	42
मामला	42
कहेंगे	42
बनाए	42
संयुक्त	42
तोड़ने	42
लंबी	42
कहती	42
विशाल	42
गाड़ी	41
ज़ीउस	41
नियम	41
पहुंच	41
आशीर्वाद	41
समझता	41
बनाई	41
थीं	41
चार्ल्स	41
लगाया	41
दौरा	41
विन्सेंट	41
धक्का	41
ज़रूरत	41
सैनिकों	41
जाग	41
नाइल्स	41
देती	41
सीटी	41
जेब	41
वर्ग	41
भूलना	41
शून्य	41
थक	41
चली	41
ऋण	41
शैतान	41
पाते	41
टोनी	41
बचाया	41
सुपरमैन	41
पत्थर	41
केंद्र	41
राक्षस	41
सजा	40
दास	40
जितना	40
छिपा	40
प्रशिक्षण	40
सुप्रभात	40
विदेशी	40
रखते	40
जिससे	40
ढंग	40
एलियास	40
अभ्यास	39
बह	39
चालक	39
धमकी	39
शब्दों	39
बहादुर	39
साला	39
मांग	39
विभाग	39
ध्वनि	39
वेन	39
सूरज	39
अंगूठी	39
खाते	39
लंबा	39
सहायता	39
अनुभव	39
मि	39
बातों	39
आसानी	39
विरोध	39
वीडियो	39
कान	39
पहुँचने	39
पकड़ा	39
सिखाया	39
बूढ़े	39
कर्नल	39
शुद्ध	39
इसने	39
आकार	39
फिल्म	39
चालू	39
मम	39
बर्फ	39
जायेंगे	39
धूल	39
गंदे	39
मा	39
अंधेरे	39
सूपर	39
रहेंगे	39
जरूरी	39
लड़की	39
आधे	39
वेगास	38
मंजिल	38
अनुसार	38
आवाज़	38
केल	38
चाहिये	38
उचित	38
दौर	38
रोना	38
संदेह	38
शिकायत	38
लूट	38
गधा	38
मोड़	38
मिलेगी	38
स्मृति	38
दिख	38
पक्षी	38
बचाव	38
गली	38
पूर्ण	38
सकें	38
पीते	38
कटौती	38
मनुष्य	38
सीता	38
सुश्री	38
जानने	37
रुपये	37
छू	37
दिखाओ	37
क्रिस	37
अस्तित्व	37
कुंजी	37
भैरवा	37
इन्हें	37
जवान	37
मूल्य	37
जीने	37
पुराना	37
सफल	37
छोड़	37
रसोई	37
गाना	37
चिकित्सा	37
बियर	37
पुत्र	37
बिली	37
फूल	37
मिट्टी	37
अधिकारियों	37
कूद	37
दोष	37
स्थापित	37
अंकल	37
विधायक	37
काश	37
आखिर	37
सोचने	37
प्रतिक्रिया	37
अधिकतम	37
पीटर	36
सुपर	36
चक्कर	36
वॉकर	36
कमाल	36
दिखाना	36
एलेन	36
गुस्सा	36
मित्र	36
चाहे	36
इकट्ठा	36
साले	36
हार्ले	36
जॉनी	36
कंप्यूटर	36
काफ़ी	36
उधार	36
हफ्ते	36
आकाश	36
शिक्षा	36
जूते	36
बेला	36
पैंट	36
देखता	36
अनुरोध	36
क्षण	36
भले	36
वानर	36
निवेश	36
प्रेमिका	36
टुकड़े	36
गोलियों	36
स्टार्क	35
निर्भर	35
पवित्र	35
शुक्र	35
चर्चा	35
एमिली	35
फिलिप	35
उनको	35
दफन	35
टॉरंस	35
निकालो	35
हजारों	35
जिंदगी	35
जंग	35
कार्यवाही	35
स्थानांतरित	35
संजय	35
मानो	35
बिंदु	35
नायक	35
जेन	35
दर्ज	35
गंध	35
उल्लेख	35
आएगा	35
भाषण	35
हथियारों	35
बनाओ	35
पेश	35
लौटने	35
साझा	35
छोड़ो	35
देवियों	35
अर्जुन	35
वोट	35
ठंड	35
मीटर	35
कारखाने	35
खींचो	35
सहायक	35
प्लीज	35
घटिया	35
कैमरा	35
मजा	35
सफेद	34
जीता	34
अदालत	34
मादी	34
रोशनी	34
जाहिर	34
रुपए	34
छी	34
बाईं	34
जनाब	34
क्रिस्चियन	34
तैयारी	34
हजार	34
लकड़ी	34
खोल	34
धीमी	34
वन	34
पेरिस	34
मंदिर	34
गर्दन	34
बिग	34
दम	34
हू	34
दुखी	34
कीजिये	34
विकसित	34
अतीत	34
उठाओ	34
गिनती	34
खाया	34
जाएँगे	34
अन्यथा	34
उंगलियों	34
लगती	34
क्यूं	34
बी	34
बेहतरीन	34
गेट	33
रॉबी	33
चालाक	33
जिम्मेदारी	33
रद्द	33
फल	33
व्यापारी	33
बोला	33
मजेदार	33
पार्क	33
संयंत्र	33
दर	33
खोलने	33
खरीदा	33
मांस	33
डेटा	33
रहस्य	33
सीखना	33
परिणाम	33
शनिवार	33
कार्रवाई	33
टोपी	33
टॉवर	33
संयोग	33
फ्रेंच	33
अनुमान	33
ठंडा	33
टेलर	33
तट	33
सिपाही	33
गिरा	33
रुद्र	33
घंटों	33
डरा	33
पागलपन	33
पसंदीदा	33
परमेश्वर	33
उद्देश्य	33
पॉल	32
डबल	32
प्रतिशत	32
बुरे	32
मुक्का	32
वीं	32
कला	32
विक्टर	32
न्याय	32
पायलट	32
महिमा	32
भेजने	32
स्वतंत्रता	32
घाव	32
जरूर	32
कैम्प	32
किसका	32
नकली	32
कड़ी	32
अतिरिक्त	32
कागज	32
गर्मी	32
छुटकारा	32
शिविर	32
यूनियन	32
अक्सर	32
सागर	32
काफ़ी	32
मरम्मत	32
ड्रागो	32
पहन	32
स्पैरो	32
ईमानदारी	32
बल	32
आवश्यक	32
करोगी	32
गैस	32
करूं	32
पहने	32
बंदर	31
घटना	31
प्रभाव	31
याकूब	31
ज़िंदा	31
निकाला	31
सदस्य	31
महीनों	31
बहाना	31
मामलों	31
दिखते	31
आंटी	31
काटने	31
ब्लॉक	31
रॉनी	31
अंतरिक्ष	31
छिपाने	31
नदी	31
डेविड	31
हिंसा	31
दूं	31
सम्मेलन	31
तंत्रिका	31
वॉल्शी	31
बैठते	31
गायन	31
सवार	31
पेशकश	31
विज्ञान	31
लगते	31
पड़ेगा	31
बचपन	31
अलेक्जेंडर	31
नाराज	31
उम्मीदवार	31
दोषी	31
रहती	31
कानूनी	31
बदतर	31
कहानियों	31
उदास	31
किसके	31
टेम्पलटन	31
रुकें	31
धरती	31
भालू	31
चकमक	31
तेल	31
ड्रैगन्स	31
आत्मसमर्पण	31
ताजा	31
फिट्ज़पैट्रिक	31
कुत्ता	31
पहाड़	30
हड़ताल	30
बचने	30
आंखें	30
चुनाव	30
महोदया	30
सुनते	30
प्रकृति	30
धूप	30
मेंहदी	30
ब्लैक	30
छोड़ना	30
दौड़	30
एकमात्र	30
मोबाइल	30
मरना	30
सफलता	30
हेनरी	30
पंच	30
द्वीप	30
चिकित्सक	30
करूँ	30
हट	30
मसीह	30
जलवायु	30
ड्रॉप	30
बहाव	30
किससे	30
बावजूद	30
भारतीय	30
योग्य	30
लुइस	30
उसको	30
विषय	30
लाइसेंस	30
सींग	30
अधिकांश	30
अर्थ	30
मार्शल	30
जादूगर	30
मंच	30
निधन	30
प्रेस	30
बेचने	30
समझौता	30
बगल	29
जल	29
शूटिंग	29
भेजें	29
हिकप	29
न्यू	29
गेंद	29
साहस	29
बीप	29
विस्तार	29
देरी	29
ब्राईस	29
इसको	29
बनाते	29
जिसमें	29
पिज्जा	29
रोम	29
एहसान	29
अनुबंध	29
जैसी	29
पर्यावरण	29
दूँ	29
पुल	29
अंतर्गत	29
दृष्टि	29
मार्ग	29
जिसके	29
घोड़े	29
अपराधी	29
कोबरा	29
चार्ली	29
साम्राज्य	29
दिखाता	29
प्रतियोगिता	29
दीवारों	29
रोज	29
अस्पष्ट	29
जहाजों	29
पाउंड	29
फसल	29
करेगी	29
नकारात्मक	29
नियुक्ति	28
बदबू	28
वेन्डी	28
ऊगवे	28
कार्ली	28
बॉब	28
बने	28
स्वाद	28
चींटी	28
प्रक्रिया	28
जर्मन	28
किताब	28
चीन	28
बड़ी	28
डरते	28
चेक	28
क्लब	28
लाखों	28
क्लीटस	28
मिलो	28
मुबारक	28
आरोप	28
कुल	28
लगाओ	28
मीजा	28
चुड़ैल	28
ड्रोन	28
बेल्ट	28
मेज	28
पोशाक	28
दिलचस्प	28
जमा	28
वू	28
चीज़	28
दोबारा	28
परे	28
न्यूयॉर्क	28
पुताई	28
रखेंगे	28
बाथरूम	28
नियंत्रित	28
जानवरों	28
वजन	28
समझने	28
पीड़ित	28
कमान	28
जागो	28
सोमवार	28
फ़ोन	28
तथ्य	28
मंजूरी	28
बेवकूफ़	28
टैक्सी	28
शोर	28
देवता	28
अभियान	28
किस्मत	28
शिशु	28
मारता	28
गुरुत्वाकर्षण	28
तेज़	28
नीतू	28
मिठाई	28
ज़्यादा	28
आतंकवादी	28
होगे	28
बदसूरत	27
दोगे	27
त्वचा	27
सच्चाई	27
सहयोगी	27
स्वर्ग	27
डेव	27
सबक	27
बेहद	27
मिलियन	27
डैडी	27
ट्रेन	27
काले	27
भाषा	27
जिम्मेदार	27
दोस्ती	27
बोर्ड	27
कक्षा	27
लीजिए	27
पकड़े	27
बीमा	27
मलेशियाई	27
नौ	27
अंधी	27
फ़ाइल	27
वालों	27
डोम	27
बूढ़ा	27
आकर	27
बालों	27
दावा	27
बुद्धिमान	27
क्षमता	27
कब्र	27
महारानी	27
बंदूकें	27
रखती	27
दिए	27
सुनना	27
लगातार	27
डिग्री	27
गा	27
चीनी	27
स्वतंत्र	27
हड़ताल	27
खोखले	27
बेड़े	27
असफल	27
अफसोस	27
बुलाना	27
प्रबंधक	27
बाइक	27
सरल	27
खिड़की	26
क्रिसमस	26
सरकारी	26
घृणित	26
हटा	26
जून	26
नाक	26
पेय	26
रेड	26
बिल	26
कैमरून	26
हास्यास्पद	26
मानते	26
जहाज़	26
लीये	26
देकर	26
नाटक	26
भला	26
समझदार	26
सोवियत	26
सचमुच	26
मई	26
आमंत्रित	26
रोटी	26
अल्फोंस	26
पहाड़ों	26
सोना	26
आखिरकार	26
मायने	26
साधारण	26
पैकेज	26
नागरिक	26
धत	26
गोवा	26
पेशाब	26
खेत	26
कैरल	26
संस्कार	26
जंगली	26
धातु	26
तस्वीरें	26
काई	26
कारोबार	26
जाति	26
साहेब	26
खिड़कियाँ	26
खुली	26
स्थिर	26
गाँव	26
सोरबोन	26
देशों	26
हैरान	26
किसे	26
खाँसी	26
फिट	26
छोड़ता	26
अभिनय	26
खुले	26
प्रशिक्षित	26
दिखाया	26
वचन	26
बैठा	25
तारीख	25
पुस्तकालय	25
उदाहरण	25
सार्वजनिक	25
जाल	25
शुरु	25
प्राचीन	25
पूजा	25
रॉबर्ट	25
पूछता	25
नक्शा	25
फोटो	25
ज्यादातर	25
मरे	25
लुई	25
ईमानदार	25
आयोजित	25
ब्रेक	25
छूट	25
हॉर्न	25
अवैध	25
स्ट्रीट	25
दाँत	25
लेती	25
परियोजना	25
छुओ	25
जिप्सी	25
आसमान	25
सीआईए	25
आओगे	25
हमसे	25
सुनी	25
तनाव	25
दिशा	25
सक्रिय	25
मे	25
आमतौर	25
घोषणा	25
लेन	25
खेलते	25
वर्तमान	25
साथियों	25
माल	25
मैच	25
आयी	25
दीदी	25
दुर्गा	25
मैने	25
कोरिया	25
मॉर्निंग	25
मीडिया	25
अड्डे	25
छूने	25
पिस्तौल	25
भैया	25
शाही	25
इनकार	25
झटका	25
बहस	25
राष्ट्रीय	25
सीज़र	24
पिंजरे	24
अज्ञात	24
नीले	24
संस्कृति	24
थोड़ा	24
पक्षियों	24
औरतों	24
सर्वश्रेष्ठ	24
वेल्स	24
रात्रि	24
सीख	24
त्वरित	24
डॉन	24
द्वार	24
आधी	24
नमक	24
हमनें	24
यकीनन	24
कोबा	24
मर्दों	24
सेक्स	24
अभाव	24
देवी	24
मज़ाक	24
डिजाइन	24
विभाजित	24
ज़िंदगी	24
केंद्रित	24
खूब	24
स्विच	24
लोइस	24
दांत	24
आज्ञा	24
स्नान	24
तू	24
निगरानी	24
बॉन्ड	24
खोने	24
शिव	24
गंदी	24
अल्लाह	24
कठोर	24
जिला	24
रूस	24
प्रसिद्ध	24
ब्रूस	24
चयन	24
अयूब	24
आदत	24
अनुग्रह	24
स्वयं	24
सुधार	23
क्	23
स्नातक	23
सप्ताहांत	23
एला	23
लांच	23
बाघ	23
विश्वविद्यालय	23
विफल	23
रस	23
नोट	23
आक्रमण	23
इंतज़ार	23
प्रतिभा	23
संघ	23
पुस्तक	23
मिस्टर	23
टूथलेस	23
लागू	23
हीरो	23
समाधान	23
दलाल	23
ज़रा	23
सीधी	23
जनजाति	23
रेगिस्तान	23
मनुष्यों	23
उठाने	23
रोल	23
काला	23
प्रश्न	23
घायल	23
छुपा	23
चंद्रमा	23
भर्ती	23
लेसे	23
सूचित	23
बताते	23
आभारी	23
जोड़ी	23
नयी	23
घातक	23
शाप	23
नियमों	23
प्रधान	23
बिल्ली	23
टैंक	23
सभा	23
वाम	23
भव्य	23
रखी	23
चीयर्स	23
पेंटिंग	23
गंभीरता	23
वंगारी	23
कर्तव्य	23
समझाने	23
ऑनलाइन	23
लोड	23
समान	23
आईटी	23
गोथम	23
प्रोफेसर	23
टाइगर	23
महाराजा	23
कचरा	23
ढूँढ़	23
उठ	23
भरने	23
किसान	23
भावनाओं	22
जासूस	22
हिलना	22
गर्भवती	22
जायेगा	22
प्रयोगशाला	22
पारा	22
चुनौती	22
बैकअप	22
कैशे	22
चाहो	22
सीढ़ियों	22
लिख	22
गांवों	22
हनीफ	22
रेखा	22
दर्शकों	22
किराए	22
गंदा	22
विचारों	22
मरा	22
यादों	22
जोकर	22
सलाम	22
जीते	22
पहुंचे	22
हालात	22
बत्रा	22
देखिए	22
शेखर	22
सबकुछ	22
विजेता	22
निर्दोष	22
दिल्ली	22
तभी	22
हँस	22
राख	22
गीला	22
बलिदान	22
दैनिक	22
हिटलर	22
कक्ष	22
दूध	22
संकट	22
प्रिये	22
उद्घोषक	22
गिरने	22
रवाना	22
मुस्लिम	22
उतना	22
क्षेत्रों	22
मूड	22
सम्मानित	22
समारोह	22
कब्जा	22
साशा	22
चमक	22
मित्रों	22
ग्रे	22
लेट	22
जयराम	22
उबाऊ	22
डिक	22
कंधे	22
मारी	22
बोझ	22
मिसाइल	22
पिल्ला	22
फायदा	22
ओके	22
उपकरण	22
लागत	22
शर्ट	22
ग्रेट	22
प्रभावी	22
चर्च	22
ड्यूक	22
बढ़ा	22
प्	22
भूखा	22
गला	22
भाइयों	22
निकलने	22
चाहूँगा	22
डुफ्रेन	21
सिस्टम	21
निकालने	21
चावल	21
अर्ल	21
नाथन	21
क्रीप्टोण	21
प्लीज़	21
राज	21
जगहों	21
डा	21
रोजी	21
डील	21
बचे	21
पाप	21
बीज	21
माफ़ी	21
वापसी	21
चलाना	21
जुनून	21
धोने	21
मुख्यमंत्री	21
सिद्धांत	21
ओवर	21
गेंदों	21
समाचार	21
पीढ़ी	21
बैठिये	21
बंगलौर	21
वेश्या	21
आईडी	21
बीवी	21
सिवाय	21
उतारो	21
क्रोध	21
खजाना	21
शेख	21
आकर्षित	21
ऑपरेशन	21
शासन	21
नेताओं	21
राजनीतिक	21
शहद	21
औरतें	21
राय	21
जिसने	21
बलात्कार	21
जलाने	21
प्रथम	21
कैमरे	21
पड़ता	21
सिर्फ़	21
तत्काल	21
लैवेंडर	21
बताएँ	21
परिवहन	21
इनके	21
सुनाई	21
बराबर	21
श्श्श	21
सज्जनो	21
हिसाब	21
ग्रेडी	21
रोमांटिक	21
बंधक	21
कमीनों	21
पंक्ति	21
केक	21
भेड़िया	21
प्रबंधन	21
गुच्छा	21
रैले	21
चीफ	21
रातों	21
पहनने	21
गिरफ़्तार	21
बचत	21
वामो	21
अंतर	21
जैगर	21
मुस्कान	21
धरने	21
कुचल	21
रोनाल्ड	21
निर्धारित	21
बैप्टिस्ट	21
पौधे	20
हैदराबाद	20
फ्लाइट	20
सिगरेट	20
दुल्हन	20
मज़ाक	20
मुंबई	20
परीक्षा	20
एडवर्ड	20
प्रस्तुत	20
व्यक्त	20
अन्दर	20
उत्साही	20
घोड़ा	20
इरादा	20
निवास	20
एयरपोर्ट	20
तीसरे	20
सर्दियों	20
सत्य	20
अफ्रीका	20
थोड़े	20
आपत्ति	20
चॉकलेट	20
लूसी	20
नर्स	20
बीस	20
जैकेट	20
डूब	20
नोटिस	20
होली	20
बेडरूम	20
रन	20
समुदाय	20
बजती	20
कप	20
अहम	20
स्ट्राइकर	20
बारबरा	20
देशी	20
घुटने	20
कहूँ	20
कनेक्शन	20
शहरों	20
पिटाई	20
जाया	20
कारणों	20
वैज्ञानिक	20
क्रूर	20
लोहे	20
तीसरा	20
कर्मचारी	20
जटिल	20
पकाने	20
आलू	20
जितनी	20
दवाओं	20
फ़्रैंक	20
नाइट	20
रोकना	20
चित्र	20
वैन	20
मध्य	20
सबके	20
सौभाग्य	20
किसानों	20
छूना	20
व्यवसाय	20
राहत	20
एंटोनियो	20
क्रॉस	20
नकद	20
सिंहासन	20
अनुसंधान	20
मिश्रण	20
हमे	20
टन	20
दारा	20
सीक्रेट	20
विपरीत	20
बाहरी	20
ब्लू	20
पड़ोसी	20
शिक्षक	20
एस	20
खोला	20
लाता	20
पढ़ने	20
मोर्चे	19
चिकन	19
गायक	19
कामयाब	19
गहरा	19
मानसिक	19
होनी	19
मछलियां	19
मोटी	19
चुपचाप	19
सत्ता	19
थोड़ी	19
खारिज	19
रामोन	19
कट	19
भय	19
फ्रैंक	19
प्रतिबंध	19
समलैंगिक	19
लोगो	19
उसमें	19
जिन्होंने	19
खरगोश	19
वैसा	19
माला	19
डरावना	19
साफ़	19
एलेक्स	19
हिल	19
गरम	19
तेरा	19
जादुई	19
बचाओ	19
अपराधियों	19
रोका	19
रॉय	19
खोलें	19
तलाक	19
ईंधन	19
वाक़ई	19
अटक	19
डेक	19
उत्साहित	19
शेरिफ	19
परिवारों	19
इसीलिए	19
सूचना	19
दुर्भाग्य	19
ग्राहकों	19
डालेंगे	19
यादें	19
आधारित	19
होंगी	19
पाना	19
कांच	19
बंकर	19
बहनों	19
गलतियों	19
सर्विस	19
आयोजन	19
खाओ	19
क्रेडिट	19
चिल्लाता	19
पीना	19
मीटिंग	19
माहौल	19
चमत्कार	19
बनी	19
मार्च	19
लापता	19
डालेगा	19
काँगस्ट्रप	19
खोजना	19
खुदाई	19
एशिया	19
साधन	19
किम	19
पाता	19
पशु	19
एडी	19
विकास	19
सौंपा	19
आंदोलन	19
कागजात	19
रास	19
छात्रों	19
बदले	19
आधिकारिक	19
चट्टानों	19
रविवार	19
स्थापना	19
मेहमान	19
घूम	19
नकल	19
लड़ी	19
प्रेरणा	19
टी	19
लेगा	19
अनुकूल	19
लड़ना	19
सफाई	19
नाग	19
दरार	19
खातिर	18
कमीना	18
रोजर	18
नैट	18
भागने	18
अगला	18
परिसर	18
प्रशंसक	18
चलाता	18
नन्दन	18
जोनास	18
कचरे	18
प्रधानमंत्री	18
किराया	18
सैली	18
शिकारी	18
डाटा	18
वेलेंटाइन	18
सामग्री	18
बटुआ	18
अंक	18
सूखे	18
आत्महत्या	18
इनहेलर	18
डराने	18
मम्म	18
दबी	18
मेहुल	18
छोड़ा	18
आपराधिक	18
होशियार	18
सटीक	18
पेट्रा	18
स्टार	18
चचेरे	18
फुट	18
बाबुल	18
नाश्ता	18
ब्राउन	18
त्रिशूल	18
वस्तु	18
रीजेंट	18
भूमिका	18
एलएलएम	18
परिधि	18
फ्रॉ	18
गठन	18
चुपके	18
जिन्हें	18
जिंग	18
ज़रूर	18
खींचने	18
ख़तम	18
सुअर	18
फ्लैट	18
जंगलों	18
हज़ार	18
दान	18
बैंड	18
पहेली	18
संगठन	18
गिरोह	18
हज़ार	18
चूहे	18
खरोंच	18
सितारों	18
देखे	18
कराया	18
माँगती	18
मालकिन	18
व्यर्थ	18
पद	18
ब्रह्मांड	18
न्यूटन	18
दरअसल	18
कार्बन	18
अग्रिम	18
धिक्कार	18
लव	18
पदार्थ	18
हनी	18
डीके	18
तीस	18
कैरिना	18
अरब	18
निदेशक	18
नवजात	18
अति	18
नागरिकों	18
एकजुट	18
प्लास्टिक	18
भ्रम	18
सुविधा	18
खेलना	18
घरों	18
राक्षसों	18
पृष्ठ	18
एह	18
स्वस्थ	18
वाहन	18
भागों	18
बंदरगाह	18
बुराई	18
पंख	18
तार	18
श्वास	18
आश्चर्यजनक	18
आपूर्ति	18
मुद्दा	18
बोलती	18
मामूली	18
जिमी	17
एवन	17
हारे	17
भयभीत	17
यॉर्क	17
पेट्रोल	17
अनाथ	17
हॉल	17
ठहरो	17
राजकुमार	17
खुशबू	17
माँगने	17
मिटा	17
चढ़	17
सायरन	17
शराबी	17
कॉर्प	17
शेयर	17
पाए	17
ज़रूरी	17
ग्रीन	17
कैद	17
अपमानित	17
पढ़ना	17
तुम्	17
गवाह	17
भ्रमित	17
भूखे	17
केन्या	17
शौचालय	17
बिल्डिंग	17
बादल	17
डैरेन	17
कविता	17
यूरोप	17
मेल	17
उपचार	17
पर्वत	17
निपटने	17
ट्रिगर	17
भाभी	17
गुजर	17
संबंधित	17
नकदी	17
होकर	17
भेजना	17
धूम्रपान	17
इशारा	17
बाँध	17
रहोगे	17
सैकड़ों	17
सड़कों	17
शैली	17
माँगता	17
स्पीकर	17
प्रगति	17
यद्यपि	17
नीला	17
अमरीकी	17
पोस्टर	17
यहूदा	17
यौन	17
एयर	17
बेचते	17
कार्यकर्ता	17
ग्राहक	17
शिष्टाचार	17
घास	17
घूमने	17
हस्तक्षेप	17
रहीं	17
कर्मचारियों	17
खेती	17
क्यू	17
चाबियाँ	17
काली	17
लारा	17
खाल	17
शीफ़ू	17
रखे	17
बेहोश	17
सिर्फ़	17
कोरियाई	17
तैनात	17
पॉप	17
यूं	17
बोली	17
ऑलसेन	17
शपथ	17
अल्फा	17
अंधा	17
असाधारण	17
किलो	17
क्लासिक	17
प्रतिभाशाली	17
निराश	17
जुड़े	17
कवच	17
पेड़ों	17
पट्टी	17
मिलती	17
सह	17
छल्ले	17
वाकई	17
वेतन	17
प्रेरित	17
साइन	17
मुकाबला	17
अचल	17
हाब्स	17
यात्री	17
भेड़ियों	17
पहुंचने	17
शेष	17
चींटियों	17
तहखाने	16
सच्चा	16
विशेषज्ञ	16
सुराग	16
वित्तीय	16
कैरोल	16
उतर	16
मुसलमानों	16
बूंद	16
ध्वज	16
कैसल	16
कौशल	16
ब्रिस्टल	16
रोड	16
अपहरण	16
उन्होनें	16
क्लाइमेट	16
मानवता	16
दाढ़ी	16
फार्म	16
भरी	16
ऊह	16
दुखती	16
चािहए	16
मुकदमा	16
रोने	16
धीमा	16
ओउ	16
सहन	16
िफर	16
खाद्य	16
डालने	16
पहुँचा	16
कायर	16
आऊंगा	16
शीघ्र	16
समझना	16
हद	16
ज्ञात	16
बर्दाश्त	16
वी	16
जीजाजी	16
संभवतः	16
हटाओ	16
कोट	16
जुआ	16
गतिविधि	16
प्राकृतिक	16
निराशा	16
मर्द	16
ब्रूक्स	16
उद्योग	16
पारंपरिक	16
पहनते	16
जश्न	16
लक	16
अकेली	16
लूथर	16
तुर्की	16
चलाओ	16
पाल	16
नफ़रत	16
सर्दी	16
स्वास्थ्य	16
समझी	16
अफ़सोस	16
हेले	16
वायु	16
गहने	16
कैथी	16
गुस्से	16
दादा	16
फटा	16
हिस्से	16
वीटो	16
रोगी	16
बेल	16
देखी	16
शूट	16
आदी	16
कहें	16
अप्रैल	16
टोरेटो	16
रूक	16
नियमित	16
पुजारी	16
तरफ़	16
उत्पादन	16
सिटी	16
बेवकूफों	16
तीसरी	16
लडकी	16
आँसू	16
पृष्ठभूमि	16
चाबी	16
गुर्राता	16
उतरो	16
शास्त्री	16
ब्लेड	16
मुख्यालय	16
मुद्दे	16
बैंगलोर	16
उत्तम	16
रिचर्ड	16
कामना	16
बयान	16
बकाया	16
संसाधनों	16
बोलता	16
बकबक	16
स्टील	16
झील	16
इनमें	16
भावुक	16
ल्यूक	16
विवाह	16
टेबल	16
लेक्स	16
स्थानों	16
इकाइयों	16
विनाश	16
स्वादिष्ट	16
स्वाभाविक	16
निर्माता	16
दृष्टिकोण	16
जीभ	16
यम	16
गबन	16
घुट	16
सीधा	16
जनता	16
बू	16
चैनल	16
विक्टोरिया	16
महाराज	15
चाँद	15
आकर्षक	15
मार्गदर्शन	15
सुनवाई	15
पेंडेंट	15
काटा	15
इंजेक्शन	15
प्रभावशाली	15
हेलिकॉप्टर	15
तरीकों	15
वार्डन	15
स्लाइड	15
मनहूस	15
स्पेशल	15
खदान	15
निकलते	15
पतली	15
केंट	15
राष्ट्र	15
टाई	15
गोलियां	15
बाएं	15
गूगल	15
सॉफ्टवेयर	15
कृप्या	15
हें	15
फर्श	15
कीजिय	15
विज्ञापन	15
दफा	15
पर्स	15
बटुए	15
ट्रंक	15
धो	15
सेक्सी	15
शुल्क	15
पूछें	15
डालते	15
पड़ेगी	15
जहर	15
फसलों	15
चीख	15
साड़ी	15
गाड़ी	15
चुराया	15
बच्चो	15
मैल्कॉम	15
लाये	15
बढ़	15
हफ़्ते	15
दोगी	15
प्रोटोकॉल	15
वालर	15
रेवेन	15
कोपेनहेगन	15
अवरुद्ध	15
बुलाते	15
दामाद	15
निकालना	15
बर्क	15
ज़रा	15
बेबे	15
हिमलर	15
बनाती	15
बोलने	15
खड़ी	15
अपार्टमेंट	15
अंग्रेजी	15
आतंकवादियों	15
घोषित	15
लुकास	15
किताबें	15
हाँफना	15
खोना	15
दर्जन	15
समझती	15
वैध	15
यू	15
फर्म	15
शाखा	15
करूंगी	15
श्रेणी	15
जाऊं	15
नहीँ	15
आंकड़ा	15
फुटबॉल	15
प्रभारी	15
स्रोत	15
ज़्यादा	15
सिखा	15
अजनबी	15
पुष्पांजलि	15
रिहा	15
सॉरी	15
झुंड	15
कैपिटल	15
सौंदर्य	15
सार्जेंट	15
विंग	15
कोर्ट	15
एमिर	15
चाहें	15
वसंत	15
इंस्पेक्टर	15
डॉक्	15
वातावरण	15
उड़ाते	15
रुके	15
दिलचस्पी	15
अंधेरा	15
ब्रिटिश	15
सीडी	15
इंच	15
उपलब्ध	15
आँख	15
बिताया	15
समर्पित	15
संदिग्ध	15
पहनना	15
आपातकालीन	15
हटाने	15
स्तन	15
पड़े	15
छुआ	15
रस्सी	15
चलती	15
सीईओ	15
पड़ी	15
दांव	15
हत्यारा	15
प्रतिबद्ध	15
आएगी	15
हँसती	15
स्पेनिश	15
ताला	15
साइड	15
नक्शे	15
बजा	15
सहयोग	15
नामक	15
विरासत	15
उतार	15
सोचती	15
बढ़ने	15
हड्डी	14
रोनी	14
पैरोल	14
विभिन्न	14
भंग	14
श्रृंखला	14
मानक	14
उपस्थिति	14
पैदल	14
पैमाने	14
सिफारिश	14
स्वभाव	14
संध्या	14
खिड़की	14
मुमकिन	14
स्थल	14
गिरावट	14
ब्याज	14
नासा	14
सेब	14
कोर	14
डायन	14
महामहिम	14
दक्षिणी	14
ग्रिड	14
निशाना	14
दिलाने	14
दिला	14
साइट	14
उपशीर्षक	14
पाओगे	14
चार्ट	14
व्यायाम	14
ड्रिल	14
दूँगी	14
रूबी	14
टाइम	14
गूंज	14
कत्जा	14
तापमान	14
उपयुक्त	14
घुसपैठ	14
ऑटो	14
मनाने	14
बैठने	14
चंगा	14
ढीला	14
वास्तविकता	14
मक्खी	14
शारीरिक	14
चाहीये	14
लहर	14
कीसी	14
लड़के	14
सहानुभूति	14
संलग्न	14
अस्वीकार	14
नीच	14
जयकार	14
लगाकर	14
सकेंगे	14
रेस्तरां	14
जामी	14
जाइए	14
डिवाइस	14
आइसक्रीम	14
कहे	14
निकला	14
मेट	14
डेल्टा	14
हरे	14
पश्चिमी	14
शोरूम	14
विलियम्स	14
वक्ताओं	14
हेलेन	14
समझौते	14
सोफे	14
चलाते	14
मिथक	14
घूर	14
अंतरराष्ट्रीय	14
स्थित	14
हड़पने	14
कुशल	14
प्रतिष्ठा	14
कुल्हाड़ी	14
मानता	14
बैठता	14
पूल	14
रोमांचक	14
मोहिनी	14
स्टॉइक	14
यान	14
प्रचार	14
झंडा	14
दरवाज़ा	14
होल	14
अदा	14
उत्सव	14
ठग	14
बिखर	14
बचाई	14
धूर्त	14
बेन	14
सेंसर	14
दायर	14
स्थायी	14
लिसा	14
एम्बुलेंस	14
बूम	14
ज़ोर	14
वापिस	14
कैप्टन	14
कर्ज	14
जीईएसी	14
हार्पर	14
चाह	14
जादूगरनी	14
पत्नियों	14
खाड़ी	14
डैनिश	14
सदस्यों	14
फांसी	14
निहित	14
कोमा	14
इनको	14
बेकेट	14
मिसाइलों	14
मनोरंजन	14
सुरंग	14
बढ़ें	14
मैदान	14
सहमति	14
ढेर	14
रेगी	14
सुलेमान	14
बहाल	14
ईश्वर	14
शिक्षित	14
खासकर	14
एंग्लो	14
शापित	14
टोटेम	14
टॉम	14
कुत्तों	14
लाइनों	14
लेनी	14
अत्यधिक	14
सटन	14
उत्सुक	14
प्रतिनिधि	14
हार्ड	14
साजिश	14
टेक	14
रुचि	14
उत्परिवर्तन	14
पर्ची	14
दशक	14
चतुर	14
बटन	14
नम्बर	14
इकाई	14
छड़ी	14
सफ़ेद	14
जिसकी	13
धोखाधड़ी	13
आऊँगा	13
रहेगी	13
आश्वस्त	13
बचाना	13
चोरों	13
नर्वस	13
सोया	13
पोस्ट	13
टुकड़ों	13
मखौल	13
लोक	13
मिर्च	13
मनोरोगी	13
टोस्ट	13
संवाददाता	13
ऑक्सीजन	13
बूढ़ी	13
प्रभात	13
जिम्मी	13
फ़र्क	13
लास	13
झूठे	13
सूर्य	13
बलि	13
लकी	13
दयालु	13
राज्यपाल	13
अल्फ्रेड	13
हुयी	13
फैल	13
ऑफिस	13
दिवस	13
धनुष	13
वानरों	13
जर्मनी	13
संभावित	13
लैंडिंग	13
निरीक्षक	13
फ्रांसिस	13
पीट	13
दूतावास	13
जुड़ा	13
दुश्मनों	13
ऊब	13
पड़ा	13
शुक्रवार	13
दौरे	13
खिड़कियों	13
आदर्श	13
कैप्सूल	13
फॉर्मिकस्	13
खोया	13
कबूल	13
हुक	13
तकनीकी	13
अनुरूप	13
नवीनतम	13
आंसू	13
चित्रों	13
श्रेष्ठतम	13
रूसियों	13
सलाखों	13
डिनर	13
स्टेनर	13
टेरी	13
कृपा	13
हिंसक	13
अनुचित	13
हरी	13
बीट्राइस	13
बेटों	13
अल	13
मरीज	13
सनकी	13
दूल्हे	13
अंगूर	13
यातायात	13
बुखार	13
संभालो	13
रहूंगा	13
चूंकि	13
मज़ा	13
आवाज़	13
धैर्य	13
खांसी	13
कोशिकाओं	13
जोड़	13
चार्ज	13
सुनकर	13
मरते	13
पीटा	13
जरुरी	13
मार्था	13
क्षितिज	13
सूप	13
पहाड़ी	13
दबाकर	13
पाएंगे	13
डाली	13
इंटरव्यू	13
संचालन	13
हटना	13
बगीचे	13
परिचित	13
बजाना	13
सभ्य	13
ड्राइवर	13
काल	13
नग्न	13
टैटू	13
देखोगे	13
बदलना	13
हंसता	13
मारते	13
अंग	13
खाई	13
विश्लेषण	13
बेचैन	13
फायरमैन	13
विकिपीडिया	13
कांग	13
रुकना	13
कैमरों	13
गद्दार	13
डोंट	13
बैल	13
दिक्कत	13
अर्जित	13
उपर	13
पढ़ाई	13
कीगन	13
मजदूर	13
आधुनिक	13
मीरा	13
ख़ुशी	13
चरण	13
बिट	13
सूअरों	13
लड़का	13
हेल	13
सुअरों	13
कार्लस्सन	13
आयरन	13
इनकी	13
बजता	13
चरित्र	13
अवधि	13
दंडित	13
भेड़	13
डटे	13
कोच	13
कीड़े	13
अस्थिर	13
राशि	13
पाला	13
गूंगा	13
कोल्ट्स	13
अस्थायी	13
अखबार	13
दुखद	13
एमी	13
बीन	13
मोरेल	13
प्रसारण	13
ऑफ	13
कमीज	13
कैरियर	13
इस्तीफा	13
ब्रावो	13
जीव	13
उत्तरी	13
सशक्त	13
पाठ	13
ऑफ़	13
चिड़िया	13
देगी	13
लाए	13
प्रसारित	13
शोक	13
सावधानी	13
कहूं	13
सिसिली	13
कच्चे	13
उत्तेजित	13
लॉक	13
सख्त	13
सदी	13
लगाएं	13
लॉन्च	13
पाइप	13
घृणा	13
मुद्दों	13
विवरण	13
चट्टान	13
एरेट	13
लॉन	13
पूछताछ	13
टाइग्रेस	13
ताकतवर	12
व्रत	12
उपाय	12
तुझे	12
परिस्थितियों	12
दोनो	12
रेवती	12
मकदूनियाई	12
ऑर्डर	12
नानाजी	12
रेत	12
हालाँकि	12
निलंबित	12
सिरे	12
सेल्समैन	12
मज़ेदार	12
सवालों	12
वारंट	12
ज़िंदगी	12
हाई	12
अनु	12
आकर्षण	12
अनुवाद	12
पवन	12
कनेक्ट	12
परी	12
महल	12
यूनानियों	12
बीमारी	12
फिसल	12
वली	12
ट्यूमर	12
दु	12
मोहन	12
नज़र	12
माँग	12
काउंसिल	12
भरे	12
यातना	12
पंप	12
ड्रिंक	12
मीठा	12
बताए	12
पनीर	12
हक	12
व्हिस्की	12
फ्रेम	12
जमानत	12
व्यावहारिक	12
मोहसिन	12
धरना	12
फ़ीड	12
हत्यारे	12
उपनाम	12
पायलटों	12
प्लेन	12
तालाब	12
चाहोगे	12
तातसुहेइ	12
बेचारा	12
पाती	12
नश्वर	12
गिलास	12
यंग	12
हेवुड	12
नील	12
खच्चर	12
प्रिंट	12
पूर्वी	12
डालूंगा	12
ठोस	12
ग्रहों	12
जनजातियों	12
सोता	12
बर्ताव	12
राज्यों	12
दोहराने	12
नक्शेकदम	12
परिषद	12
पूछते	12
गाने	12
चीज़ें	12
दिखने	12
रनवे	12
मोटा	12
लूंगी	12
डालता	12
डाकुओं	12
ड्यूटी	12
भागना	12
सैर	12
खुलता	12
कीफे	12
आंतरिक	12
चूक	12
झूठा	12
अधिनियम	12
मैसेडोनिया	12
निकलें	12
समझो	12
भतीजे	12
वार्ता	12
यात्रियों	12
चार्ल्सटन	12
खेलो	12
हरमन	12
मार्क	12
झपकी	12
गांड़	12
गिरफ़्तारी	12
ऐल्फ़ा	12
पिन	12
बारह	12
पूंजीवाद	12
उधर	12
छीन	12
वफादार	12
मासूम	12
एकत्र	12
मजदूरी	12
संरक्षित	12
नेड	12
गुलाम	12
एकल	12
असामान्य	12
मंडल	12
शाबाश	12
खाती	12
रॉकेट	12
आयाम	12
सैंडविच	12
अत्याचार	12
मऊ	12
खड़े	12
लेखक	12
हमलों	12
विफलता	12
छवि	12
जे	12
विकिरण	12
होंठ	12
खोलना	12
बड़े	12
सलाहकार	12
मकान	12
रूम	12
राजी	12
आर्थिक	12
रहूँगा	12
कार्यकर्ताओं	12
अवज्ञा	12
टेप	12
पहनता	12
मारिया	12
सेनाओं	12
रक्षक	12
विरोधी	12
लॉयड	12
अंधे	12
गन	12
बाड़	12
हकदार	12
पेशेवर	12
मौके	12
वारिस	12
शुभकामनाएँ	12
जींदगी	12
अमरीका	12
भेंट	12
छोड़कर	12
लिली	12
सब्जी	12
अलाई	12
गार्डन	12
शरण	12
आनंदित	12
सालमन	12
कब्रिस्तान	12
चाहूंगा	12
ऑफ़िस	12
पांडु	12
बाधा	12
नाटकीय	12
प्रशंसा	12
सिखाने	12
रिश्वत	12
सेवानिवृत्त	12
दयनीय	12
परेड	12
गुरु	12
वाइस	12
गणना	12
मेडिकल	12
किसलिए	12
जोनाथन	12
चीज़ें	12
सॉयर	12
जुलाई	12
हत्यारों	12
घुस	12
रणनीति	12
लगना	12
गलतफहमी	12
अमांडा	12
ऑफ़लाइन	12
वर्जीनिया	12
वार	12
क्रूस	12
युग	12
वोर्री	12
एंड्रयू	12
ईजेकील	12
मियाँ	12
हैरी	12
मिस्र	12
वरिष्ठ	12
लोगे	12
वकीलों	11
आपदा	11
प्रतिस्पर्धा	11
धंधे	11
जनसंख्या	11
मेकर	11
टेलीफोन	11
डेस्क	11
दानव	11
यूँ	11
हर्षा	11
पहुँचे	11
दबा	11
अगस्त	11
ख़राब	11
जुड़वां	11
उज्ज्वल	11
बताओगे	11
लालची	11
सिंह	11
मात्रा	11
अस्पष्टता	11
उलमन	11
सेंट	11
ग्रीस	11
बदलें	11
पचास	11
बालक	11
गोदाम	11
अधिकारों	11
धर्म	11
लैरी	11
भूकंप	11
पाकिस्तान	11
समानता	11
ऐतिहासिक	11
महानगरों	11
वितरित	11
किसकी	11
अत्यंत	11
रावण	11
सेल्स	11
विक्रेता	11
बैठना	11
दावत	11
होल्ड	11
विशेषाधिकार	11
दबाओ	11
खुराक	11
बैंकों	11
निकोल	11
बहादुरी	11
डांस	11
रिक	11
दिये	11
धड़कन	11
निकले	11
बाध्य	11
सितारा	11
कामरेड	11
बंधे	11
मुड़ें	11
राह	11
जाओगी	11
संग	11
बीयर	11
एक्स	11
दिखती	11
मूर्खों	11
मॉडल	11
खिलौना	11
प्रजाति	11
जाऊँ	11
नौजवान	11
डीएनए	11
वफादारी	11
सामाजिक	11
कंपनियों	11
पुर्तगाली	11
टेनेसी	11
हेतु	11
रुकावट	11
शादीशुदा	11
गाल	11
पहना	11
चौकीदार	11
स्क्वर्ट	11
हॉन	11
लगने	11
मेक्सिको	11
तोप	11
ब्रांड	11
जिद्दी	11
सशस्त्र	11
कोडेक्स	11
डरो	11
गैर	11
ग़लत	11
क्रांति	11
उड़ाने	11
पहुचने	11
महारत	11
लिखना	11
पेंच	11
बीत	11
लूं	11
कैदी	11
हानि	11
आबादी	11
इंटरपोल	11
उलझन	11
सहयोगियों	11
मिलाया	11
यक़ीन	11
नाविक	11
चिप्स	11
सुई	11
फट	11
बाहों	11
जिले	11
पुनर्निर्माण	11
लोकतंत्र	11
आज़ाद	11
कोल	11
बेईमानी	11
मैंटिस	11
पड़	11
पीला	11
ड्राइविंग	11
थप्पड़	11
महंगा	11
जीन	11
लमेरिकेन	11
मीनाक्षी	11
चांदनी	11
कमांड	11
डंपलिंग	11
बाप	11
एस्किमो	11
श्रद्धांजलि	11
खुफिया	11
आंख	11
शिकागो	11
नताशा	11
मैगी	11
आरंभ	11
घावों	11
सिवा	11
विजय	11
मिशेल	11
प्रतीक	11
दस्तावेज़	11
अपमानजनक	11
मिलाना	11
पका	11
डेविना	11
हॉट	11
बतख	11
भेजो	11
चढ़ाई	11
प्रदेश	11
गज	11
गुना	11
कैंडी	11
ट्राइडेंट	11
शिक्षण	11
सुनता	11
निर्देश	11
मुफ़्त	11
मोरो	11
एफबीआई	11
घंटा	11
लेकीन	11
दंगों	11
चलेंगे	11
लीक	11
फाइल	11
मूर्खता	11
चुनने	11
बदबूदार	11
उत्तराधिकारी	11
हेलमेट	11
बढ़ता	11
जोड़े	11
बेचना	11
एजेंसी	11
प्रशिक्षु	11
तोड़ा	11
चुभन	11
थोडा	11
ब्रैंडन	11
ईर्ष्या	11
संरक्षक	11
भविष्यवाणी	11
उपयोगी	11
योजनाओं	11
ट्रैक्टर	11
टूटे	11
मेडम	11
पकड़	11
इतालवी	11
सातवें	11
महत्व	11
विस्फोटक	11
स्वीटी	11
बंदूकों	11
सुनेंगे	11
समृद्ध	11
बोलना	11
कष्ट	11
भाषी	11
ओय	11
फ़ैक्ट्री	11
निरीक्षण	11
रुकने	11
खनिकों	11
कामुक	11
कलाकार	11
सर्कस	11
ड्रेगन	11
मुर्गी	11
तबाह	11
लक्षण	11
जानी	11
छिपकर	11
हथकड़ी	11
सच्चे	11
मुट्ठी	11
रॉब	11
बर्फ़	10
लड़कियां	10
मालिश	10
जाके	10
आर्य	10
घोड़ों	10
कोयला	10
कण	10
स्टाफ	10
समझाना	10
टीमों	10
जीवों	10
फ़िलिप	10
फ़ौरन	10
मक्खन	10
मिलाकर	10
जबतक	10
मतदान	10
जलन	10
गहरे	10
घबराओ	10
सच्ची	10
बर्तन	10
मिमी	10
स्काउट	10
लाते	10
चहकती	10
समिति	10
सम्राट	10
निचोड़	10
देसाई	10
सेर	10
माउंट	10
बेचा	10
फूलों	10
चिल्लाया	10
दाम	10
शरद	10
ट्रेसी	10
ओवरलुक	10
रिक्शा	10
सत्यानाश	10
गोलियाँ	10
बरबाद	10
चिपके	10
गुलाब	10
निर्देशांक	10
गाइड	10
प्रतिष्ठित	10
प्रोग्राम	10
वाल्टर्स	10
क्यूबा	10
सालो	10
फिदा	10
संचार	10
अंडा	10
तेरी	10
एंड	10
हंस	10
बढ़ना	10
अराजकता	10
भाला	10
नाजुक	10
शॉपिंग	10
इराक	10
बलों	10
हफ्तों	10
मलयाली	10
वश	10
जलता	10
मामा	10
थैला	10
बेतुका	10
क्षणों	10
सिक्का	10
दाहिने	10
जिन्दा	10
डंप	10
संभालने	10
रोपण	10
बुद्धि	10
कुंजू	10
वर्दी	10
भाड़	10
पावर	10
मशहूर	10
दिलाना	10
बुनियादी	10
निष्पादित	10
एकजुटता	10
पौधों	10
हराया	10
इलाके	10
विधवा	10
लड़ो	10
हु	10
उल्टी	10
चुनते	10
किलोमीटर	10
टूटी	10
मुताबिक	10
गठबंधन	10
स्वचालित	10
सिक्के	10
तिजोरी	10
हीथ्रो	10
डॉना	10
जायेगी	10
चिल्लाना	10
खलिहान	10
असमर्थ	10
सहज	10
गोल्फ़	10
पीए	10
खेतों	10
योद्धाओं	10
निराशाजनक	10
तारीफ	10
शिखर	10
तुम्हीं	10
संदर्भ	10
प्रकट	10
स्कोर	10
राजाओं	10
मुन्ना	10
देखती	10
रेंजर	10
इजाज़त	10
गिरि	10
समर्पण	10
नैरोबी	10
पहिया	10
पाठ्यक्रम	10
नहींं	10
बढ़ा	10
बुल	10
टीयर	10
सतह	10
क्षतिग्रस्त	10
कही	10
तस्कर	10
अनंत	10
आपात	10
स्थगित	10
पैतृक	10
फ्रे	10
सबकी	10
सुनेगे	10
क्रम	10
पापों	10
ब्लैकमेल	10
वस्तुओं	10
थोड़े	10
ऊंचाई	10
भटक	10
धत्त	10
मंजूर	10
विस्तृत	10
नामुमकिन	10
खरीदना	10
सबका	10
बंदा	10
फारस	10
कश	10
प्रजा	10
कहूँगा	10
गंतव्य	10
मुद्रा	10
ढूंढ	10
ब्रागा	10
चकित	10
फ्लू	10
धार्मिक	10
मार्टी	10
ग्रेड	10
पहुंचना	10
पहुच	10
फोर्स	10
विदा	10
सस्ता	10
तोहफा	10
स्टोन	10
चुन	10
संरक्षण	10
काबू	10
विशिष्ट	10
मेजर	10
लीडर	10
करा	10
मलबे	10
रथ	10
घाटी	10
जेट	10
टॉलेमी	10
एल्फ़	10
डालना	10
अन्याय	10
सको	10
परिचय	10
घात	10
फेंकने	10
नौकर	10
नाते	10
बल्ला	10
मारकर	10
विपक्षी	10
कीमती	10
चमकदार	10
निमंत्रण	10
स्टोर	10
अवश्य	10
सिद्धांतों	10
दिखेगा	10
ढाल	10
डेट	10
डार्लिंग	10
मशाल	10
पालतू	10
हार्बर	10
जगाने	10
एडिसन	10
पड़ेगी	10
दिलाता	10
नीचा	10
बल्लेबाजी	10
जीप	10
कॉम	10
सुने	10
हाथी	10
सीखने	10
बची	10
तैरना	10
दूंगी	10
जासूसी	10
हममें	10
चीर	10
तुममें	10
परमिट	10
बिताए	10
मार्कर	10
चादर	10
मुफ्त	10
बांध	10
कथा	10
दिखाएँ	10
बेब	10
ग्रस्त	10
तोड़ने	10
दूत	10
आवेदन	10
साउथ	10
खोजो	10
सील	10
बैटरी	10
खोपड़ी	10
यहूदी	10
क्रिप्टोनियन	10
कर्ट	10
पीढ़ियों	10
विंस्टन	10
निष्क्रिय	10
महिलाएं	10
बुलेट	10
वंश	10
मंत्र	10
घरेलू	10
सीमित	10
छोटू	10
आजकल	10
डरने	10
रिसाव	10
स्पर्श	10
हलचल	10
रैली	10
हिंदू	10
हाटो	10
ग्रीक	10
भुगतना	10
बारटेंडर	10
दुर्लभ	10
पत्रिका	10
नो	9
दुर्भाग्यपूर्ण	9
भूमिगत	9
जिन्दगी	9
मात्सु	9
लीनी	9
एम्बर	9
बेड़ा	9
ठंडी	9
टेलीविजन	9
फ़्यूरी	9
उदयगढ	9
प्रशंसकों	9
वॉल	9
एशियाई	9
फाटक	9
गिगल्स	9
उर्दू	9
आयेगी	9
कहूंगा	9
बेसमेंट	9
ऑन	9
तरफ़	9
लाती	9
थके	9
द्वितीय	9
बेसबॉल	9
चूहा	9
मशीनों	9
आश्रय	9
टेक्सास	9
विचलित	9
कोर्स	9
हीरे	9
आएंगे	9
क्रीम	9
हटाना	9
कहकर	9
मुड़ो	9
ख़त्म	9
मालिकों	9
होलोवे	9
जरूरतों	9
नामित	9
चालीस	9
वर्णन	9
पत्रकार	9
किट	9
शौक	9
विपक्ष	9
बल्ली	9
क़ब्ज़ा	9
सैकंड	9
गोरा	9
विडो	9
नैन्सी	9
सियोल	9
तीखी	9
बुदबुदाते	9
खिलवाड़	9
डार्सी	9
हेलीकाप्टर	9
बनता	9
मैरी	9
डटकर	9
सुंदरता	9
शॉवर	9
कमजोरी	9
कुर्सी	9
एसेक्स	9
लिआ	9
अवगत	9
इनाम	9
गिटार	9
मौरीन	9
नन्हा	9
पसीना	9
विकृत	9
मीठी	9
उप	9
सूख	9
दस्ताने	9
चश्मा	9
भेजे	9
ट्रेस	9
टूर	9
प्रेत	9
मिंक	9
खरीदें	9
लड़ा	9
प्रोत्साहित	9
लौटे	9
साक्षात्कार	9
अच्	9
लड़ाई	9
पदों	9
चेन	9
निकास	9
इटली	9
डॉग	9
यूसुफ	9
इंटरनेट	9
ब्लैंकार्ड	9
तल	9
पंद्रह	9
प्रोजेक्ट	9
फँस	9
सज़ा	9
बोनस	9
लिंग	9
घोंसले	9
चलाई	9
केस	9
गुदगुदी	9
फ़्रांसिस	9
दादाजी	9
गवाही	9
लौटना	9
बेवकूफ़	9
हॉप	9
बोबो	9
क्रिप्टन	9
लड़ेंगे	9
मुखौटा	9
संतुलन	9
बैठेंगे	9
ऑफ़	9
फाड़	9
राजनीतिज्ञ	9
उतरना	9
समझाया	9
फैसले	9
सोफुस	9
हैलोरन	9
गुफा	9
किंग	9
सुरंगों	9
घटनाओं	9
संन्जा	9
लाजवाब	9
चौकी	9
संग्रह	9
टैक्स	9
धोबी	9
समीकरण	9
पैट्रोल	9
पेंशन	9
दुसरे	9
स्वार्थी	9
मित्राविन्दा	9
घेर	9
शर्तों	9
केविन	9
पथ	9
लेबल	9
जीतना	9
अन्ना	9
गिरफ्तारी	9
विशालकाय	9
माने	9
मोइरा	9
स्वर्ण	9
स्वच्छ	9
रिपोर्टों	9
नन्हें	9
बराबरी	9
कपड़ा	9
कार्लोस	9
क्षति	9
कू	9
अनुक्रम	9
फीर	9
मुर्गा	9
डरपोक	9
मैक्सवेल	9
गारंटी	9
सिएटल	9
सैनटिनो	9
पुनः	9
ट्रिडेंट	9
चिट्ठी	9
मरो	9
प्राणी	9
करवाया	9
आदेशों	9
सांसद	9
बजाए	9
हताश	9
छिपे	9
पियो	9
ओसवाल्ड	9
हिला	9
माउस	9
इलेक्ट्रॉनिक	9
अंतराल	9
विश्वासघात	9
वाक्य	9
नल	9
खेला	9
अधीन	9
कार्ल	9
भारती	9
मंगलवार	9
गर्जन	9
हं	9
पेज	9
रीक	9
टूटता	9
मांसपेशियों	9
लगाए	9
होमलैंड	9
हान	9
बेचता	9
मूल्यों	9
सड़	9
फ्लोरिडा	9
सीने	9
लंच	9
बीकन	9
तिथि	9
गुणवत्ता	9
तले	9
कमर	9
ज़िप	9
ब्रूनो	9
मैड्लिन	9
रिले	9
बिज़नेस	9
रेलवे	9
मूर्खतापूर्ण	9
निर्यात	9
लेखा	9
रॉयल	9
खरीदता	9
नीति	9
पागलों	9
जुंग	9
डालूँगा	9
पते	9
खलनायक	9
बारूद	9
मिया	9
उदार	9
बोर्डिंग	9
रियो	9
प्रसाद	9
रिच्ची	9
नाड़ी	9
फंदा	9
नीलामी	9
ब्रिटेन	9
सत्तारूढ़	9
रिश्ते	9
इन्हे	9
निकालें	9
ठिकाने	9
आखरी	9
संवेदनशील	9
संकोच	9
पैच	9
पोलाची	9
आतिशबाजी	9
स्वीडिश	9
सिंक	9
चिप	9
पड़े	9
चांदी	9
कमा	9
रूको	9
कसमें	9
झलक	9
बोर	9
वेंक	9
गौर	9
चिह्न	9
पौंड	9
दबाया	9
आलसी	9
हड्डियों	9
डरता	9
केरल	9
ताजी	9
क्रूगर	9
सबलोग	9
झुको	9
गृह	9
टिप	9
लिखने	9
प्रेयसी	9
लिटिल	9
धारण	9
तम्बू	9
मेरिना	9
बनाम	9
औपचारिक	9
जिन	9
किरण	9
निष्पक्ष	9
चुकाने	9
स्क्रीन	9
फली	9
यूनिट	9
आतंक	9
फ़ू	9
बांड	9
कुंग	9
दोस्तो	9
पोकर	9
दुष्ट	9
वाशिंगटन	9
विदाई	9
गतिविधियों	9
स्टॉप	9
छोड़ो	9
तुमे	9
सदा	9
एलिय्याह	9
दलों	9
ग्रहण	9
स्वीडन	9
उच्चतम	9
जिनके	9
भोर	9
चिल्लाओ	9
माफ़ी	9
सकोगे	9
विंडोज़	9
हेन्द्री	9
उपग्रहों	9
अंगूठे	9
इमारतों	9
नेटवर्क	9
अफवाहें	8
पछतावा	8
पाउडर	8
ईवा	8
चिंगारी	8
ब्रेंडन	8
कमज़ोर	8
वीजा	8
मिनटों	8
रिएक्टर	8
क्षमताओं	8
प्लेट	8
मुंडो	8
मेट्रो	8
तड़प	8
देवियो	8
परिपक्व	8
ज़ाहिर	8
सुकन्या	8
अधिकतर	8
आयेगा	8
खरीदारी	8
रोबोट	8
आंधी	8
टास्क	8
मोटर	8
नशेड़ी	8
शिक्षिका	8
संकल्प	8
आगजनी	8
समुदायों	8
बन्द	8
अनुदान	8
अनुसरण	8
घूमते	8
रखरखाव	8
शैरोन	8
स्वामी	8
एल्डरमैन	8
तेज़ी	8
माधव	8
शक्तियां	8
साक्ष्य	8
बैठी	8
घड़ी	8
जुड़ने	8
परंतु	8
किला	8
दिखावा	8
डिब्बे	8
आँसुओं	8
अपेक्षा	8
भागा	8
डालें	8
तलाशी	8
नगर	8
गीता	8
रसायन	8
छवियों	8
प्रौद्योगिकी	8
चारा	8
लड़कों	8
चूहों	8
आत्माओं	8
वक़्त	8
तथा	8
आमीन	8
अनुभवी	8
मल	8
बताऊँगा	8
गुंडे	8
डीजीपी	8
फोर्ब्स	8
स्कैनर	8
मौन	8
शस्त्रागार	8
गईं	8
बर्फ़	8
बचता	8
नाकारा	8
रैक्खम	8
फ़िनर्टी	8
ब्लॉग	8
दीजिये	8
परिपूर्ण	8
संशोधित	8
धुन	8
उम्मीदें	8
उठाना	8
जाऊँगी	8
गोद	8
जन	8
यूट्यूब	8
उपग्रह	8
विल्सन	8
सुलझा	8
नि	8
अनुवादक	8
खुल	8
उंगली	8
विडंबना	8
परित्याग	8
दरवाज़े	8
डैनियल	8
अनावश्यक	8
नाराज़	8
आनुवंशिक	8
सेक्रेटरी	8
फ़िर	8
कहोगे	8
फुसफुसाते	8
तेंदुए	8
ईगल	8
पूर्वज	8
वर्षीय	8
झंकार	8
विनिमय	8
पतलून	8
बर्नार्ड	8
निकासी	8
मूल्यांकन	8
दुबारा	8
गड्ढे	8
प्लान	8
सेवानिवृत्ति	8
केन	8
कलम	8
गाय	8
गायों	8
सदन	8
पत्ते	8
ट्रैकिंग	8
स्टॉर्मफ़्लाइ	8
दुश्मनी	8
अलगाव	8
केंद्रीय	8
टेड	8
ब्रांडी	8
अप्पु	8
बताएगा	8
झगड़ा	8
फ्रांस	8
उत्सर्जन	8
कील	8
टेस्ट	8
कैसीनो	8
हल्के	8
नकार	8
क़ब्ज़े	8
सादे	8
मंदी	8
लापरवाह	8
इंजीनियर	8
सीढ़ी	8
गोलीबारी	8
संगठित	8
टॉल्जन	8
ज्वालामुखी	8
चाउ	8
पैकिंग	8
आत्म	8
रोमन	8
खोजा	8
दीया	8
लैस्ज़लो	8
आईसीयू	8
बिताना	8
सकूँ	8
बंधन	8
आमलेट	8
लौ	8
नस्ल	8
होश	8
सकारात्मक	8
लॉकडाउन	8
कुकीज़	8
आख़री	8
तालिका	8
याचना	8
बाय	8
आदर	8
करेंगी	8
सौदे	8
गर्भ	8
लगेगी	8
ट्रांसमीटर	8
पौराणिक	8
गद्दे	8
पतन	8
हरेक	8
मेले	8
फटने	8
पीटने	8
सोते	8
मिलनी	8
देनी	8
जलने	8
पर्यटन	8
स्टेंज़	8
ईआर	8
पुलिसकर्मी	8
हैमिल्टन	8
काठी	8
बकरी	8
कमाने	8
कमर्शियल	8
मैनेजर	8
मंगेतर	8
बढ़ी	8
चुड़ैलों	8
चाहोगी	8
पड़ोसियों	8
आसूचना	8
फ़ॉर्म्यूला	8
कराने	8
पहुँचाने	8
वुल्फ	8
होऊँगा	8
तीव्र	8
पदक	8
जवानी	8
निरस्त	8
सब्स	8
गपशप	8
कम्पास	8
उत्साह	8
कोयल	8
अशुभ	8
परिपथ	8
जुड़	8
सांप	8
कब्जे	8
शुभारंभ	8
गहराई	8
लेके	8
नरायमा	8
पाउ	8
उत्पाद	8
भरना	8
फासो	8
बुर्किना	8
छुट्टियों	8
गम	8
गोलार्द्ध	8
मिलाने	8
मरथा	8
नरम	8
सचेत	8
कैप	8
अलबामा	8
वयस्क	8
पड़ने	8
अपवाद	8
निवासियों	8
अरस्तू	8
सीन	8
सिग्नल	8
विलाप	8
दरवाज़े	8
जेक	8
पहियों	8
शीर्षक	8
दिवालियापन	8
खिला	8
टब	8
प्रशासन	8
देशद्रोह	8
करवा	8
जानकर	8
चुने	8
काटना	8
दरवाज़ा	8
खनिक	8
आत्मघाती	8
विषयों	8
बांसुरी	8
दस्ते	8
तानाशाह	8
इनसे	8
क्यूँ	8
घोघा	8
ओरिन	8
तरक्की	8
ब्लूज़	8
अमर	8
क्यूंकि	8
जैक्सन	8
नाकाम	8
तुमें	8
सेंटर	8
रिकार्ड	8
बहरहाल	8
ढक्कन	8
कैम	8
भिखारी	8
चीज़े	8
आभार	8
संबोधित	8
अच्छाई	8
कैंसर	8
पर्ल	8
स्कॉटी	8
धमाका	8
अग्रणी	8
नर्क	8
एग्जाम	8
ढलाई	8
आगमन	8
पाएँगे	8
पिशाच	8
हँसी	8
चोकर	8
सोडा	8
उत्पन्न	8
तोड़	8
बुजुर्ग	8
बढ़ाने	8
झूठी	8
फ़ोटो	8
साहसिक	8
बदलते	8
तीनों	8
कोण	8
स्कडूश	8
बनते	8
घुटनों	8
खिल	8
छोडो	8
कुइंतेरो	8
धारीदार	8
प्रेसिडेंट	8
गोपनीय	8
ट्विटर	8
लड़ते	8
उजागर	8
मोरी	8
कार्यकारी	8
ठंडे	8
हाइड्रो	8
रोमांच	8
लॉग	8
जाऊंगी	8
पहुंचा	8
तस्करी	8
बाल्टी	8
माह	8
कंघी	8
कतार	8
रोग	8
घबरा	8
रिश्ता	8
प्रतिरोध	8
विधि	8
छोर	8
फीट	8
पहल	8
आयशा	8
लार्स	8
बस्ती	8
लघु	8
पढ़ाने	8
मलेशिया	8
त्रासदी	8
माया	8
शिफ्ट	8
डोमिनिक	8
टक्कर	8
चैटर	8
बकरा	8
लीए	8
जुदा	8
तीर	8
लोटस	8
दहेज	8
अक्षर	8
टाइटन	8
संग्रहालय	8
भयंकर	8
त्याग	8
पटेल	8
जूलिया	8
मुस्कुरा	8
फ्लैश	8
बिगड़	8
ब्रश	8
संबंधों	8
चेरी	8
दुर्घटनाग्रस्त	8
मुकाबले	8
शॉशैंक	8
उन्हे	8
चमगादड़	8
अधिकृत	8
खुजली	8
विराम	8
स्पीयर	7
पिंजरों	7
पीले	7
पढ़ता	7
उतनी	7
चाहेगा	7
कुकी	7
वाइट	7
वाइन	7
स्टूपिड	7
सराय	7
सहारा	7
गुलजार	7
एंडरसन	7
छुरा	7
फंड	7
निकलता	7
वेस्टास	7
जगा	7
बीच़	7
चूड़ियाँ	7
तारों	7
करुँगा	7
अभूतपूर्व	7
कीट	7
बंधकों	7
अतिवादी	7
मारोगे	7
निष्ठा	7
आदतों	7
स्माइथ	7
नेशनल	7
सुखद	7
रत्न	7
समापन	7
खुलासा	7
चकल्स	7
जापान	7
निर्देशित	7
जैवलिन	7
भ्रष्ट	7
लिखित	7
ओवल	7
मध्यम	7
कोल्टन	7
पटरियों	7
पंखों	7
बिल्ला	7
मुकुट	7
अपंग	7
जोरदार	7
जया	7
फ़िल्म	7
शीस्ट	7
ज़रूरी	7
झटके	7
अटैची	7
मॉम	7
जांए	7
नज़रें	7
मज़ाकिया	7
जिनमें	7
विशेषता	7
चुप्पी	7
बहाने	7
कसकर	7
अप्रत्याशित	7
दायरे	7
रिश्तेदार	7
उल्टा	7
प्रतिशोध	7
केसाकिची	7
फेजेलीन	7
योग्यता	7
गुजरती	7
नोराड	7
सफाया	7
कोठरी	7
आलोचना	7
संयोजन	7
राइफल	7
दिखाते	7
जब्त	7
दाग	7
फ्री	7
भतीजी	7
सुस्त	7
केतली	7
कयामत	7
धार	7
दस्तावेजों	7
सिलसिले	7
न्यायाधीश	7
फिल्मों	7
विवेक	7
वर्ना	7
शोषण	7
क्विन	7
रेंज	7
मासिक	7
चौथा	7
हंगरी	7
विषाक्त	7
हांगकांग	7
कैबिनेट	7
राजमार्ग	7
लौह	7
निर्मित	7
शॉर्टकट	7
ओवन	7
खाद	7
मसूद	7
वर्गीकृत	7
प्रजातियों	7
सीलास	7
आइडिया	7
श्मिट	7
भेजी	7
सैंजा	7
अपोलो	7
दशकों	7
प्रतिबिंब	7
लंगर	7
नशा	7
फारसी	7
उत्तरजीवी	7
खिलाने	7
अयोग्य	7
गॉड	7
राजधानी	7
संरेखण	7
प्रवक्ता	7
पीता	7
लड़ाकू	7
ओडिसी	7
अफ्रीकी	7
ईवनिंग	7
दंगा	7
ऐंबुलेंस	7
हैक	7
कोड़ा	7
जाँघिया	7
बंदी	7
खेलें	7
अनादर	7
आइटम	7
उत्कृष्ट	7
शनि	7
पहनी	7
अभिवादन	7
िक	7
दोहन	7
व्यवस्थित	7
रहस्यों	7
ग्रीम	7
मृतकों	7
मशीनरी	7
दोहरे	7
उफ़	7
रिजर्व	7
इकट्ठे	7
स्टारबोर्ड	7
परंपरा	7
महंगी	7
बड़ों	7
गोल	7
तबाही	7
फ़ैसला	7
बिजनेस	7
एल्विस	7
हॆ	7
नोट्स	7
संस्थान	7
पदार्थों	7
आय	7
तंत्र	7
पड़ोस	7
कैफे	7
मुक्ति	7
ऑपरेटर	7
बेस्ट	7
सिडनी	7
कर्मियों	7
प्रोमेथियस	7
फ्रैनसीन	7
कार्यालयों	7
रीगन	7
दिवालिया	7
उलटी	7
आनन्द	7
चक	7
जानें	7
भूतपूर्व	7
अवरोध	7
चूसने	7
रिज़	7
धोखेबाज	7
ऊनी	7
मिथकों	7
टिक	7
अलमारी	7
थंडर	7
शार्क	7
व्यूह	7
आपस	7
मलयालम	7
बार्न्स	7
आयेंगे	7
पायेंगे	7
मकाई	7
महत्वाकांक्षा	7
मांगों	7
बन्दूक	7
मजदूरों	7
डायपर	7
हिलो	7
नाह	7
यहूदियों	7
खटखटाया	7
अनुशासन	7
आजाद	7
बाढ़	7
सूजन	7
जल्दबाजी	7
ज़्यादातर	7
बर्बादी	7
अंततः	7
गर्मियों	7
सिग्ने	7
बैंग्टा	7
गुमनाम	7
अभिभावक	7
क्लोनिंग	7
वितरण	7
भौंकने	7
जज	7
कम्पनी	7
ओपन	7
स्कूटर	7
उद्धार	7
मुड़	7
दंत	7
शोध	7
नज़रों	7
सहेल	7
जरुर	7
वर्षा	7
बचाकर	7
मंगल	7
यक़ीन	7
टोक्यो	7
जिसमे	7
बट	7
टॉमेलिला	7
एलिजा	7
वहीँ	7
बैनर	7
कराना	7
सूखी	7
पुनर्विचार	7
बसने	7
फ़ायदा	7
शांतिपूर्ण	7
अस्थमा	7
बाएँ	7
हावी	7
फ्लिप	7
पटाखे	7
सुनेगा	7
थूक	7
संतुष्ट	7
लड़े	7
लीग	7
जलाया	7
चोंच	7
जेफरसन	7
कार्यवाहक	7
ठोकर	7
सितारे	7
नफ़रत	7
डेविस	7
संस्करण	7
कैंप	7
मेजबान	7
छोड	7
इंकार	7
लाइव	7
महत्वाकांक्षी	7
आदिवासी	7
पसीने	7
लॉकर	7
भुना	7
पराजित	7
जेनिस	7
बंगलुरू	7
निर्वासित	7
घूमना	7
फैंसी	7
लगाई	7
दोस्ताना	7
कोक	7
दिनांक	7
निम्न	7
उपद्रव	7
बढ़ते	7
स्टेसी	7
भलाई	7
जीतेगा	7
बलात्कारी	7
संगत	7
मोर्टेन	7
माफिया	7
स्कियारा	7
हटने	7
बाइबिल	7
जबरदस्त	7
प्रकरण	7
चचाजान	7
महीना	7
बरसात	7
हिलाना	7
मृतक	7
बसे	7
रहस्यमय	7
तकलीफ	7
गोश्त	7
जूस	7
बूथ	7
नरमी	7
लोकप्रिय	7
ब्राह्मण	7
पारी	7
बढ़ावा	7
साइकिलों	7
महाद्वीपीय	7
शस्त्र	7
उतरा	7
तान्या	7
कश्मीर	7
कार्लाइल	7
प्राथमिकता	7
गीली	7
आरामदायक	7
तारे	7
गलियारे	7
कबीले	7
पर्यटक	7
उपचुनाव	7
काकी	7
डालकर	7
दबाने	7
सफर	7
अनिवार्य	7
हनीमून	7
संभोग	7
रास्तों	7
कीमतों	7
हवाओं	7
शान्ति	7
हारने	7
मानवीय	7
जॉर्ज	7
हिप्पी	7
चयनित	7
मानती	7
पहचाना	7
ज़ोर	7
निर्वहन	7
टुकड़ा	7
पहनें	7
दफनाने	7
तीर्थ	7
उपवास	7
परहेज	7
वादे	7
पंचर	7
प्लग	7
केके	7
खनिज	7
त्रुटि	7
किसको	7
गट्ठर	7
बरकरार	7
फास्ट	7
लाइट	7
कूदो	7
अव्वल	7
संभाला	7
वाहक	7
कॉमरेड	7
यासीन	7
कैसर	7
बिन	7
कमाई	7
कुरान	7
माली	7
वोटिंग	7
मरती	7
थिएटर	7
बिल्लियों	7
मंकी	7
चाहिएँ	7
यहोवा	7
रखकर	7
ख़याल	7
मरेंगे	7
धन्य	7
बेरहमी	7
डब्ल्यूएचओ	7
विला	7
पहनो	7
बोरिंग	7
मर्सिडीज	7
हस्तमैथुन	7
गोला	7
शरारती	7
व्यवसायी	7
काँच	7
लैस	7
डेटाबेस	7
बॉर्डर	7
कूल्हे	7
जादा	7
बाज़ार	7
माताओं	7
महफ़ूज़	7
मॉल	7
बेवकूफी	7
खड़ी	7
करवाने	7
फालतू	7
फ़ैरल	7
रखेगा	7
मुसलमान	7
लियोनार्ड	7
अमेरिकियों	7
खिड़कियों	7
पार्किंग	7
तत्व	7
नियति	7
चिंताओं	7
चम्मच	7
अफ़ेयर	7
ख़ास	7
जेड	7
हर्ले	7
आरोपों	7
विष	7
ब्लडविस्ट	7
गुट	7
थायराइड	7
फ़ायदा	7
वैल	7
यानि	7
कमल	7
हुकुम	7
कांग्रेस	7
उठता	7
बे	7
गेराज	7
बहूत	7
उम्म	7
रणदेव	7
चीज़ों	7
पेंटागन	7
जेसी	7
पार्टियों	7
फ़िक्र	7
पलट	7
हताहत	7
सांभर	7
थर्मल	7
भावनात्मक	7
ढूँढो	7
पूर्वजों	7
मसीहा	7
वाल्शी	7
लंड	7
अपील	7
सदियों	7
नली	7
पिछवाड़े	7
पब	7
सूर्यास्त	7
बुक	7
रोज़	7
अपराधों	7
दफ्तर	7
कनाडा	7
हनुमान	7
चीखना	7
कुचलने	7
फ़ुट	7
बनाएँ	7
औसत	7
जाइये	7
नये	7
विविधता	7
दुरुपयोग	7
डकैती	7
ग्रेवी	6
रडार	6
आस	6
बिक	6
रिसेप्शनिस्ट	6
अतिक्रमण	6
सायन	6
महासागर	6
लूटने	6
चक्र	6
प्लस	6
ग़लती	6
राजद्रोह	6
गिन	6
निगल	6
कमांडो	6
रेप	6
पहुँचना	6
उपजाऊ	6
रहीम	6
एसिड	6
नस	6
अहंकारी	6
रहोगी	6
लहरों	6
डेनवर	6
जितने	6
इन्द्रधनुष	6
एक्सेस	6
लोगी	6
रेंजरों	6
सीमाओं	6
पिल्स	6
जेस	6
कठिनाइयों	6
उत्तीर्ण	6
घूमता	6
पुरस्कृत	6
कुक	6
निचे	6
चूसना	6
एएच	6
फेफड़ों	6
ख़त्म	6
जोड़ा	6
इको	6
पाई	6
परंपराओं	6
नमूना	6
निर्देशों	6
टांके	6
मूक	6
मूल्यवान	6
इरादे	6
मजे	6
डिटेक्टिव	6
ज़िक्र	6
कंधा	6
एलिवेटर	6
हाइ	6
गियर	6
स्वामित्व	6
रोता	6
हिंदी	6
फ्रांसिस्को	6
जेना	6
संसाधन	6
ढूँढ	6
यंत्रों	6
ब्लड	6
प्रदूषण	6
ब्ला	6
मानवजाती	6
परिक्रमा	6
कोलोराडो	6
जुअनितो	6
वीओ	6
कब्ज़ा	6
कगार	6
याददाश्त	6
मगर	6
स्वर	6
रिच	6
बडा	6
ओवरराइड	6
ख़तरे	6
बताये	6
चाहा	6
एलियंस	6
गौरैया	6
विनती	6
क्रूरता	6
ज़मीन	6
प्रतिबंधित	6
क्लाइड	6
प्रतीत	6
नज़दीक	6
बमबारी	6
फ्लोयड	6
वॉल्श	6
झेल	6
अटकलें	6
सिफ़ारिश	6
मुखौटे	6
पन्डु	6
आपातकाल	6
नं	6
टकराए	6
रोकता	6
िविग्गन	6
लक्षित	6
रिलीज	6
पैसों	6
तमाशा	6
सुनहरा	6
संस्था	6
फ़्लोर	6
बोल्ट	6
बरसों	6
मल्होत्रा	6
लालच	6
किक	6
ज़िंदादिल	6
निकाले	6
दोगुना	6
जुर्माना	6
स्पेस	6
खुदा	6
रिपब्लिक	6
धमाकेदार	6
नंगे	6
उपकरणों	6
वर्महोल	6
वादी	6
दवाई	6
कटोरी	6
नूडल्स	6
कुख्यात	6
मेहमानों	6
वाहनों	6
गाती	6
असहाय	6
क्वांटम	6
बोरी	6
पिकनिक	6
बहने	6
भौतिक	6
मोहित	6
पहुँचेंगे	6
गुड़	6
सीवर	6
लिटल	6
यंत्र	6
रंजीत	6
एकसाथ	6
फ़्रांसिस्को	6
क्लाउस	6
ब्रदर	6
गॉबर	6
ठेठ	6
आदि	6
गुलाबी	6
निवेशकों	6
संरचना	6
पीली	6
धारावी	6
नमूने	6
कूल	6
मज़ेदार	6
दर्शन	6
नियामक	6
दा	6
बुधवार	6
शर्मनाक	6
ऑमलेट	6
परिणामों	6
छोड़ते	6
माथे	6
डीवीडी	6
पाली	6
प्रभार	6
संगठनों	6
मांगनी	6
मौंके	6
अनुरक्षण	6
अहंकार	6
चुनें	6
कहानियाँ	6
तैनाती	6
चीज़ों	6
पंगा	6
सुइट	6
समन्दर	6
गुणा	6
मेंढक	6
क्रीक	6
दीन	6
ट्रॉय	6
रजिस्ट्रार	6
ओलिंप	6
अनुमोदन	6
रिसोर्ट	6
कबाड़	6
उन्नत	6
ग्लास	6
जुड़वाँ	6
हैकर	6
विभाजन	6
आग्रह	6
चौंका	6
मकसद	6
शिकायतें	6
जंजीरों	6
सुनहरे	6
मिनी	6
गुंडों	6
ताली	6
डे	6
नानी	6
बताऊँ	6
निदान	6
मौखिक	6
खुशखबरी	6
कॉलोनी	6
डायरी	6
आमने	6
टाइसन	6
मेज़र	6
सदस्यता	6
पड़ती	6
उमर	6
सजी	6
व्यक्तियों	6
नसों	6
संचालित	6
लिखते	6
अरबों	6
तब्दील	6
पासवर्ड	6
रिग	6
जैव	6
ओये	6
मुरली	6
कैडिलैक	6
निधि	6
सेनानियों	6
कूदना	6
मांसपेशी	6
पुन	6
असर	6
सविता	6
आँगन	6
ऐस्ट्रिड	6
छोड़ेंगे	6
अमाने	6
लौटा	6
नम्रता	6
ढूँढने	6
गाया	6
सब्जियों	6
स्क्वायर	6
लाश	6
सब्जियां	6
सड़क	6
बरामद	6
पतवार	6
लाएगा	6
अनमोल	6
उम्मीदवारों	6
रखूँगा	6
नौसिखिए	6
गश्ती	6
झुकना	6
कागजी	6
भरें	6
बुलाता	6
स्कैन	6
मस्त	6
व्याख्यान	6
बेस	6
ऑफ़िसर	6
ताज़ा	6
चचेरा	6
दिखे	6
यारो	6
स्पाइडर	6
सैक्स	6
सीटों	6
पराक्रमी	6
सकूँगा	6
निकट	6
सोचकर	6
पाएगा	6
गोपनीयता	6
शुभकामनाएं	6
बढ़ती	6
आवेक्षण	6
मौजूदा	6
ट्यूब	6
ढोने	6
प्रवचन	6
डिस्पैचर	6
गाली	6
हराने	6
विलुप्त	6
भांग	6
पवित्रता	6
झगड़े	6
नशीली	6
डेनमार्क	6
प्रकाशन	6
मुड़ना	6
मैग्नीशियम	6
निन्जा	6
नासरत	6
सभ्यता	6
पपीज़	6
ब्रदर्स	6
बाबा	6
सुनिए	6
बोले	6
अरशद	6
परिस्थिति	6
रजिस्टर	6
परामर्शदाता	6
चुहमूंहे	6
जिहादी	6
चीजे	6
अल्बानियाई	6
पतला	6
यादृच्छिक	6
ईसियाह	6
डीजल	6
खंडहर	6
सतर्क	6
स्टेन	6
पसलियों	6
मेरिआनि	6
गौरव	6
नजरअंदाज	6
नींव	6
मिरांडा	6
बाइबल	6
लटक	6
टिमोथी	6
उपभोक्ता	6
राष्ट्रों	6
कर्तव्यों	6
बीएमडब्ल्यू	6
बेंच	6
एक्ट	6
अद्यतन	6
आरती	6
हिरासत	6
गेहूं	6
दौड़ो	6
पहचानते	6
एलिस	6
चिकनी	6
मस्ती	6
एवेन्यू	6
योगदान	6
डोरिस	6
उठाए	6
ओरेकल	6
सिल्वर	6
बिताने	6
टीचर	6
परामर्श	6
छिपाना	6
लगाव	6
बादलों	6
मात्र	6
बड़बड़ा	6
पोते	6
झुकाव	6
सीखते	6
खोजें	6
दरगाह	6
क्रेन	6
कीजिएगा	6
तस्वीरों	6
दाखिल	6
प्रकाशित	6
कूच	6
झोपड़ी	6
दाएं	6
लेगी	6
पल्स	6
जूतों	6
ऊंचे	6
पेरी	6
पलक	6
स्ट्रेचर	6
वॉन	6
आवास	6
केले	6
पाइ	6
निर्णायक	6
युवक	6
वेगस	6
केवट	6
साइरस	6
मारविन	6
पहलू	6
हांफी	6
चिमनी	6
सम्मानजनक	6
नाश	6
निंदा	6
तुच्छ	6
मोटे	6
हैकिंग	6
करूँगी	6
विल	6
शत्रु	6
भेजता	6
छि	6
आंका	6
भूलने	6
शास्त्रीय	6
यौगिक	6
पूंछ	6
पोत	6
लूँ	6
फ़िट्ज़पैट्रिक	6
फायरब्रिगेड	6
सौंप	6
स्पीड	6
प्रक्षेपण	6
ख़ुद	6
बोरबॉन	6
बाँस	6
प्रेषण	6
पाउन्ड	6
फ़िल	6
पाउला	6
भाप	6
रूथ	6
प्ले	6
बल्ले	6
नन्हे	6
पाकिस्तानी	6
गब्बर	6
बर्बर	6
करेन	6
आपरेशन	6
रेसिंग	6
सेलफोन	6
हकीकत	6
खामोश	6
अयोध्या	6
धनुर्धारियों	6
जापानी	6
पुनर्जन्म	6
स्पीयर्स	6
छाल	6
चुनना	6
बचाते	6
झूले	6
अल्बर्ट	6
एसडीआई	6
हेड	6
सकी	6
कालभैरवा	6
पर्दे	6
महानगर	6
जल्लाद	6
प्रतिनिधित्व	6
डीलर	6
वौ	6
वैस्ट	6
मज़े	6
पर्दा	6
मरता	6
मध्यपूर्व	6
अध्यक्षता	6
रोचक	6
मेकअप	6
चुंबकीय	6
गिरना	6
ज़मीन	6
सीनेट	6
लौटें	6
जीतता	6
गड़बड़	6
इश्वर	6
ज्योति	6
नाश्ते	6
तथ्यों	6
दरवाजों	6
न्यूनतम	6
कपड़ों	6
ढूँढ़ना	6
वें	6
अबतक	6
ज़ाहिर	6
भाव	6
आड़ू	6
साबुन	6
ख़ुद	6
सिखाना	6
आउट	6
पड़ी	6
घमंडी	6
अधूरी	6
निवासी	6
छा	6
नाच	6
अनुस्मारक	6
कैदियों	6
काबिल	6
आर्घ	6
कारें	6
घेरा	6
अमोनिया	6
जाऊ	6
स्कीनी	6
बुश	6
फोरमैन	6
टिप्पणी	6
एमबीए	6
चुकाया	6
डिलीवरी	6
रिकॉर्डिंग	6
मैकेनिक	6
नामकरण	6
किस्त	6
बजना	6
श्रीलंका	6
किये	6
इसमे	6
बिता	6
दृढ़	6
ऑडियो	6
बहनें	6
फोकस	6
बताइए	6
संक्षिप्त	6
पिघल	6
अस्तर	6
तैरता	6
लगाते	6
सुदूर	6
सेबस्टियन	6
रिबका	6
मोर्स	6
शैतानों	6
गर्ल	6
उर्फ	6
गुच्छी	6
टेरेसा	6
करों	6
अनुशासित	6
वैश्विक	6
निष्कर्ष	6
मूवी	6
हफ़्ते	6
फर्जी	6
बचाता	6
गीजर	6
सीबी	6
शबाश	6
छुपाने	6
तथाकथित	6
मारेगा	6
ढूढ़	6
काटो	6
लिबरेशन	6
शाफ्ट	6
शीशे	6
विद्रोह	6
एडम	6
कामों	6
त्रिकोण	6
जेकब	6
हिलेगा	6
भंडार	6
टिकी	6
गर्क	6
अध्याय	6
बिछाने	6
शिट	6
तकनीशियन	6
सज्जन	6
शहरी	6
भेजते	6
पोर्क	6
शाहपुर	6
इंडियन	6
वसा	6
पुस्तकें	6
नोक	6
सेठ	6
हथौड़ा	6
शोभा	6
व्यावसायिक	6
असभ्य	6
स्टूडियो	6
सामुराई	6
लाकर	6
खिलाफ़	6
भागे	6
चिल्लाते	6
हेक्टर	6
साली	6
हिप	6
शक्तियों	6
दिनचर्या	6
टाइलर	6
आटो	6
लीरा	5
अब्बू	5
तमिज्ह	5
लम्बी	5
हँसते	5
पढ़ें	5
थैंक्स	5
हीटर	5
करी	5
डालोगे	5
स्वेच्छा	5
ताहेर	5
मार्कस	5
समूहों	5
सौर	5
घेराबंदी	5
भूतकाल	5
दुकानों	5
काफिले	5
करुगा	5
किले	5
एकत्रित	5
घटक	5
खोजेंगे	5
उतरने	5
पूजन	5
पोस्टिंग	5
पहुंचाया	5
वीर	5
मरी	5
कर्ण	5
सम्पत्ति	5
जायदाद	5
बढिया	5
बाड़	5
बांये	5
गुंशे	5
सकूं	5
उलटा	5
प्रेमियों	5
मजाकिया	5
रखनी	5
लाद	5
ओल्गा	5
रोलर	5
कमाया	5
सुनोगे	5
बुढ़ापे	5
रोवर	5
मग	5
सिरदर्द	5
कमाता	5
फंसाया	5
बेचकर	5
स्ट्रिंग	5
पत्नियाँ	5
फ्रिईस	5
तबियत	5
अफवाह	5
रेड्डी	5
सीरियल	5
आंगन	5
पिया	5
दिखाती	5
जुगनू	5
यिर्मयाह	5
बनेगा	5
नौकरियों	5
उद्धारकर्ता	5
पहुंचो	5
बजट	5
हेर्र	5
निल्स	5
मिलन	5
कृत्रिम	5
स्ट्रॉबेरी	5
खरीदी	5
दिखाएं	5
जाउंगी	5
हरामी	5
कमिटिड	5
व्याख्या	5
मम्मा	5
उन्हीं	5
चोटी	5
सुनें	5
ममम	5
दीवारें	5
सुविधाओं	5
मक्खियों	5
मैसूर	5
कंजूस	5
इंजिन	5
हिटमैन	5
रूड	5
भिनभिना	5
वेशभूषा	5
चढ़ो	5
बुद्धिमानी	5
स्लेट	5
आजा	5
रसोइया	5
बीन्स	5
चप्पू	5
चूमो	5
पत्रों	5
थोडी	5
करुणा	5
क्रूज	5
चरम	5
सार	5
किराये	5
इनका	5
बास्किन	5
बदमाशों	5
नायकों	5
फ्रिज	5
पकाना	5
नोटबुक	5
अतुल्य	5
सुर्खियों	5
मिलर	5
वाना	5
स्वयंसेवक	5
बहुमत	5
कद्दू	5
पर्चे	5
वॉल्ट	5
रोशन	5
टूर्नामेंट	5
रॉबिन्स	5
झंडे	5
पीपुल्स	5
डरावनी	5
हस्तांतरण	5
तितली	5
मैचों	5
व्हीलचेयर	5
आवाजें	5
अकादमी	5
स्पार्क्स	5
एजेंटों	5
लुप्त	5
सामरिक	5
सीनेटर	5
बारूदी	5
असफलता	5
जवानों	5
जाकारी	5
गर्भपात	5
उकसाया	5
पेनकेक्स	5
असहज	5
ऐश	5
शुरुआती	5
प्याज	5
दफनाया	5
गैरकानूनी	5
समुराई	5
उत्पादों	5
अनुवादित	5
संपूर्ण	5
संकीर्ण	5
प्रमाण	5
अंग्रेज	5
पकाया	5
शैतानी	5
कातिल	5
किंग्स	5
फ्यूज	5
विद्यालय	5
समन्वय	5
बैठकों	5
काल्पनिक	5
लय	5
जिम्मेदारियों	5
मिनिट	5
ओहियो	5
कार्यों	5
अंगुली	5
निषेधाज्ञा	5
सफ़ाई	5
मोमबत्तियाँ	5
पूर्वानुमान	5
सूचीबद्ध	5
गोल्डमैन	5
पत्ती	5
गाँठ	5
विजयी	5
खींचा	5
पत्ता	5
वेश्यांए	5
गिलहरी	5
स्ट्रोक	5
हितों	5
अवशोषित	5
परत	5
धीमे	5
गांधी	5
बताएं	5
वध	5
संस्थापक	5
योंकि	5
बच्	5
छूआ	5
उम्मीदों	5
मौजूदगी	5
मात	5
गणित	5
जिनसे	5
कान्सास	5
कानों	5
महानता	5
निडर	5
बैरल	5
ड्रैगनों	5
सफ़ेद	5
करोड़पति	5
बूट	5
पर्वतों	5
तिमाहियों	5
बहू	5
गाता	5
गंवा	5
मीटलग	5
अपशिष्ट	5
साहसी	5
निचले	5
क्षतिपूर्ति	5
स्विमिंग	5
आएँ	5
चिह्नित	5
टा	5
पैक्सटन	5
अंग्रेज़ी	5
फीका	5
बदलेगा	5
फायर	5
सीटें	5
चिट	5
चंगुल	5
जालसाजी	5
सिसकना	5
आजादी	5
सुनाया	5
लपेट	5
चैट	5
तोड़कर	5
बजाने	5
आशेर	5
रुथ	5
डेल	5
सीसा	5
निश्चय	5
जूता	5
अमन	5
दुर्घटनाओं	5
आइस	5
नापसंद	5
रसायनों	5
लैपटॉप	5
केन्द्र	5
ख़ास	5
काढ़	5
ट्रिस्टम	5
पीओ	5
पौष्टिक	5
मदहोश	5
दंड	5
नोटों	5
लिखे	5
नींबू	5
जिनकी	5
धूमकेतु	5
टैग	5
सुनती	5
ठहराया	5
रामप्रसाद	5
मुश्किलों	5
अंतरीक्ष	5
टच	5
ट्रांसपोंडर	5
बेटियों	5
ठाक	5
नैतिक	5
मैला	5
फैलता	5
वेटिंग	5
रोमांस	5
जॉब	5
मलिक	5
दीखाई	5
रहमान	5
फायरिंग	5
तरल	5
तूफ़ान	5
फर्नीचर	5
प्रस्तुति	5
कुंआ	5
डेनिएल	5
फूला	5
सुल	5
ओलिम्पिआस	5
मकिदुनियों	5
प्रायोजित	5
पुस्तकों	5
पोंछने	5
रिकॉर्डर	5
दुःख	5
ढीठ	5
इओन	5
रहकर	5
छोड़िए	5
ओहो	5
अनपढ़	5
टूटने	5
मेँ	5
फारसियों	5
एसएस	5
दिसम्बर	5
जैविक	5
रोजगार	5
प्राथमिकी	5
नहाया	5
नहाने	5
मानचित्र	5
सुख	5
बदनाम	5
कंकाल	5
उदारता	5
यूनानी	5
लाइफ	5
दुर्बल	5
छाप	5
शक्ल	5
रेस	5
सहित	5
लवली	5
कराहते	5
ते	5
मिमिया	5
फ्लिन	5
स्पेन	5
कार्यशाला	5
मधुर	5
कटोरे	5
अड्डों	5
दुर्भाग्यवश	5
पीढ़ी	5
दुनीया	5
प्रेरणादायक	5
समस्याएं	5
प्यास	5
दिखाएगा	5
रोज़	5
हिरन	5
इकठ्ठे	5
ट्रेनिंग	5
वगैरह	5
पहाड़ी	5
ढूँढा	5
हड़ताली	5
तुमारे	5
तोंद	5
दराज	5
फुसफुसा	5
छुप	5
स्टेक	5
स्थानांतरण	5
योग	5
सुला	5
थ्योरी	5
चैनलों	5
हड़तालियों	5
सुन्दर	5
टोकरी	5
पात्र	5
जनवरी	5
कारखानों	5
प्रसार	5
विदेशियों	5
राजदूत	5
वैज्ञानिकों	5
ऑलराइट	5
ओह्ह	5
आयीं	5
कानूनों	5
खबरों	5
पक्षों	5
डीसी	5
विडाल	5
सोफ़ी	5
जबरदस्ती	5
बजाते	5
स्माईली	5
अंदाजा	5
तर्क	5
विलक्षणता	5
अनुभवों	5
नौसैनिक	5
इशारे	5
नौसेना	5
जरिये	5
देंगी	5
कड़वा	5
गोया	5
फ्लेचर	5
आहार	5
सुलझाने	5
मिलीलीटर	5
चित्रकला	5
चिको	5
बैठिए	5
ढलान	5
अनाज	5
बचेगा	5
टाइटन्स	5
सम्मोहन	5
भार	5
तून	5
भयावह	5
भरपूर	5
एर	5
फीस	5
छोड़ी	5
पहुँची	5
पत्नियां	5
ब्लैकहोल	5
पेड़	5
गोरी	5
असुरक्षित	5
चहेती	5
दाऊद	5
कंट्रोल	5
अंदाज़ा	5
सकल	5
उत्तेजना	5
पलेर्मो	5
फेंको	5
ट्रॉडल	5
फ़ैट	5
आएँगे	5
कमाते	5
ज़रिए	5
समायोजित	5
लिंडसी	5
उतने	5
बताउँगा	5
पंजीकृत	5
स्वेटर	5
मैनुअल	5
बग	5
तिहाई	5
सलजार	5
मोड	5
सेंट्रल	5
शुभेच्छा	5
ज़िंदा	5
वेश्यालय	5
गुंडा	5
बैक	5
मुलायम	5
अधूरा	5
बेशर्म	5
लाइब्रेरी	5
कृत्यों	5
लुईस	5
बुकिंग	5
टखने	5
रैंक	5
अंधकार	5
टर्नर	5
भूरे	5
स्नेह	5
प्लाज्मा	5
संसद	5
लगो	5
मनीपेनी	5
गुणों	5
चियर्स	5
स्मारक	5
सजावट	5
क्राउन	5
भयावहता	5
कहावत	5
हिंदुओं	5
अनलॉक	5
नब्ज	5
पैन	5
जानू	5
विज़ी	5
क्रॉल	5
नुक्सान	5
भाड़े	5
स्टालिन	5
स्क्वाड्रन	5
सिद्ध	5
बेचारे	5
आजीवन	5
जाएंगी	5
निकटतम	5
माउंटेन	5
खजाने	5
फ़्रंट	5
अर्जी	5
बंदरों	5
निकालते	5
बूआ	5
प्रणालियों	5
पहुंचेंगे	5
पाठ्यपुस्तकों	5
चुकानी	5
टॉड	5
ढूंढ़	5
छलांग	5
ज्वलनशील	5
सत्र	5
विलियम	5
स्कूली	5
कैकेट	5
सहेजें	5
नदियों	5
मनोवैज्ञानिक	5
जीसस	5
खीर	5
सुबूत	5
उलझाने	5
परिभाषा	5
ऑरलियन्स	5
घुसा	5
स्टेट	5
मानसिकता	5
ओएइ	5
मिलमैन	5
लूँगी	5
जनरलों	5
चरवाहे	5
विशेषज्ञों	5
हफ़्तों	5
खिलौने	5
प्रसिद्धि	5
पांचवें	5
गड़बड़ी	5
कवरेज	5
बॉन	5
विलय	5
जात्रा	5
टमाटर	5
दर्पण	5
सख्ती	5
फैला	5
मिलान	5
अद्वितीय	5
रु	5
अकल्पनीय	5
लैवेटरी	5
भटकना	5
हुड	5
आयामों	5
बादशाह	5
चिपक	5
गिरी	5
सॉफ्ट	5
लांग	5
दाँव	5
तनावपूर्ण	5
उठना	5
गिराया	5
बीस्ट	5
चरवाहा	5
प्रयासों	5
बाधित	5
ऑस्ट्रिया	5
बूढ़े	5
नन्ही	5
लंगड़ा	5
वंचित	5
बंधा	5
एनिमल	5
पंज	5
इग्नेसियो	5
दुर्गंध	5
राजनेता	5
भ्रष्टाचार	5
औपचारिकता	5
घोंसला	5
गुंडागर्दी	5
फाल्कन	5
मददगार	5
हैनिबल	5
तोहफ़ा	5
चोटों	5
दाएँ	5
हथियाने	5
लिंक	5
डब्ल्यू	5
टैरी	5
तैसी	5
पीड़ा	5
स्टेज	5
आगाह	5
चेज	5
निकली	5
विधानसभा	5
ताले	5
फ़र्स्ट	5
साढ़े	5
हृदय	5
मूलभूत	5
चलाया	5
दोहरा	5
सफ़र	5
शैम्पेन	5
शेन	5
आशंका	5
ऑस्ट्रेलिया	5
शहीद	5
सलाद	5
वीणा	5
फिलहाल	5
संघीय	5
रिश्तों	5
कालीन	5
भवन	5
तत्पर	5
भरपाई	5
डूबने	5
टॉप	5
प्रमाणित	5
सरकारों	5
पैलेस	5
शीत	5
आघात	5
शा	5
घुसने	5
क्वार्टर	5
सीढ़ियाँ	5
मांगो	5
ह्युवेल	5
बृहस्पति	5
सड़ा	5
कूदने	5
तख्तापलट	5
जेवियर्स	5
खेतिहर	5
ताक़तवर	5
किरणों	5
काउंटर	5
अनुसूची	5
जोन्स	5
मिलूंगा	5
इकलौता	5
टेडी	5
पार्टनर	5
मिलिए	5
पलेरमो	5
कांटा	5
प्रोटोटाइप	5
कॉर्पोरेशन	5
बॉग्स	5
ब्रौन	5
घिरे	5
नमूनों	5
बेचारी	5
क्लोन	5
क्रिकेट	5
आविष्कार	5
अफ़्रीका	5
अपलोड	5
शॉट्स	5
रखवाले	5
मुसीबतों	5
खबरदार	5
इला	5
प्रलोभन	5
उभर	5
छप	5
टुन्नु	5
पेल	5
आंकड़े	5
खाकर	5
प्राध्यापक	5
फैरेल	5
वयस्कों	5
आएं	5
तुला	5
मिकी	5
सर्प्राइज़	5
पायेगा	5
मार्केट	5
ट्रेडिंग	5
नाज़ुक	5
डिजिटल	5
गाते	5
पैटर्न	5
पहुंचाना	5
थाली	5
कुश	5
राशन	5
शंकर	5
पगला	5
जोड़ने	5
शीतल	5
व्यक्तित्व	5
ठहरा	5
ग्राउंड	5
लकीर	5
मेहता	5
अंजाम	5
गुंजाइश	5
उल्लू	5
खुर	5
घुमाओ	5
लज़ीज़	5
जलती	5
डायट	5
ब्लॉकों	5
मज़ाक़	5
प्रतिद्वंद्वी	5
पंडित	5
चौंकाने	5
चॉक	5
लेजर	5
निम्नलिखित	5
रची	5
सफलतापूर्वक	5
सूत्र	5
पलायन	5
मुझपे	5
नाटकों	5
रोती	5
ज़रिया	5
पादरी	5
केटानिया	4
गुड़िया	4
सौप	4
तारीफ़	4
मिलूंगी	4
गड़गड़ाहट	4
नाथ	4
नैतिकता	4
आयातित	4
चूसो	4
शरारत	4
घने	4
चरमराती	4
गर	4
रमन	4
सुगंध	4
वालेस	4
मैक्सिकन	4
स्टंट	4
बोस्टन	4
तु	4
चलोगी	4
दलिया	4
ड्रा	4
महक	4
चाहीए	4
रहेंगी	4
गोल्डन	4
मुखिया	4
दर्जे	4
कटार	4
उत्परिवर्ती	4
हटाया	4
अलमारियों	4
ढहते	4
कॉलर	4
सेवाओं	4
स्प्रे	4
दस्तावेज	4
समारोहों	4
ख़ुशी	4
हार्वर्ड	4
इस्त्री	4
कराओ	4
शासक	4
जुगाड़	4
विवेकी	4
ब्लेस	4
दर्दनाक	4
फिरौती	4
खंड	4
पतंग	4
केतकी	4
रियल	4
अशांत	4
दुकानदार	4
बतांए	4
बैंकर	4
सुखी	4
ब्लाउज	4
राउंड	4
पीड़ितों	4
संदिग्धों	4
गुज़र	4
बैठकर	4
बेदखली	4
अवकाश	4
प्रोफ़ाइल	4
हिलता	4
बासी	4
मंदबुद्धि	4
फरार	4
सिनेमा	4
मित्रा	4
वित्त	4
उठाते	4
हैल	4
डॉक्टरों	4
योरा	4
अक्टूबर	4
नाई	4
कर्मों	4
इन्होंने	4
ढूंढना	4
बढ़ाओ	4
कृषक	4
खाये	4
कबूतर	4
गिरवी	4
जामुन	4
बेवक़ूफ़	4
तैंतीस	4
समन्वित	4
प्रजनन	4
लापरवाही	4
मूंगफली	4
शासनकाल	4
विकल्पों	4
पिल्ले	4
विनम्र	4
लंबाई	4
भद्दे	4
जर्सी	4
रोष	4
टोप	4
अशांति	4
करतब	4
राज़	4
अपनाया	4
बेटियां	4
गुबार	4
पढ़ने	4
हमलावर	4
मैट	4
नहा	4
भेदभाव	4
विवाद	4
रोवान	4
डार्ट्स	4
लड़ाइयों	4
बनाएं	4
लुइगी	4
बांट	4
सड़कें	4
संत	4
गवाहों	4
कपडे	4
उह्ह	4
लॉरेन	4
वर्क	4
स्तनों	4
सप्लाई	4
डाटाबेस	4
कपड़े	4
अभिनंदन	4
फ्लैग	4
आइलैंड	4
अहा	4
वाइरस	4
दायें	4
भगदड़	4
हेलीकाप्टरों	4
तबसे	4
जलते	4
तमाम	4
स्काउट्स	4
सादा	4
घिरा	4
अल्ताफ	4
लांचर	4
ज्योतिषी	4
कोइ	4
दोगुनी	4
मिलूँगा	4
महज़	4
दरों	4
बांधने	4
क्यो	4
फ़्लू	4
अलंकृत	4
सस्ते	4
खिलाया	4
सॉस	4
सिमियन	4
डियाब्लो	4
समर्थित	4
नीतियों	4
निहायत	4
ढूँढ़ने	4
तुरन्त	4
करार	4
स्विंग	4
सुरक्षात्मक	4
तूने	4
असपासिआ	4
चेहरों	4
दखल	4
मिश्री	4
ब्लैकवॉटर	4
गरीबी	4
अवशेष	4
पालना	4
गुजरे	4
रूमाल	4
टर्मिनल	4
मेमो	4
प्रारंभिक	4
साधनों	4
ओल्ड	4
विटामिन	4
गोलाबारी	4
बारोट	4
विंडशील्ड	4
यूजीन	4
भगोड़ा	4
झप्पी	4
क्षमाप्रार्थी	4
फ़ायर	4
सिलाई	4
फ़ॉरएवर	4
हार्मोन	4
लोहा	4
एस्पेरंज़ा	4
ईव्निंग	4
फ़िल्म	4
सांता	4
राजकोष	4
सामूहिक	4
धोखे	4
कसाई	4
कंगन	4
वाल्ट्ज	4
सदमा	4
रखिए	4
अनाथालय	4
उम्रकैद	4
कम्बख्त	4
स्नो	4
किशमिश	4
ग़लत	4
तेजस्वी	4
गोल्फ	4
चाबियां	4
छिपना	4
अपरिहार्य	4
चिल्लाई	4
लीमो	4
पहुंची	4
बहाया	4
जिंबो	4
निरंतर	4
डरती	4
चढ़ावा	4
अप्रिय	4
किताबों	4
एकड़	4
बक्से	4
इलेक्ट्रिक	4
घोडों	4
रीडिंग	4
पुजारियों	4
खड़ा	4
बाबू	4
खोजनी	4
परियों	4
ख़िलाफ़	4
शुरूआत	4
अम्मी	4
इडियट	4
सिखाऊँगा	4
मच	4
जायें	4
अहमियत	4
प्रभुओं	4
बगोंघी	4
औपनिवेशिक	4
पिघला	4
इश	4
कीप	4
जिनका	4
विस्फोटों	4
डिजाइनर	4
शिल्प	4
ओक	4
बदनामी	4
पैनल	4
रोओ	4
गार्जियन	4
दलदली	4
पैग	4
चाहूं	4
प्रैक्टिस	4
फिडीज	4
प्लम्बर	4
जेनी	4
रोमा	4
बारबेक्यू	4
होम	4
गोंद	4
डरकर	4
कट्टरपंथी	4
निर्देशक	4
ग्राफ	4
टमटम	4
उन्होने	4
दांतों	4
यार्ड	4
क्रोनिकल	4
सूसी	4
एकाग्रता	4
सेक्टर	4
पला	4
होशियारी	4
चेकइन	4
ब्रेकर	4
लैंग	4
दिलाती	4
मीठे	4
छोड़ा	4
बेची	4
नुस्खा	4
कार्वर	4
रोमांचित	4
डैश	4
अंदाज़ा	4
वृक्ष	4
धारा	4
मालविका	4
विषैला	4
आयु	4
कांव	4
खिंचाव	4
स्नॉटलाउट	4
प्रांत	4
हॉस्पिटल	4
निभाई	4
अनजान	4
विरुद्ध	4
वुडबर्न	4
ईरान	4
कैलेंडर	4
आकृति	4
ढांचा	4
कौआ	4
बांग	4
हंसती	4
अन्वेषण	4
उत्पत्ति	4
टकीला	4
सामुदायिक	4
देखोगी	4
तैर	4
दुगुनी	4
टाँगे	4
बूँदें	4
सत्संग	4
काढ़ा	4
विस्टा	4
संतुलित	4
सोए	4
दाहिनी	4
लायक़	4
वांछित	4
ख़याल	4
आत्माएं	4
क़लम	4
ग्रेमलिन	4
सत्यापित	4
ठेकेदारों	4
संधि	4
पुण्य	4
तरस	4
ठोड़ी	4
मनोरंजक	4
अवतार	4
प्राधिकरण	4
अखंडता	4
चढ़ने	4
रिटायर	4
आईने	4
मैक्सिको	4
मनाना	4
संक्रमित	4
स्तुति	4
ट्रान्स	4
सिमुलेशन	4
आएंगी	4
आनी	4
जिस्मानी	4
समझाओ	4
लोला	4
पार्श्व	4
गाउन	4
रासायनिक	4
प्रबंध	4
हंसो	4
परित्यक्त	4
योजनाएं	4
हवाले	4
जाली	4
रॉस	4
ईस्ट	4
लॉबी	4
कटाई	4
आंतों	4
आरक्षित	4
अगरबत्ती	4
पालने	4
चुनावों	4
रस्सियों	4
पियानो	4
रचना	4
गोल्ड	4
आरोपी	4
एली	4
सूखा	4
आपसी	4
दरारें	4
विफलताओं	4
दावे	4
अल्टीमेटम	4
एकांत	4
सर्वशक्तिमान	4
चमकता	4
लेखन	4
मिलें	4
आर्मी	4
मोजे	4
मॉट्स	4
बगीचा	4
ब्याह	4
आश्वासन	4
सुधर	4
तंदुरुस्त	4
चढ़	4
टाइमर	4
पर्वतारोहण	4
गुण्डे	4
जीवाश्म	4
महायाजक	4
चंद	4
आटा	4
खींचती	4
पारिवारिक	4
मीनार	4
तकिए	4
अनुसूया	4
पंछी	4
तालियों	4
फेरबदल	4
अनोखा	4
एंथोनी	4
गुजरात	4
एलीवेटर	4
जुटा	4
तहख़ाने	4
डोप	4
निष्कासित	4
राघव	4
बाजू	4
सैलून	4
रेल	4
जेमी	4
छिड़क	4
मोती	4
होऊंगा	4
भ्रूण	4
कृष्णन	4
उपाधि	4
आईआईटी	4
करवाना	4
रॉजर	4
भंडाफोड़	4
प्रश्नावली	4
भूतिया	4
लेज़्ली	4
बुफे	4
रखूंगा	4
उपलब्धि	4
राइट	4
स्टोनी	4
लबादा	4
स्टॉक	4
ट्रस्ट	4
परफेक्ट	4
डॉट	4
पक्की	4
फ़ोर्स	4
इंसानों	4
सूक्ष्म	4
कोरोनर	4
मूवर्स	4
कुंडली	4
माँगा	4
कुंवारा	4
धंधा	4
उपेक्षा	4
घुटन	4
गरिमा	4
रोजीने	4
इत्र	4
ज़बरन	4
डुबकी	4
स्थलों	4
चिन्ता	4
बैरबस	4
सकूंगा	4
कहानियां	4
आयामी	4
खोलूंगा	4
स्फूर्ति	4
शाबास	4
हेरोदेस	4
चमत्कारी	4
पड़ोसी	4
उड़ने	4
ताल	4
स्पेक्टर	4
क्रमिक	4
रोलिंग	4
लायी	4
फंसे	4
राई	4
आध्यात्मिक	4
स्टेशनों	4
पाये	4
सदमे	4
फिजराल्ड़	4
डच	4
मुझपर	4
क्लॉडिया	4
चाचू	4
घूमा	4
िबलकुल	4
गज़ब	4
स्कॉच	4
बगैर	4
जॉनसन	4
भत्ता	4
फंदे	4
वस्त्र	4
मुक्केबाज़ी	4
क्लास	4
खराबी	4
पकड़ना	4
सौंपने	4
अफ़ीम	4
रणभूमि	4
रुपया	4
फैशन	4
मैकमिलन	4
आसन्न	4
चोदा	4
सूत्रों	4
डरे	4
गट्ठा	4
ईधन	4
टूटा	4
दूल्हा	4
धड़क	4
दीनार	4
सूंघ	4
लगें	4
डोरोथी	4
बोलें	4
बर्गर	4
पेपर	4
जुदाई	4
गलीली	4
सन	4
वेंडी	4
सबटाइटल	4
मोज़ेस	4
धमाके	4
भूलो	4
उल्लास	4
मुलाक़ात	4
कमरों	4
हूँगी	4
होयत	4
बेड	4
ग्रुप	4
बेरंग	4
वफ़ादारी	4
आहत	4
चौकस	4
षड्यंत्र	4
कृषि	4
प्राणियों	4
पत्रिकाओं	4
बढ़ाना	4
कोयले	4
लेनदेन	4
वसीयतनामा	4
वेदी	4
संस्कृतियों	4
हिस्सों	4
संभल	4
वासियों	4
करोड़ों	4
डीलरों	4
लुगदी	4
प्रत्यक्ष	4
शेव	4
डेमोक्रेटिक	4
कदमों	4
मलबा	4
सुविधाजनक	4
टकटकी	4
विमानन	4
उत्पादक	4
उड़ा	4
गेम	4
फैलाने	4
फ़ेल	4
जुड़ी	4
वायुमंडल	4
फ़ारसी	4
केबल	4
ज़रिए	4
पुतला	4
चौधरी	4
वालेकुम	4
समीक्षा	4
किस्म	4
आवश्यकताओं	4
मुर्गियों	4
चकमा	4
जूम	4
जैप	4
ब्राजील	4
सूरत	4
टाइप	4
पक	4
जिगर	4
पडेगा	4
रोमली	4
ड्रग	4
लक्ष्यों	4
फैलाव	4
पार्कर	4
सापेक्षता	4
वेटिकन	4
पास्कल	4
वाटसन	4
जुड़े	4
मास्को	4
जियोवाना	4
शैंपेन	4
त्रिआयामी	4
संवाद	4
मज़े	4
पाताल	4
नबी	4
भीषण	4
आल्टूसी	4
कस्टम	4
उपदेश	4
तमन्ना	4
टट्टू	4
जहरीला	4
वाइपर	4
बढ़ाने	4
आशाजनक	4
मेनू	4
कोयम्बटूर	4
उद्घाटन	4
संगठनकर्ता	4
भूलें	4
हाफते	4
यूरेका	4
परियोजनाओं	4
दसवीं	4
हैनसेन	4
सर्जियो	4
गोरों	4
ऊँचा	4
दीमक	4
बिलियन	4
मार्मिक	4
मेड	4
आर्डर	4
पेंटेकोस्ट	4
जिलियन	4
रिंगिंग	4
स्टेकर	4
अभिव्यक्ति	4
खींचना	4
अस्वीकृत	4
चाभी	4
क्रांतिकारी	4
कुशलता	4
पूरब	4
दफ़ा	4
घाटियों	4
तटीय	4
ग्यारह	4
कैन	4
गुनगुना	4
बाजरा	4
वनों	4
कायम	4
बिंगो	4
नाराज़	4
घुड़सवार	4
मंशा	4
डेली	4
सरदार	4
खिड़कियां	4
अलास्का	4
न्यूपोर्ट	4
मुड़कर	4
मंत्रमुग्ध	4
सिपसन	4
सेम	4
शुष्क	4
अवधारणाओं	4
व्हील	4
भागीदारों	4
आचरण	4
वैसी	4
रीसेट	4
भद्दा	4
लड़ते	4
बार्किंग	4
ऐलेना	4
जायेगे	4
गैरेज	4
बार्न	4
प्रसव	4
भरोसेमंद	4
मूर्ति	4
आइजनहावर	4
करीबी	4
इलेक्ट्रॉनिक्स	4
झगडा	4
तुमारा	4
हुक्मनामा	4
फिंगरप्रिंट	4
कपडो	4
नसीब	4
विचित्र	4
बनोगे	4
अलर्ट	4
उत्कृष्टता	4
तमिल	4
घोंपा	4
हाँफ्ते	4
मियामी	4
कताई	4
कमेंट	4
कहिए	4
गोयेबल्स	4
बोल्ड	4
लैटिन	4
रुकेंगे	4
डंडा	4
एकॉन	4
डाउनलोड	4
घुमाने	4
करू	4
ज़िम्मेदारी	4
परीक्षकों	4
कार्टून	4
तालियां	4
जुबली	4
बैनर्जी	4
अंतरात्मा	4
मनोचिकित्सक	4
माननीय	4
खिलाड़ी	4
पिक	4
प्रिंसिपल	4
दुखता	4
सीएस	4
आरपी	4
चलाकर	4
एट्टाबोय	4
ड्रामा	4
डेकिन्स	4
तरंगों	4
बास्टर्ड	4
अक्षम	4
जागने	4
पदोन्नति	4
गोरिंग	4
धरातल	4
सुनाने	4
ललित	4
अखबारों	4
हार्वे	4
दवाइयाँ	4
कार्पोरेशन	4
खूबसूरती	4
दिवंगत	4
कोला	4
पेशी	4
गिराना	4
ऊपरी	4
घरघराहट	4
ठहराते	4
सीरम	4
पुनर्भरण	4
चुनौतीपूर्ण	4
यंग्ज़हौ	4
डार्विन	4
नवीनीकृत	4
दालान	4
साँप	4
होमो	4
टकराव	4
पेंसिल	4
प्रमुखों	4
रूपांतरित	4
पढ़ाई	4
टायर्स	4
दिलों	4
वफ़ादार	4
तेज़ी	4
पचा	4
उत्परिवर्तित	4
मौक़ा	4
सर्जरी	4
स्थिरता	4
हंगामा	4
बिगाड़	4
होरी	4
बगान	4
अनुपात	4
संभावनाएं	4
आक्रामक	4
गलियों	4
ब्रीफ़केस	4
रंगरूट	4
फेंका	4
प्रवर्तन	4
काबुल	4
करदाताओं	4
अँधेरे	4
कार्लो	4
जागृत	4
जरिया	4
हेलिकॉप्टरों	4
जहरीले	4
राजनयिक	4
शोधकर्ताओं	4
माथा	4
मेर	4
मंत्रालय	4
एजेंसियों	4
इंतज़ाम	4
पिछला	4
बायीं	4
गतिशीलता	4
रहिए	4
बोजो	4
ट्रबल	4
चाहत	4
मुर्दा	4
रखैल	4
खेलेंगे	4
आक्सीजन	4
परिचालन	4
मानने	4
वृत्ति	4
सलामी	4
चौथी	4
चौथाई	4
ठिकानों	4
ओफ्फोह	4
प्रोब	4
टेकने	4
पढ़ते	4
उपस्थित	4
लम्बा	4
देखूं	4
कोष	4
दूरदराज	4
अकॉर्डियन	4
बनावट	4
रफ्तार	4
चुनिंदा	4
चलोगे	4
पकड़ी	4
गेस्ट	4
समझोगे	4
उभरते	4
स्वीकृति	4
बेरहम	4
केटल	4
बाक़ी	4
खिलाड़ी	4
दानी	4
पनडुब्बी	4
नाइन	4
चढ़ना	4
लिबर्टी	4
ज्वार	4
डेटिंग	4
मेंडलसन	4
किस्से	4
संभालना	4
आयकर	4
खोजों	4
ईंट	4
कोलाहल	4
आइल	4
एकता	4
अर्नेस्टो	4
कोस्टा	4
अकेलापन	4
जिज्ञासा	4
रिपोर्टिंग	4
नाजी	4
विवाहित	4
खुशियों	4
तर्कसंगत	4
तोड़ो	4
परमात्मा	4
सर्वेक्षण	4
झुक	4
कारक	4
महत्तवपूर्ण	4
ब्रिज	4
खानों	4
लाई	4
बायें	4
टोही	4
मसालेदार	4
अश्लील	4
आईये	4
माहिर	4
निपटारा	4
भूला	4
पट्टा	4
हटेंगे	4
ग्रामीण	4
क्रुद्ध	4
चुकाना	4
स्टैंड	4
नाप	4
युवाओं	4
हार्टवेल	4
आऊं	4
भूरा	4
भीड़	4
गैंडे	4
पकड़ेगा	4
हिस्सेदारी	4
एडॉल्फ	4
जाय	4
पैकेट	4
टाइम्स	4
धुआँ	4
सबने	4
मांगने	4
खतम	4
टाइटेनियम	4
त्रिभुज	4
हॉल्ट	4
तोड़ना	4
वेब	4
उतारा	4
प्रिएतो	4
मानेगा	4
कोउन्सेलो	4
ज़बरदस्त	4
पिस्तौलदान	4
फ़िश	4
धागा	4
सलामत	4
शांता	4
तुमारी	4
हल्का	4
बाइनरी	4
ध्वस्त	4
हैम्बर्ग	4
फ़्रैंज़	4
फरहान	4
आइज़	4
इवान	4
शर्मा	4
अस्तबल	4
लोर्ना	4
मायनों	4
बेदखल	4
अचार	4
आकलन	4
संदेहास्पद	4
आठवां	4
अनुराधा	4
पूर्णता	4
शगुन	4
जसपाल	4
लिखो	4
महाशय	4
बेकरी	4
विश्राम	4
असंतोष	4
होठों	4
नौकरानी	4
गढ़बड़ी	4
ढह	4
उल्लेखनीय	4
इंटेल	4
इच्छुक	4
कठिनाई	4
ओबर्हाउज़र	4
मी	4
जेनकिंस	4
नियुक्त	4
जड़ों	4
हिंकले	4
पहुँचाते	4
आवृत्ति	4
ख़र्च	4
ऋतु	4
ताकी	4
पतियों	4
परिभाषित	4
दुःखी	4
चीफ़	4
फुरीस	4
क्लिक्स	4
फ़ुटबॉल	4
हेयर	4
बढ़ाना	4
कठोरता	4
लगीं	4
मार्गदर्शक	4
नूह	4
आँखे	4
पलटकर	4
ख़तरनाक	3
उतरेंगे	3
बर्टन	3
बैटमैन	3
अमल	3
अप्रेंटिस	3
फाइटर	3
गरजना	3
जिक्र	3
वाया	3
पहुंचाने	3
सीसीबी	3
पारम्परिक	3
बर्खास्त	3
मेलिंडा	3
आवरण	3
कुटिल	3
अपार	3
छोड़ूँगा	3
लार्ज	3
सिक्युरिटी	3
शौकिया	3
रहिये	3
इन्तजार	3
खंगाला	3
अवसरों	3
आयरिश	3
लिथुआनियाई	3
वेस्ट	3
मारूंगा	3
हमिंगबर्ड	3
संपादन	3
दर्जी	3
नोबेल	3
सिरफिरा	3
कराई	3
फाइनल	3
हफ़्तों	3
दोहा	3
क्रिया	3
व्हू	3
एफ	3
अनुरोधों	3
उठाकर	3
पोषण	3
हलकों	3
बीते	3
ड्राइंग	3
सहलाने	3
गांठ	3
हैडली	3
शीतकालीन	3
हारी	3
हकला	3
आयें	3
पीआर	3
वास	3
चिपका	3
दस्तखत	3
चौथे	3
क्वेंटिन	3
आंकड़ों	3
मिलवा	3
ट्रेजरी	3
कृषकों	3
पश्चात	3
गुरुवार	3
क्रो	3
दायित्वों	3
केप	3
उठाती	3
ओटिस	3
हब	3
एकबार	3
संपादिका	3
स्कलक्रशर	3
खामोशी	3
हेल्पर	3
जुटाने	3
पालक	3
झुग्गी	3
डेला	3
मूत	3
अरबपति	3
अक्षमता	3
डिब्बों	3
यानी	3
तेज़	3
उसमे	3
अग्निशमन	3
डियाज़	3
उँगलियाँ	3
उनमे	3
चढ़ाव	3
तोड़ी	3
सैन्टोना	3
अथक	3
नतीजे	3
उद्योगपति	3
डार्ट	3
नॉर्टन	3
ड्रेस	3
छेड़छाड़	3
देखेगा	3
चराई	3
टोन	3
निवेदन	3
चखा	3
पेशा	3
सेकेंड	3
लक्ष्मण	3
टकराने	3
इंटरनेशनल	3
वालशी	3
जनशक्ति	3
चांग	3
आन	3
टोंगा	3
जस्ते	3
विश्वासघाती	3
मानी	3
बैठकें	3
मौलिक	3
गर्त	3
सन्निहित	3
रीटा	3
प्रतिमा	3
तमिलनाडु	3
डालूँ	3
लिफ्टवाला	3
उत्पीड़न	3
कल्याण	3
चाटना	3
गधों	3
चुम्बन	3
मोहतरमाँ	3
ज़ोम्बी	3
हुओं	3
टॉपलेस	3
हर्गिज	3
बेघर	3
मिश्रित	3
हेवर्द	3
फिरते	3
उतारने	3
खदानों	3
गुज़र	3
घाट	3
मार्गरक्षण	3
पच्चीस	3
जोड़	3
ग्रैंड	3
समर्थक	3
फेल	3
विनाशकारी	3
स्त्रोत	3
लिप्त	3
डराना	3
प्रस्थान	3
उद्धारक	3
निंजा	3
एनीमेशन	3
एसी	3
रिबूट	3
मोडेना	3
पुलिसवाले	3
मातम	3
मतदाता	3
कैसेट	3
फार्मूला	3
जुहू	3
चुराने	3
उदासीन	3
सेटिंग्स	3
पायी	3
माइक्रोफोन	3
चीजो	3
साप्ताहिक	3
गीतों	3
विस्फोटकों	3
सम्भावना	3
कीतना	3
महानिरीक्षक	3
चिल	3
लंका	3
अभ्यस्त	3
क़दम	3
परिसंपत्ति	3
चूसते	3
खिलाफ़	3
ढोल	3
कब्ज़े	3
नागिन	3
इलाक़े	3
आंत	3
हिप्पो	3
चमकते	3
सुमित्रा	3
स्माइली	3
एमए	3
लामा	3
देखरेख	3
मेक्सिकी	3
ब्रह्माण्ड	3
किश्तों	3
नेत्रगोलक	3
दील	3
दिखाऊँगी	3
निकलती	3
टॉनिक	3
स्काई	3
दरियाई	3
अतुल	3
हंगेरी	3
रूट	3
मानदंडों	3
सीनेटरों	3
युनियन	3
