あなた	61249
彼女	32871
お前	31447
分か	24739
ああ	18571
必要	16339
あの	15797
大丈夫	15283
自分	14817
本当	14124
時間	14006
我々	13993
ありがとう	13420
仕事	11421
一緒	10913
出来	10723
電話	9890
あんた	8646
同じ	8321
場所	8206
問題	7963
子供	7924
名前	7402
さあ	7121
少し	6985
全て	6930
世界	6865
教え	6852
通り	6779
来る	6734
入れ	6661
人間	6559
行け	6466
今日	6361
生き	5930
あれ	5864
じゃあ	5862
止め	5857
心配	5838
連れ	5680
関係	5602
家族	5558
起き	5454
意味	5446
警察	5401
最後	5382
息子	5093
全部	5002
捜査	4939
起こ	4858
情報	4773
理由	4741
一人	4539
部屋	4528
以上	4527
人生	4500
食べ	4415
女性	4380
続け	4380
事件	4366
始め	4358
最初	4333
連絡	4317
まあ	4310
調べ	4282
安全	4254
下さ	4243
楽し	4237
殺人	4194
友達	4095
約束	4086
結婚	4020
無理	3975
感じ	3970
最高	3836
計画	3787
仲間	3777
可能	3774
あいつ	3762
あと	3756
明日	3738
変わ	3735
聞こえ	3726
確認	3644
与え	3512
全員	3509
理解	3478
二人	3462
開け	3456
友人	3449
あげ	3425
離れ	3383
先生	3297
言え	3247
質問	3246
犯人	3207
受け	3188
あぁ	3160
伝え	3156
素晴らし	3153
ドア	3124
感謝	3076
正し	3053
言葉	3047
写真	3001
説明	2989
博士	2980
絶対	2970
向か	2947
ある	2818
野郎	2817
一番	2739
重要	2736
状況	2722
元気	2701
変え	2681
十分	2672
週間	2667
やあ	2659
父親	2655
間違い	2645
了解	2607
相手	2589
会え	2550
多く	2544
消え	2540
会社	2529
簡単	2513
残念	2497
自由	2496
自身	2466
一体	2453
人々	2452
報告	2452
過ぎ	2433
アメリカ	2422
命令	2409
大統領	2406
警官	2390
学校	2379
決め	2370
真実	2368
初めて	2339
大変	2309
戦争	2294
あそこ	2289
武器	2275
母親	2233
刑事	2231
気持ち	2215
間違	2204
記録	2197
手伝	2170
落ち着	2157
存在	2156
病院	2141
責任	2135
あっ	2135
普通	2121
行動	2121
大きな	2115
監視	2114
協力	2080
多分	2071
実際	2056
地球	2052
生活	2051
任せ	2043
気分	2040
解決	2019
結果	2006
調査	2003
研究	2003
何処	1958
発見	1952
大事	1946
止ま	1942
興味	1938
大き	1937
なあ	1933
運転	1930
ヶ月	1929
番号	1919
状態	1916
来い	1912
上手	1902
場合	1901
刑務	1897
今度	1891
以外	1884
飛行	1867
あまり	1852
近く	1844
後ろ	1840
目的	1838
面白	1832
弁護	1828
特別	1819
昨日	1811
少な	1803
認め	1797
死体	1793
医者	1791
装置	1791
唯一	1780
あんな	1774
不明	1772
限り	1772
信用	1772
美し	1756
用意	1751
話せ	1748
移動	1742
映画	1742
美咲	1741
取引	1740
最近	1738
現場	1732
事故	1731
連中	1723
過去	1712
全く	1704
選択	1698
完全	1698
信じ	1697
信頼	1692
何故	1684
始ま	1682
精神	1676
付け	1670
あら	1665
女の子	1663
気づ	1663
記憶	1661
頑張	1646
素敵	1612
価値	1602
非常	1596
最も	1595
両親	1589
人物	1588
生まれ	1580
警備	1576
以前	1575
無事	1574
聞け	1570
決して	1569
銀行	1568
馬鹿	1555
裁判	1553
降り	1552
大学	1548
今回	1533
経験	1524
本物	1521
未来	1506
正直	1505
年間	1503
無駄	1497
現れ	1494
病気	1483
結構	1456
治療	1452
予定	1450
許可	1443
勇気	1441
最悪	1440
本気	1439
全然	1436
任務	1430
日本	1429
作戦	1428
成功	1425
近づ	1418
小さな	1403
科学	1401
向こう	1393
事実	1390
戦い	1361
少年	1353
爆発	1351
現実	1350
保護	1349
地下	1348
別れ	1342
時代	1330
使え	1323
組織	1322
落ち着け	1315
動物	1312
無し	1312
下が	1311
技術	1308
個人	1302
期待	1301
調子	1298
利用	1294
主人	1291
毎日	1281
当然	1277
患者	1273
今朝	1262
過ご	1262
あー	1258
あたし	1243
立て	1223
地獄	1223
陛下	1217
小さ	1210
平気	1199
世話	1199
能力	1192
理子	1191
検査	1187
アレックス	1185
警部	1171
食事	1170
幸運	1169
侵入	1165
駄目	1165
緊急	1165
親父	1164
気付	1153
代わり	1145
原因	1138
警告	1135
山里	1133
特に	1127
部下	1124
運命	1117
到着	1113
自殺	1113
現在	1109
一部	1108
行為	1106
遺体	1106
大切	1106
関わ	1104
感情	1095
夕食	1094
達也	1089
手紙	1087
混乱	1082
支配	1081
影響	1079
受け入れ	1078
知れ	1077
行方	1077
少女	1073
半分	1072
誕生	1071
施設	1070
殺せ	1068
向け	1067
機会	1066
人類	1066
正確	1053
色々	1049
活動	1049
料理	1045
要求	1044
指示	1040
部隊	1038
何者	1037
音楽	1036
上げ	1035
管理	1034
映像	1032
開始	1031
議員	1030
反対	1026
勝手	1024
反応	1020
可愛	1019
権利	1018
女王	1018
大好き	1009
面倒	1008
出発	1005
保安	999
上が	992
決ま	990
楽しみ	988
行き	985
将軍	985
担当	984
事態	983
一杯	974
取り戻	972
偉大	971
結局	965
ロシア	965
司令	963
平和	963
解放	962
事務	961
瞬間	959
教授	956
教会	954
優し	954
位置	952
以来	946
突然	945
付き合	943
集中	943
通信	943
あっち	939
契約	937
異常	931
殺し	931
部分	931
様子	923
沢山	922
住所	921
参加	921
自然	913
殺害	911
速人	907
途中	906
証言	906
夏美	898
取れ	896
前回	896
手術	895
強盗	892
魔女	887
信号	887
専門	886
閣下	883
会議	883
美月	883
提供	882
荷物	880
安心	880
基地	874
目撃	873
動き	871
時々	864
怪物	863
会話	859
受け取	858
一致	855
全体	854
徳井	849
アンタ	848
天使	843
勝利	842
主義	841
旅行	837
死亡	836
夫人	836
目標	835
中国	834
生徒	833
建物	833
確信	832
出会	831
使用	831
社会	829
周り	829
市民	828
停止	820
実験	815
直接	815
ありがと	811
実行	810
乗せ	808
後悔	806
案内	805
禁止	802
距離	791
次第	791
感染	787
制御	787
有名	786
戦闘	783
以内	779
書類	779
偶然	777
機械	777
最終	776
無視	774
王子	772
呼吸	772
巨人	771
軍隊	770
支援	769
大人	768
同意	768
恋人	767
知り合い	766
努力	765
足り	762
進め	761
惑星	758
味方	757
回復	753
新聞	753
話し	748
アパート	745
アア	744
生き残	741
一生	741
処理	740
兵器	740
方向	739
決定	739
当た	739
アクセス	737
満足	735
クレア	735
神経	734
親友	732
分析	728
不思議	726
半田	723
物語	723
練習	721
久し	720
他人	720
両方	720
成長	718
再び	716
指揮	715
最大	714
記事	712
時計	712
アラン	712
手段	710
高校	705
太陽	704
具合	704
才能	701
交換	700
所有	699
最低	696
救急	696
魅力	693
応答	693
修理	690
勉強	689
提案	689
資金	689
社長	688
ありさ	688
試合	688
気の毒	688
金持ち	687
安定	687
指紋	687
流れ	686
日間	681
午後	679
政治	678
正体	677
確保	677
機能	675
優秀	675
動か	672
発生	671
英雄	670
立場	670
電気	669
帽子	669
効果	668
アンナ	668
条件	667
確実	666
連邦	665
規則	665
土地	665
直ぐ	664
卒業	664
手がかり	663
自己	663
列車	662
加減	659
暴力	659
立派	658
同様	655
不安	655
身体	654
ライアン	653
無線	650
対処	650
起動	647
誤解	647
雄基	647
接触	646
名誉	646
説得	643
特定	642
標的	642
正義	638
見張	638
無実	636
アイツ	636
興奮	635
承知	634
納得	633
光栄	633
本部	632
変更	632
大佐	632
空気	630
支払	630
あらゆる	629
片付け	627
アダム	626
地図	625
法律	625
医療	625
台無し	622
貴様	621
評価	621
都市	620
出身	617
釈放	616
大した	616
保証	616
予想	615
疑問	615
同僚	614
変化	612
交渉	612
合わせ	612
生命	610
作業	609
将来	608
悠里子	607
空港	607
指輪	606
巨大	606
手配	605
工場	603
取り	602
話し合	602
あるいは	600
目覚め	600
金庫	599
間違え	599
馬場	598
内部	594
艦隊	593
食料	592
あり	592
保険	589
得意	588
医師	587
英語	584
離婚	584
子ども	584
違反	583
維持	581
男の子	581
政子	579
口座	576
大勢	576
親切	575
仕業	575
贈り物	574
待機	571
戦士	571
知らせ	570
尋問	568
発射	567
食べ物	567
開発	563
事情	562
育て	562
上司	562
国家	562
大使	561
機関	560
生物	560
超え	560
天才	557
入り	556
正気	555
人質	555
有罪	555
中止	554
発表	554
現金	554
始末	553
撮影	553
衛星	553
都合	552
関連	552
間に合	551
小屋	551
公園	551
単純	551
王国	549
存知	546
加え	545
道路	543
神父	542
慎重	542
生存	540
注文	539
物質	539
関心	539
時期	539
駐車	538
乗れ	536
遺伝	535
返事	533
エイリアン	533
化学	533
数え	532
緊張	531
優先	529
米国	529
当て	527
出来事	526
設計	526
大量	525
投げ	525
内容	524
機密	523
授業	523
義務	521
突き止め	520
通報	519
文字	518
アップ	518
学生	517
オリビア	516
暗殺	516
注目	515
暗号	515
背中	515
囚人	514
完成	514
休み	513
孤独	511
アイデア	510
武装	510
果た	509
地域	509
始まり	508
見事	507
防衛	506
人形	506
カリフォルニア	505
着陸	505
文句	504
委員	503
地元	503
自信	503
貴女	502
知識	502
予約	501
メアリー	501
椅子	500
教師	498
賛成	498
操作	498
要請	497
記者	496
今後	495
畜生	494
伝説	494
主張	493
自ら	491
死者	490
アンディ	490
機嫌	489
アリス	489
あきらめ	488
ばあ	487
証人	486
議論	486
一般	483
先週	483
放射	482
程度	482
アホ	481
身元	480
有難う	480
アーサー	480
強力	479
同時	479
休暇	479
拷問	478
出口	477
決断	476
大尉	474
小僧	473
態度	472
記念	472
投資	471
危機	470
持て	469
アナタ	469
企業	469
接近	467
世紀	467
一方	467
動け	467
知ら	466
否定	464
保管	464
ジュリア	464
吉森	462
燃料	462
順調	459
道具	459
非難	457
朝食	457
環境	456
役立	455
午前	454
アーマン	454
援護	453
動機	453
売春	452
令状	450
指導	450
天国	450
この世	449
代表	448
投票	448
作れ	447
最善	447
地上	446
手助け	446
婚約	445
選手	445
保障	444
自動	444
呼び出	442
売れ	441
伝言	440
経営	440
中尉	440
休憩	440
数学	439
夜中	438
番組	438
作品	438
種類	438
手遅れ	437
外れ	436
警戒	435
ジュリアン	435
似合	435
犯行	434
基本	434
読め	433
警報	432
不足	431
同士	430
動揺	429
手伝い	429
対応	429
白人	429
推測	427
航空	426
国民	426
演奏	426
屋根	424
呼べ	424
神々	424
自宅	423
中毒	422
回収	422
特殊	421
降ろ	421
市場	420
放せ	420
帝国	420
送信	419
国境	418
芸術	418
殺し屋	418
人殺し	417
資料	417
親し	416
年代	416
飲み物	416
正当	416
諜報	414
単なる	414
感覚	413
放送	413
老人	413
夢中	413
配置	413
支持	412
来れ	411
告白	411
教育	409
従業	409
看護	409
宝石	408
生か	407
利益	407
黒人	406
農場	406
金曜	406
着け	406
アイス	405
地区	405
候補	405
認識	403
家庭	403
近所	402
持ち	400
中心	399
接続	399
取得	398
臆病	397
若者	397
観察	396
大金	396
速度	395
今年	395
使命	395
数字	393
独り	393
中身	392
座れ	390
応援	390
世間	390
不幸	390
アニー	390
済み	389
理論	388
不能	387
訪問	387
貴重	387
連れ出	386
阻止	386
外出	386
処分	386
アレ	385
少佐	385
来週	384
権力	384
両手	384
優れ	384
共有	383
死刑	382
余計	381
無罪	381
深刻	381
対策	380
運動	380
東京	378
愛し	378
浮気	378
登録	378
発作	377
権限	377
か月	377
輸送	377
中央	376
あんまり	376
集団	376
引っ張	376
何百	375
限界	375
下げ	375
何事	373
ありがた	373
相当	372
着替え	370
趣味	370
全力	370
解除	369
計算	369
財布	367
不満	367
代理	367
去年	367
一言	366
連続	366
最新	365
金属	365
とりあえず	365
イタリア	364
関与	364
人気	364
生き延び	364
下ろ	363
通常	363
巡査	362
報酬	362
署名	362
一族	362
反逆	362
助手	362
過ち	362
美人	361
進行	361
民間	361
余地	361
選挙	361
悲劇	360
財産	360
離せ	359
共通	359
滞在	359
初め	359
合図	359
国際	358
事業	358
当時	358
電源	356
強制	356
革命	355
潜入	355
公平	355
公式	354
復活	354
尾行	354
軍事	353
合衆	353
含め	353
物事	352
勿論	352
英国	351
分け	350
地面	350
単に	350
一瞬	349
共同	349
販売	348
体験	348
用事	348
身分	347
集会	346
火事	346
車両	346
挑戦	345
叔母	345
配達	344
入手	344
資格	344
判事	344
小説	344
呪文	344
美味し	344
女房	344
反乱	343
マリア	343
重大	343
通過	342
正常	342
アマンダ	341
支え	341
軍人	341
期間	340
アーロン	340
加わ	340
医学	340
不要	340
馬鹿げ	340
調整	340
執行	339
必死	339
バウアー	339
不正	338
クリア	338
用件	337
薬物	337
創造	337
乗り越え	337
規模	337
悪化	336
置き去り	336
言い訳	336
申し上げ	335
制服	335
顧客	335
護衛	334
無人	334
信仰	333
当局	333
告発	332
日々	331
設定	331
正解	331
変身	331
工作	330
処刑	329
役割	329
一員	329
発砲	328
女子	328
電子	327
結論	326
真面目	326
予測	325
修正	325
対象	324
一時	324
風呂	324
取り出	324
手錠	324
牧師	321
半沢	321
実現	321
種族	320
時点	320
代わ	320
土曜	320
広が	320
戦え	320
指令	319
生き物	319
美術	318
自慢	318
舞台	318
上げろ	318
交通	316
引き起こ	316
建て	316
上昇	316
心理	315
楽しめ	315
検討	315
勤務	315
作用	315
付き	314
隠れ家	314
隊長	314
世代	314
前進	314
決まり	313
繭子	313
死因	313
続き	313
酸素	313
凶器	312
引き受け	312
助言	312
国王	312
外科	312
取り引き	311
此処	311
支払い	311
背後	310
図書	308
症状	308
話しかけ	308
引きず	308
用心	308
転送	307
公開	307
商売	307
隔離	307
理想	307
月曜	307
派遣	306
表現	305
ジュニア	305
乗客	305
初めまして	305
目指	305
年齢	304
虐殺	304
アン	304
悪党	303
使い	303
本人	303
報道	302
分離	301
発信	301
印象	301
正面	301
面会	301
ヵ月	300
上院	300
目立	299
戦略	299
下り	299
艦長	298
心当たり	298
引退	298
金融	298
無くな	298
何千	297
婦人	296
供給	296
同盟	296
毎晩	296
商品	296
見当	295
職員	295
正式	294
近づけ	294
一切	294
祖母	294
群れ	294
皇帝	293
王女	293
共和	292
自転	292
アブ	292
テア	292
世の中	291
引っ越	291
魔術	291
死人	291
進化	291
直ちに	291
北部	290
充分	290
部長	290
祝福	290
アイリス	290
アウト	289
給料	289
同情	288
議会	288
黄色	288
外国	288
作動	287
手掛かり	287
大臣	287
話題	287
校長	287
恋愛	285
追加	285
検索	285
連行	285
立ち上が	285
建設	284
数百	284
成果	284
発言	283
苦手	283
画像	282
取り組	282
何時	282
司法	282
双子	281
放棄	281
出番	281
電車	281
玄関	281
屋敷	281
当たり前	281
直面	280
共犯	280
笑い声	280
指名	280
具体	280
野球	280
突入	280
救世	280
儀式	279
圧力	279
ノア	279
キャリア	279
聖書	279
連れ戻	278
アル	278
周辺	278
高度	278
大会	277
職場	277
比べ	277
あた	276
日曜	275
アドバイス	275
知恵	275
融資	275
最中	275
乗り	275
議長	275
信念	274
連れ去	274
入院	274
気味	274
借金	274
整理	273
資産	273
感動	273
検死	273
アレク	273
検察	273
引け	272
アディ	272
生涯	271
承認	271
間抜け	271
アーメン	271
買い物	270
高速	270
解雇	270
アリバイ	269
昼食	269
天気	268
引き金	268
獲物	268
再生	268
古代	268
降伏	267
南上	267
役目	267
宗教	267
一同	267
領域	266
ブライアン	266
屋上	265
アルファ	265
暴行	264
発明	264
社員	264
静流	264
検事	264
半年	263
入り口	262
あたり	262
同然	262
悪人	262
達成	262
弱点	261
評議	261
戦場	261
物理	261
死に	261
進展	261
受信	261
菓子	260
高級	260
死ね	260
アフリカ	260
主任	260
手順	260
野朗	260
あちこち	260
時刻	259
無効	259
防御	259
送れ	258
複数	258
下手	258
死後	257
少々	257
電力	257
分間	257
廊下	257
真ん中	257
事項	256
選べ	256
処置	255
伝統	255
地点	255
曲が	255
新人	255
下ろせ	255
発電	255
保存	254
十字	254
代償	254
愛情	254
サマリア	254
評判	254
誠人	253
挙げ	253
構築	253
解読	253
昇進	253
住民	252
強化	252
手続き	252
親愛	252
直前	252
周囲	252
一歩	251
博物	251
偽物	251
拡大	251
競争	251
随分	251
寄付	251
以下	250
永久	250
無用	250
神聖	250
消防	250
大物	249
製造	249
立ち向か	249
公表	249
録音	248
素早	248
ウィリアム	248
肉体	248
年寄り	247
誘導	247
起訴	247
内側	247
特徴	246
友情	245
やる気	245
自体	245
広げ	245
取り上げ	245
やり直	245
不法	245
展開	244
予備	244
手下	244
カ月	243
匿名	243
偵察	243
アンジェラ	243
アイザック	243
国防	242
王妃	242
優勝	242
黄金	242
忠実	242
利口	242
中佐	242
取り除	242
分野	242
果て	242
登場	241
取締	241
拍手	241
会計	241
懸命	241
部品	241
本日	241
提出	240
売人	240
争い	240
再開	239
人工	239
座標	239
色んな	239
地位	239
出会い	238
置け	237
開放	237
経済	237
小便	237
作家	236
率直	236
大声	236
手放	235
基づ	235
毎年	235
アビー	235
多少	235
編集	235
数千	234
長年	234
独身	234
材料	234
部門	234
エリア	233
出入り	232
意外	232
模様	232
予言	231
立ち去	231
植物	231
文書	231
善人	231
教わ	231
先日	230
勝者	230
追放	230
付き合い	230
持ち主	230
適当	229
無料	229
孤児	229
手伝え	229
空腹	229
宣言	228
引き上げ	227
明白	227
制限	227
侵略	227
幸福	227
合法	226
作り	225
職業	225
国内	225
下着	225
合格	225
ライアス	225
化け物	224
葬式	224
音声	224
構造	224
黙示	224
先ず	223
支店	223
最強	222
地震	222
解明	221
見付け	221
済ま	221
購入	221
電波	221
提督	221
ツアー	220
同行	219
尊重	219
期限	219
メディア	219
空間	219
自白	219
会見	219
動脈	218
費用	218
マイアミ	218
狂気	218
海外	218
売り	217
劇場	217
隣人	217
木曜	216
知り合	216
空け	216
多数	215
報復	215
面接	215
外交	215
アンドリュー	215
内緒	214
誠実	214
中継	214
原子	214
表示	214
地方	214
足跡	213
本名	213
悪者	213
日付	213
引き継	213
守護	212
味わ	212
反撃	212
再会	211
言語	211
アフガニスタン	211
久利生	211
行き先	211
結末	211
無く	210
演技	210
継続	210
無限	210
固定	210
製品	210
送り込	210
解け	210
貨物	210
離陸	210
潜水	209
上着	209
空軍	209
アリ	209
通話	209
押し入	209
火曜	208
一応	208
体制	208
栄光	208
単独	207
自警	207
一晩	207
加速	207
過剰	207
アボット	207
丁度	206
不利	206
人種	206
民主	206
交代	206
史上	206
引き渡	206
独房	206
民衆	206
陸軍	205
書け	205
アレン	205
イアン	205
有効	205
検出	205
集合	204
食え	204
ピアノ	204
経歴	204
判決	204
所持	204
進歩	204
見解	204
アーチャー	204
声明	203
回避	203
文化	203
粒子	202
アイリーン	202
通路	202
坊主	202
持ち込	201
設置	201
載せ	201
業界	201
取り返	201
意地	200
獲得	200
変異	200
調達	200
情熱	200
最適	200
区域	199
変人	199
催眠	199
現象	199
法的	199
本能	199
風邪	198
仕上げ	198
重力	198
着信	198
台所	198
変態	198
白状	198
アカデミー	198
飛び降り	198
意気	197
送り	197
近寄	197
成績	197
合流	197
是非	197
例外	197
同志	196
素直	196
ワイアット	196
本来	196
皆殺し	196
引き出	195
主に	195
対抗	195
充電	194
墓地	194
座り	194
売買	194
大体	194
田舎	193
万歳	193
同じく	193
休め	193
見張り	193
番地	192
体重	192
直感	192
伝わ	192
一丿	191
衝動	191
手首	191
持ち帰	191
一種	191
相応し	191
直後	190
探知	190
生き返	190
有能	189
高価	189
人数	189
団体	189
境界	189
日常	189
アナキン	188
女優	188
保持	188
迷子	188
文明	188
有利	188
向こう側	187
連合	187
アリソン	187
宮殿	187
予感	187
性的	187
市警	187
何に	186
先だ	186
次元	186
付近	186
アナ	186
投与	186
回線	186
管制	186
想定	186
建築	186
出所	185
大気	185
至急	185
停電	185
直せ	185
応え	184
戦術	184
比較	184
次回	184
悪気	184
雰囲気	184
持ち出	184
総督	184
退学	183
不快	183
中断	183
差別	183
秘書	183
前科	183
一家	182
地帯	182
鉱山	182
伊勢	182
保釈	182
アーム	182
マフィア	182
教室	181
採用	181
拠点	181
致命	181
表情	181
話し合い	181
王冠	181
決心	181
論理	181
出動	181
職務	181
論文	180
大げさ	180
取材	180
推理	180
以降	180
初日	180
産業	180
大胆	179
引き裂	179
処方	179
気絶	179
降下	179
動産	179
回転	179
菜々	179
知性	179
あかね	179
作成	179
銃声	178
大嫌い	178
偽造	178
現地	178
和解	178
無力	178
到達	177
握手	176
当たり	176
野蛮	176
不運	176
日記	176
アイ	176
説教	176
分かれ	175
隊員	175
生産	175
大将	175
爽太	175
変わり	175
アルバート	175
紗絵子	175
別人	175
ソフィア	175
供述	174
セクレタリアト	174
指環	174
様々	174
上出来	174
エンジニア	174
小切手	174
愛人	173
合意	173
先月	173
仮説	173
盲目	173
参照	173
取り戻せ	173
無礼	173
温度	173
乗り込	173
宣伝	173
務め	172
賞金	172
現状	172
大麻	172
生き残れ	172
及び	172
潜在	172
料金	172
予算	172
呼び出し	172
未知	172
不審	172
派手	171
聴取	171
手口	171
インディアン	171
模合	171
決意	171
録画	170
成し遂げ	170
納屋	170
習慣	170
人格	170
義理	170
不死	170
毎回	169
アジア	169
合理	169
着せ	169
動かせ	169
住人	168
郊外	168
展示	168
人口	168
象徴	168
家賃	168
広告	168
広場	168
食堂	168
本質	168
独立	168
鉄道	168
過ごせ	167
初期	167
火災	167
金額	167
遺産	167
消せ	167
協定	167
狂人	167
向き	166
花火	166
俳優	166
身長	166
リアル	166
馬車	166
戦車	166
エア	166
標準	166
香港	165
救命	165
外部	165
隠し事	165
殿下	165
アルコール	165
足元	165
向き合	165
我が家	165
火星	165
毎週	165
統合	165
形跡	164
親戚	164
住宅	164
大人し	164
動作	164
反抗	163
構え	163
神秘	163
アドレス	163
検視	163
わあ	163
増加	163
毛布	163
常識	163
仕組	162
最良	162
運営	162
バックアップ	162
仮定	162
抗議	162
持ち上げ	162
ダイアナ	162
軍団	161
男女	161
路地	161
年上	161
師匠	161
主要	161
実在	161
ありゃ	160
消去	160
回り	160
部署	160
アライグマ	160
相続	160
銀河	159
審査	159
放置	159
営業	159
退院	159
懸念	159
全国	159
改善	159
動画	158
東田	158
現代	158
低下	158
見知	158
競技	158
全滅	158
立ち寄	158
アー	158
野菜	157
悟空	157
組合	157
異議	157
名乗	157
生き残り	157
石油	157
本心	157
気楽	157
無茶	157
化粧	157
補給	157
野生	157
フェア	156
退治	156
知的	156
経路	156
アイディア	156
麗子	156
目だ	156
通り抜け	156
改造	155
大騒ぎ	155
先頭	155
雇用	155
異星	155
成立	155
数十	155
税金	155
兵隊	155
似合い	155
人員	155
電池	155
コロンビア	154
転が	154
交差	154
通知	154
考え直	154
首都	154
基準	154
賞賛	154
アイルランド	153
昨年	153
アレルギー	153
観光	153
最愛	153
防犯	153
航海	153
男子	153
安藤	153
大門	153
画面	153
名簿	153
先祖	153
降ろせ	152
引っかか	152
機器	152
養子	152
流行	152
前線	152
作り話	151
周波	151
外せ	151
伝染	151
臓器	151
上級	151
再現	151
前方	151
統治	151
乗組	151
迅速	151
物資	151
政権	151
転換	151
観客	150
入り込	150
香水	150
後退	150
スチュアート	150
区画	150
ソ連	150
制度	150
家具	150
専用	149
安らか	149
あちら	149
祖国	149
再建	149
貴族	149
並べ	149
降参	148
移送	148
参考	148
推薦	148
大戦	148
業者	148
不在	148
総統	148
照ら	148
交わ	148
乱暴	148
野獣	147
厳重	147
見直	147
大和田	147
領主	147
回路	147
口論	147
射殺	147
乗っ取	147
暴動	147
手間	147
言い	146
会場	146
採取	146
消滅	146
参り	146
業務	146
価格	146
あが	146
警視	145
子犬	145
出産	145
節約	145
空想	145
重ね	145
別々	144
演説	144
手袋	144
入学	144
外側	144
階級	144
引き出し	144
弟子	144
組み合わせ	144
全身	144
母国	143
知事	143
引き換え	143
アリシア	143
女神	143
設備	143
たどり着	143
感心	143
摂取	143
毎朝	143
無謀	143
ミア	142
茶色	142
経過	142
表面	142
照合	142
強烈	142
加護	142
苦情	142
延期	142
探検	142
院長	142
所属	142
定め	142
猶予	141
裏口	141
解散	141
急ぎ	141
力丶	141
同感	141
先端	141
事前	141
南部	141
韓国	141
団結	141
公正	141
聞き	140
順番	140
アンドレア	140
照明	140
神話	140
受け取れ	140
寸前	140
祐司	140
会長	140
小人	140
入口	140
叫び声	139
不良	139
合成	139
聖職	139
中隊	139
あけ	139
知能	139
推定	139
口径	138
絵画	138
信者	138
見通し	138
寛大	138
産まれ	138
信じろ	138
バージニア	138
裕福	138
一矢	138
特権	138
後方	138
入力	137
作り出	137
金髪	137
行い	137
受け継	137
外傷	137
井戸	137
アッシュ	137
座席	137
雨宮	137
機長	137
通訳	137
モリアティー	136
補佐	136
来年	136
内臓	136
解剖	136
あて	136
血清	136
まあまあ	136
決着	136
偽名	136
幹部	136
子守	135
アンドリア	135
空っぽ	135
食い止め	135
提示	135
素人	135
アポロ	135
アンジー	135
深夜	134
出演	134
通れ	134
抑制	134
歌手	134
右手	134
天井	134
振り向	134
共謀	134
構成	134
一気	134
アート	133
分子	133
共産	133
自爆	133
場面	133
街中	133
送金	133
呼び	133
立ち	133
生まれ変わ	133
搭乗	133
店員	132
勢力	132
可哀想	132
略奪	132
細工	132
体内	132
化け	132
帰国	132
聞か	132
食い物	132
放火	132
部族	131
最期	131
放題	131
診察	131
角度	131
美波	131
名付け	131
通用	131
立証	130
可笑し	130
打ち上げ	130
救済	130
液体	130
あえて	130
平穏	130
公共	130
服役	130
食欲	130
感想	129
予防	129
役者	129
工学	129
野心	129
哲学	129
抹殺	129
生え	128
理性	128
欠点	128
再度	128
整え	128
亡命	128
オーストラリア	128
太平	128
近付	128
あん	128
向かえ	128
点火	128
荷造り	128
移植	128
箇所	128
恩人	128
役員	128
外見	128
便利	127
解析	127
魔力	127
明信	127
要点	127
身代金	127
将校	127
一掃	127
名案	127
生み出	127
鼓動	127
堂々	127
投稿	127
意義	126
反省	126
食らえ	126
野人	126
失業	126
国外	126
遂行	126
下水	126
支度	126
要素	126
いやあ	126
解釈	126
起爆	126
学者	126
美味	126
進路	125
処女	125
大抵	125
青年	125
識別	125
翌日	125
無敵	125
取り消	125
手柄	125
仲直り	124
公衆	124
食ら	124
衛生	124
変装	124
測定	124
依存	124
立ち入り	124
アンバー	124
アロー	124
身内	124
破産	124
村田	124
司祭	123
アシスタント	123
会合	123
未亡人	123
アンダーソン	123
昼間	123
傍受	123
あふれ	123
不倫	123
過激	123
警護	123
究極	123
ムーア	123
区別	123
何十	123
引き離	123
コア	123
ビクトリア	123
孤立	122
ボランティア	122
一流	122
ぶっ殺	122
学べ	122
民族	122
報い	122
兵団	122
活躍	122
真下	122
高貴	122
占領	122
後部	122
水曜	122
加地	122
大砲	122
浄化	122
親指	122
不死身	122
解毒	122
顔色	122
前向き	122
新入り	122
治せ	121
見当た	121
傑作	121
上等	121
分類	121
名声	121
明朝	121
人材	120
ピアス	120
アビゲイル	120
国連	120
家内	120
群衆	120
講義	120
交信	120
光景	120
使者	120
概念	120
組み立て	120
乗船	120
過程	120
旧友	120
傾向	120
浅野	120
結合	120
単語	120
徹信	120
平凡	120
解体	119
移民	119
閉店	119
常務	119
見分け	119
取り付け	119
補助	119
窮地	119
策略	119
運べ	119
敵対	119
ジョシュア	119
助け合	119
設立	119
楽勝	119
グレアム	118
国土	118
平均	118
教訓	118
読書	118
備後	118
調理	118
上品	118
オーストリア	118
独占	118
片付	118
ダンブルドア	118
食品	118
上空	117
指摘	117
上官	117
復元	117
断言	117
容器	117
男達	117
王家	117
点け	117
真っ直ぐ	117
対面	117
一旦	117
所在	117
措置	117
アデル	117
人手	117
クライアント	117
振動	117
罪人	117
地雷	117
撃ち殺	116
照準	116
独自	116
新品	116
社交	116
名刺	116
分解	116
アンドレ	116
感知	116
発展	116
教官	116
牧場	116
シリア	116
景色	116
却下	116
ユーモア	116
物体	116
基礎	116
玉座	115
重罪	115
決勝	115
該当	115
向かい	115
収入	115
元老	115
学習	115
発動	115
一連	115
防弾	115
切り離	115
乗員	115
迷路	115
アップロード	114
入国	114
同期	114
アナベル	114
探査	114
政策	114
長者	114
引き返	114
後継	114
資源	114
法則	114
美女	114
目当て	114
認証	114
宝物	114
自覚	114
適任	114
妥協	113
視界	113
名義	113
商人	113
近道	113
気配	113
要望	113
パイア	113
先輩	112
指定	112
愛し合	112
豪華	112
不気味	112
安置	112
フロア	112
アメリア	112
横たわ	112
終身	112
生死	112
無傷	112
アルフレッド	112
大勢い	112
出世	112
通り過ぎ	111
アイアン	111
行儀	111
予期	111
職人	111
豊富	111
粉々	111
別荘	111
定期	111
機体	111
食物	111
足止め	111
手入れ	111
長期	111
同居	111
空中	111
対立	111
協会	110
防備	110
鑑定	110
其処	110
酒場	110
靴下	110
無能	110
育ち	110
着用	110
株式	110
持ちこたえ	110
経由	110
夜間	110
休息	110
家畜	110
知人	109
上陸	109
アルマ	109
撤回	109
ミリアム	109
工事	109
落下	109
預言	109
全面	109
乗り切	109
次々	109
続行	109
本音	109
倫理	109
早速	109
高め	109
投獄	109
薬品	109
体調	109
大いに	108
清掃	108
本番	108
取り掛か	108
融合	108
居所	108
発行	108
持ち物	108
よそ者	108
改良	108
アーチー	108
手動	108
中東	108
放出	108
風船	108
対戦	108
好物	108
火傷	108
西村	108
アバドン	108
ああー	108
役人	108
独特	108
家出	107
アカウント	107
ソフトウェア	107
敷地	107
重荷	107
ピアース	107
奨学	107
アーニー	107
派閥	107
住まい	107
アーノルド	107
打ち合わせ	107
執着	107
有力	107
あくまで	107
視聴	107
有り	107
待ち合わせ	107
情け	107
実力	107
通じ	107
実習	106
余分	106
進入	106
方々	106
元々	106
専攻	106
人体	106
強要	106
度胸	106
企み	106
定義	106
売却	106
局長	106
アストラ	106
出現	106
依然	106
側面	106
持ち場	106
長生き	105
生体	105
支局	105
発進	105
大地	105
規制	105
人違い	105
大型	105
心得	105
要員	105
臨時	105
ジア	105
裁き	105
手当て	105
引用	105
切り取	105
大衆	105
大陸	105
楽器	105
漫画	105
一目	105
殺戮	105
土産	105
ピア	105
リディア	105
遺言	105
身近	105
演じ	105
子孫	105
始動	105
城壁	104
経緯	104
主役	104
引き取	104
親衛	104
平等	104
対決	104
受賞	104
アンソニー	103
文章	103
共感	103
自首	103
近藤	103
曲げ	103
解き放	103
疫病	103
本題	103
気晴らし	102
要塞	102
結晶	102
内密	102
やり直せ	102
申し立て	102
居住	102
止まり	102
親密	102
アクション	102
路上	102
ジュリアナ	102
物件	102
丁寧	102
任命	102
引っ越し	102
あいつら	101
財務	101
放り出	101
器用	101
最小	101
口説	101
成年	101
山田	101
大半	101
褒美	101
命中	101
児童	101
視線	101
押し付け	101
緑色	100
左手	100
委ね	100
規定	100
久美子	100
国務	100
仕様	100
強姦	100
指図	100
演出	100
起こせ	100
農家	100
立ち止ま	100
積極	100
寄生	100
子猫	100
歩き回	100
私立	100
吐き気	100
リア	100
役所	100
制作	100
出力	100
止血	100
評決	100
反射	99
持ち去	99
頭部	99
小鳥	99
同胞	99
有機	99
アルミン	99
入隊	99
仕向け	99
留置	99
居心地	99
薬局	99
妥当	99
体育	99
桜井	99
人民	99
国中	99
整備	99
あいにく	99
演習	98
滅多	98
王座	98
三角	98
道間	98
諸島	98
強大	98
愛国	98
アトランタ	98
手品	98
権威	98
ガーディアン	98
悪口	98
早急	98
力強	98
アリン	98
おとぎ話	98
果物	97
少数	97
落書き	97
次長	97
聖杯	97
空爆	97
回せ	97
盛り上が	97
病人	97
検問	97
アラーム	97
合体	97
難民	97
雇い主	97
手当	97
受け止め	97
電磁	97
来月	97
盗品	97
通行	97
出張	97
呼び戻	97
同性	97
アンテナ	97
称え	96
称賛	96
台本	96
先ほど	96
弁当	96
凍結	96
別名	96
王族	96
見張れ	96
記入	96
万が一	96
アメリカン	96
自得	96
上海	96
反論	96
一線	96
口実	96
北西	96
名字	96
言い分	95
除外	95
鳥井	95
聖堂	95
交流	95
教団	95
広報	95
連隊	95
炭素	95
放て	95
万全	95
並み	95
自業	95
戯言	95
アルゴリズム	95
安らぎ	95
思い知ら	95
病棟	95
物音	95
分別	94
膨大	94
潔白	94
時速	94
親子	94
小型	94
読み	94
ギア	94
点検	94
顧問	94
楽園	94
取り調べ	94
注入	94
かあ	94
浜辺	94
体温	94
支部	94
天皇	94
つきあ	94
毒殺	94
中学	94
仮面	94
住め	94
アムステルダム	94
義父	94
会員	93
アンド	93
受付	93
屋根裏	93
出会え	93
加害	93
審議	93
アイビー	93
変換	93
個性	93
じゃあまた	93
製作	93
感傷	93
横切	93
如何	93
献身	93
差し上げ	93
人事	92
買い手	92
配線	92
視覚	92
家系	92
老師	92
形成	92
北朝鮮	92
なあに	92
一撃	92
好調	92
確定	92
小銭	92
本性	92
口出し	92
里親	92
原始	92
情けな	92
愛せ	92
真犯人	92
団長	92
壮大	92
無害	92
足首	92
推進	92
植え	92
改革	92
年金	92
魔物	91
糞野郎	91
主催	91
適用	91
アスガルド	91
食糧	91
日焼け	91
減少	91
実家	91
検証	91
性質	91
回答	91
開催	91
出向	91
感激	91
代金	91
響き	91
応じ	91
歌え	91
組め	90
少尉	90
執事	90
寺院	90
次期	90
ケア	90
視点	90
辿り着	90
劇的	90
悪事	90
埋め合わせ	90
致死	90
発音	90
火薬	90
ヴィジュアライズ	90
不潔	90
戦死	90
半径	90
西側	90
祖先	90
介入	90
西部	90
下院	90
限定	90
作り上げ	89
そりゃあ	89
気違い	89
正午	89
酸化	89
階下	89
検知	89
傷付け	89
下品	89
休日	89
大阪	89
企画	89
気温	89
手本	89
一夜	89
ダイアン	89
気まず	89
連れ出せ	89
衛兵	89
後半	88
アルメイダ	88
取り乱	88
無知	88
蘇生	88
森田	88
通せ	88
観念	88
立ち直	88
気取	88
都会	88
今月	88
雑音	88
統計	88
気取り	88
分裂	88
心地	88
言い聞かせ	88
金塊	88
拘置	88
アプリ	88
過小	88
牢屋	88
保留	88
傷口	88
呼びかけ	87
制圧	87
アラブ	87
落ち合	87
アップル	87
健全	87
引き寄せ	87
ああっ	87
キックアス	87
売女	87
一味	87
引き	87
引き抜	87
配備	87
防げ	87
勝ち目	87
至る所	87
勝ち取	87
農民	87
水道	87
天然	86
美容	86
向上	86
船員	86
出航	86
愛想	86
結びつけ	86
ジョージア	86
天候	86
導き	86
工業	86
消費	86
手前	86
隙間	86
領事	86
発揮	86
アリゾナ	86
暗示	86
規律	86
復旧	86
リリアン	85
ジョアン	85
岩崎	85
健太郎	85
不滅	85
エイドリアン	85
書斎	85
アーヤ	85
成分	85
画家	85
洪水	85
台詞	85
手帳	85
徐々	85
決闘	85
理屈	85
原稿	85
水中	85
言い争	85
毎月	85
北東	85
公聴	85
人目	85
用語	85
無数	85
忘れ物	85
アール	85
引き続	85
単位	84
アイランド	84
防護	84
住居	84
不可欠	84
聖人	84
気まぐれ	84
シェア	84
最上	84
毒物	84
出資	84
アルビン	84
突っ立	84
淑女	84
目玉	84
急速	84
小隊	84
元帥	83
各地	83
獅子	83
不可解	83
返済	83
関わり	83
体力	83
アル中	83
アザ	83
同一	83
灰色	83
気持	83
処罰	83
アレクス	83
改めて	83
教科	83
鳴き声	83
挑発	83
家政	83
行進	83
貫通	83
身柄	83
見学	83
示唆	83
発達	83
等し	83
やり直し	83
一面	82
騒音	82
消耗	82
機材	82
複製	82
岸川	82
漁師	82
関節	82
基金	82
領土	82
一夕	82
花木	82
任意	82
走り回	82
惨事	82
アソコ	82
手元	82
国税	82
言及	82
手足	82
所長	82
下げろ	82
急行	82
気遣い	82
抗生	82
車庫	81
活発	81
敏感	81
試作	81
和平	81
精子	81
縄張り	81
広め	81
活性	81
認知	81
植民	81
若造	81
初心	81
台湾	81
小児	81
認可	81
退役	81
あんま	81
光線	81
大昔	81
取り合	81
代替	81
割り当て	81
あの世	81
振り回	81
シアトル	81
配慮	81
詩人	81
アインシュタイン	80
刺青	80
乱れ	80
刑期	80
車輪	80
広ま	80
消え去	80
結びつ	80
召し上が	80
ペア	80
莫大	80
巡回	80
過ぎ去	80
多田	80
墓場	80
交戦	80
アマ	80
業績	80
離脱	80
南側	80
連鎖	80
適応	80
仲谷	80
使い捨て	80
達人	80
王位	80
学園	80
主婦	80
電灯	80
結成	80
立ち上げ	80
客人	80
化石	79
宿命	79
無理やり	79
万一	79
中間	79
在庫	79
総合	79
学期	79
問い合わせ	79
停車	79
ウィリアムズ	79
透視	79
マニュアル	79
加担	79
生理	79
伊賀	79
休戦	79
見回	79
君主	79
米軍	79
戦艦	79
消毒	79
治癒	78
伝達	78
満月	78
親族	78
アルバム	78
総理	78
人助け	78
上層	78
企て	78
無法	78
金貨	78
適合	78
来客	78
同類	78
実施	78
フィラデルフィア	78
あい	78
強引	78
誓約	78
方面	78
動力	78
一刻	77
騒動	77
誤魔化	77
存続	77
シリアル	77
大聖	77
持ち歩	77
搬送	77
子息	77
特許	77
あわせ	77
確立	77
用い	77
一定	77
番人	77
調教	77
投げろ	77
エアコン	77
つま先	77
陽気	77
不意	77
葉巻	77
投げ出	77
成り行き	77
元カレ	77
レア	77
動転	77
あだ名	77
道理	76
南西	76
アントン	76
散々	76
射程	76
ベア	76
機動	76
自力	76
法務	76
中華	76
手先	76
グロリア	76
ありか	76
肉屋	76
不当	76
各自	76
根本	76
送り返	76
仕組み	76
一口	76
小娘	76
焦点	76
長引	76
電流	75
星系	75
素性	75
専念	75
旅立	75
取り残	75
有益	75
総省	75
手数	75
無口	75
間近	75
射手	75
協議	75
後戻り	75
服用	75
有害	75
リーアム	75
一人ぼっち	75
混合	75
速やか	75
経費	75
血統	75
食器	75
実感	75
聞き出	75
アヒル	75
素材	75
アッラー	75
頑丈	75
火葬	75
村人	75
減速	75
半端	75
溺死	75
中立	74
代役	74
消化	74
幼児	74
移住	74
由梨	74
不吉	74
吸引	74
促進	74
擁護	74
結び	74
入札	74
類似	74
空き	74
行使	74
敗者	74
面談	74
親権	74
国籍	74
朝飯	74
パトリシア	74
勘定	74
ヴィヴィアン	74
思い当た	74
電報	74
生まれつき	74
切開	74
光速	73
見上げ	73
罰金	73
流血	73
名乗り出	73
あァ	73
同席	73
順位	73
応用	73
頭取	73
手出し	73
分かち合	73
重傷	73
横断	73
見送	73
ヘア	73
預金	73
前例	73
万事	73
往生	73
交際	73
娯楽	73
狂信	73
長旅	73
清め	73
人前	72
威力	72
毒素	72
向う	72
アダムス	72
司教	72
ボルチモア	72
消し去	72
榎本	72
仕立て	72
日光	72
遺書	72
接点	72
アストリッド	72
取り下げ	72
品質	72
登れ	72
治安	72
アキレス	72
出国	72
道化	72
転校	72
勇者	71
足音	71
配属	71
引きつけ	71
アフガン	71
欧州	71
本土	71
水素	71
最速	71
抹消	71
積荷	71
終結	71
有望	71
アドレナリン	71
地中	71
旋回	71
っ子	71
泣き声	71
懐中	71
アッ	71
磁気	71
人狼	71
黒崎	71
脚本	71
主導	71
出生	71
三木	71
福祉	71
由美子	71
保て	71
貯金	71
無縁	71
送還	71
短気	71
懸賞	70
回れ	70
あれこれ	70
連盟	70
無断	70
アロン	70
当事	70
及ぼ	70
全域	70
縫合	70
一息	70
寿命	70
師団	70
でっち上げ	70
標識	70
アンダー	70
得点	70
投入	70
発掘	70
記述	70
手強	70
人身	70
手榴弾	70
身代わり	70
感電	70
開拓	70
船体	70
清潔	70
分割	70
同級	70
ブライア	70
集結	70
ひと言	70
線路	69
自供	69
事例	69
自家	69
生贄	69
片手	69
建造	69
アハハ	69
半数	69
運用	69
条約	69
改装	69
大いなる	69
やり取り	69
消息	69
領収	69
有毒	69
作曲	69
当選	69
亭主	69
当初	69
浮上	69
呼ばわり	69
統一	69
出場	69
手始め	69
限度	69
直美	69
アンドレイ	69
アベル	69
当分	69
書き	69
防止	68
就任	68
楽観	68
安物	68
遺族	68
呼び名	68
愛らし	68
裏付け	68
水着	68
シンシア	68
口紅	68
利己	68
洞察	68
部外	68
迂回	68
解消	68
変形	68
アラスカ	68
成人	68
広大	68
乗り物	68
開店	68
前後	68
高潔	68
従者	68
製薬	68
信心	68
公爵	68
葉っぱ	68
形式	68
黒子	68
新作	68
連れ帰	67
自尊	67
発想	67
世辞	67
近頃	67
書き留め	67
論争	67
餌食	67
聞き覚え	67
引き付け	67
丁目	67
早朝	67
帝王	67
北京	67
渓谷	67
習得	67
文学	67
あいさつ	67
アンドロイド	67
取り憑	67
コロニアル	67
頂上	67
量子	67
盗人	67
素手	67
二十	67
南東	67
あッ	67
乗車	67
宗介	67
本件	67
投げ込	67
見物	67
入れ墨	67
乗り換え	67
引越し	67
実績	67
消失	67
鋼鉄	67
性能	67
ドリアン	67
餓死	66
人権	66
討論	66
気遣	66
調和	66
細部	66
在住	66
強い	66
水泳	66
山脈	66
艦内	66
即座	66
搭載	66
入場	66
王室	66
仕置き	66
見下	66
進軍	66
市内	66
アーヤン	66
命じ	66
隕石	66
手作り	66
景気	66
大男	66
毒島	66
大目	66
前日	66
アシュリー	65
一斉	65
優位	65
踏み入れ	65
居間	65
大通り	65
頂点	65
布告	65
あげろ	65
手法	65
立入	65
田鶴	65
大家	65
乱用	65
学長	65
利点	65
流出	65
濃度	65
小川	65
廃止	65
演劇	65
投げ捨て	65
取り決め	65
歯科	65
大王	65
見付か	65
日誌	65
人殺	65
忌々し	65
護送	65
アテネ	65
田舎者	65
悪名	65
遺物	65
如何なる	65
拡張	65
両者	64
ヾ一	64
放り込	64
真山	64
引き止め	64
気前	64
返信	64
迷信	64
町中	64
農業	64
内通	64
夏休み	64
工藤	64
歌声	64
必然	64
横取り	64
技師	64
金子	64
観測	64
罪状	64
元妻	64
懲役	64
要因	64
万端	64
送り出	64
新年	64
セオドア	64
照会	64
器具	64
密売	63
移行	63
野放し	63
全額	63
成り立	63
開き	63
南アフリカ	63
アビゲール	63
統制	63
司会	63
判定	63
大樹	63
化合	63
汽車	63
先導	63
死神	63
タリア	63
快楽	63
金田一	63
アリー	63
体操	63
アドラー	63
当てはま	63
アレキ	63
輸入	63
あきれ	63
取り返し	63
人命	63
瀕死	62
強迫	62
総員	62
中古	62
投下	62
売り上げ	62
表紙	62
読者	62
モリアーティ	62
所詮	62
持参	62
放浪	62
引っ込	62
監査	62
アナル	62
重症	62
アダマ	62
安っぽ	62
手渡	62
学位	62
整形	62
重役	62
相応	62
早期	62
排水	62
水平	62
王者	62
修行	62
磁石	62
大手	62
日の出	62
式典	62
聖域	62
待ち構え	62
ガリアン	62
競売	62
ありのまま	62
食い	62
調書	62
水槽	61
保守	61
スクエア	61
主な	61
担保	61
行な	61
財団	61
直行	61
アルカディア	61
発火	61
中傷	61
竹本	61
代物	61
高官	61
逆転	61
脱水	61
全能	61
送電	61
人道	61
捕食	61
顔面	61
作物	61
教皇	61
手短	61
私物	61
公演	61
枢機	60
腕前	60
監察	60
残業	60
不全	60
資本	60
戦利	60
家中	60
先手	60
近親	60
永井	60
皇太子	60
絞殺	60
聞き込み	60
取り替え	60
アスピリン	60
ありふれ	60
日没	60
日向	60
死角	60
抜群	60
イライアス	60
アナリスト	60
銃創	60
一見	60
配給	60
性交	60
石炭	60
陽動	60
編成	60
見放	60
恐れ入	60
取調べ	60
付き添	60
察知	60
強奪	60
火山	60
動員	60
合併	60
無論	60
各国	60
羽目	60
議事	60
生地	60
ハア	60
感銘	60
ヶ所	59
アルカイダ	59
師範	59
和らげ	59
格子	59
水分	59
内蔵	59
東部	59
行き詰ま	59
高ま	59
病的	59
早起き	59
ガイアス	59
目隠し	59
見過ご	59
取り込	59
信託	59
視野	59
白雪	59
後任	59
自立	59
灯台	59
あああ	59
標本	59
倒産	59
客観	59
当社	59
夜通し	59
大西	59
書き換え	59
ペンシルバニア	59
目印	59
張り込み	59
重な	59
蒸気	59
思い付	58
合計	58
芝生	58
あらら	58
年取	58
配管	58
元哉	58
友子	58
専務	58
病室	58
言い切れ	58
株価	58
庭師	58
便所	58
支給	58
信条	58
配送	58
情緒	58
ルイジアナ	58
起立	58
形態	58
過酷	58
火炎	58
来世	58
歌詞	58
特有	58
ベアー	58
盛大	58
家宅	58
殉教	58
共存	58
視力	58
優雅	58
渡真利	58
賢者	58
アクセント	58
掛け直	58
子羊	58
真っ先	57
連携	57
本意	57
上流	57
税関	57
屠殺	57
系統	57
記載	57
水族	57
生還	57
運び出	57
怠け者	57
奪い取	57
学び	57
年月	57
原告	57
あなただ	57
荒野	57
関知	57
見習	57
藤村	57
数値	57
気候	57
当面	57
異教	57
原則	57
佐久間	57
表彰	57
大群	57
横領	57
うわあ	57
病質	57
スケア	57
駆け引き	57
審問	57
循環	57
形見	57
換気	57
会談	57
片目	57
独裁	57
分隊	57
放課	57
音波	57
落第	57
賛同	57
付きまと	57
アプローチ	57
落ち着き	57
受か	57
予知	57
戦線	57
忍者	56
掲示	56
矯正	56
投降	56
作法	56
アルトン	56
世論	56
当日	56
アクセル	56
乗務	56
白紙	56
富豪	56
近隣	56
あのう	56
大隊	56
選び	56
赤外	56
農夫	56
時空	56
腹部	56
訂正	56
アニ	56
手間取	56
子宮	56
肉食	56
公務	56
日暮れ	56
停戦	56
中退	56
闘技	56
翌朝	56
大蛇	56
飛び回	56
用途	56
創設	56
手荒	56
決めつけ	56
ウィリアムス	56
山﨑	56
味見	56
走行	56
整列	55
無欲	55
平静	55
参謀	55
由来	55
取り返せ	55
錯乱	55
胎児	55
中庭	55
内務	55
私生	55
あーあ	55
通告	55
有難	55
導入	55
一帯	55
秒間	55
持続	55
積り	55
多大	55
賃金	55
気高	55
引き込	55
義母	55
代々	55
見殺し	55
不味	55
スタジアム	55
イリア	55
青春	55
アマチュア	55
平方	55
方程	55
小麦	55
側近	55
中世	55
アタマ	55
名づけ	55
大腿	55
一貫	55
乙女	55
運搬	54
取り込み	54
スコア	54
中西	54
抗争	54
下宿	54
置き	54
通称	54
アニキ	54
察し	54
実践	54
石鹸	54
金銭	54
気流	54
先住	54
申し分	54
悲観	54
歓声	54
草原	54
孝則	54
宣戦	54
セルビア	54
運び屋	54
風景	54
伯母	54
自衛	54
架空	54
見本	54
アルド	54
多量	54
絞め殺	54
辞任	54
重量	54
手際	54
不平	54
著名	54
調合	54
ミリアド	54
飼育	54
ルーマニア	54
近辺	54
戦力	54
勃起	54
原料	53
アラゴルン	53
大至急	53
年頃	53
挿入	53
着地	53
ギリシア	53
エミリア	53
原理	53
接種	53
兵力	53
代弁	53
アーティ	53
足取り	53
両側	53
大工	53
主演	53
アメ	53
直樹	53
シアーシャ	53
後援	53
ガルシア	53
生成	53
お手上げ	53
疑念	53
アマゾン	53
受け取り	53
関口	53
売り物	53
竹下	53
守衛	53
通気	53
過失	53
冷戦	53
同伴	53
覆面	53
中年	53
路線	53
新米	53
引き取り	53
見知り	53
再婚	53
ファイアウォール	53
上達	53
送り届け	53
足手	52
大口	52
満員	52
異論	52
急激	52
特技	52
生意気	52
中村	52
大喜び	52
組み込	52
急げ	52
精通	52
航行	52
精製	52
縛り付け	52
感触	52
発売	52
室内	52
奥深	52
捏造	52
半ば	52
引き揚げ	52
責務	52
取り分	52
起源	52
通貨	52
大晦日	52
鈴木	52
改め	52
ブレア	52
アヘン	52
アドバイザー	52
活用	52
自制	52
下降	52
対話	52
進学	52
身動き	52
飛び立	52
親類	52
電線	52
言わ	52
即死	52
味わえ	52
義兄	52
制裁	51
特異	51
失調	51
仙崎	51
項目	51
車内	51
国立	51
アーデン	51
東側	51
あらあら	51
予告	51
病原体	51
経理	51
肯定	51
子育て	51
言動	51
特性	51
対価	51
速報	51
末期	51
心強	51
偽者	51
機内	51
常連	51
賭博	51
再発	51
アーク	51
横浜	51
聞き出せ	51
店長	51
早々	51
呼び寄せ	51
アゴ	51
特集	51
基盤	51
リビア	51
津波	51
人相	51
気難し	51
モーフィアス	51
船内	51
安静	51
アミン	51
清算	51
前列	51
点滴	51
リアクター	51
海水	51
一変	51
薫子	51
周年	51
たどり着け	51
海上	51
更生	51
支障	50
資質	50
気圧	50
誇張	50
アレクサンダー	50
立ち去れ	50
発つ	50
獣医	50
遺骨	50
好機	50
音量	50
元素	50
予選	50
殺意	50
召使	50
仕入れ	50
総監	50
圏外	50
介護	50
見習い	50
か所	50
洗面	50
引き留め	50
達者	50
変動	50
立て直	50
食べれ	50
助力	50
主だ	50
小学	50
人的	50
強調	50
あわて	50
進捗	50
学費	50
ユリア	50
トビアス	50
合唱	50
引き出せ	50
補償	50
時折	50
証書	50
学年	50
茶番	50
留学	50
引き返せ	50
アメフト	50
自滅	50
新入	50
空飛	50
切手	50
アメリー	50
講演	50
異動	50
口笛	50
競馬	50
超越	50
フィアンセ	50
話せよ	49
王都	49
引き入れ	49
アスペン	49
初耳	49
不断	49
運び	49
天塩	49
起き上が	49
ダイアモンド	49
アジト	49
白血	49
アーティスト	49
アントニオ	49
工具	49
口止め	49
大当たり	49
失神	49
マニア	49
思い知	49
回数	49
教区	49
店主	49
見合	49
粘土	49
需要	49
用紙	49
不通	49
外壁	49
空手	49
良々	49
リアム	49
あのー	49
表明	49
出直	49
大義	49
年度	49
コーディア	49
貸金庫	49
産物	49
准将	49
導師	48
自主	48
平行	48
っ放し	48
軍用	48
審理	48
筋書き	48
言いつけ	48
形状	48
装着	48
新規	48
拓馬	48
アイラ	48
休養	48
算数	48
弁解	48
募金	48
オリヴィア	48
面識	48
害者	48
泣き言	48
アーカイブ	48
長所	48
真上	48
掘り起こ	48
小夜子	48
白鳥	48
理事	48
死傷	48
取り付	48
行き着	48
義足	48
アレス	48
調節	48
氷河	48
半神	48
目視	48
選考	48
アラー	48
小遣い	48
戦隊	48
求女	48
無名	48
木々	48
回り道	48
以後	48
チェックアウト	48
物的	48
上位	48
一団	48
久々	48
後ほど	48
本山	48
淫売	48
アポ	48
地平	48
取り出せ	48
アベンジャーズ	48
動き回	48
付き添い	48
縁起	48
投げつけ	48
造船	48
治ま	48
素質	47
あした	47
切り開	47
解任	47
非道	47
別居	47
大して	47
木馬	47
アンサリード	47
方式	47
長谷川	47
人食い	47
東洋	47
直線	47
毎度	47
ルシアン	47
本格	47
御座	47
名人	47
時差	47
水面	47
後回し	47
行事	47
森口	47
アタック	47
宅配	47
玩具	47
全速	47
人魚	47
明後日	47
対等	47
個別	47
補足	47
追及	47
だあ	47
屋内	47
石版	47
万能	47
無さ	47
表れ	47
迷宮	47
群が	47
祖父母	47
補充	47
美穂	47
モアナ	47
医務	47
株主	47
健在	47
木戸	47
変わり者	47
子豚	47
脳波	47
食卓	47
病状	47
先代	47
昔々	47
先行	47
アァ	47
推論	47
生け捕り	47
高齢	47
宴会	47
半身	47
意向	47
内面	47
打開	47
言い争い	47
充実	47
元カノ	47
実質	47
発令	47
容体	47
立ち入	46
引き渡せ	46
金儲け	46
到来	46
生じ	46
前夜	46
勿体	46
ノックアウト	46
観衆	46
容認	46
局員	46
あばずれ	46
王殺し	46
赤子	46
加工	46
断念	46
取り囲	46
野望	46
自発	46
私有	46
アバズレ	46
あせ	46
誘発	46
医薬	46
シアン	46
安泰	46
噛み付	46
数々	46
富樫	46
乗り切れ	46
同等	46
放り投げ	46
銃口	46
元夫	46
症候	46
転職	46
展望	46
丈夫	46
中味	46
依子	46
召使い	46
中途	46
見世物	46
空調	46
上がり	46
生き抜	46
闘争	46
立ち会	46
千尋	46
アイヴォ	46
芝山	46
日中	46
口外	46
山分け	46
電圧	46
独りぼっち	46
グルジア	46
オア	46
本社	46
母校	45
多額	45
中枢	45
創作	45
隅々	45
アンブレラ	45
相対	45
アイロン	45
あさって	45
氏名	45
丁重	45
強情	45
上回	45
空白	45
客室	45
ファイアー	45
観点	45
アルバレス	45
挙げろ	45
一服	45
引き戻	45
汚名	45
目前	45
常習	45
ダミアン	45
高所	45
やり手	45
流儀	45
農園	45
補強	45
解き	45
人造	45
外観	45
読み上げ	45
抜き取	45
時限	45
不可	45
アーチ	45
立ち直れ	45
肥料	45
急用	45
現役	45
一度	45
洗車	45
言い張	45
ディアス	45
呼び起こ	45
地表	45
結社	45
金色	45
受け付け	45
オフェリア	45
私的	45
着手	45
体格	45
彗星	45
沼地	45
至近	45
多様	45
発覚	45
小包	44
連れ込	44
乗馬	44
書面	44
田宮	44
気象	44
変質	44
ダイア	44
行政	44
コリアー	44
馬身	44
縮小	44
方位	44
落着	44
気づき	44
並外れ	44
作者	44
認定	44
照れ	44
消灯	44
蒲生	44
聖霊	44
聴聞	44
目覚まし	44
未知子	44
技能	44
名乗り	44
入居	44
保有	44
結束	44
砂浜	44
サンティアゴ	44
傍観	44
頭上	44
点灯	44
漂流	44
ババア	44
奏者	44
場違い	44
入れ替わ	44
新種	44
ソマリア	44
アグネス	44
民兵	44
マレーシア	44
フェリシア	44
満点	44
アニス	44
着席	44
バリア	44
取り押さえ	44
ビア	44
南極	44
一平	44
規範	44
知り	44
各々	44
ディアナ	44
立た	44
用だ	44
心変わり	44
戦時	43
高値	43
予報	43
焼き殺	43
自棄	43
間隔	43
悪役	43
受取	43
刃物	43
毛深	43
解説	43
記号	43
褒め言葉	43
小物	43
残高	43
戸惑	43
手ぶら	43
一環	43
末次	43
上々	43
前提	43
退場	43
クエストリア	43
家事	43
跡形	43
急襲	43
アミラ	43
応募	43
究明	43
地理	43
同い年	43
出馬	43
果実	43
家主	43
代え	43
無垢	43
クアンティコ	43
開示	43
アップグレード	43
役だ	43
戸棚	43
上下	43
胸部	43
アラビア	43
無茶苦茶	43
船乗り	43
アーネスト	43
行く	43
他所	43
密度	43
点数	43
あざ	43
尽力	43
アーリーズ	43
アンカー	43
啓示	43
持ちかけ	43
一人暮らし	43
異様	43
隊列	43
伝道	43
信じ込	43
アマデウ	43
自閉	43
外人	43
表向き	42
アンディー	42
作り直	42
話さ	42
気がかり	42
混同	42
復習	42
ベジタリアン	42
アタシ	42
実用	42
楽譜	42
新任	42
電球	42
牽引	42
朗報	42
引っ掻	42
立体	42
淳太	42
付き合え	42
持ちだ	42
床屋	42
吸い取	42
片足	42
手書き	42
描写	42
肛門	42
メチルアミン	42
発車	42
投薬	42
変革	42
江上	42
苦境	42
言いなり	42
白髪	42
話し合え	42
有無	42
差し金	42
評論	42
ジョアンナ	42
手分け	42
性愛	42
交配	42
全土	42
ミアリーン	42
インディア	42
さあさあ	42
少量	42
自問	42
手違い	42
別件	42
日程	42
飼い主	42
公判	42
内輪	42
手ごわ	42
良木	42
気合	42
所為	42
全米	42
絵本	42
運輸	42
違和	42
偉業	42
逃げ場	42
武力	42
保健	42
崇高	42
生息	41
ココア	41
アラバマ	41
新郎	41
消火	41
花本	41
改ざん	41
果たして	41
即興	41
有用	41
独創	41
アクバリ	41
脱線	41
裁量	41
銃殺	41
手洗い	41
シャイア	41
総長	41
物騒	41
ファイア	41
アミダラ	41
新車	41
あばよ	41
アックス	41
通し	41
適正	41
速力	41
スメア	41
公然	41
重圧	41
アイアンマン	41
エレノア	41
レズビアン	41
備品	41
江島	41
チアリーダー	41
地味	41
売上	41
アリーナ	41
静止	41
命乞い	41
自我	41
可愛らし	41
年少	41
マニキュア	41
機構	41
水晶	41
除隊	41
木島	41
一人一人	41
ウイリアム	41
言い寄	41
飛び乗	41
上映	41
水飲	41
抗体	41
物凄	41
商談	41
前半	41
バンパイア	41
ディア	41
自国	41
出来上が	41
優勢	41
決行	41
引っ掛か	41
増大	41
アガサ	41
養育	40
別物	40
着飾	40
太鼓	40
あいだ	40
自慰	40
実証	40
四方	40
実業	40
心構え	40
何歳	40
流星	40
後頭	40
水銀	40
近々	40
複合	40
進出	40
高額	40
聖母	40
アルメニア	40
逃げ回	40
アース	40
下座	40
人参	40
強度	40
即時	40
寺島	40
溶接	40
分け合	40
一筋	40
超人	40
悪趣味	40
正規	40
中々	40
高慢	40
性別	40
あんの	40
口調	40
公認	40
妻子	40
名詞	40
血球	40
転移	40
青色	40
分散	40
庶子	40
釜山	40
波止場	40
左利き	40
苛立	40
店舗	40
下痢	40
蒸発	40
入れ替え	40
巻き上げ	40
アイドル	40
命名	40
殺し合い	40
強欲	40
左足	40
燃え上が	40
議題	40
下っ端	40
積もり	40
引き下が	40
心中	40
甥っ子	39
遊園	39
通達	39
食べろ	39
従事	39
赴任	39
直撃	39
スペア	39
批評	39
あえ	39
探し回	39
講師	39
男前	39
航路	39
因果	39
前任	39
山積み	39
あぶな	39
木星	39
布団	39
来場	39
深め	39
青空	39
知道	39
復興	39
同棲	39
アデライン	39
右足	39
案外	39
雑用	39
公女	39
待ち受け	39
金吾	39
セリア	39
教養	39
美徳	39
関西	39
女医	39
読み取	39
屋台	39
砲火	39
コーデリア	39
畜生め	39
城門	39
金魚	39
狂王	39
領地	39
刺殺	39
遺品	39
マリアンヌ	39
配信	39
超常	39
山羊	39
横柄	39
完治	39
置き場	39
過大	39
品物	38
得策	38
立ち上がれ	38
空襲	38
全焼	38
伝書	38
給水	38
力学	38
商業	38
体型	38
染色	38
設け	38
阿華	38
遠回り	38
野営	38
帳消し	38
アーリア	38
言い換え	38
アピール	38
色男	38
アーメド	38
人里	38
取り消し	38
庭園	38
アーッ	38
直し	38
付着	38
アナウンス	38
短期	38
行列	38
アレクセイ	38
境遇	38
アイビス	38
合致	38
真っ白	38
火神	38
保全	38
月面	38
入れ歯	38
無言	38
系列	38
配列	38
悪用	38
無邪気	38
器官	38
知れんが	38
積み上げ	38
殺し合	38
再考	38
看病	38
アダール	38
提携	38
目線	38
夜空	38
潮時	38
似非	38
多忙	38
統率	38
反映	38
子守り	38
木箱	38
アッカーマン	38
二番	38
安ら	38
見送り	38
アイコン	38
個々	38
アドルフ	38
事柄	38
断定	37
野原	37
引っ張り	37
上部	37
個体	37
主題	37
張り	37
本屋	37
著者	37
痛み止め	37
扇動	37
下僕	37
子分	37
小木曽	37
三十	37
買い取	37
年下	37
知る	37
緩和	37
手早	37
流し	37
自暴	37
アルバカーキ	37
ビアンカ	37
口先	37
同窓	37
弱者	37
着艦	37
撃ち合い	37
あらすじ	37
下心	37
強固	37
瞬時	37
道連れ	37
陸上	37
検挙	37
段取り	37
吉田	37
密接	37
迎え入れ	37
信奉	37
病欠	37
水準	37
競走	37
付け加え	37
係り	37
物乞い	37
協調	37
あやま	37
脳内	37
前払い	37
登校	37
呼び出せ	37
人影	37
係わ	37
馬鹿馬鹿し	37
取りつ	37
給与	37
変貌	37
鈍感	37
アラスト	37
部位	37
教員	37
題名	37
太古	37
可哀相	37
取り外	37
散開	37
年老い	37
放免	37
星座	37
アトラス	37
築き上げ	37
誇大	37
国会	37
入金	37
火力	37
アーマー	37
代われ	37
天文	37
後尾	37
救護	37
半日	37
モリアティ	37
騒々し	37
比喩	37
遺跡	37
不屈	36
通勤	36
噂話	36
引き渡し	36
同調	36
不測	36
他言	36
高等	36
希少	36
合同	36
ぶら下が	36
言わば	36
木材	36
抽象	36
芸能	36
台なし	36
接着	36
移転	36
一心	36
発散	36
無敗	36
動向	36
花屋	36
アウレリウス	36
味覚	36
仕立屋	36
未聞	36
駆動	36
特注	36
前代	36
追い回	36
瑤子	36
結び付け	36
内戦	36
地質	36
利害	36
アルツハイマー	36
合金	36
カ国	36
治め	36
近付け	36
生き生き	36
接客	36
駆り立て	36
塗料	36
中絶	36
啓発	36
不眠	36
全う	36
アイテム	36
取り逃が	36
授与	36
寿司	36
マクティアニー	36
アイオワ	36
流通	36
通りかか	36
疎開	36
あつ	36
カ所	36
生態	36
アディソン	36
実態	36
乗り気	36
生計	36
有権	36
アレック	36
自惚れ	36
有様	36
アラ	36
満載	36
修子	36
マリアナ	36
実話	36
参列	35
アイリッシュ	35
予見	35
一層	35
概要	35
願い事	35
直視	35
図面	35
決め手	35
報奨	35
胴体	35
幻影	35
条項	35
アイリング	35
坂口	35
面前	35
アクティブ	35
不妊	35
現われ	35
広瀬	35
掘り下げ	35
一昨	35
用済み	35
法人	35
包丁	35
張り付	35
アンダース	35
一人前	35
好転	35
告げ口	35
球体	35
開けれ	35
同業	35
家業	35
何色	35
孵化	35
深度	35
引き連れ	35
天地	35
瀬川	35
実体	35
たわ言	35
遺憾	35
学会	35
笑い事	35
順次	35
安息	35
血流	35
ザッカライア	35
聖水	35
梯子	35
感づ	35
熱中	35
積み込	35
特使	35
直進	35
受刑	35
実戦	35
酒屋	35
命運	35
アルファベット	35
自称	35
悪行	35
時田	35
内気	35
土壌	35
万引き	35
降りかか	35
可哀そう	35
売り込	35
盛り上げ	35
あっさり	35
アベニュー	35
全開	35
他界	35
アレクサンドリア	35
返品	35
紛争	35
金玉	35
アルフォンス	35
グリア	34
炎上	34
襲来	34
所得	34
ビビアン	34
水源	34
千葉	34
名乗れ	34
再選	34
シベリア	34
最寄り	34
華やか	34
殺れ	34
アッパー	34
取りかか	34
信憑	34
先進	34
手のひら	34
アセット	34
四六	34
深み	34
団地	34
近衛	34
峡谷	34
口答え	34
秒読み	34
ピックアップ	34
育成	34
生きがい	34
木村	34
画廊	34
配偶	34
発注	34
段々	34
陣営	34
洗い流	34
語り継	34
対峙	34
大違い	34
星雲	34
不信	34
シェークスピア	34
殴り殺	34
あご	34
如果	34
蓄積	34
応急	34
吸入	34
岩瀬	34
重度	34
反動	34
気付け	34
原住民	34
辞表	34
先決	34
切り上げ	34
夏子	34
軽視	34
気質	34
日出男	34
アジズ	34
書き込	34
亡者	34
気力	34
純度	34
女々し	34
病原	34
噴火	34
穀物	34
釘付け	34
皮質	34
糸口	34
銃器	34
アンジェロ	34
小嶋	34
浸水	34
嫌味	34
高層	34
スアン	34
船団	34
一千	34
手立て	34
言い残	34
怖気づ	34
閃光	34
無一文	34
一理	34
入会	34
アラムート	33
国内外	33
名札	33
抱き合	33
仏教	33
ポン引き	33
聴衆	33
面目	33
見限	33
特ダネ	33
放っ	33
アバ	33
分担	33
地形	33
役職	33
満々	33
重み	33
構想	33
送りつけ	33
事案	33
催し	33
速攻	33
乗っ	33
組み	33
ワイアー	33
アレイ	33
昼休み	33
無駄遣い	33
命がけ	33
アテ	33
素晴し	33
連想	33
近代	33
魔導	33
あなたね	33
組み換え	33
小柄	33
急か	33
引き継ぎ	33
一覧	33
クラウディア	33
アミーゴ	33
事象	33
手中	33
博学	33
岩山	33
陣形	33
禁物	33
連れだ	33
個室	33
大笑い	33
割引	33
ヴァリリア	33
規約	33
進言	33
見合い	33
汚点	33
子牛	33
執務	33
前頭	33
選出	33
アーリントン	33
不調	33
公的	33
アニメ	33
写し	33
流れ者	33
音響	33
引き分け	33
運河	33
他者	33
判別	33
電機	33
流産	33
前金	33
重視	33
卒中	33
手持ち	33
窒素	33
分断	33
放り	33
行っ	33
常用	33
アルゼンチン	33
分配	33
アルトマン	33
言いがかり	33
聖戦	33
特捜	33
遺灰	33
搾取	33
身辺	33
ハードウェア	32
隊形	32
ファイアーズ	32
あらそう	32
始終	32
政界	32
競合	32
情勢	32
あお	32
問い	32
差し支え	32
見回り	32
井上	32
貧民	32
局面	32
アルマン	32
アロンゾ	32
正統	32
眼球	32
次官	32
炎症	32
アザーズ	32
身勝手	32
服着	32
代謝	32
あちら側	32
天空	32
抵当	32
総務	32
過度	32
一角	32
フライア	32
忠義	32
非番	32
士気	32
活か	32
映写	32
華麗	32
当惑	32
あっそ	32
終止	32
画策	32
腕利き	32
従来	32
霊能	32
特大	32
挽回	32
見下ろ	32
周回	32
差し向け	32
町長	32
入室	32
車線	32
知覚	32
的確	32
陣地	32
縁組	32
もてあそ	32
アリスター	32
疾病	32
不変	32
義弟	32
物置	32
代価	32
落ち度	32
金星	32
置き換え	32
天罰	32
執念	32
正門	32
アルバイト	32
上物	32
西洋	32
日听	32
運送	32
連結	32
アストリド	32
売り切れ	32
教え子	32
流れ出	32
乞食	32
トゥービア	32
外務	32
ブロア	32
強靭	32
熟知	32
口癖	32
貯水	31
行けー	31
教義	31
命懸け	31
連帯	31
発症	31
凍死	31
アンキロ	31
歩行	31
指先	31
丞相	31
念入り	31
アニマル	31
単刀	31
精査	31
アービン	31
漠然	31
西暦	31
アスラン	31
助っ人	31
優等	31
番犬	31
奇行	31
合え	31
窓口	31
戦後	31
直入	31
代り	31
後押し	31
特哥	31
保育	31
右利き	31
見取り	31
作為	31
前兆	31
施錠	31
飲料	31
飛び交	31
特製	31
馬力	31
宮廷	31
加熱	31
公子	31
呼びだ	31
ダリア	31
全車	31
外し	31
再来	31
手引き	31
ヴァージニア	31
校对	31
切り離せ	31
戦友	31
画期	31
稼動	31
無職	31
空虚	31
二階堂	31
リアン	31
反乱軍	31
郵送	31
飢え死に	31
積も	31
ともあれ	31
一文	31
分身	31
年長	31
敷物	31
噴水	31
先制	31
反響	31
平ら	31
興行	31
古風	31
メイフェア	31
質屋	31
順応	31
名称	31
不尽	31
食いつ	31
活力	31
自作	31
新生	31
星空	31
居座	31
嫌気	31
木の実	31
死骸	31
デラウェア	31
アスリート	31
アナンジオ	31
継母	31
生け贄	31
銃身	31
火あぶり	31
あま	31
両足	31
上腕	31
一人っ子	31
王雪	31
アンドリュース	31
反則	31
バクテリア	31
理学	30
高熱	30
取り壊	30
来訪	30
感じ取	30
感度	30
でっちあげ	30
元凶	30
八百	30
騎馬	30
後見	30
持ち合わせ	30
待合	30
流動	30
アンヌ	30
富士	30
フェアリー	30
堅物	30
快感	30
出来上がり	30
引っかけ	30
アウシュビッツ	30
モア	30
アイズ	30
神原	30
現行	30
湿気	30
群集	30
余生	30
団子	30
結べ	30
語りかけ	30
国旗	30
安楽	30
黒川	30
真理	30
新曲	30
大袈裟	30
ニューアーク	30
アマル	30
分岐	30
測量	30
出前	30
芸人	30
殺しかけ	30
主治	30
鍛冶屋	30
非常口	30
口ひげ	30
増強	30
突進	30
花山	30
精力	30
視察	30
永続	30
空振り	30
ペンシルベニア	30
住ま	30
見過ごせ	30
結核	30
前妻	30
生殖	30
要件	30
旅団	30
程遠	30
半額	30
朝鮮	30
特典	30
水上	30
入り江	30
旧姓	30
攻略	30
太っちょ	30
強み	30
私用	30
気休め	30
アップデート	30
商店	30
時給	30
極度	30
アルタ	30
積み重ね	30
配布	30
浩実	30
ナルニア	30
手並み	30
誇示	30
二手	30
変ね	30
行軍	30
鑑賞	30
投影	30
甚大	30
登り	30
管区	30
問答	30
弱体	30
電信	30
所定	30
関谷	30
武士	30
代議	30
正に	30
成れ	30
剥離	30
青藍	29
あや	29
半島	29
引っ掛け	29
否認	29
アルヴィー	29
指数	29
営利	29
結集	29
賜物	29
白昼	29
連れ戻せ	29
幹線	29
前歴	29
ガーディア	29
部員	29
インディアナ	29
変色	29
羽川	29
無駄口	29
寝台	29
先程	29
称号	29
決し	29
持ち込め	29
あーっ	29
見立て	29
合鍵	29
担任	29
代行	29
当番	29
盗み聞き	29
選別	29
アルミ	29
アイスランド	29
点滅	29
あいこ	29
配下	29
名言	29
福音	29
聞き取れ	29
改心	29
鉄砲	29
行え	29
初歩	29
生身	29
ナディア	29
風味	29
効力	29
分泌	29
壁画	29
公立	29
本体	29
視認	29
摂理	29
告知	29
後日	29
衣類	29
小磯	29
発案	29
日陰	29
割合	29
大脳	29
北米	29
合気	29
強硬	29
正真	29
あなたの	29
初夜	29
安易	29
宿屋	29
聖地	29
降ら	29
勝算	29
由诸神	29
深ま	29
裸足	29
庇護	29
本字幕	29
労力	29
護身	29
丸太	29
芽生え	29
参戦	29
河原	29
こじ開け	29
ブルガリア	29
レイア	29
神殿	29
無理矢理	29
定住	29
愛好	29
一名	29
体勢	29
聖南	29
南北	29
創り出	29
足下	29
突起	29
夕美	29
シルヴィア	29
目つき	29
祝日	29
高み	29
偉人	29
次男	29
強め	29
アングル	29
足し	29
フレア	29
アイサ	29
太もも	29
仅供	29
過敏	29
アークター	29
高揚	28
後生	28
頻度	28
アマール	28
今来	28
不便	28
付き人	28
白衣	28
州兵	28
異変	28
不発	28
前面	28
大概	28
やり口	28
加入	28
水路	28
反復	28
持ち堪え	28
下層	28
集計	28
行き詰	28
上書き	28
嗅ぎ回	28
運び込	28
書き直	28
親分	28
試着	28
精度	28
怪人	28
単一	28
前哨	28
漂白	28
病歴	28
仲裁	28
独断	28
伊藤	28
大急ぎ	28
カナリア	28
排気	28
アリア	28
更正	28
アサド	28
四角	28
兵役	28
生前	28
蹴り上げ	28
二千	28
正銘	28
アパッチ	28
原作	28
植え付け	28
論点	28
爆風	28
うなり声	28
主君	28
難問	28
真価	28
曲線	28
党員	28
在宅	28
身なり	28
奉公	28
アーヴィン	28
暗記	28
転属	28
差し入れ	28
おやまあ	28
思い起こ	28
白木	28
大分	28
南米	28
不是	28
デリア	28
何物	28
アクバル	28
社内	28
奇形	28
創業	28
弱気	28
締め上げ	28
直近	28
アヤ	28
御名	28
売り手	28
計略	28
やり過ぎ	28
交尾	28
様式	28
実物	28
変異体	28
義姉	28
ズートピア	28
省略	28
暴発	28
オアン	28
要領	28
居合わせ	28
ペルシア	28
年配	28
手すり	28
間接	28
命取り	28
保身	28
アレクサンドラ	28
取り扱	28
谷間	28
アハハハ	28
全容	28
同位	28
住処	27
砂子	27
歯車	27
騎兵隊	27
腐食	27
掲載	27
背信	27
名古屋	27
頼み事	27
一握り	27
殺到	27
空き家	27
補填	27
間際	27
初耳だ	27
広間	27
査定	27
人肉	27
見直し	27
部局	27
取調室	27
決め付け	27
難解	27
税務	27
極限	27
英知	27
全裸	27
アナベス	27
湾岸	27
外界	27
飲物	27
自販	27
治験	27
誤報	27
平原	27
取り巻	27
トライアド	27
方言	27
公証	27
科目	27
剥ぎ取	27
出回	27
交替	27
見積も	27
可決	27
深入り	27
産め	27
かき回	27
行先	27
ヘアー	27
大差	27
火花	27
周期	27
シロアリ	27
目録	27
繁華	27
うつ病	27
細動	27
質量	27
踏み外	27
書物	27
両立	27
解答	27
解か	27
計り知れ	27
旅人	27
混入	27
転落	27
言い渡	27
酵素	27
引き延ば	27
アブラ	27
揉め事	27
とある	27
アカゲ	27
間柄	27
蛍光	27
存分	27
詩的	27
接待	27
セレスティア	27
善行	27
アウター	27
日数	27
鉱物	27
大垣	27
早乙女	27
マリアン	27
当直	27
両目	27
手の	27
講習	27
ストア	27
滅入	27
続編	27
統一郎	27
アッカー	27
生者	27
火炙り	27
気品	27
大儲け	27
売り渡	27
紫外	27
発光	27
肩書き	27
此所	27
前菜	27
離れ離れ	27
入浴	26
心的	26
女装	26
課程	26
小声	26
強が	26
幼少	26
流石	26
発疹	26
あげく	26
あえぎ	26
遠足	26
出来損ない	26
深海	26
通りすがり	26
アズカバン	26
落とし子	26
点呼	26
国歌	26
全般	26
言い伝え	26
音信	26
フロアー	26
ナイジェリア	26
セットアップ	26
聖者	26
聞え	26
やり過ご	26
小言	26
反発	26
ならず者	26
引力	26
痛手	26
母船	26
副業	26
問いかけ	26
外食	26
話し掛け	26
大きさ	26
アクセサリー	26
アルトゥール	26
山犬	26
いじめっ子	26
あこがれ	26
乗り出	26
航星	26
舞い上が	26
乳母	26
友愛	26
反転	26
陰気	26
売り飛ば	26
諸国	26
受け渡し	26
整然	26
休止	26
返上	26
拭き取	26
急進	26
言い返	26
等級	26
松葉	26
唐辛子	26
送り主	26
周知	26
あやつ	26
放映	26
声紋	26
安否	26
余命	26
風俗	26
計測	26
語り	26
東南	26
空し	26
気性	26
密航	26
行け行け	26
書き置き	26
和尚	26
範子	26
起業	26
こき使	26
平民	26
入念	26
アンダル	26
内心	26
高圧	26
同体	26
折り合い	26
延々	26
ありったけ	26
愛着	26
巻物	26
殴り合い	26
アッシャー	26
医大	26
聞き入れ	26
取り寄せ	26
下見	26
つき合	26
人斬り	26
辿り着け	26
強敵	26
転覆	26
孤島	26
海流	26
本棚	26
道場	26
語り合	26
ティアナ	26
考察	26
路面	26
シア	26
初版	26
アリガト	26
法令	25
開閉	25
人で	25
皆無	25
武道	25
屋外	25
持ち出し	25
先約	25
春休み	25
筋合い	25
合い	25
手っ取り	25
色あせ	25
あらわ	25
童話	25
傷付	25
荒れ地	25
マルウェア	25
平面	25
血中	25
ケニア	25
気軽	25
ヘアピン	25
アライクム	25
年末	25
込み入	25
鳴り響	25
運行	25
食材	25
合間	25
中野渡	25
色目	25
間宮	25
検診	25
アトリエ	25
食道	25
絶え間	25
通商	25
荒地	25
薬屋	25
压制	25
有明	25
無鉄砲	25
根源	25
于任	25
汚物	25
原点	25
天体	25
罪深	25
形作	25
不毛	25
田上	25
墓石	25
最短	25
読み込	25
一巻	25
死に掛け	25
先入	25
便器	25
座礁	25
縫い目	25
身の回り	25
海原	25
引きちぎ	25
学問	25
他国	25
国債	25
長続き	25
著作	25
急増	25
内閣	25
ひと時	25
うめき声	25
アルバニア	25
火器	25
化身	25
後遺	25
エンパイア	25
聖藝	25
アガメムノン	25
過ぎん	25
見通	25
帰艦	25
武術	25
空母	25
アーリーン	25
自在	25
真空	25
目下	25
白骨	25
活気	25
指差	25
同族	25
腹立たし	25
アカルド	25
少将	25
委任	25
止めれ	25
アンティーク	25
田中	25
四半	25
膨張	25
野外	25
有り難う	25
市会	25
締め付け	25
助川	25
統括	25
駆使	25
得体	25
八つ	25
狩人	25
非情	25
挙が	25
氷山	25
車種	25
機首	25
口封じ	25
受精	25
敵機	25
几帳面	25
州立	25
追い立て	25
上演	25
クリアン	25
任期	25
挙手	25
照射	25
挙句	25
直々	25
採石場	25
艦橋	25
本国	25
荷台	25
エアー	25
道中	25
招き入れ	25
千畝	25
股間	25
着弾	25
硬化	25
異国	24
鈍器	24
目の	24
起て	24
族長	24
真っ当	24
下せ	24
並列	24
資材	24
アガ	24
入れ込	24
高台	24
チア	24
持ち帰り	24
押し当て	24
出港	24
読み取れ	24
性病	24
急所	24
人知	24
潜航	24
銀座	24
階上	24
新参	24
不明瞭	24
云々	24
八つ裂き	24
投げ落と	24
事後	24
子馬	24
目障り	24
物言い	24
生や	24
前衛	24
高利	24
省庁	24
大忙し	24
電荷	24
平然	24
特訓	24
交友	24
剥製	24
くそ野郎	24
力量	24
マグワイア	24
仏語	24
手なずけ	24
乗り捨て	24
自治	24
開業	24
益々	24
カティア	24
旅客	24
登山	24
性分	24
夕日	24
地下道	24
口頭	24
シアター	24
加瀬	24
髪形	24
既知	24
読み書き	24
添付	24
アーモンド	24
性器	24
悪質	24
強風	24
もめ事	24
対空	24
本業	24
逆境	24
石盤	24
一髪	24
葉問	24
電撃	24
取り入れ	24
カフェテリア	24
福山	24
家来	24
ボスニア	24
食い込	24
歳月	24
北上	24
受話	24
不过	24
売り払	24
発狂	24
実地	24
大軍	24
一節	24
開戦	24
多摩	24
無益	24
わあー	24
構内	24
フレイア	24
繁化	24
財前	24
フィギュア	24
天下	24
東ドイツ	24
飾り付け	24
ポリネシア	24
小可	24
共鳴	24
聞き取	24
後者	24
見通せ	24
悪女	24
アカ	24
寒気	24
アトランティック	24
分厚	24
作田	24
防空	24
一寸	24
気狂い	24
散布	24
気づけ	24
立ちはだか	24
下劣	24
聖歌	24
原爆	24
女子供	24
楽屋	24
加勢	24
医局	24
取引き	24
通販	24
生み	24
出社	24
解像	24
門限	24
アンネ	24
不況	24
投げ入れ	24
旧式	24
着水	24
ナウアー	24
推奨	24
広がり	24
夜食	24
関東	24
理恵	24
アデーレ	24
応戦	24
エクスペリアームス	24
同乗	24
アイデンティティ	24
声援	24
後ろめた	24
つきあい	24
窓際	23
言いな	23
現像	23
ミネアポリス	23
鈍的	23
霊安	23
付き物	23
北欧	23
移せ	23
中西部	23
肉親	23
分娩	23
初代	23
工科	23
代わりだ	23
大国	23
真次	23
突き進	23
異母	23
硬直	23
余興	23
港湾	23
軍医	23
大石	23
高飛び	23
足場	23
小姐	23
朝比奈	23
付添	23
日課	23
天界	23
拍子	23
異状	23
長女	23
アフカミ	23
閉所	23
下顎	23
現に	23
全軍	23
偏向	23
数式	23
受験	23
本位	23
海中	23
編隊	23
流せ	23
銀色	23
気管	23
土台	23
ウィドゥモア	23
朝日	23
図形	23
ろ過	23
大幅	23
非凡	23
耳元	23
気色	23
膳立て	23
言葉遣い	23
敬愛	23
着実	23
星条	23
太刀打ち	23
総力	23
係官	23
サイアク	23
海域	23
トラキア	23
ブルジェリア	23
紫色	23
美貌	23
敷設	23
切り口	23
屋言	23
母国語	23
君子	23
戦地	23
誤認	23
電極	23
付属	23
図星	23
未然	23
引っ込め	23
造り	23
観覧	23
一式	23
秋山	23
強打	23
アザラシ	23
手直し	23
詰め物	23
正装	23
常軌	23
人選	23
森本	23
押し上げ	23
国々	23
入門	23
アソーカ	23
乗り移	23
菜食	23
吸い上げ	23
本命	23
調停	23
取り除け	23
心境	23
休職	23
太田	23
転向	23
船上	23
塩素	23
力ずく	23
眷属	23
液化	23
近況	23
歯向か	23
塩水	23
松明	23
賞品	23
朗読	23
アワー	23
和人	23
降り注	23
見受け	23
劣化	23
法王	23
大豆	23
水軍	23
老化	23
内装	23
共生	23
サルドュア	23
計器	23
鼻水	23
反感	23
アリアス	23
アシタカ	23
気付き	23
一丸	22
藤原	22
村長	22
三島	22
重んじ	22
愛称	22
鉄槌	22
淫乱	22
もみ消	22
下去	22
カンボジア	22
殺傷	22
愛犬	22
頃合い	22
債権	22
土壇場	22
天職	22
ディアズ	22
冬美	22
時ー	22
赤色	22
育児	22
小七	22
下流	22
アルカトラズ	22
歴代	22
合わん	22
国語	22
砂州	22
自答	22
学術	22
間中	22
会食	22
引き離せ	22
不具	22
エストニア	22
主権	22
解離	22
総会	22
味噌	22
粘着	22
白黒	22
目立ち	22
針金	22
開幕	22
乱射	22
伝承	22
送りこ	22
洗い物	22
発熱	22
高温	22
貫太	22
王朝	22
聖徒	22
ブロデューア	22
名手	22
アンリ	22
年収	22
肩書	22
飲食	22
無二	22
下車	22
石ころ	22
主観	22
航法	22
幸先	22
あっちこっち	22
熱源	22
用心棒	22
リトアニア	22
貼り付け	22
強者	22
固有	22
長田	22
工夫	22
縛り上げ	22
回り込	22
山椒	22
閉館	22
仕上が	22
指針	22
あいまい	22
無情	22
引きこも	22
富裕	22
受理	22
焚き火	22
信管	22
言いふら	22
山頂	22
署内	22
威張	22
テリア	22
聞き飽き	22
台風	22
イシルドゥア	22
山岳	22
コメディアン	22
手がけ	22
グアンタナモ	22
やり合	22
決戦	22
アンチ	22
辞書	22
不備	22
甲状	22
代用	22
アイツラ	22
理念	22
話合	22
大雨	22
山登り	22
置場	22
朝一	22
大嘘	22
軍艦	22
母神	22
利子	22
全機	22
アット	22
移り	22
空売り	22
平安	22
湿度	22
不穏	22
猟師	22
査察	22
口ぶり	22
持ち込み	22
アンジュロ	22
现在	22
隠し持	22
紀元	22
物狂い	22
美鈴	22
知り合え	22
い物	22
宿主	22
引き締め	22
上野	22
土方	22
アブダビ	22
石灰	22
空き地	22
行く手	22
宣教	22
雑種	22
無しか	22
惨殺	22
疎通	22
一休み	22
アルベリヒ	22
学部	22
防腐	22
並び	22
人柄	21
推力	21
重複	21
ひと目	21
手当たり	21
花果	21
アミール	21
後釜	21
足りん	21
陶器	21
手腕	21
先回り	21
カーネリアン	21
口髭	21
ボロミア	21
バア	21
拙者	21
マケドニア	21
猿人	21
試食	21
踏ん張	21
アルマジロ	21
向かい合	21
サファイア	21
採点	21
遺棄	21
手引	21
務ま	21
求人	21
アルプス	21
急落	21
駐在	21
提灯	21
アリサー	21
鼻歌	21
要人	21
アトウッド	21
取り巻き	21
受けれ	21
ロシアン	21
引渡し	21
生まれ育	21
大帝	21
御前	21
慣習	21
サウジアラビア	21
真っ青	21
ユリアス	21
山々	21
風呂場	21
日時	21
小銃	21
多め	21
五十	21
サンアントニオ	21
停学	21
恩義	21
アセテート	21
小耳	21
車体	21
かわい子	21
体液	21
言い合	21
アラート	21
通り道	21
転倒	21
学歴	21
干上が	21
外来	21
急性	21
無駄話	21
取り敢えず	21
天窓	21
先見	21
名無し	21
生き甲斐	21
こりゃあ	21
円形	21
開封	21
死に際	21
軽食	21
長崎	21
車道	21
一日	21
成就	21
不祥	21
澤木	21
質疑	21
改築	21
八方	21
微量	21
示せ	21
幹事	21
生き埋め	21
青少年	21
結びつき	21
無償	21
精算	21
風変わり	21
家屋	21
早死に	21
旅程	21
光学	21
毎分	21
アルバ	21
あぁぁ	21
加賀	21
実弾	21
急患	21
入社	21
内視	21
逆行	21
他意	21
係員	21
四十	21
緯度	21
私情	21
盟約	21
名家	21
触発	21
直径	21
ベアトリス	21
病理	21
アスタポー	21
アレクシス	21
アトリー	21
手製	21
何しろ	21
渡航	21
航海士	21
品種	21
見地	21
光三	21
皮下	21
野性	21
ラザニア	21
空挺	21
果てし	21
都心	21
吉良	21
着れ	21
政党	21
霊感	21
打ち解け	21
発端	21
買い得	21
役立て	21
辺境	21
見向き	21
アービング	21
人脈	21
小石	21
悪あがき	21
連動	21
五百	21
シニア	21
ジリアン	21
伝記	21
回帰	21
密会	21
優美	21
司書	21
比率	21
情事	21
相場	21
言いかけ	21
生い立ち	21
決死	21
鉄鋼	21
引っぱ	21
引越	21
あやし	21
工芸	21
磁場	21
横流し	21
台帳	21
確約	21
減量	21
住み	21
騎手	21
射止め	20
野次馬	20
絶品	20
キャビア	20
テイクアウト	20
騒乱	20
解約	20
アマドール	20
展覧	20
同罪	20
矢口	20
人め	20
破局	20
私書	20
強気	20
鉄線	20
一行	20
土星	20
合わ	20
発着	20
壁外	20
素朴	20
施し	20
みち子	20
悔い改め	20
不貞	20
不明生物	20
挙動	20
野戦	20
ダイアル	20
聞き分け	20
無駄足	20
警笛	20
売国	20
死滅	20
エクアドル	20
引き合わ	20
開花	20
超過	20
催涙	20
半々	20
アントワーヌ	20
ヤマアラシ	20
下落	20
委託	20
幾何	20
アスティー	20
食らえだ	20
両国	20
下向け	20
食肉	20
格別	20
斜面	20
低空	20
創立	20
怪力	20
そよ風	20
分霊	20
周到	20
ぶら下げ	20
正論	20
ジェファソニアン	20
星々	20
両替	20
武君	20
甘美	20
垣内	20
処遇	20
接合	20
吉岡	20
当行	20
終点	20
アニル	20
途上	20
手掛り	20
アクア	20
感受	20
茶化	20
結託	20
個展	20
話だ	20
小鬼	20
アイモ	20
水浸し	20
水圧	20
講座	20
半球	20
腕立て	20
日頃	20
突破口	20
全霊	20
生々し	20
白痴	20
特急	20
融通	20
南方	20
アラソルン	20
持ち株	20
小村	20
部類	20
木製	20
道義	20
走査	20
取り柄	20
南ア	20
色気	20
重体	20
南京	20
魔王	20
計量	20
手放せ	20
一石	20
制約	20
下町	20
水没	20
アバター	20
不確か	20
後世	20
日よ	20
勝機	20
伝票	20
岩本	20
眼中	20
耐久	20
助成	20
バラ色	20
シェイクスピア	20
多勢	20
アラーナ	20
渋谷	20
アーロ	20
売り出	20
尋常	20
針路	20
シーモア	20
合言葉	20
社用	20
腕力	20
教職	20
園芸	20
死霊	20
求愛	20
イェンア	20
女好き	20
置物	20
袋小路	20
遊び場	20
占い師	20
家臣	20
変われ	20
手形	20
独学	20
女め	20
呼び覚ま	20
残存	20
打ち付け	20
軽々し	20
売り込み	20
風速	20
造れ	20
里山	20
即位	20
カジュアル	20
無駄骨	20
朝メシ	20
床下	20
選抜	20
盲点	20
目論	20
州境	20
名目	20
清水	20
文通	20
想起	20
諸々	20
生後	20
鹿間	20
交え	20
溶解	20
指さ	20
機敏	20
総額	20
生きもの	20
大方	20
原動	20
極上	20
同定	20
頭金	20
奪取	20
冥福	20
王宮	20
もぎ取	20
全権	20
広島	20
ざまあみ	20
引き鉄	19
銀貨	19
ヶ国	19
焼き付け	19
マドモアゼル	19
孩子	19
鉱石	19
陸地	19
降り立	19
命綱	19
売店	19
破水	19
関数	19
容量	19
思い上が	19
起床	19
環状	19
来襲	19
総帥	19
取り去	19
取り出し	19
起き上がれ	19
貞子	19
強ま	19
日和	19
因为	19
不時	19
三昧	19
立案	19
直結	19
主公	19
菅野	19
子作り	19
斉天	19
転勤	19
まあまあだ	19
当店	19
回診	19
切り分け	19
要約	19
素顔	19
売り場	19
何もの	19
夜警	19
殺め	19
在这	19
作り変え	19
養護	19
感性	19
飲み会	19
不老	19
張本人	19
討議	19
死去	19
塩化	19
和室	19
球場	19
至福	19
ブライアー	19
張り込	19
兄者	19
玉皇	19
達之	19
農地	19
湿地	19
肥大	19
元締め	19
正々	19
幾分	19
天賦	19
乗っか	19
物証	19
二鳥	19
今夜中	19
格言	19
四肢	19
金持	19
内障	19
ミレニアム	19
派兵	19
校内	19
さあて	19
因縁	19
植木	19
投棄	19
二三	19
あごひげ	19
楽天	19
分から	19
公民	19
全貌	19
前立	19
出品	19
式場	19
瀬戸	19
基板	19
フェアー	19
南軍	19
専属	19
吉報	19
的外れ	19
虽然	19
アーヴ	19
エステファニア	19
垂直	19
乙事	19
味わい	19
同房	19
光り輝	19
著し	19
帝国軍	19
スケアラー	19
メリーアン	19
重た	19
理沙	19
庶民	19
アスター	19
有り金	19
質素	19
躍起	19
先方	19
経度	19
引っか	19
定理	19
立腹	19
分署	19
作文	19
三振	19
卓球	19
中和	19
一つ	19
集金	19
元彼	19
打算	19
取り入	19
頑張り	19
両名	19
不服	19
支柱	19
休業	19
裏手	19
アーソ	19
望月	19
内藤	19
追っ手	19
入部	19
野田	19
決議	19
三脚	19
降格	19
千里	19
頭領	19
今時	19
乱闘	19
使い物	19
保養	19
消極	19
回し	19
引き剥が	19
アサシン	19
籠城	19
不慣れ	19
手詰まり	19
行き詰まり	19
弱々し	19
押し入り	19
必殺	19
立方	19
臣下	19
重病	19
柏田	19
公安	19
青白	19
安寧	19
所以	19
解き明か	19
撃ち殺せ	19
近接	19
撲殺	19
入り込め	19
中部	19
期日	19
奥田	19
惨劇	19
凡人	19
終戦	19
女史	19
ファラミア	19
クローディア	19
可燃	19
書き込み	19
支出	19
編み物	19
前夫	19
思い付き	19
苦戦	19
周瑜	19
査問	19
胞子	19
八重子	19
時機	19
種子	19
勘当	19
有色	18
受け持	18
献金	18
転々	18
比類	18
ありつけ	18
ティア	18
改修	18
取り締まり	18
足労	18
書記	18
張り裂け	18
全盛	18
絵の具	18
売りつけ	18
竹内	18
乱交	18
下がり	18
月光	18
屈強	18
迫力	18
エリアス	18
堅実	18
補聴	18
神田	18
目星	18
都督	18
醸造	18
不浄	18
同点	18
入団	18
津々	18
本院	18
等分	18
決済	18
名門	18
青酸	18
実刑	18
対称	18
辞令	18
体裁	18
空洞	18
送迎	18
返金	18
信久	18
予行	18
飲み屋	18
老後	18
法師	18
水兵	18
水たまり	18
特売	18
あぅ	18
アレンジ	18
補修	18
夜行	18
代案	18
下敷き	18
官能	18
行き違い	18
幕開け	18
校舎	18
他方	18
地所	18
ナイトメア	18
特化	18
波長	18
船外	18
孫権	18
案の定	18
一新	18
生検	18
製氷	18
表せ	18
立ち上がり	18
クロアチア	18
シャンデリア	18
地道	18
優良	18
線引き	18
居酒屋	18
刃向か	18
シンティア	18
見せ場	18
曲芸	18
対照	18
誤算	18
仰向け	18
道楽	18
ミディアム	18
発泡	18
あたしら	18
図々し	18
公約	18
運び出せ	18
同化	18
源泉	18
不治	18
アンプ	18
公選	18
下級	18
アレッサ	18
あなたしか	18
企む	18
空域	18
因子	18
エドミュア	18
実務	18
惨状	18
下位	18
勝ち取れ	18
大根	18
奇人	18
気まま	18
ダンピア	18
小吉	18
流体	18
電動	18
里子	18
民事	18
応変	18
誤魔化せ	18
臨機	18
掛け金	18
養成	18
富小路	18
小池	18
熱気	18
先延ば	18
規格	18
同室	18
度々	18
技量	18
呼び鈴	18
引継ぎ	18
持ち主だ	18
際立	18
下部	18
殺虫	18
防ぎ	18
常時	18
気掛かり	18
インソムニア	18
京橋	18
インテリア	18
騎乗	18
有人	18
新星	18
島田	18
法学	18
果敢	18
アラナ	18
解凍	18
安堵	18
西欧	18
木陰	18
旅費	18
小善	18
石器	18
悪評	18
三浦	18
強行	18
音速	18
外生命	18
四国	18
物知り	18
激戦	18
正念	18
ギルモア	18
愛で	18
ソニアン	18
あしら	18
施行	18
往来	18
家電	18
他人事	18
人ごみ	18
園内	18
アイヴァン	18
搾り取	18
錠前	18
人探し	18
レイアウト	18
水深	18
カルフォルニア	18
未定	18
這い上が	18
踏ん張れ	18
アラモ	18
近寄れ	18
味付け	18
占有	18
統べ	18
団員	18
談話	18
言い回し	18
定か	18
ヴィクトリア	18
現せ	18
先駆	18
引換	18
一挙	18
半人	18
卍谷	17
壮観	17
合わさ	17
水滴	17
博愛	17
病弱	17
素行	17
虚無	17
鹿児島	17
失策	17
職権	17
アリッサ	17
品位	17
立ち向かえ	17
イタリアン	17
モリア	17
別室	17
専制	17
ピュア	17
既存	17
校庭	17
裁定	17
通夜	17
秀子	17
あそ	17
存じ上げ	17
殺菌	17
リアリティ	17
狂言	17
無難	17
振り向け	17
青ざめ	17
沖合	17
物々	17
着任	17
駆け付け	17
強襲	17
ティアラ	17
引っこ抜	17
電解	17
体系	17
楽団	17
座り込	17
呼び込	17
アンジェリーナ	17
前者	17
積み	17
実況	17
消し	17
多発	17
商会	17
値引き	17
国道	17
奮い立	17
張り合	17
カロアー	17
発送	17
事覚え	17
威光	17
体質	17
選定	17
戸締り	17
シュア	17
小指	17
引き払	17
アクシーニヤ	17
観戦	17
白熱	17
受領	17
先立	17
アーサ	17
協同	17
小野寺	17
暫定	17
手はず	17
降霊	17
取り扱い	17
白水	17
諮問	17
アーヴィング	17
安田	17
ミアーズ	17
条例	17
上れ	17
後れ	17
ドアベル	17
グアテマラ	17
パラノイア	17
全艦	17
適度	17
金切り	17
正せ	17
独り身	17
浮かび上が	17
発煙	17
小節	17
一揆	17
交響	17
ブライアント	17
女中	17
と殺	17
創始	17
仔馬	17
無神	17
突き当たり	17
開演	17
高ぶ	17
教え込	17
向こうが	17
あらかじめ	17
移入	17
荒々し	17
奉行	17
錬金	17
開口	17
アデレード	17
芸名	17
助産	17
ディアン	17
否決	17
人妻	17
認否	17
起こし	17
アンドレフ	17
報知	17
美学	17
アイダ	17
完売	17
アイシャ	17
向き合え	17
経典	17
享受	17
大まか	17
神霊	17
交易	17
松本	17
アレハンドロ	17
刈り取	17
延命	17
フェアモント	17
前触れ	17
入試	17
のけ者	17
先行き	17
定年	17
投げかけ	17
無様	17
秋葉	17
戦傷	17
流れ込	17
競い合	17
溶岩	17
突き放	17
示談	17
取り舵	17
臨界	17
医院	17
あう	17
不振	17
続報	17
放蕩	17
手玉	17
風習	17
粘り強	17
履行	17
手こず	17
着ろ	17
昭和	17
あたりまえ	17
植えつけ	17
水漏れ	17
あーん	17
欲張り	17
東欧	17
我在	17
思念	17
アドリブ	17
信任	17
路肩	17
偶発	17
債務	17
野良犬	17
付随	17
松吉	17
アドリアナ	17
年寄	17
護れ	17
増員	17
購読	17
野朗め	17
勅使	17
垣間見	17
度重な	17
高名	17
体面	17
アイゼンガルド	17
何れ	17
化膿	17
平林	17
三恵	17
届け物	17
悩み事	17
成り下が	17
強食	17
休ま	17
毎秒	17
防水	17
凝視	17
堪能	17
突き付け	17
日経	17
贋作	17
砂利	17
引っかき傷	17
貴子	17
近づき	17
現存	17
都護	17
ああああ	17
暴風雨	17
年中	17
張れ	17
的中	17
農薬	17
性急	17
立法	17
工程	17
内向	17
ガイア	17
栄子	17
あからさま	17
成熟	17
金利	17
聴力	17
高橋	17
当該	17
踊り子	17
わが家	17
改変	17
何語	17
所見	17
使徒	17
言論	16
社名	16
アイヴァー	16
振り子	16
矢野	16
蓮美	16
大食い	16
ティアー	16
導け	16
読み物	16
アスファルト	16
軍部	16
近年	16
提言	16
動議	16
重宝	16
喜劇	16
二の舞	16
先々	16
提起	16
直観	16
自給	16
縁石	16
有料	16
成りすま	16
主犯	16
分け与え	16
和ら	16
引き立て	16
あがめ	16
締結	16
供与	16
居続け	16
無音	16
大罪	16
書籍	16
声かけ	16
大英	16
山賊	16
市外	16
小売	16
上限	16
非行	16
廃品	16
ソリア	16
取ら	16
原油	16
決別	16
散乱	16
身ごも	16
本道	16
ヶ月経	16
上乗せ	16
尊大	16
前戯	16
慈愛	16
見せ付け	16
特質	16
入所	16
部分か	16
小枝	16
搬入	16
波紋	16
不純	16
母星	16
各位	16
日用	16
葉書	16
地主	16
幅広	16
安住	16
肌馬	16
媒体	16
送りだ	16
マラリア	16
グリアー	16
小道	16
手応え	16
コンティニュア	16
売渡	16
手抜き	16
海面	16
神社	16
平衡	16
鉄板	16
加圧	16
目分	16
内陸	16
車中	16
掛け合	16
夜分	16
文法	16
音符	16
アリウス	16
特命	16
口数	16
都能	16
立件	16
リアクション	16
奇術	16
両端	16
密着	16
旗本	16
角田	16
絶命	16
並行	16
変数	16
知子	16
内地	16
霊界	16
フォアマン	16
負い目	16
反旗	16
触手	16
早口	16
当方	16
褐色	16
勃発	16
相関	16
ボルティモア	16
米兵	16
賛美	16
二股	16
インドネシア	16
月日	16
学士	16
送り迎え	16
補正	16
物好き	16
転がり込	16
学業	16
治世	16
やりあ	16
移れ	16
実権	16
谷子	16
前言	16
アウグスト	16
退位	16
外套	16
材木	16
大っ嫌い	16
ズアー	16
差し引	16
あさり	16
ありす	16
自社	16
心地よ	16
鍋島	16
共め	16
院内	16
遺志	16
告解	16
還元	16
裁縫	16
暴言	16
農作	16
打合せ	16
文無し	16
手付	16
不可思議	16
主流	16
摘発	16
名士	16
あープ	16
小額	16
町外れ	16
前途	16
アニャ	16
刺客	16
アルティ	16
金太郎	16
終着	16
メイア	16
発酵	16
申し入れ	16
半券	16
顕著	16
置換	16
ジャイアンツ	16
くそ野朗	16
下垂	16
江南	16
むしり取	16
稼業	16
アズラ	16
釣り合い	16
刻々	16
改竄	16
逆上	16
人类	16
開園	16
敵地	16
乗り込め	16
鳥類	16
ヵ所	16
蝶々	16
令嬢	16
方形	16
高瀬	16
流用	16
日差し	16
ざまあ	16
言っ	16
内原	16
旅だ	16
震え上が	16
徳子	16
母方	16
八戒	16
野口	16
建国	16
編み	16
合戦	16
改宗	16
圏内	16
牧野	16
昔話	16
過信	16
勝元	16
支払え	16
試行	16
乗り上げ	16
喚問	16
アロ	16
あぁー	16
天上	16
建前	16
北星	16
圭三	16
京都	16
浪人	16
かき乱	16
アルキデス	16
真昼間	16
ディアボーン	16
直帰	16
マンティコア	16
小男	16
検疫	16
挙式	16
積め	16
激化	16
アーカンソー	16
ぶっ放	16
オアシス	16
アイダホ	16
転売	16
かがり火	16
上質	16
死期	16
聖典	16
高潮	16
末路	16
ボア	16
報せ	16
初頭	15
丿ヾ力	15
強豪	15
創り	15
制覇	15
弁論	15
典子	15
天性	15
送り込め	15
食らわ	15
全室	15
縫い合わせ	15
義手	15
ヤア	15
できあが	15
母乳	15
作り手	15
中性	15
神戸	15
アントニー	15
張り切	15
大柄	15
水夫	15
博美	15
心情	15
生まれ変わり	15
