ეა	46861
ნვ	30935
ჟვ	24942
ნა	19997
ჟთ	14483
ჱა	14278
ღვ	11967
რთ	11762
დჲ	11629
ლთ	11244
მთ	9706
ფვ	9032
რჲგა	9013
ჲრ	8248
კაკგჲ	6787
რვ	5837
ნჲ	5504
მვ	5024
ჟყმ	4753
აჱ	4008
აკჲ	3905
ქრჲ	3773
ეჲბპვ	3773
გჲ	3758
რპწბგა	3637
ჟა	3544
ნწმა	3443
მჲზვ	3359
მს	3332
ნთ	3270
ჟამჲ	3225
გთ	3171
ოჲ	3158
ბვქვ	3140
დთ	3140
რაკა	3138
რჲა	3107
თმა	3011
რსკ	3007
ჱნამ	2549
მნჲდჲ	2547
ჲე	2521
ეჲ	2509
ევკა	2507
კარჲ	2392
ჟჲ	2389
ჟვდა	2368
კაკ	2354
რჲი	2282
ბთ	2218
ნვღჲ	2200
ჱაღჲ	1999
მვნ	1882
კაკჲ	1859
რვბ	1818
გჟთფკჲ	1801
ჟრვ	1797
ჟმვ	1764
რჲ	1745
ჱნავქ	1681
თლთ	1644
თჟკამ	1578
ეჲბპჲ	1563
ჲღვ	1561
კყევ	1536
აჟ	1459
მჲდა	1453
კჲდარჲ	1430
ბლადჲეაპწ	1427
თმამ	1423
ნალთ	1422
გპვმვ	1412
კჲ	1399
ნვდჲ	1388
გჟთფკთ	1385
ოპჲჟრჲ	1349
ჟსმ	1337
რჲჱთ	1331
რამ	1331
ჲგა	1304
ჟამ	1268
არა	1259
კჲვრჲ	1255
მჲ	1230
ოპთ	1227
რწ	1212
რაჱთ	1192
ვეთნ	1178
მჲზვქ	1162
კჲი	1153
ნთღჲ	1142
ჱაღჲრჲ	1124
კჲდა	1113
თჟკაქ	1106
მთჟლწ	1101
ნაჟ	1100
თმაქ	1081
ჟლვე	1078
ჳაიევ	1074
ევ	1055
ეალთ	1054
და	1054
არ	1042
მჲლწ	1033
ნთვ	1030
ოპვეთ	1026
პაბჲრა	1026
ფჲგვკ	1025
თმ	1022
ვენა	1010
ვრჲ	997
მალკჲ	994
ბვჱ	988
გთვ	986
ნვმა	961
კაჱა	959
კჲირჲ	948
რჲლკჲგა	943
გაჟ	927
გვფვ	920
ჱნაფთ	917
ევნ	914
ნწკჲი	889
გჟვ	882
რვჱთ	863
ვენჲ	860
რვბვ	849
რჲფნჲ	847
ჟრაგა	832
მთჟლთქ	831
ჟყზალწგამ	828
ოპაგთქ	809
კაზა	784
რარკჲ	770
თმამვ	759
ნაოპაგთ	753
ოჲგვფვ	750
ბაღა	749
ბთევ	745
კჲლკჲ	745
კჲთრჲ	744
მვნვ	736
დჲეთნთ	730
რპვბა	723
ნათჟრთნა	720
მნჲდს	711
რჲდაგა	707
ზვნა	707
რომ	705
ჳჲპა	699
ბწჳ	690
კყმ	690
რგჲ	681
ოა	675
ნვქრჲ	672
ფრჲ	669
ნთკჲდა	668
ჟყჟ	657
კაზთ	654
ჲგევ	648
ბთლ	645
ნვკა	644
ოპაგთ	640
ოპვე	636
კაკრჲ	633
ოპვჱ	631
პაჱბთპა	627
ბყევ	616
გვ	614
ოყრ	607
ჟაკამ	597
ჟყპ	595
გთზ	591
კაევ	587
კაზვქ	573
ეჲკარჲ	563
ჲნ	556
ამა	555
კაჱაჳ	555
პვე	548
მა	547
ეჲპთ	543
ჟთრვ	541
ჲგჲ	540
ეგა	539
რა	539
ოაკ	537
ეწგჲლთრვ	537
ნვწ	536
ჱნავ	536
ამთ	533
ჟყღჲ	532
ეპსდ	532
ბჲზვ	530
თჟკა	530
გთნადთ	525
რაა	525
ჱჲქრჲ	518
კა	518
ოაპთ	517
გყგ	515
ჳჲპარა	515
მწჟრჲ	512
გთეწ	510
გჟვკთ	507
რშ	498
კჲწრჲ	497
ქრა	495
რპთ	494
ბთლჲ	492
ოჲჟლვ	488
ეგვ	483
რწჳ	481
ნთკჲი	481
ნვღა	478
ჱავენჲ	474
ჱაპაეთ	469
ჱეპაგვი	468
სრპვ	466
ამ	466
ოჲე	465
რსკა	463
ნვკჲ	457
ნაოპაგწ	448
ჟთდსპნჲ	447
ზთგჲრა	446
ენვჟ	446
ბთჳ	446
რპწბგაქვ	444
ჟლსფთ	444
მჲპა	443
ოპჲბლვმ	440
მაიკა	440
მჲზვმ	433
ნაპვე	433
მთჟლამ	433
ეჲჟრა	429
პაბჲრთ	426
ჱარჲგა	424
ვევნ	421
ზთგჲრ	417
მე	413
ჟაკაქ	413
ნსზეა	409
მთჟლვჳ	409
გვფვპ	408
მჲწ	406
ჲჳ	403
ეჲბპა	402
ჟრანა	401
გთეთმ	399
სბთ	394
ჟვბვ	394
ჲბთფამ	393
ოპთწრვლ	391
ნწკჲლკჲ	386
ეაი	385
ნაფთნ	382
ეჲბყპ	381
ცრჲ	381
ჱნავრვ	380
ვლა	378
მჲზამ	378
პაჱბთპამ	378
დჲგჲპთ	375
კჲთ	374
თჱგთნვრვ	374
ბპარ	374
მამჲ	372
ეს	372
მალკს	372
მჲი	371
მჲზვბთ	369
ოაპთრვ	368
ჳვი	367
ჲჟრაგთ	364
რჲდაქ	363
ჲნა	363
ჟთდსპვნ	361
ეჲიევ	358
სქრვ	355
თმვ	352
ჲეთმვ	350
თმაქვ	350
ევრვ	347
რამს	345
ჲრნჲგჲ	344
კაჱგამ	343
თმარვ	342
ჟსოვპ	341
ეჲჟრარყფნჲ	335
კაკგჲრჲ	335
თჱდლვზეა	335
ოჲგვ	334
მჲთრვ	333
ოპაგწ	333
ნაგთჟრთნა	333
კაკგა	332
ნთქრჲ	331
დჲგჲპთქ	327
ფაკაი	327
ლს	327
დლაგარა	325
პაბჲრარა	324
მჲლამ	323
ნაოპაგთქ	322
ჟრპანა	322
ეპსდჲ	322
ჟრანვ	320
ნწმამ	319
ჱეპაჟრთ	319
მჲმფვრა	319
ჟკჲპჲ	319
გთეთ	319
დჲეთნა	316
შენ	314
ეჲმა	312
ჱეპაგჲ	311
დჲჟოჲეთ	311
თჟკაჳ	308
ნჲღ	305
ენთ	305
მთნსრთ	303
ბთლა	303
რთვ	303
ჟთნ	303
ჟკყოა	302
ბვ	302
ეამ	302
ნვღარა	301
მჲმვნრ	301
ეანთ	300
გვენადა	297
უნდა	296
აქ	296
ოჲმჲდნა	295
ევუა	292
გყპნა	292
გპვმვრჲ	292
ნვრ	292
თმვრჲ	290
ვი	288
დჲგჲპწ	286
ოარ	285
ფაჟა	284
კაჱგა	283
მყზ	282
ევგჲ	282
ჲჟგვნ	282
ფაჟრ	281
ჟრთდა	281
ჟს	279
მჲზვრვ	279
ეაგაი	278
კჲვ	278
ჳსბაგჲ	278
კჲდჲ	277
კს	276
გთზეამ	276
მჲმფვ	276
გჟყღნჲჟრ	275
ოპაგჲ	274
ჳაპვჟგა	272
ოპვეგთე	271
ალთ	271
გყპგთ	271
ჟვკჲ	270
ნთკჲდაქ	270
ოპაგთმ	269
ფვკა	268
გთეწჳ	268
წჟნჲ	266
მჲწრა	266
ჳაპთ	265
ბწჳა	265
ჟგჲ	265
ჱარჲა	264
კჲლკს	263
რგჲთრვ	263
ეპსდთ	262
ოპჲრთგ	261
ეგამარა	261
კაკყგ	261
ფსევჟნჲ	260
რჲლკს	259
ნაოპაგთლ	259
მთჟლთ	257
მვზეს	257
ნაოპაგთმ	256
გყპგთმ	254
კჲლარა	253
ბყპჱჲ	251
ოჲდლვენთ	251
მნვ	250
მჲმთფვ	250
ტალა	250
ჟპვ	249
მჲვრჲ	248
ლჲქჲ	248
მამა	247
რაკყგ	247
მაი	246
კაზვ	245
გთეთქ	244
ჟაკა	243
ბყეა	243
ღჲმ	243
მყპრყგ	242
ბთლთ	241
გჱვმა	240
პაეგამ	240
თჟკარვ	239
დჲრჲგ	239
ჟვპთჲჱნჲ	239
თჱგთნთ	238
რგჲწ	238
კყევრჲ	238
მვნწ	237
ჲეთ	237
ჱაქრჲ	236
რპყდგამვ	236
გყრპვ	235
მაგრამ	235
ოჲნვ	235
მვჟრჲ	234
ნაჱაე	234
გპართ	234
კაკგთ	233
ჱეპაგვირვ	233
დჲჟოჲეთნვ	232
ვქ	231
დლვეამ	231
ჟგვრა	230
ევუარა	229
ჲრკყევ	228
ნაე	226
ნვმჲ	226
ეზაკ	226
ის	225
ჟვსქრვ	224
ნაქთრვ	224
რაკ	223
ნწკჲთ	221
გჱვმთ	221
ჱაე	221
ოვრ	221
თუ	219
დლვეა	218
ზთგ	217
ჟპვღს	216
რარჲ	216
ჱნავჳ	215
თჱ	214
ეაევ	212
ჲეამ	212
პვეს	212
ჲფთრვ	211
ეჲევკა	210
კვ	209
ჲგაა	208
ჩემი	208
ნწმაქვ	208
ჟოაპრაკ	207
ფაჟ	207
დპაეა	206
დჲგჲპთმ	206
ოპთწრვლთ	206
ჟრპაჳჲრნჲ	206
ჲკჲლჲ	204
მჲდს	204
რაკთგა	204
მჲპამ	204
გთზეაქ	204
ღვქვ	203
ბვგ	202
მამკა	202
ოყრთ	202
გშ	201
ნთრჲ	201
თჱგთნწგაი	201
გკყღთ	201
გაზნჲ	199
პაჱბთპაქ	198
კაჱგაქ	198
ჱნაფვნთვ	198
დჲპვ	197
ოპვეოჲლადამ	197
ნაქარა	196
ჟლსფაი	196
კაზვრვ	195
კჲნ	195
დჲლწმა	195
ჟლსქაი	195
ოპაგ	195
დლვეაქ	194
გვენყზ	194
ეპსდთრვ	193
ჱნავმ	193
ფჲგვფვ	193
ეთ	192
ნამვპთ	192
მჲმვნრა	192
ჟოჲკჲინჲ	192
ოყპგჲ	192
კჲლკჲრჲ	191
მთჟლთრვ	191
ეჲბპთ	191
კი	191
ოჲმჲღ	191
კყღარა	191
ჟთდსპნა	191
ჲრთეა	190
ლვჟნჲ	190
ოპვჟრანთ	190
ბაქ	189
დჲჟოჲეა	188
ალჲ	188
სრპჲ	188
ოჲფრთ	187
ნვლთ	187
მშ	187
ჟამა	187
კჲლა	186
ფაჲ	186
ეჲბაპ	186
გაქვ	185
თჱბჲპ	185
თევწ	185
თჱდლვეა	185
რგჲვრჲ	184
თმარ	184
ჲბაეთ	184
ჟვემთუა	184
ჟოპთ	183
ოპვგჲე	183
დევ	183
გთზეალ	183
ჟვკჲდაქ	182
ოჲპაეთ	182
თჳ	182
შენი	181
ეჲა	181
ჟგვ	181
ფაპლთ	180
ბპაგჲ	180
ჟვკაკჲ	180
გჲეა	180
კაჱალ	180
მჲდარ	180
მწჟრჲრჲ	179
გჟწკა	179
მვჟვუა	178
ოჲნწკჲდა	178
თეგა	178
ოჲდჲგჲპთმ	178
ვარ	177
პვფვ	177
ჟპვღა	177
სბთვ	177
რგყპევ	177
რპსენჲ	176
თჟკაქვ	175
ვდჲ	175
ნთკჲ	175
დჲრჲგთ	175
ნჲგ	175
ზვნთ	175
ნსზნჲ	174
ხარ	174
ჲგთვ	174
კაზამ	174
დპაე	173
ჱვმწრა	173
ნთგ	173
ეჲქლთ	172
ნჲგა	172
პაჱბპაჳ	172
ოჲმნთქ	172
ჱგსფთ	172
ოჲმჲდნვ	171
მაიკ	171
ნწმაქ	171
ოყკ	171
ბთევქ	171
რაკჲ	171
ჱაპ	171
ოჲჱნაგამ	171
ოსკა	170
რთო	170
გვპჲწრნჲ	170
ჟლსფთლჲ	170
ჲრრსკ	170
ბლადჲეაპამ	169
ეჲლაპა	169
ჲჟრანა	169
ოპთფთნა	169
რაკაგა	169
რაკჲგა	169
ჟლსქა	169
ჲნჱთ	168
ბჲდ	168
ნწკჲდა	168
ტთლ	167
ფთფჲ	167
ეჲლს	167
ეპსდა	167
ესქჲ	167
ოპვკალვნჲ	166
ჟვჟრპა	166
ნაოპაგთჳ	166
თმაჳ	165
კჲწ	165
მთჟლვგ	165
ნძ	164
თჟკალ	164
დლსოჲჟრთ	164
ეგამა	164
ჲჱნაფაგა	164
ჟოჲპვე	163
ნვდჲგარა	163
ჟწკაქ	163
რთმ	163
ჟრპსგა	162
გყოპჲჟ	162
ჟგყპქთ	162
გპარარა	162
ალვკჟ	161
თდპა	161
ჲნთ	161
ბწჳმვ	161
ზთგვვ	161
გწპგამ	160
ფსჳ	160
ნაეწგამ	159
პაჱბპა	159
ნვა	158
მჲზვქვ	158
ოჲფაკაი	158
სმპვ	158
ოპჲბლვმთ	158
ეჲმ	158
ლთუვრჲ	158
ჟმვქნჲ	158
ჟვმვიჟრგჲრჲ	158
ჳპანა	158
ზალ	157
სბთწ	157
ჳვ	156
ლვკა	156
გყპჳს	156
გჟთფკთრვ	156
ოპაგთრვ	156
ვმჲ	155
ნწმამვ	155
გყჱმჲზნჲ	155
მჲწრ	155
ოჲეჲბპჲ	155
თეგამ	155
რვბწ	155
ჟმჲ	154
სზაჟნჲ	154
ნამვპწ	154
ჟოაჟთ	154
ჟრჲი	153
ჟრპანნჲ	152
ფვრთპთ	152
ოჲგრჲპნჲ	151
დჲლწმ	151
ჳა	151
ჟგწრ	151
ნჲმვპ	151
გამ	151
კლვპ	151
ჟკყოთ	150
ოლან	150
ქანჟ	149
ნთკჲდჲ	149
იყო	149
ლთლთ	148
რვლვტჲნა	148
ჟნჲღთ	148
ფვჟრ	148
ნწკჲდჲ	148
რგჲი	148
გყპნვ	147
კპაი	147
დჲჟოჲეთნ	146
ოპაგწრ	146
ღწჳ	146
ჲრთევ	146
ბყევქ	146
გწპნჲ	146
ჟვმვიჟრგჲ	146
პყუვრვ	145
მჲპაქ	145
ესმა	145
ფსგჟრგამ	145
ნვევი	144
ოყრწ	144
ჱნავქვ	144
ეჲიეა	144
უწლ	143
ოპთწრნჲ	143
ვნ	143
თჟრთნარა	143
გთზრვ	143
კაჲ	143
ჟვმვ	142
ეყღვპწ	142
ჟრაწ	142
ლსე	142
ოჲლთუთწრა	142
მყზვ	142
ნაოპვე	141
უწლარა	141
ნწკყევ	141
ვმ	141
რგჲწრა	140
ჲრთევმ	140
ეამთ	140
ნაჟამ	140
ჟთნა	139
ჲფთ	139
ნს	139
ვგვ	139
თჟკამვ	139
ჱარგჲპა	139
ეჲკრჲპ	138
თჟკარ	138
ფაკ	137
ეზჲპეზ	137
ბყეთ	136
ჲბპარნჲ	136
რჩi	135
ვეგა	135
ჲნჲ	135
დპვქკა	134
ოაჱთ	134
ქვჟრ	134
მაკჟ	133
ეპყზ	133
მჲლთ	133
კპთკჟ	133
ჱაბაგნჲ	133
ნჲგთ	133
იჲპკ	133
ეყლდჲ	133
ჩვენ	132
არის	132
ჟლსქამ	132
ძალიან	132
გნთმანთვ	132
ჲრგჲპთ	131
გაქარა	131
ჲეთქ	131
წგნჲ	131
რჲმ	131
ლსკ	131
ლთფნჲ	131
თეთჲრ	131
გპყჱკა	130
კარგი	130
ჟსრპთნრა	130
ჟმყპრრა	130
დლაგა	130
ეჲკ	130
კყღა	130
ოპაგა	129
თჟრჲ	129
კყჟმვრ	129
ან	129
ჟრაწრა	129
მას	128
ჱაოჲფნა	128
ვერ	128
რპყდგამ	128
ვიცი	128
უვლთწ	128
ეჲქყლ	127
ჟყღჲრჲ	127
ფჲგვკა	127
კყჟნჲ	127
ეზჲნ	127
ევრვრჲ	127
მალჲ	127
არნჲ	127
კპალ	127
კაჱგარ	126
დპთზთ	126
ოპაგთლნჲ	126
ოჲგწპგამ	126
თჱლვჱვ	126
ნვკჲლკს	126
ჟრპაჳ	126
სბთლ	126
ეჲიევქ	125
ეგვრვ	125
ჲჟრანვ	125
ნჲჟთ	125
თჱდლვზეაქ	125
დჲჟოჲზჲ	125
ჲრთგამ	124
კსფვ	124
რპწბგალჲ	124
ბთეამ	124
კპა	124
გაქთრვ	123
კპყგ	123
ჲჟრანვქ	123
პვკჲგ	123
გთნჲ	123
პაბჲრწ	122
ჟვკჟ	122
მთნა	122
გვფვპწ	122
რაც	122
ბთგა	122
რპწბგარ	122
ოჲმჲდნვქ	122
გვლთფვჟრგჲ	122
კჲდჲრჲ	121
მვჟვუ	121
ლძბჲგ	121
ჲბაეწ	121
ჟთნკჲ	121
გჲინა	121
ოჲჱნაგაქ	120
რპვბალჲ	120
გპარა	120
უწლჲრჲ	120
ეპსდარა	120
ჟყპუვრჲ	120
ჳაპვჟგამ	119
ჲოთრგამ	119
ჳაპვჟა	119
სფთლთღვ	119
ჲოპვევლვნჲ	118
ნამვპთმ	118
კპაწ	118
ჳთლწეთ	118
ევჟვრ	117
გჱვ	117
ბჲპბა	117
ეაზვ	117
ნაქ	117
ღჲ	117
რპყდგაი	116
ჱბჲპსგა	116
რპყდნა	116
ჟთლა	116
ჱაოჲფგა	116
ჱლვ	116
ეზთმ	116
მჲმფვრჲ	116
მთლჲ	116
ოჲკაზთ	116
ჲჟრაგწ	116
ფს	116
მჲვ	116
ნამ	115
ოთქვ	115
ბყეარ	115
ოჲკაზა	115
ჳჲრვლ	115
თჟრჲპთწ	115
ჳჲრვლა	115
ჟსრპთნ	115
გჲეთ	115
ჟვენთ	115
თჱჲბღჲ	114
დლვეაი	114
კაზვმ	114
ნწკაკყგ	114
მვფ	114
პყკარა	113
არვლ	113
უვლ	113
ნწკაკგა	113
ჟაეა	113
მაპკ	112
დჲჟოჲევ	112
გფვპა	112
ვჟრჩ	112
ბლთჱჲ	112
ჱბჲპსგაქ	111
ევლ	111
მალყკ	111
ეალვფ	111
ოსჟნთ	111
გწპგაქ	111
ჲრთგაქ	111
როგორ	111
ნაოყლნჲ	111
გყპნვმ	111
ჟრჲ	111
მვჟრა	111
გჱვმვმ	110
თჟრთნა	110
კპაჟთგა	110
კვგთნ	110
სბთვქ	110
მალკა	110
ჲრკჲლკჲრჲ	110
ჟყგჟვმ	110
უა	110
ჟვპზანრ	110
ჱაოჲგვე	110
ამვპთკა	109
ოჲმჲდნთ	109
ნთჟამ	109
ოპვკპაჟნჲ	109
ოჲჟლვენთრვ	109
ოყპგთ	109
ეჲბთ	109
ოპვმნჲდს	109
მაზ	109
კნთდა	109
ჲბთფა	109
ჱნაწრ	108
ბპჱჲ	108
ჱვმ	108
თმალ	108
კთ	108
ჟლსფგა	108
ზვნთრვ	108
ზთგჲრჲრ	108
ჟვემთუთ	108
კვირ	108
ჟამთ	108
ელწ	107
მთლთჲნა	107
ნჲჟთქ	107
ნაეგჲპ	107
ჲნაჱთ	107
ადვნრ	107
ეჲკრჲპვ	107
ფაკა	107
ეწეჲ	106
რპვგჲზთ	106
ვჟლთ	106
ოჲმნწ	106
დჲჟოჲე	106
ბჲდა	106
კამ	106
ბყევმ	106
ნაქთჲრ	106
გპა	106
გნთმაგაი	106
ჱნაწ	105
კატვ	105
როგორც	105
დპთზა	105
ზვნარა	105
ნვმამ	105
ჟრანალჲ	105
ბთრთ	104
ესქთ	104
თეთ	104
ჱევჟჩ	104
რწლჲრჲ	104
ოყპგარა	104
რარვ	104
რატომ	104
მყპრგთ	103
ბთჱნვჟ	103
გაქა	103
მისი	103
ჟაკაგ	103
ჳლაოვ	103
მჲმუთ	103
ნაგჟწკყევ	103
ეჲიეჲჳ	103
პყკა	103
ბჲლთ	103
ეჲჟვდა	102
მთფვლ	102
ეჲგთზეანვ	102
ფვჟრჲ	102
ვკ	102
თნაფვ	102
ეჲოა	102
თდპარა	102
გჲრ	102
ჲრთგამვ	101
ოპჲმვნთ	101
ჟოაჟთბჲ	101
ოპთწრვლთრვ	101
სჟოჲკჲი	101
ეჲგვფვპა	101
მვპთ	101
დჲრჲგა	101
დჲლწმჲ	100
დჲლვმთ	100
ჲდყნ	100
ჲპყზთვ	100
ჟპაœვ	100
ჲჟრანთ	100
ლჲქ	100
ბთჲ	100
ესპთ	100
ჱაპვმ	100
ჳჲ	99
რპვბაქვ	99
ეჲგჲლნჲ	99
ჟოპვრვ	99
ჟთნვ	99
ფსი	99
ასე	99
მთჟრყპ	99
ნაოპაგჲ	98
ნთჱ	98
თეგარ	98
კაოთრანვ	98
მპრჲგ	98
ჟვკსნეა	98
დჲრჲგჲ	98
ფსგაქ	98
ნვდჲგთჲრ	98
კაოთრან	98
ნვდჲგჲრჲ	98
ბართ	97
გჱვმვქ	97
ნჲგჲ	97
ჳართ	97
კაჱაჳა	97
პაბჲრთქ	97
უწლა	97
ჱვმთ	96
სჟრარა	96
ყველაფერი	96
ბჲდჲგთრვ	96
ოჲმთჟლთ	96
მვნთ	96
თნტჲპმაუთწ	96
ჟრაპ	96
ჲჟჲბვნჲ	96
ნვკჲთ	96
ოჲმჲდნვრვ	96
გყპნვქ	96
ნჲმვპა	96
ეჲნვჟვ	96
გყპნთ	95
მჲთ	95
გვპსგამ	95
ეჲგ	95
ლსეა	95
თევ	95
აჳ	95
მთჟლთმ	95
კსოთ	95
სბაგჲ	95
გყოპჲჟთ	95
ვპ	95
დლვეამვ	95
რგჲვ	95
ევქ	95
საიყრ	95
გჲეარა	94
ლჲკ	94
ეჲლდჲ	94
მჲმთფვრჲ	94
პყუვ	94
ჲოთრა	94
ოჲლსფთ	94
მჲზვჳ	94
ნჲჟწ	94
ნაგყნ	94
რთჳჲ	94
კაჱგაი	93
ოპჲჟრთ	93
ფაკამ	93
ფსენჲ	93
ნაოპაგთლა	93
ჟაე	93
ნამვპთჳ	93
ჟგჲთრვ	93
უვლრა	93
ჟრგაპნჲ	93
ჲბღჲ	93
თქვენ	93
ფსგამ	93
გვპჲ	93
გპყღამ	93
ჟოთ	93
მთლა	93
ზთგვწ	93
ოპვეჟრაგა	93
ნაოპაგამ	92
რს	92
თჟრთნჟკთ	92
ნჲპმალნჲ	92
გთქვ	92
ჟთნყრ	92
ევნვჟ	92
გჲინარა	92
ნაქვრჲ	92
გაჟთლთ	92
ჲრთევქ	91
მჲმთფვრა	91
სმპვქ	91
ეანჲ	91
რგჲწრ	91
ახლა	91
ოპთფთნარა	91
გვენაქ	91
გვფვპგა	90
ტპანკ	90
ოთრამ	90
მჲპამვ	90
რყკმჲ	90
კნთდარა	90
ჲბთფაქ	90
ოპჲბლვმა	89
ტთლმ	89
ეაგა	89
ბვბვ	89
ნაოპთმვპ	89
ოჲჟლვენარა	89
არვლთ	89
მჲზვმვ	89
რას	89
ჱნაქ	89
გთეამ	89
მათ	89
პაჱკაპაი	89
მჲნრვჟთრჲ	89
ეპსდაპ	89
პანჲ	89
ლთუვ	88
ზთგვვქ	88
ბაპა	88
გლვჱვ	88
ოჲმჲქ	88
ჱაბპაგთ	88
პაჱბვპა	88
მთპ	88
ბვჱჲოაჟნჲჟრ	88
ჟსბრთრპთ	88
ჟგალთ	88
მვპჟთ	88
ოპთწრვლკა	88
ჟრგჲ	87
გყჱმჲზნჲჟრ	87
მჲდლთ	87
გნთმარვლნჲ	87
გთეთრვ	87
აპვნარა	87
ნჲგთნთ	87
პჲეთრვლთრვ	87
ჲჟრაგვრვ	87
პაჱბვპვ	87
ნვკჲდაქ	87
ოპთლთფა	87
ჱლარჲ	87
ჟრაპთ	87
სჟოვჳ	87
თნრვპვჟსგა	87
გყოპჲჟა	86
ეზთმთ	86
ჟრაგაი	86
ნთკ	86
ოჲჟლვევნ	86
ფჲგვკყრ	86
რყპჟწ	86
ზვ	86
გთე	85
ჲქ	85
გთეჲგ	85
ნწკჲწ	85
ქვდსგაქ	85
ჱაგთნადთ	85
ვე	85
ბწდაი	85
მჲზვრ	85
ოთრყპ	85
ოჲლკჲგნთკ	85
ბყევრვ	85
hვ	85
პაბჲრთრვ	85
ოთ	85
ქვტვ	85
გჱვმვ	85
ჟლსფსგა	85
ნვგვპჲწრნჲ	85
მაიკყლ	85
გმვჟრჲ	85
უვნა	85
აეგჲკარ	85
მაჳნთ	85
მთნსრა	85
ჟლვეთ	85
ჟვოაკ	85
ერთად	85
ფაკაირვ	85
ჲბვღაგამ	84
ჲრეაგნა	84
ჟლაგა	84
გჟსქნჲჟრ	84
ჟგთ	84
ჲჟრანალთრვ	84
ბჲბთ	84
სზვ	84
ნაქთწ	84
ეგთზთ	84
გჱვჳ	84
ბვბვრჲ	84
ნვდჲგთრვ	84
ოპგ	84
ბთჳრვ	84
პვ	83
ლჲქა	83
ვეთ	83
ოჲბვეთ	83
ნაქა	83
ჲნჲგა	83
მთლთჲნ	83
გპარამ	83
ბვა	83
ჲნვჱთ	83
რყპჟთ	83
მთპა	83
ჳჲპჲქჲ	83
ჟლვეგაღთწ	82
ჟამჲლვრ	82
ოჲგვფვრჲ	82
ჟპვე	82
ეზვიმჟ	82
ეზვიკ	82
ჟამჲლვრა	82
ლჲქთ	82
ჱარგჲპთ	82
ევიგ	82
ჟთდსპნჲჟრ	82
როცა	82
ბვნ	82
პვქთჳ	82
ბაპთ	82
ოჲლჲგთნა	82
ჲრთგა	82
კპყგრა	82
ოპჲტვჟჲპვ	82
ჟვკსნეთ	82
ევმვ	82
გთევლ	81
ნწკაკგთ	81
ჟრანთ	81
ოთჟრჲლვრ	81
სეაპ	81
ჲფვგთენჲ	81
უარა	81
რვქკჲ	81
პთმ	80
კსფვრჲ	80
კყლნა	80
ჲკ	80
ჟაკალ	80
მპაჱწ	80
ჟრპაჳჲრნა	80
ნუ	80
ხომ	80
გთზეა	80
დლაეთ	79
ჱნავგ	79
თევწრა	79
ნასფთ	79
კაპრა	79
the	79
ჟყებარა	79
კაპლ	79
ჳგალა	79
გთკა	79
მაპრთ	79
ჟცპ	79
ჩვენი	79
თევმ	79
ეაევქ	79
დვპჲი	79
აპმთწ	79
თმალჲ	79
დჲგჲპთრვ	78
ნთკაკგთ	78
გნარპვ	78
ჲპსზ	78
ოთფ	78
ჟყბსეთ	78
კჲნვფნჲ	78
გპჟკა	78
ლვდლჲრჲ	78
ოჲმთჟლთჳ	78
კპგ	78
თნრვპვჟნჲ	78
ეან	78
პვკაჲ	78
გაქვრჲ	78
ჟლჲზთ	78
ვლარვ	78
ჲჟრაგა	78
გვპსგა	78
ჲტთჟა	77
ჩემს	77
პაჱბვპვქ	77
მაინარა	77
მაპთ	77
მჲლთმ	77
ლვირვნანრ	77
ნთრს	77
მანთ	77
ოჲეჲბნჲ	77
სბთწრ	77
ლაპთ	77
დპსოა	77
ნჲღრა	77
უფრო	77
ჟაკარვ	77
პაეთქ	77
გთზეალა	77
ბჲკლსკ	77
პვქთ	77
ვღვ	77
პთბა	77
ოაპთზ	77
ჟაკაარ	77
ოპაგამ	77
ოპჲგვპთ	77
ჟაკაქვ	76
გყპნვრვ	76
ზთგჲრყრ	76
ნამვპთქ	76
ბჲლნთუარა	76
კაპა	76
ბჲი	76
მაჳაი	76
ჟთლარა	76
ბთეარ	76
ფვჟრნჲ	76
ბყევღვრჲ	76
ჳსბაგა	76
ჲოპაგწ	76
გყოპვკთ	75
ჲპყზთვრჲ	75
ჱაენთკ	75
ჲჟრაგთქ	75
ტვპთჳა	75
სბთგა	75
ბჲლნთუა	75
ვეთნჟრგვნჲრჲ	75
ოჲდლვენვრვ	75
ნაჟკჲპჲ	75
ოარჲრ	75
ოჲჟლვენჲ	75
ეზსლთ	75
თჱგყნ	75
გჱვმვრვ	75
ჟყოპსდა	75
ოპაგთლა	75
ჟლსქაქ	74
სჟოწ	74
ჟევლკა	74
გაქთჲრ	74
ოჲმადა	74
გჟწკჲ	74
ჟვკჟთ	74
ოპგჲ	74
ჱნაკ	74
კაოსა	74
ლთოჟგა	74
ფსგალ	74
ბთპა	74
კსოყპ	74
ეაირვ	74
ჟრჲთ	74
ვეთნჟრგვნარა	73
ჟმთრ	73
გაქ	73
ოჲფთგკა	73
პაჱბვპვმ	73
უკვე	73
კიდევ	73
აპმთწრა	73
თეგაქ	73
ჲრკაკრჲ	73
ნთქრა	73
გთეწლ	73
მჲმფვრარა	73
ზთგა	73
ევნა	73
დჲჟოჲეაპ	73
ეჲმთნსჟ	73
პაჱდჲგჲპ	72
ოპთგვრ	72
გთნარა	72
რვლვტჲნ	72
მინდა	72
შეიძლება	72
ჟოპვ	72
ეჲნვჟთ	72
ოლართ	72
მაპრთნ	72
ყველა	72
ოჲრჲა	72
ჟრთდნვმ	72
ეყპზთ	72
ნაოპაგთმვ	72
ჲოაჟნჲ	72
ჲოპაგთ	72
კპალს	72
ჲჟრპჲგ	72
ჟჲბა	72
თჱბწდა	72
მყპეაი	72
ჱბჲპსგამ	71
პვქვნთვ	71
ოპვკპაჟნა	71
ზთგთ	71
ოჲრვპ	71
ჱაბაგა	71
ლძბჲგრა	71
ბაბა	71
ოყპგთწ	71
ევფკჲ	71
ჟმყპრ	71
ამას	71
ოაენა	71
მაიკჲ	71
ჳსბაგ	71
ფსგჟრგაქ	71
კჲნრპჲლ	71
ჲელთფნჲ	71
ვენაქ	71
ეჲგვევ	71
ჟაპა	70
მლყკნთ	70
œს	70
პჲბჲრ	70
თჱოპართ	70
აარ	70
გთეთმვ	70
ეყპზა	70
გვლთკთ	70
პაჱლთკა	70
ჟმპრ	70
ჟლსფა	70
ოაპრთ	70
ოპყგ	70
ესჳ	70
ჲრლთფნჲ	70
გთევ	69
ჟრჲპთ	69
მალკთწ	69
ოყლნა	69
ოპჲბლვმყრ	69
მთჟლვქვ	69
დჲლვმ	69
ჱაკჲნა	69
წჟვმთნ	69
გთზეარვ	69
ჟოპა	69
ჱარგჲპ	69
ნაპთფა	69
ჲფვნჩ	69
ოჲჟრჲ	69
ოპთწრვლძ	69
რამჲ	69
ბთრკარა	69
მალკთ	69
კჲჟჲგჲ	69
სმთპა	69
ოპთრვჟნწგაი	69
ქამოთჲნ	69
ოლანთნარა	69
ზვლთმ	69
ჟთლთ	69
ოჲჟრჲწნნჲ	69
ოჲწგთ	69
მთნალარა	68
ჟოპვქ	68
ჱვმწ	68
კაეა	68
დჲლვმა	68
ნაქთწრ	68
ჱთ	68
თმაჳმვ	68
პვიფყლ	68
მხოლოდ	68
ვეთნჟრგვნთწრ	68
ნვოპთ	68
პვკარა	68
კარგად	68
მთლთ	68
ეჲლვ	68
აგთ	68
ოპვ	68
ჟყჲბღვნთვ	68
მყპრგა	68
კსფთ	68
ჲბ	68
სეაპთ	67
აჳა	67
ჟამანრა	67
თჱლთჱა	67
ესოკა	67
ნაკაპა	67
ოყპგთწრ	67
ოჲდპთზა	67
ესქა	67
შემდეგ	67
ევნწ	67
ჟრაპკ	67
ჟგვრლთნა	67
ჟოთქ	67
ოართ	67
ჲპყზთწ	67
სმპწ	67
დჲგჲპწრ	67
ეანთვლ	67
ოჲმჲდნამ	67
მალა	67
გვდაჟ	67
მჲდყლ	67
ჟრპანარა	67
ფთჟრჲ	67
კჲდეა	66
გთჟრთნა	66
სბთიჟრგჲ	66
დყპბა	66
კპაჟთგჲ	66
ოჲლჲგთნ	66
ჲოთრაი	66
ბშ	66
აღარ	66
ჳჲეწ	66
ჳან	66
სჟლსდა	66
ჲრკპთ	66
ვჟთ	66
ბობი	66
ჟრაპა	66
რაინა	66
მლყკგაი	66
რაე	66
ჲოაჟნჲჟრ	66
მჲზარ	66
მთჟლწრ	66
კჲმოანთწ	65
ჱაოჲგწეაირვ	65
ჟგარბარა	65
ნჲგარა	65
ჲოთრაჳ	65
ჱნავმვ	65
ჟგვრჲრ	65
ლვკაპ	65
ქვტ	65
ჟოპაგწ	65
ჱნაძ	65
სეჲგჲლჟრგთვ	65
რაწ	65
ნაოპჲრთგ	65
ოპჲნა	65
ბწჳრვ	65
კპაკარა	65
სბთვუ	65
ერთი	65
ლყზა	65
ჟგჲწ	65
მჲზეა	65
ქპვკ	65
ჱაგპქთ	65
ოპვეაევ	65
ოჲბვეა	65
კაჱალა	65
გაქთწრ	65
ეპსზვ	64
ბპარკჲ	64
ნაკპაწ	64
თჱდლვეაქ	64
ოჲგწპგაი	64
ოყპგა	64
თჱოჲლჱგა	64
ეპზთ	64
გჲჲოქრჲ	64
ოსჟნა	64
ნვირყნ	64
ლჲპე	64
ეზვიჟყნ	64
გჲლთმ	64
აგამ	64
ჟრანვქ	64
ფსეჲ	64
ოჲჟლვენთწ	64
ეაგამ	64
დიდი	64
ჲბწჟნწ	64
დლსოაგ	64
კპაკა	64
რჲფკა	64
ევლჲ	64
ტბპ	64
ოჲჱეპაგლვნთწ	63
ნთფვდჲ	63
დლსოაგჲ	63
ბჲსნჟ	63
მთკთ	63
ნაევგამ	63
ჲჟრპჲგა	63
ოპაგთლარა	63
ფსგჟრგა	63
სმპა	63
გპყჱკარა	63
კჲოვლვ	63
მან	63
ოაპკყპ	63
ოყპჟთ	63
პჲნ	63
ჳაპვჟგაქ	63
ჟლვეგაღარა	63
ნთკაკგა	63
ფსგა	63
კაე	63
ჟმპრრა	63
ევეჲ	63
მთპანეა	63
ლთნთწ	63
ეპვჳთ	63
ეაჟრან	63
ჟყოპსდყრ	63
ეყპზთქ	63
ვლ	63
ნაოპაგთლთ	63
ჲნეა	63
მთფ	63
გთნჲგვნ	62
ჱაოჲფგამვ	62
სჳ	62
ოჲპანჲ	62
პაჱლთფნთ	62
ქვდა	62
პაჱბთპარვ	62
დჲჟრთ	62
დჲჟოჲეაპძ	62
ჟყნ	62
ჱადსბთ	62
კყღთ	62
გჟ	62
ოლაზა	62
ჟრპაქნჲ	62
ოჲეჲუნა	62
ჱავრ	62
ზალკჲ	62
ფჲგვკჲრ	62
ვეთნჟრგვნჲ	62
ბვკთ	61
თჟრთნჟკა	61
თევმჲ	61
გთჟრთნჟკთ	61
იცი	61
ტპანუთწ	61
ქსდა	61
ვვ	61
ოჲჱგჲლწ	61
სბთრ	61
პაბჲრთმ	61
ოპთკლძფთ	61
ოპჲბა	61
ოპთნუ	61
ფსწ	61
ოთჟრჲლვრა	61
დჲჟოჲ	61
ნთკთ	61
ჱმვ	61
ეზჲ	61
ფაკამვ	61
მჲზნჲ	61
ვრვ	61
ჲჳპანა	60
მჲზვლ	60
ჟგვრლთნარა	60
მვჟვუთ	60
ევნწრ	60
მადთ	60
თჱნვნაეა	60
ბჲპთ	60
კჲჟა	60
ეზჲსთ	60
ჟან	60
ჲკჲლს	60
ნწმარ	60
რჲლჩკჲ	60
გლთჱაი	60
შემიძლია	59
ესმთ	59
ჲრდჲგჲპთ	59
მაჟარა	59
ოჲოთრამ	59
მის	59
დვნვპალ	59
მჲჱყკა	59
ჲრკპთვმ	59
ჟგვრ	59
ზვნვნ	59
პაჱლთფნჲ	59
ჟპუვ	59
ჟვევმ	59
ნვდჲგა	59
ჟმთპთ	59
ჲრთგაი	59
ჟოწ	59
ოჲდლვე	59
კნთდთ	59
ბჲმბა	59
სლთუარა	59
თმაარ	59
პაუვ	59
ეჲიეარ	59
კაპთ	59
დედა	59
კაკჲგ	59
ბსმ	59
მალ	59
ჟყჟრჲწნთვ	58
გაკა	58
ბპჲი	58
ოვჟვნ	58
ჟმწრაქ	58
გლაკა	58
აგჲლთრვ	58
რსკს	58
ჟრანსგა	58
ოჲდპვქნჲ	58
ოჲეაპყკ	58
ჱაგთჟთ	58
ჟრპაჳჲრვნ	58
ნაოპაგთრვ	58
ჟოპვმ	58
ჲგვ	58
ოპჲმვნწ	58
ლჲნეჲნ	58
ჱვგჟ	58
თჟრჲპთწრა	58
უვნარა	58
კჲნალთ	58
ჟმთჟყლ	58
ჲპყზთწრა	58
ნაქთ	58
თქვენი	58
ოპართ	58
ჟსეთ	58
უვჱაპ	57
ნწმაჳ	57
ნვგვპჲ	57
ჱაჟლსზაგა	57
მყზვრვ	57
ოჲლთუთ	57
ჟნთმკთ	57
ოპჲეყლზაგაი	57
ჳაპთჟ	57
ღაჟრლთგ	57
კვპვმ	57
გთეწრ	57
ბპა	57
ეპსდჲრჲ	57
აოაპრამვნრა	57
ჟლსქნაგ	57
ბსევრ	57
ოპვეჟრაგწ	57
ბთევმვ	57
ეჲლაპთ	57
ჟთლნჲ	57
ჲოთრ	57
ნაჲკჲლჲ	57
ჱაოჲფნვმ	57
ბაგნჲ	57
უვლთწრ	57
დლაევნ	57
კთრაი	57
თჟკალა	57
ჟგჲბჲევნ	57
სგაზვნთვ	57
ჲრგყნ	56
გთნა	56
მყზა	56
ნალჲზთ	56
ნაქვ	56
ნვმაქ	56
ლთნფ	56
ოპთწრვნ	56
რვოვპჩ	56
ბჲწ	56
ოჲჱგჲლთ	56
ნსზნა	56
ჲბთკნჲგვნჲ	56
it	56
ბთრკა	56
ნთმა	56
ბშლჲ	56
ჟაქა	56
ჳალ	56
ნაოპაგვრვ	56
სფთრვლ	56
თჟსჟვ	56
არაა	56
თჱდსბთ	56
რყი	56
ეგთზვნთვ	56
ჟთდნალ	56
ჟრთდნა	56
ჟოაიკ	56
ჲჟრაგთმ	56
ზვლთქ	56
ჲრჱაე	55
ნარა	55
მსჱთკა	55
თნეთანუთრვ	55
ჳჲეთ	55
პაუვრვ	55
ბჲšვ	55
ჲკჲ	55
ჱამთნა	55
ჱნა	55
ნვგყჱმჲზნჲ	55
დლჲპთ	55
ნაკყევ	55
სჲლრყპ	55
ვკთო	55
რსრ	55
კმ	55
ჟლყნუვრჲ	55
ბშლ	55
ნვბვრჲ	55
სჟოწჳ	55
კჲნვრვ	55
ოპთწრვლწ	55
ნვჱნამ	55
ნთკყევ	55
გვპს	55
გთჟჲკჲ	55
ჟოჲმნწმ	55
ჱაოჲგწეაი	55
რპთმა	55
გპვმვნა	55
ფსგჟრგჲრჲ	55
ლვკჲ	54
ჟლსფაწ	54
გრჲპთ	54
თმაგ	54
კაზსგა	54
ოპვკს	54
კჲნწ	54
პჲევნ	54
კვლთ	54
ეჲბპთრვ	54
ნთკაკყგ	54
ნაფალჲრჲ	54
ჳჲეთმ	54
კრჲ	54
ნთკაკგჲ	54
ჟმვრკარა	54
ოჲჟლვენჲრჲ	54
ოპჲგვპწ	54
პჲზევნ	54
დვ	54
ოჲფაკაირვ	54
ვრაზ	54
ჲფაკგა	54
ქაპლჲრ	54
ოლაქთ	54
ჲოთრგა	54
გყჲბღვ	54
გჱვლ	54
ჱაენთკა	54
ბპჲ	54
ნადპაეა	54
ქანჟა	54
ფანრარა	54
ევიგთე	54
რაკჲგ	54
პთფაპე	53
ნვმაქვ	53
ნწკაკგჲ	53
ჟვლჲ	53
ოჲბყპჱაი	53
სან	53
ჟვეთ	53
თჱგვჟრნჲ	53
ყპო	53
ნაოსჟნა	53
ბვგმვ	53
ყვირილი	53
მალთ	53
ოჲკპთგა	53
ჟლსფაინჲ	53
ოპაგთმვ	53
ნაპჲე	53
ოპთვმა	53
დლაგთ	53
ჟპვღნვმ	53
ეჲქლა	53
ვჟრვჟრგვნჲ	53
ოჲლ	53
არც	53
ჳპანარა	53
მყზყრ	53
ოჲლვ	53
ჲკაჱა	52
ჲჟრანვრვ	52
კჲმანეთპ	52
კჲჟარა	52
დლჲპთა	52
კსოწ	52
კაჱგაქვ	52
ჟყზალვნთვ	52
ჱაოჲფნვ	52
არიან	52
ევგვრ	52
რთტანთ	52
ჟთდსპნთ	52
ზთგჲრნჲ	52
პჲკლწ	52
ჲნთვ	52
ჲრნვმვ	52
ნწმარვ	52
სჟრა	52
ჟრგაპთ	52
ოპჲ	52
ლვ	52
რვილყპ	52
გაქთწ	52
ჱბჲდ	52
ფაქა	52
ბჲმბარა	52
პჲეთრვლთ	52
ეჲკსმვნრთ	52
ჟთლვნ	52
მვჟჲ	52
ოჲლსფთქ	52
ოპთწრვლწრ	51
ვენჲჟრაგნჲ	51
ჟყპუვ	51
ჱნავლ	51
გჲინთუთ	51
კჲპაბა	51
ვინ	51
კაპაი	51
სხვა	51
აბჟჲლძრნჲ	51
ჟგჲვრჲ	51
მლაეთ	51
ოთრთვ	51
კაპამ	51
ბჲბ	51
ლვრთღვრჲ	51
ოჲდლვენა	51
დლაჟ	51
ოპგთჲრ	51
სჟვღამ	51
მლაე	51
ოჲჟრჲთ	51
ჟვენვრვ	51
ეზვტ	51
ჲბაზეა	51
ვმთლთ	51
კსპგა	51
დპანთუარა	51
ჟგჲთ	51
ევლთნეა	51
რჲწ	51
ჲრკპთჳ	51
ვეან	51
ოჲდპთზთ	51
კლძფჲგვრვ	51
ოაპფვ	51
ოჲლსფთჳ	50
ოსჟნვრვ	50
გვჟრთ	50
ეპსდთწ	50
ოპთფთნთ	50
კაპრთ	50
ბჲდს	50
ჟრჲირვ	50
ზთგვვმ	50
თჱფაკაი	50
გვფვპრა	50
ეალ	50
თნ	50
ჳჲეთქ	50
ჱაჟვდა	50
ბთლვ	50
ჳგყპლთ	50
ნასფთქ	50
ჲრკპთწ	50
სგვკ	50
კაზაგ	50
ჯერ	50
ზთგჲრნთ	50
ოჲკპა	50
პაკა	50
ნაპთფარ	50
კაჱაჳრვ	50
ეზჲნთ	50
ზთგჲ	50
რპდნთ	50
ჟვმ	50
ანდლთიჟკთ	50
რჲოკარა	50
ეაეამ	50
ჟაკამვ	50
პაჱბპაჳმვ	50
რთმყრთ	49
ფპვჱ	49
ოჲკა	49
ბჲდჲგვრვ	49
ვპკა	49
დაეზვ	49
დიახ	49
ბშრჩ	49
ბაპკა	49
ეზვი	49
მჲზვგ	49
ნაოპაგთგ	49
თჱგაეთ	49
პაჱ	49
ეხლა	49
თჱლვჱვქ	49
ეამბლეჲპ	49
მჲდლა	49
მთჟ	49
გყპგწ	49
ლაჱაპ	49
ჲბწე	49
ჲოთრამ	49
ნაპაგნჲ	49
ჟოთჟყკა	49
რჲკს	49
ოლანჲგვ	49
ბთეთ	49
ოჲჟლვენთწრ	49
მეფე	49
რყპჟწრ	49
ჳსდჲ	49
ოჲჱნაგა	49
გთზეალთ	49
არჲმ	49
ჳგანა	49
ნვდჲგჲ	49
ნთჟთ	49
ოპვჱთევნრ	49
რჲზვ	49
ოთრაქ	48
მვრპა	48
გვფვპწრა	48
რგჲთ	48
ფაჟრთ	48
თდპავქ	48
ჲრთეჲჳ	48
ოთწ	48
გვლთ	48
ოპაგარ	48
ჟათე	48
მთპთქვ	48
პა	48
ბაპვმ	48
ბძპჲრჲ	48
ოჲლჱა	48
ჲჟრაგამ	48
ოჲლვკა	48
ნთკაეა	48
ჟნთმკა	48
ლძკ	48
ბჲლკა	48
ჲჟრაგთჳ	48
šსეჟკჲ	48
ჟოაჟთქ	48
ჲდყნწ	48
ოყლვნ	48
ბადაზა	48
ეპყზრვ	48
ჟოპაგთ	48
ქჲს	48
ოჲლსფა	48
ჟრჲწ	48
ფვინთ	48
კამვნჲრ	48
ნვკჲვ	48
თჱოჲლჱგაქ	48
ლვკთ	48
თავს	48
ოპთწრვლკარა	48
ოჲლთუაი	48
ოთვქ	48
ჟგვრყრ	48
ოპაგეა	48
კჲლთ	48
იქნება	48
ევილ	47
მაქვს	47
პაეთ	47
მაჳნვრვ	47
šსეთ	47
ოპაგვქვ	47
ოთჟმჲ	47
უვლა	47
ეჲმთნა	47
ბპაკ	47
ოპყჟრვნა	47
ოთქა	47
თჱოპარწ	47
მაკაპ	47
ჟთჟრვმარა	47
ჱაეპყზ	47
ოჲლთუთწ	47
მთლთფკა	47
ნაეწგაჳ	47
რთწ	47
დპანარჲ	47
ესმარა	47
ლთჱ	47
ჟყღარა	47
ლსეთ	47
კაპაქ	47
ნაოპაგთჳმვ	47
ოყპგჲრჲ	47
გკსჟ	47
რვკჟაჟ	47
გს	47
ვლთ	47
ჳვპმთჲნა	47
ოპვეოჲფთრამ	47
ჱაბპაგწ	47
ლსეჲჟრ	47
ჲბაფვ	47
აოაპრამვნრ	47
ნარარყკ	47
კაპრარა	47
ბჲლვნ	47
ჟთრთ	47
ჟრთგ	47
თჱგთნთრვ	46
ოთრყპჟყნ	46
ჱაეაფა	46
ეზვიკყბ	46
ნაეჲ	46
გპართქ	46
ესქარა	46
ჟრპაჳსგამ	46
სჟოვვ	46
ჟრსევნჲ	46
ოჲზალსიჟრა	46
პანვნ	46
ოპჲეყლზთმ	46
ალბყპრ	46
სბთი	46
šსბჲგ	46
სბაგა	46
ჲრდჲგჲპ	46
ნჲზ	46
თმამჲ	46
ეყდ	46
ლსეჲ	46
ისე	46
აგაქ	46
ქვტა	46
ალყნ	46
ვფიქრობ	46
მაიმსნა	46
ლსთჟ	46
ნსზვნ	46
დლაგნარა	46
ნალადა	46
კყპრთჟ	46
დჲჟოჲზთუვ	46
სმპწლ	46
აეამ	46
კჲჟრძმ	46
პაბჲრწრ	46
მთნსრკა	46
თმალა	46
ეჲრსკ	46
სბთიჟრგჲრჲ	46
ლვრთ	46
ნთგჲ	46
ვენთ	46
ნამთპა	46
ჟპვეარა	46
ნაი	46
ჱჲნა	46
ბვლთ	46
ეჲგვპთვ	45
ჲჟვმ	45
ჟძეა	45
ნაპვეთ	45
ეჲბპჲრჲ	45
ჟვგვპ	45
კლთვნრ	45
tჲგა	45
ვლთჱაბვრ	45
ფვნდვ	45
თჱრჲკ	45
ჲფაკგაჳ	45
გყპნარ	45
ბაპ	45
კსფკა	45
პჲზევნთწ	45
ნაჟრპანა	45
ჟოვუთალვნ	45
გინდა	45
ჱაბპაგთჳ	45
ჲჟრანვმ	45
ნასფთჳ	45
გთევჲ	45
რპყდნვქ	45
რჲალვრნარა	45
ჱნაარ	45
ოპაგთლ	45
გლვჱვქ	45
გაქთნდრჲნ	45
ბლადჲეაპვნთვ	45
გპართმვ	45
ჲჟრპჲგჲრ	45
to	45
ჟკთრვპ	45
მთნალჲრჲ	45
გჲეთქ	45
თჟრჲპთთ	45
ეჲნვჟა	45
მაჟა	45
მთლ	45
ოჲმთნა	45
ნარამ	45
ჟაგაქ	44
ჟლჲზა	44
დჲგჲპთჳ	44
გყპგვრვ	44
კჲზარა	44
ვეთნჟრგვნთწ	44
კპალწ	44
კაჱგარვ	44
სლთუა	44
რაკჟთ	44
თჱლვჱ	44
პვკჲლ	44
პატარა	44
უბრალოდ	44
სანამ	44
ოჲგრაპწმ	44
ჟრაგამ	44
ოჲმჲ	44
ჟგჲბჲეა	44
დლსოაგა	44
თჱლვჱვმ	44
ნჲა	44
რჲფკთ	44
დჲე	44
თევქ	44
ჟოვფვლთ	44
ოჰ	44
ლა	44
თჱლყდა	44
გპყღა	44
კამთჲნ	44
ოპვკპაჟვნ	44
სბთრთ	44
ოპჲტვჟჲპ	44
ნჲგთწ	44
ნაგპვმვ	44
ჱნავქჩ	44
კაჱანჲ	44
ბპჲეჲრ	44
ისინი	44
ჟოპაგთქ	44
უვლჲ	44
რყპჟთმ	44
ნაეჲლს	44
ოჲმთჟლწ	44
მთლთჲნთ	44
ჱბჲპ	44
ეარ	44
კპაწრ	44
დაენჲ	44
კაჱთნჲრჲ	44
თჱაბვლ	44
გწპგა	44
მაჳამვ	44
ჱამჲლფთ	44
გჲინთკ	44
ჟნა	43
ზაჲ	43
ჱვმამ	43
სნთღჲზთ	43
დლსოაკ	43
თჱლთჱამ	43
ფაკარ	43
რვლჲ	43
ეალვფვ	43
ოჲლსფაგა	43
დპთზთქ	43
ეყლბჲკჲ	43
ჲუვნწგამ	43
მჲმთფვრარა	43
დვპმანუთრვ	43
ჲდპჲმნა	43
უვლთ	43
ოპჲეყლზაგა	43
ჱაკჲნ	43
მაიკარა	43
თჱდლვზეარ	43
ჳგანთ	43
ფსგჟრგჲ	43
ოჲმჲღრა	43
გაზნა	43
ჟკჲრ	43
ჲრთეთ	43
ჟევლკარა	43
ოვნთ	43
ჟვდჲენწ	43
ეჲგრვ	43
გყპნაჳ	43
ტართ	43
ღაჟრლთგა	43
ნთგნთრვ	43
ბვდა	43
ქვპთტ	43
რაკგჲ	43
ჟაღ	43
ოჲლჲგთნარა	43
ბაღარა	43
ჲრკაკჲ	43
სბთიუთ	43
დლვეარვ	43
ბჲპთქ	43
ნჲჟა	43
ჲტთუვპ	43
ტყნ	43
ზთგვწრ	43
ბჲნე	43
ჟრპვლწი	43
ნაპანთ	42
ნთჲრ	42
რაღაც	42
აეა	42
გთკამ	42
ეაგაქ	42
ტთლთო	42
გთკრჲპთწ	42
ჲბთფარ	42
ბპთჟკჲ	42
ნვე	42
გპართრვ	42
ჟლვეთრვ	42
ეჲბპარა	42
დპვ	42
ეპადჲ	42
პაჱბვპარ	42
მაპჟვლ	42
მთპნჲ	42
ბპვმვნნა	42
მოხდა	42
ოყლნჲ	42
ლჲქჲრჲ	42
გლწჱა	42
კპთვ	42
მაეამ	42
ჲრკჲდა	42
ჟმვვქ	42
გრჲპარა	42
ჲრრამ	42
ოაჱწ	42
ჟრაპარა	42
ჲოპაგთქ	42
ჟრპანთ	42
ტჲპმა	42
ეჲბპვეჲ	42
დპვიჟყნ	42
ჟმვრკა	42
ოპთმვპ	42
პაოსნუვლ	42
ჟრაგთ	42
ნჲგთნა	42
ჟპვღნაჳ	42
სეჲბნჲ	42
ნვკჲდჲ	42
კსპქსმ	42
ოლაღამ	42
სბთვმ	42
ოჲგწპგაქ	41
ჟლვენთჲრ	41
ჱთნარა	41
ოპჲეჲლზთ	41
ჟყპბთწ	41
ნვდჲგ	41
შენს	41
დლსოჲჟრ	41
ჲრვუ	41
ბპსჟ	41
ოსბლთკარა	41
ჲნსპ	41
უვლთჲრ	41
ჲჟვ	41
ჳვნპთ	41
სად	41
ჲჳპანარა	41
გვპსგაქ	41
თავი	41
ჟაილყპ	41
ჟრპვლწ	41
ეჲჟრყო	41
ნწკაკ	41
კპთჟ	41
ფთჟრ	41
ოპაქაœვ	41
ჩემ	41
გლვჱ	41
კჲლთკჲ	41
ოჲედჲრგვნ	41
ოსრ	41
პვკლა	41
აœვ	41
მნჲი	41
ნვევლა	41
ეანნთ	41
რჲმთ	41
თჱფვჱგაი	41
თუკჲ	41
კსოთქ	41
რვმა	41
გაზვნ	41
თმვნნჲ	41
ბთჳა	41
ეჲლთნარა	41
ჲოთრგაჳ	41
თჱოჲლჱგამვ	41
ნჲგთწრ	41
კამთჲნა	41
ძდ	41
რჲოკა	41
ზთგჲრთ	41
გრჲპნთკ	41
ოპჲკლვრ	41
ჱაოაე	40
ჱლჲ	40
ბთჱნვჟა	40
თდპავ	40
ჟმწრამ	40
ევრჲ	40
კლაპკ	40
ჳჲფვქჩ	40
ლვლვ	40
ქვდსგამ	40
ჟჲბარა	40
ბპარწ	40
ვმს	40
მადაჱთნა	40
მაინც	40
რვჟრ	40
ჟპუვრჲ	40
ორთუარა	40
ჲპკ	40
თევალნჲ	40
მთჟლთჲ	40
გვქრვპკთ	40
ოთრა	40
ეაეჲჳ	40
ზვპრგთ	40
იმ	40
ქვპთტვ	40
პაეთმჲ	40
გყოპჲჟყრ	40
ნაბლთჱჲ	40
ჳვილთ	40
ამთნ	40
არჲპ	40
ოჲკაზვ	40
ოპაგთლჲ	40
კთლჲმვრპა	40
კაჱგალ	40
ჟთჟრვმა	40
თნუთევნრ	40
კჲლვეა	40
ჟოპაგწქ	40
ჱთნთჲრ	40
ჱაგვეა	40
გკსჟნჲ	40
მლაეა	40
ბანკარა	40
მთნვ	40
მყპეჲკ	40
მჩi	40
წმ	40
ჳანთბალ	40
ჱაოჲფნაჳ	40
ჲოთრგაქ	40
ნაევზეა	40
ოვპტვკრნჲ	40
დპსოარა	39
ფვმ	39
ჲბჲზაგამ	39
გთკაქ	39
კთმ	39
ამის	39
კპარკჲ	39
ეამა	39
ჲრნჲჟნჲ	39
პყჟვლ	39
ჲრთგარ	39
ჟვღაქ	39
ოჲმჲდნვმ	39
ჱაეყპზა	39
თდპავმ	39
ვჱთკ	39
რყპჟთქ	39
თჟკალთ	39
ჟყგვრ	39
მჲზაჳ	39
კჲგს	39
ფვიჟ	39
პვჟრჲპანრ	39
ჲრკპაენა	39
ჟყდლაჟვნ	39
პთკთ	39
ბალს	39
ჟთლნა	39
სულ	39
ქვჳვპვჱაეა	39
დვნვპალვ	39
თეთჲრთ	39
რთქთნა	39
ევფკთ	39
ჟპვღარა	39
სმა	39
გთჟრთნარა	39
ჟრანალ	39
რაœა	39
უვლარა	39
ჱგყნნა	39
ჳვლთკჲორვპ	39
პაკარა	39
ჟწეაი	39
ზვპრგა	39
დღეს	39
ევრვკრთგ	39
ფვჟრთრ	39
იყოს	39
ქამოთჲნჲრ	39
კჲზა	39
ჟთრსაუთწ	39
ჟამარა	39
ჟრაგარ	39
ჟვიფაჟ	39
გყნ	39
კჲჟრთ	39
ოჲჱნარჲ	39
ჟგჲბჲენა	39
თჱლვდსგა	39
ეაგაირვ	39
პვუთ	39
ნვჲბჳჲეთმჲ	39
ბპარვ	39
მვკჟთკჲ	39
მერე	39
თჱმამა	39
ზვნვნთ	39
ევლა	39
გვფნჲ	39
ოპჲჱჲპვუა	39
მჲპამჲ	39
ოთუა	39
ოჲფვმს	39
მჲპწკ	39
მნჲმ	39
ოლანვრა	39
ბჲპა	38
ჲოთრამვ	38
სბთგაქ	38
ბაპამ	38
მლაესნფვ	38
სმვნ	38
ნვჟპვ	38
ატპთკა	38
უვგ	38
ჳგანარ	38
გრჲპა	38
ოპთჱნაგამ	38
თჟრჲრჲ	38
ჟთლგყპ	38
მჲზა	38
ბჲ	38
ქანჟთ	38
ეალვკს	38
ოპჲჟრვრვ	38
თმალთ	38
ოჲფთნა	38
ლთფნჲჟრ	38
ოლანა	38
ეჲიეჲჳრვ	38
ჟრჲთქ	38
კლთვნრთრვ	38
ჟმვნთ	38
თჟრთნჟკარა	38
ოჲკაზვქ	38
ნაოპაგწრ	38
ფვრთპთმა	38
მვლმანვ	38
ნაოჲჟლვეყკ	38
გთეწჳმვ	38
ნსზეაწ	38
გყჱესჳ	38
გჲეწ	38
თეა	38
თჱმყკნვმ	38
კაცი	38
ჱაოჲმნთ	38
ვოთჱჲე	38
ფსეწ	38
ნვჱაგთჟთმჲ	38
რწლჲ	38
კპვგვრ	38
ჱაბაგარა	38
ფაკაქ	38
ნადჲპვ	38
ჟნთმკთრვ	38
ვართ	38
ეანა	38
ეპსქრგჲ	38
თრვ	38
ჱარჲ	38
პჲევნევნ	38
ნთგნთჲრ	38
დპაეჲრ	38
დჲჟოჲეაპწ	38
ეაგარ	38
ჲოაჟვნ	38
ოპვფთ	38
ჟლვეა	38
ჳასყპე	38
აი	38
თჱოჲლჱგამ	38
ოპთლთფნჲ	38
თჱგვჟრვნ	38
თდპაწ	38
ოვრყკ	37
ჲეაგევ	37
თჱოჲლჱგარ	37
ოჲდლვეა	37
ეჲეზ	37
აჟნჲ	37
პვქთლ	37
რვმსფთნ	37
ლადვპ	37
წეჲჟან	37
ნსზეავ	37
ეჲბპთჲრ	37
ოლაქთქ	37
კჲე	37
ჟყბჲრა	37
ჟგთევრვლ	37
ბთევრვ	37
პაჱბვპვრვ	37
ნაპანწ	37
ლაენჲ	37
ჰო	37
გთკრჲპ	37
რჲდეა	37
მვჟრჲრჲ	37
ჟყეა	37
ნჲგთრვ	37
ნვბჲრჲ	37
ჟრჲრთუთ	37
ამანეა	37
ხალხი	37
გთნჲგნა	37
ჲფაკგამ	37
ჲბჟყეთმ	37
ჱლჲრჲ	37
კაზარ	37
ესმთრვ	37
ჟლვეგაღთწრ	37
ეჲლზვნ	37
ოსჟრთ	37
ჲლთგთწ	37
ჟთნრთწ	37
ვგპჲოა	37
ვპთკ	37
ჟგვრთ	37
ჲნაა	37
მვფრა	37
ოთლჲრ	37
ჱვმა	37
ჱაოჲჱნაჳმვ	37
ჟოთჟყკ	37
ჟთლთრვ	37
ლვლწ	37
ჲფთდლვენჲ	37
ჱაკსჟკა	37
ოჲპრარა	37
გან	37
ეყლდა	37
აქსპ	37
ჲბლვკა	37
ვკთოა	37
გაპჲ	37
ჟრაპთწ	37
ოპველადამ	37
ოთჟმა	37
უვნრყპა	37
მაშინ	37
ოჲკანთ	37
ბვჱჲოაჟნჲ	37
ჲრდჲგჲპნჲჟრ	37
ოპთბვპა	37
ოაეა	37
იყნდ	37
სბთლა	37
თნრვპნვრ	37
ოპთჟრთდნა	36
რყპჟთრვ	36
გთეწჳრვ	36
ნვდჲგთწ	36
ჟგჲი	36
ოჲლა	36
პაწ	36
რჲვჟრ	36
ჟთრსაუთ	36
ვლთჟ	36
თევთ	36
გპყღაი	36
ეჲიევრვ	36
ნაევზ	36
ჱაოჲგვეთ	36
ფსევჟნა	36
ეჲიეჲჳა	36
ეთინა	36
ჲრთ	36
ჳსბაგთ	36
რაკგა	36
ჟოპარ	36
ბპაკა	36
სოპაგჲ	36
სახლში	36
მაიმსნთრვ	36
ყოველთვის	36
ჟყღთწ	36
სჟოვვქ	36
ბთვ	36
კლაჟა	36
ჟოაჟწ	36
კამვნ	36
მალთჲრ	36
რჲოლჲ	36
არაფერი	36
მჲევლ	36
ბაჱარა	36
you	36
დჲჟოჲეაპწრ	36
გაქთ	36
ოყპგთრვ	36
დსბთ	36
ფაი	36
ჲოთრაქ	36
მთნ	36
ოსქკა	36
სფთლთღვრჲ	36
კჲპაბ	36
ჲბყპნთ	36
კპაევუ	36
ჟვჟრპჲ	36
ოაპრთრჲ	36
დლსოაგთ	36
ნჲპმალვნ	36
პსჟთწ	36
სბთგამ	36
ფთნთ	36
ჲოა	36
გპყღამვ	36
სმპარ	36
ოჲჱნარ	36
ჲროპვე	36
ლვგჲ	36
ჳჲფს	36
ჟვპთჲჱვნ	36
ჳგანაჳ	36
უგვრვ	36
დსბთქ	36
ჟჲლჲნთ	35
ოაპრნჩჲპ	35
შენთვის	35
გპყჱკთ	35
ეპაკჲ	35
კსფვრა	35
ეგ	35
ჲჟრაგთლ	35
ოჲჟლვენთჲრ	35
ბჲპეა	35
ოსქრთ	35
გჱვმარ	35
ჳაპვჟგარ	35
ოჲრყპ	35
ღაჟრთვ	35
ბთჳმვ	35
ოპჲქს	35
დვპჲთ	35
მოდი	35
ჱაოჲჱნავმ	35
ჩემო	35
ეჲკსმვნრთრვ	35
კლთვნრთ	35
თჱუწლჲ	35
ნაფალჲ	35
ნჲჟვქვ	35
ჱბჲპსგამვ	35
ეჲჱგჲლთ	35
ოჲბვეთქ	35
ზვპრგარა	35
ბვლა	35
ჲოვპაუთწ	35
ფსგჟრგარა	35
ოჲმალკს	35
ჳალთ	35
ბჲზთ	35
ჲჟრანალთ	35
ფანრა	35
გჱთმაქ	35
სთლტჲპე	35
პჲბ	35
ორთუა	35
კსოთჳ	35
კამვპა	35
ეჲკაჱარვლჟრგა	35
კამყკ	35
ნამვპთჳმვ	35
ბწლ	35
პანფჲრჲ	35
მვფკა	35
რპყდნალ	35
ლვრ	35
ამვპთკანჟკთ	35
კარა	35
ეჲდჲგჲპ	35
რპყდნვ	35
ნვევლთ	34
ნაკაპამ	34
ფსვქ	34
ვგჲ	34
ჟაკალა	34
ორი	34
როდესაც	34
ჟყოპსდ	34
ფაჟჲგნთკ	34
ჲრდჲპვ	34
ოპაქამ	34
ჟგჲწრა	34
ჲპ	34
თჱა	34
გთევლთ	34
team	34
პაბჲრამ	34
ოაენვ	34
ჟკა	34
აგჲლა	34
ჟგჲვ	34
ოჲეა	34
ეზთნა	34
თჟრთნჟკჲ	34
თჱბწდალ	34
ლთნევპმან	34
ოპვროჲჟრაგსგამ	34
რჲდა	34
კსჳნწრა	34
ჟპვეთ	34
ჟლს	34
ბჲლაპ	34
ბალრაჱაპ	34
ჲბწჟნთ	34
ჟყოპსდარა	34
კასნრთ	34
კჲმოანთწრა	34
ჟრთდნვ	34
ჱგვჱეა	34
ოპთლთფაქ	34
მაზთ	34
ფვპგვნჲ	34
ეპვჳთრვ	34
კსლა	34
ჟრვნარა	34
ოლაღა	34
თჱფვჱნა	34
ნთკაე	34
ლჲეკარა	34
ევნჩ	34
სმთპარ	34
ეზვჟთ	34
თჱჳჲე	34
ჱგსკ	34
გვჲმა	34
მაქთნა	34
აბპამჲტ	34
ნჲზჲრ	34
ჳაპლთ	34
დპთინ	34
ღაჟრლთგთ	34
ნსზნთ	34
კსეა	34
დჲპარა	34
მარპთუთრვ	34
ჟვნჩჲპ	34
ნვჱაბაგნჲ	34
გვლამ	34
ნაჟრპჲვნთვ	34
ოპჲეყლზთ	34
ოჲთჟკა	34
ვმთპ	34
ტპჲეჲ	34
იმიტომ	34
გვეჩ	34
თჱდსბთლ	34
აქლთ	34
ლთჟრა	33
ევნვჟკა	33
ჟლსქაირვ	33
ჳჲლთევი	33
ჟყღვჟრგსგა	33
ჟთპთსჟ	33
ოჲნვევლნთკ	33
მთლთფყკ	33
ბჲლკარა	33
ჲრგჲპვრვ	33
დჲლვმთრვ	33
ზან	33
ჲფაკგაქ	33
აოჲნუთრვ	33
გაზნთ	33
კაბთნვრა	33
ქკჲლჲ	33
თჱმყკნა	33
ოლვმვრჲ	33
კაჱთნჲ	33
ვჳჲ	33
ჟრჲპთლ	33
ქსმ	33
სჟოვწ	33
თჱგვენყზ	33
ლყზვუ	33
ჟთპვნვ	33
ცრჲრ	33
სბთჳ	33
უვლსგკა	33
ლთოჟგაქვ	33
კსლ	33
ჟრპაჳლთგვუ	33
ბსეალა	33
ჲგთ	33
ნაჱეპაგვ	33
ჳთლწეა	33
ოჲჱთუთწ	33
ჳაკსლა	33
ჟპამ	33
გპვმწ	33
შეგიძლია	33
ოჲპაკა	33
ჲბსგკთ	33
ეყპგჲ	33
ეაპბთ	33
გაქვს	33
ოლართქ	33
დრო	33
წევქ	33
ტთნჲ	33
ეყპზთმ	33
ბჲპბარა	33
რსჱაპა	33
პვქმთ	33
ოჲნვკჲდაქ	33
გლთჱა	33
მადაჱთნ	33
ჟრჲკარა	33
ყველას	33
რპყდგაქ	33
ჟმწრა	33
ბპადა	33
ხართ	33
სბთჳა	33
კპაჟთგ	33
ოპთჱნაწ	33
დჲგჲპვქვ	33
ოჲმჲლთ	33
სჟოვვმ	33
ჟბჲდჲმ	33
რადგან	33
ოჲკპაი	33
გპადჲგვრვ	33
გპად	33
მთჟთწრა	33
ბჲზთფკჲ	33
სზაჟვნ	33
ოთრაი	33
მაკეჲნალე	33
ჟჲკ	33
ოპყჟრვნ	33
ჲბსგკთრვ	33
ოასნეა	33
ჲბჱალადამ	33
ოლანყრ	33
ბყევღვ	33
ბსპწ	33
ოამვრ	33
ოპყჟრვნყრ	33
თჱლწჱა	33
ოლაქამ	33
დაჱ	32
ჟთნჲ	32
გთევლა	32
სთლჟყნ	32
გნთმაგა	32
გლძბვნ	32
ლჲჟ	32
ჲეჲგევ	32
პაჱლთფვნ	32
სჟოწჳმვ	32
გლაკ	32
ოპთვმამ	32
ჟკაჱალ	32
ჲეა	32
ოჲრჲმს	32
ოჲფნა	32
ოთჟმჲრჲ	32
ოპთრვჟნწგა	32
ჟრთლ	32
ჟყმნწგამ	32
ჱბჲპჲგთ	32
ეზაკჟყნ	32
ჲკჲრჲ	32
თჱგთნწგამ	32
ფვჟრვნ	32
მჲდ	32
რყპოვნთვ	32
ჟრყოკა	32
გჲეაფ	32
მთჟთწ	32
ფსევჳ	32
კპალთუა	32
თჟსჟ	32
მალკარა	32
სმპვმ	32
ჟდპაეარა	32
კლვყპ	32
ეაევრვ	32
ჱლარჲრჲ	32
ნჲჟამ	32
ოპთნუვჟა	32
ჟვჱჲნ	32
ოჲდჲგჲპწ	32
გჩi	32
ბსევ	32
ნთკაევ	32
თქმა	32
მპეა	32
დსბვპნარჲპ	32
დპანთუა	32
ოპაგვრვ	32
ეგარა	32
არაკა	32
ოჲჟლვენა	32
დჲპე	32
ოჲჱნაგამვ	32
ჟყღთწრ	32
მთკა	32
მაწმთ	32
ჲოსქრთ	32
რვე	32
ოპჲეაგა	32
ჟოპვმვნ	32
ჲრთქყლ	32
კაკყგრჲ	32
გჟვდეა	32
ლვზთ	32
გჲლწ	32
ბსრთლკა	32
ლთჟა	32
ოვევპ	32
კაფგაი	32
ჳმმ	32
ბჲლჩქვ	32
სმნჲ	32
დნ	32
სბთირვ	32
ოპაგთრვლჟრგჲრჲ	32
ჲოაქკარა	32
ლსფქვ	32
პაჱკაზთ	32
ნთუთ	32
მჲზვმჲ	32
ჟრგჲრჲ	32
ჟლჲბჲეა	32
ბანწრა	32
რარა	32
ეალა	32
ეჲიეჲჳმვ	32
ჩრდილოეთის	32
œთმ	32
ჲბვღა	32
ნთგნარა	32
თაკჲ	31
საკუთარი	31
ფთ	31
ჲრთგარვ	31
ჲჟრანალჲრჲ	31
ოჲკაჱგა	31
ოპვეამ	31
კამვპჲნ	31
სმთპამ	31
ჟლსქნა	31
ნასფა	31
ნაფთნა	31
ბსსრ	31
ჱავრა	31
კთირ	31
ეთპვკრჲპ	31
ჲბყპნა	31
ქვლეყნ	31
ჲრკაზვქ	31
წევ	31
პაჱბპაჳრვ	31
ოჲმადაქ	31
ლჲს	31
კპგრა	31
ჲჟრაგარ	31
რვჲკლვ	31
დპა	31
ლადვპა	31
ნწკჲვ	31
ეპსდთწრ	31
ფენ	31
გჲთნ	31
ჱალა	31
ჟგყპქგა	31
ვკჟოვპრ	31
ტთლმა	31
დვი	31
თდპაფ	31
ოჲეჳჲეწღ	31
ეჲბთვქ	31
ჲბაზეამ	31
ლძჟთ	31
კაპამვ	31
კთაპა	31
კჲლვზა	31
მთლჲჟრ	31
კსლარა	31
ნვოპთწრნჲჟრთ	31
რასაც	31
მაფა	31
ლთნთ	31
ჟთრსაუთწრა	31
პამჲრჲ	31
ეთლან	31
მლნ	31
ნაპჲეა	31
ოჲმთჟლთქ	31
აეპვჟა	31
ვჟრვ	31
აკ	31
რპყდნვმ	31
რპვბაარ	31
პვქვნთვრჲ	31
პვჟრჲპანრა	31
უკან	31
ჟყება	31
მაიმსნთ	31
ჟვლჲრჲ	31
გთზეამვ	31
ოჲმჲლწ	31
რჲბჲმ	31
გყჱესჳა	31
მჲვი	31
and	31
პვქთჳმვ	31
ჲრგპართრვლნჲ	31
ოპჲდპამარა	31
კაფთ	31
ჲრკპთვქ	31
ჟმვადჲლ	31
ლყზვქ	31
კლაჟ	31
ოპთწრნა	31
სზაჟნა	31
თლთრთ	31
ბლვკ	31
ჟმწნა	31
გლვჱთ	31
აჲ	31
ნჲგჲრჲ	31
ევქაგა	31
ფვრა	31
ჟკთ	31
ეჲგვპთ	31
ნვდჲგთწრ	30
ეპადა	30
ჲეთნ	30
ოპჲჟრთრვ	30
ოვჟჲკჲრ	30
ეჩჲ	30
ჟოჲმვნა	30
რაკჲვ	30
გამო	30
ჟრყპნსსე	30
ოპთრვჟნწგამ	30
მადთწ	30
ფვდჲ	30
დჲჟოჲეაპს	30
პვბვკა	30
პაჟრვ	30
ჱადსბა	30
ევნთჟ	30
ოჲლვრ	30
გაზთ	30
თმვნა	30
მვპლთნ	30
ეაევნჲ	30
გჲლწრა	30
ეჲდჲგჲპა	30
გლვჱვრვ	30
ფსგჟრგსგამ	30
მვჟრარა	30
ფთფვკ	30
ფვპნა	30
ოპვეჟრაგთ	30
ჲბთლთფ	30
ჲბთფაქვ	30
მეტი	30
ჲრკაჱ	30
ჱნაჲ	30
ჟგარბა	30
ოთწნ	30
ჟლთკა	30
მჲჟრ	30
ოჲჱნაგარვ	30
ოჲმნთ	30
დჲგჲპთჳმვ	30
ბთწ	30
მთჟლარ	30
ჱანთმაგამ	30
ოჲჱნაგაჳ	30
ჲბწჟნვნთვ	30
წლის	30
ვესაპე	30
ოპთდჲრგთ	30
ნთკაკ	30
სერ	30
ოპთკლძფთჳ	30
ეანაჟ	30
ოჲვმა	30
მართლა	30
მაჳნა	30
ფსგარვ	30
ოპჲკლვრთ	30
ოთგჲ	30
ჳთპჲ	30
პანეთ	30
ჟრპანთუა	30
ჲრკჲლკს	30
ნთილ	30
რსპუთრვ	30
ჳვლთ	30
ვნვპდთწ	30
ყველაზე	30
ჱაჟრანთ	30
ფვპვნ	30
ჟთმბა	30
თჱოჲლჱგაი	30
დპვქთქ	30
ოპთპჲეა	30
ეაევმ	30
ბთკ	30
ოაიოყპ	30
ლვჟლთ	30
ჟპვღნა	30
ოპთკაჱნა	30
ოთვმ	30
ეჲნვჟვრვ	30
ფვკამ	30
ჲრკაზა	30
ეჲგმვ	30
ბსეს	30
გპვეთ	30
ჲემაჳ	30
ოპჲდპამა	30
ოჲკაზვრვ	30
გყჱპაჟრ	30
შესახებ	30
დპვქკთ	30
კალთტჲპნთწ	30
ჲჟრანამ	30
თჟოპართ	30
ოსჟრთნწრა	30
ჱაოალთ	30
პვჱსლრარ	29
ფრჲბშ	29
ჟრთდნვქ	29
რპყდგაირვ	29
ჲჟრაგთრვ	29
ნამვპწრ	29
ჱეპაგ	29
ჟვკრჲპ	29
ჟრთდნაჳმვ	29
უთდაპა	29
ნაოჲმნწ	29
ეგჲიკა	29
ბთვქ	29
პანარა	29
რვფვ	29
აგა	29
კჲოვლვრა	29
ოჲკლჲნ	29
ეზჲქ	29
ნაპკჲრთუთ	29
გსკ	29
გამს	29
თჱმთჟლთ	29
ჟყე	29
ოპჲეაევ	29
ჟლვეგა	29
პჲსლთნდჟ	29
ჟოპაგთმ	29
ჩვენს	29
გპადა	29
ასეა	29
ქთილა	29
მჲდაჲ	29
კპვრვნ	29
გნთმაგაირვ	29
თჱდლვზეამ	29
ჟრაგაქ	29
რაკჲი	29
რპვგა	29
საქმე	29
ჟლვეჲბვე	29
ჟნთმკარა	29
კპთვქ	29
ოპთბთპამ	29
ეყლყდ	29
ჳგანვრვ	29
სგა	29
დჲრგაფ	29
ოპაქა	29
ზვნჟკთ	29
კპაკ	29
like	29
ოპთნუა	29
ოჲმჲდნარ	29
ცოტა	29
პაჱბპალ	29
ფსვ	29
ოპთბვპვქ	29
ნაოპაგვნჲ	29
ნაჟამვ	29
ოპთრვზაგა	29
ლჲგ	29
unacs	29
ჰოდორ	29
გვლთკ	29
ლჲპა	29
ჟგყპქა	29
ჟკჲლჩკჲ	29
ჟყგოაევნთვ	29
ნაპთფამ	29
სბთვუა	29
ბჲდარ	29
ჟლჲბჲენჲ	29
მთჟლთჳ	29
უვნრყპ	29
ნაპვფვ	29
ჟმვვ	29
ჲრბჲპ	29
ბპვ	29
ლჲგვუ	29
ვიყავი	29
კამვპარა	29
ოჲჱნა	29
დპსბჲ	29
ჲჟრაგწი	29
გთნჲრჲ	29
ჲრკპთჳმვ	29
ნვმამვ	29
ჟაპსმან	29
ეჲგჲლვნ	29
ეპზამ	29
ჳპაბპჲჟრ	29
ტპვნკ	29
რაინთ	29
ჟლვეგაღთრვ	29
მჲმვნრთ	29
ოპჲჱჲპვუ	29
ჟრპვლწირვ	29
ჱვმვ	29
ოჲკაჱა	29
ოჲნვზვ	29
ჲრმყღვნთვ	29
ბთვმ	29
კჲნრპჲლა	29
ბვეა	29
ოჲმნთრვ	29
ოყლნთ	29
ბთწრ	29
ოაჱთქ	29
კამვპთ	29
მჲპდანა	29
ჟრან	29
წევნვ	29
გთეარ	29
თჱლთჱაქ	29
ჟოჲჟჲბვნ	29
ოჲგპვეთ	29
ოთვნვ	29
ესმაძ	29
პსჟნაუთრვ	29
ჱნაფთრ	29
მთნვმ	29
ზთჱნთ	29
ჟსოვპმვნ	28
ნაოსჟნვქ	28
პვეზვო	28
წზ	28
გთჟრთნჟკა	28
ვღ	28
ოჲჱაეთ	28
თჱდლვზეაქვ	28
ეზვპთ	28
ცი	28
კსფვნუვ	28
კჲქმაპ	28
თდპთ	28
კლაიე	28
ჲჟრაგწმ	28
კსო	28
კსფკჲ	28
ჟლაეჲლვე	28
კაპრთრვ	28
ვეთნჟრგვნთჲრ	28
პჲრა	28
ჟლაბ	28
hold	28
თჱგთნსგამ	28
ოპველჲზთ	28
ჲზვნთ	28
door	28
ბაჟვინა	28
თდპთრვ	28
ჱთნჲრჲ	28
ჱამწნა	28
ოპაგთლთ	28
დლვეაირვ	28
ბლადჲეაპთმ	28
გეთდნთ	28
ჟვპთჲჱნა	28
კპალწრ	28
პჲეთ	28
ჲრკპთვ	28
აქვს	28
ჱაბპაგთლ	28
ჱაოლაჳა	28
შენზე	28
დლაგვნ	28
ტპვეპთკჟყნ	28
თჱბპა	28
ჲბვღაჳ	28
გთზეარ	28
ევიგთჟ	28
დჲპეყნ	28
ჟშნ	28
დჲლვმთწ	28
დპაესჟა	28
მჲმვნრყრ	28
პვფ	28
ეთლყნ	28
ჟტართგ	28
ეჲბპში	28
ბპარწრა	28
ოთქვქ	28
ნაწჟნჲ	28
დჲჟრ	28
ევჱმჲნე	28
ბლა	28
ქამოანჟკჲ	28
ნჲჟწრ	28
ოყრსგანვრჲ	28
რვჟრა	28
ფიქრობ	28
ალკჲჳჲლ	28
ჲჟრანალჲ	28
ფვნდვრარა	28
მალკჲრჲ	28
ჟრპაჳა	28
ლვდლჲ	28
რაკგთ	28
ოჲპნჲ	28
ოაპკ	28
ფლვნ	28
ოპვეაი	28
ალამჲრ	28
ტლვფყპ	28
თჱოპაგთ	28
ლსჟთ	28
ბევრი	28
ვეთნთწრ	28
წოჲნთწ	28
ოლარწ	28
ეზჲსნჟ	28
ფაჟჲგვ	28
ჟფსოთ	28
სბთიჟრგა	28
ოსრა	28
ნაოაენარ	28
მყლნთწრა	28
კჲნვ	28
ბანკა	28
კჲპნვლთი	28
ოჲრპვბნჲ	28
ოჲჱგჲლვრვ	28
ბწდაქ	27
გვქრვპკა	27
ვეთნჟრგვნ	27
დჲპევწ	27
ეჲნ	27
რომელიც	27
ჱაღთრა	27
ნვსეჲბნჲ	27
ევიჟრგამვ	27
ეჲკაჱარვლჟრგჲ	27
ჟრალნჲ	27
ჳთლ	27
ჲზვნთმ	27
პსჟკთ	27
ტთლაევლტთწ	27
გყჱეთქკთ	27
ბწლჲ	27
ტვპმვპ	27
ვჱვპჲრჲ	27
ჱადპთზვნ	27
ოჲედჲრგთ	27
ჲტთუთალნჲ	27
ანჲ	27
ჟვბწ	27
სეპთ	27
ბაპაქ	27
ფთჟრა	27
ჲბთპ	27
გთევრვ	27
თრყნ	27
მალე	27
ოაჱვრვ	27
მადლობა	27
ოჲრყპჟთ	27
ბა	27
მჲპთჟყნ	27
პაეთმ	27
დაეზვრჲ	27
დლაბვპ	27
ოჲჱა	27
ჲელთფნა	27
ნამვპთრვ	27
ფსჳრვ	27
გპარარ	27
ლყზვ	27
პაჱდჲგაპამვ	27
ბსევმ	27
ტსჟრან	27
ჱარგჲპვნა	27
ჟოპწ	27
კპაš	27
მათი	27
ფვკ	27
პჲნთ	27
კარგია	27
ჟრჲწრ	27
ოპვჟრყოლვნთვ	27
ლვოჲ	27
ვწუხვარ	27
ოჲეაი	27
ჱაბპაგთქ	27
ჲეარ	27
ოჲგპვევნ	27
ჟლსზბა	27
თდპაქ	27
ოჲფთრ	27
გჟვჳ	27
ეჲგვეთ	27
ოჲბპჱჲ	27
ჟპვეამ	27
ღწჳმვ	27
თჱდსბთჳმვ	27
აიკ	27
ჟრპაზა	27
ალთჟყნ	27
ოპჲკლვრჟრგჲ	27
ბვპლთნ	27
დლაგთრვ	27
ოჲლჲზვნთვ	27
ჲრგჲპწ	27
ვჱთკა	27
ქვტყრ	27
დჲლვმჲ	27
ოპგარა	27
ფვმს	27
ლვიეთ	27
კჲმთჟთწრა	27
ლთნეჱთ	27
ოპგა	27
მჲპვრჲ	27
ლთუა	27
კპალჟრგჲრჲ	27
თმაჲ	27
ოჲლჲქჲ	27
ეჲნვჟჲჳ	27
ეზვნ	27
ტაბპთკარა	27
ბწდაირვ	27
უაპ	27
ჲოაჟნა	27
კჲპჲლჩ	27
ფვპნთწ	27
ოლაფვ	27
ჲბთევ	27
ნვმაგ	27
ოთვ	27
ფჲგვკს	26
კპალჟრგჲ	26
ზვლანთვ	26
ოაპფვრა	26
ეგთზვრვ	26
ჟგვრლჲ	26
ჱაეაფარა	26
ოპთტართ	26
ჱამთნვქ	26
ჱამთჟლთ	26
ნაოსჟნვ	26
ოჲბყპჱაირვ	26
ჲბთფამვ	26
პვზთჟჩჲპ	26
toა	26
ლთოჟგაქ	26
ჟოვუთალნჲ	26
ოჲლჲზვნთვრჲ	26
ოჲოპაგთ	26
პჲ	26
ჳთეპა	26
ოჲლთ	26
ალბათ	26
ჲრდჲგაპწმ	26
რპვნთნდ	26
სთჟკთ	26
ნაოთქა	26
ჳგანვმ	26
ოპყჟრ	26
ნაპთფაქ	26
ოჲეაპყუთ	26
მალკთწრ	26
ჱნარვ	26
ბპარჟრგჲრჲ	26
პჲეზყპჟ	26
ოპჲუვნრა	26
ჟგპრთ	26
ოპჲმვნთმ	26
კვპნთ	26
ოთი	26
პაჱპვქვნთვ	26
ლჲდანვ	26
ეყღვ	26
სზ	26
ჲრთქლა	26
ევჟთლჲ	26
ბოლო	26
კლსბ	26
ჟლჲზთლ	26
ეწლ	26
ჟჲჟა	26
სჱ	26
ფსევჟვნ	26
ეპაკჲნ	26
თმვნარა	26
ჱაოჲჱნავქ	26
კჲნრაკრ	26
ოჲლვრა	26
ჟლვენარა	26
დლაე	26
პაჱფთრამ	26
პვკა	26
პთკ	26
ფთნდთჟ	26
ფაჟჲგნთკა	26
მვფა	26
ბპსკ	26
დჲგჲპთლ	26
გაზნჲრჲ	26
ფაკარვ	26
ანთ	26
ჟუვნარა	26
ოსნჲ	26
ჟყზალწგაქ	26
დპვქნჲ	26
ბანეა	26
ჟგჲბჲენთ	26
თქვა	26
მპრგთ	26
გთეთმჲ	26
გყპჳა	26
რვჟა	26
მთნთჟრყპ	26
ღწჳა	26
ჟკაპა	26
ნთკჲდეა	26
ჱაოჲფგამ	26
სჟლსდთ	26
ნამთპამ	26
წეჲჟანა	26
კვმბყლ	26
ნვევლწ	26
გნთმანთვრჲ	26
ჲგამჲ	26
ოპჲჟრთრსრკა	26
ჱაფვმ	26
კთიპყნ	26
ოყრსგანვ	26
პვინეზყპ	26
ლვკაპჟრგა	26
ნადპაეარა	26
ჱაბთ	26
ქრვრა	26
დვპმანჟკთ	26
მადაპვ	26
ეზამსკა	26
ოჲმთჟლთგ	26
გვპჲნთკა	26
ოჲდჲეთ	26
ეგჲპ	26
ჲრთევრვ	26
ტლთნ	26
ლჲქთრვ	26
ოპჲბლვმჲრ	26
ზვლაწ	26
ჟოთვ	26
ჱაჟაეა	26
რვზყკ	26
თჱლყდაჳ	26
ბაჱა	26
ჟყჟრჲწნთვრჲ	25
პჲენთნთ	25
ჳძდჲ	25
ეწგჲლ	25
ეპსდაპთ	25
ეაეარ	25
ოპჲვკრ	25
ეზჲნარან	25
ოპთნუთო	25
თუვ	25
ოჲჱთუთ	25
ანრყნთ	25
ოჲჟრაგთ	25
ეჲიევმ	25
სნთქრთ	25
სპვეთ	25
ეზთლ	25
ოჲრჲმ	25
ზვნჟკა	25
პჲბყპრ	25
ოპჲგვპთჳ	25
დროს	25
ოპვმა	25
კსპჟ	25
ჱაოჲფნვქ	25
პაჱლთკარა	25
კჲდბყპნ	25
პაეჲჟრ	25
ჱაბჲპაგთ	25
ჟგყპზა	25
ოჲჱგჲლთქ	25
ოამვრრა	25
სგვპწ	25
კაპრთნარა	25
ოპაქაœა	25
ოპჲგვპთმ	25
ვნჟლთნ	25
ქრჲმ	25
ნვკაკჲ	25
ჱყბთ	25
ოთჟნა	25
წკჲ	25
ოაუთვნრ	25
დჲპვღჲ	25
დჲლვმთჲრ	25
ოპჲპაბჲრთ	25
ნაოპაგთჳა	25
ჟსმა	25
აპჲნ	25
მჟ	25
ჟლაეკჲ	25
რვლვგთჱთწ	25
ეჲჱგჲლამ	25
კთრვ	25
ჟვრჲ	25
ტანრაჟრთფნჲ	25
ჲბთფარვ	25
ჟოჲმნწქ	25
პაეთჲ	25
ოთლვ	25
ჲჟრანართრვ	25
ოჲთჟკაქ	25
მჲჱყკ	25
ჲკვი	25
პაჱდჲგჲპთ	25
ქალი	25
სბაგ	25
ჟრპაჳსგაქ	25
ბს	25
ოჲბპჱა	25
ოვჟნა	25
მპაჱამ	25
ოპარწ	25
ჟამთჲრ	25
ეყპზარ	25
ტლთნრ	25
by	25
რჲპრა	25
ბსნრჲგნთუთრვ	25
ცრჲდჲ	25
მაჳნვმ	25
ჱმთ	25
ოჲჟვრთ	25
გყპქთ	25
ვეიჩან	25
ოჲნჲგჲ	25
ჱნავჳმვ	25
ჟვრთჳ	25
ამვ	25
ესოვ	25
დლვეარ	25
რჲჟრ	25
ვიდრე	25
ჲევრვ	25
მპრგა	25
რვლვგთჱთწრა	25
თჱკლძფვნთვ	25
ფვპრ	25
კარაჟრპჲტა	25
სთკვნეა	25
ეაევმვ	25
ჟვრთ	25
რვჳნთრვ	25
ჱაბპაგწი	25
ოპთბპა	25
ევნჲრ	25
ოჲბვეარა	25
კჲოთვ	25
ოპვჟრანვქ	25
კაოან	25
ვეთნჟრგვნთრვ	25
ბპჲე	25
ალტა	25
ოლაზარა	25
გვფვპა	25
ფთჟრთ	25
პაჱდჲგაპამ	25
ტლჲპთეა	25
ალეჲ	25
ჟსებთნარა	25
ტბთ	25
ნჲჱვ	25
ჱაჟვკჲდაქ	25
ოპვზთგვვ	25
გჲინთუთრვ	25
რპსეთ	25
ოჲჱეპაგთ	25
ბპვჟლვპ	25
ოპთვმთ	25
ჟრაპთრვ	25
იქ	25
ტლჲრა	24
ჱვმვრვ	24
ჟრპაგ	24
ჲრნაფალჲ	24
კპალჲრ	24
მვფჲრ	24
დჲეთნარა	24
რიგზეა	24
ეჲნვჟვქ	24
სმნა	24
რპვნვპ	24
ოპჲეყლზაგაქ	24
დჲპთ	24
თჱკაპამ	24
გწპა	24
ოპჲეყლზა	24
ტპვნჟკთ	24
კაზალ	24
ჱაოჲჱნაწ	24
ევნჲგთ	24
გყჱმჲზნჲჟრთ	24
თუმცა	24
ჟგჲბჲენჲ	24
ბთიფ	24
ევიჟრგთვ	24
პაჱდჲგაპა	24
ჱადსბთჳ	24
ოჲზაპ	24
ოსქკარა	24
თნთ	24
ვგპჲ	24
ჟლჲზნჲ	24
ჱაბაგლწგამვ	24
გლაჟრ	24
ჱთნთრვ	24
კპთიჟყნ	24
ჲრნვ	24
ჲდპაეარა	24
ეჲნვჟამ	24
ოპჲუვჟ	24
რჲბჲი	24
აპადჲპნ	24
ფსგალა	24
ჟრაპჲ	24
ბვლთწ	24
სჟოწლ	24
გთჟჲფვჟრგჲ	24
პაჱნთ	24
ოჲფნსგა	24
კატვრჲ	24
ოაპრნვპ	24
ზთგვვრვ	24
ოპჲოსჟნა	24
ჱადსბწ	24
ჟოვუთალნა	24
დლვეალ	24
ერთ	24
ეზთნ	24
ოჲედჲრგვნთ	24
მაზჲრ	24
იმას	24
ლთევპ	24
ეპ	24
თავის	24
ჟაჟ	24
ეჲგვევრვ	24
კვნვეთ	24
გთლთ	24
მჲპვ	24
ჱანთმაგა	24
პვნვ	24
კვინან	24
კსოთლ	24
მაიკთ	24
ოპჲკლწრთვ	24
სფთლთქრვ	24
თჱფვჱნალ	24
სთკვნე	24
კჲპთეჲპა	24
თჱდსბთქ	24
პაბჲრვქვ	24
ოაჟ	24
გვლჲჟთოვე	24
ესქ	24
ეჲგყპქა	24
ჲჟგჲბჲეთ	24
სპაეთ	24
ფვპნჲ	24
ლთქჩ	24
მჲდლჲ	24
იგი	24
მპაჱთ	24
მეც	24
დსბვპნარჲპა	24
ნასფთლ	24
ბჲლვჟრ	24
ეჲზე	24
ჱაბაგვნ	24
კსპქსმთ	24
ვიმთ	24
ფსლ	24
მზად	24
ჱაოჲფნალ	24
ნჲრრთნდვმ	24
ჟოჲკჲვნ	24
ჟჲოპსდ	24
ჲჟრანარ	24
ნაოპაჱნჲ	24
ფთრა	24
ოპჲმვნწრ	24
ოვფვლთ	24
დჲლწმარა	24
ნაბლძევნთვ	24
ნაოა	24
ბვკჲნ	24
კდ	24
ჱათჟრა	24
დლაჟა	24
დანეალტ	24
ჲრაუ	24
ეგჲიკთ	24
ჟყზვლწგამ	24
ნამვპვრვ	24
პსნეა	24
მსჱთკარა	24
დჲლტ	24
ეზვკჟყნ	24
ჟგჲბჲეარა	24
მალკთრვ	24
ოპთჟრთდნვ	24
ნსმვპთ	24
ლვე	24
ჟთნჲრ	24
ჟყჲბღვნთვრჲ	24
ბპარჲგფვე	24
ჱანთმაგაქ	24
ზვჟრჲკჲ	24
მნვნთვ	24
ფვჟრა	24
სბთლთ	24
ეჲბთგ	24
ჟსებთნა	24
ჱაკყჟნწ	24
გპყღაქ	24
ჲეთრვ	24
ეპზთქ	24
ჟოვუთალნთ	24
ნვკაევ	24
ჲტთჟ	24
ჱაოჲჱნაგ	24
თჱდსბვნთ	23
მთჟყლრა	23
რპვბაჲ	23
ბვლ	23
დღე	23
თჱბვდა	23
ტპლთ	23
რჲმვ	23
ჲოთრგარ	23
უგწრ	23
კანეთჟ	23
ოჲლნჲ	23
უაპჟრგჲ	23
ეჲკჲლკჲრჲ	23
ჲრდჲგაპწქ	23
ოჲგწპგა	23
მაჳაირვ	23
ლთფთ	23
ევლჲრჲ	23
ოპთკაჱკთ	23
ლორდ	23
სპა	23
დალამ	23
ჟლჲზთქ	23
კაპლთ	23
ჲრდჲგაპწ	23
ბაპნჟ	23
მჲპარვ	23
my	23
ჟლაეკთ	23
რპთრვ	23
ევტთნთრთგნჲ	23
ჲდპჲმნჲ	23
ალ	23
ფთწ	23
დპყბ	23
ნაოაენა	23
ეჲკჲლკს	23
ჟრჲლ	23
ჲბაეთჳ	23
ეპჲბ	23
აეგჲკარა	23
დჲჟრთრვ	23
ნაჲ	23
ოვპჟთ	23
ჟვემთუარა	23
ტაკრ	23
ოჲოთრაჳ	23
ისევ	23
ჲრნაჟწ	23
ჳვპჲთნ	23
დარწმუნებული	23
ჳაპრ	23
რპჲ	23
ოთრ	23
გვქრვპკთრვ	23
ჟოა	23
ჟსპა	23
ნთკრჲ	23
დჲპეჲჟრ	23
ბჲპამ	23
ვბამ	23
ვმთ	23
ჲროსჟნთ	23
გჲვნვნ	23
ანეზვლა	23
რპვბაქ	23
ჟოვქნჲ	23
მაჟკა	23
ჲრჟძეა	23
ნვვ	23
ჟრჲპწ	23
ვინც	23
სას	23
ლვჟნა	23
სნაკჟ	23
რთიმ	23
აეპვჟ	23
თჱმამნთკ	23
გრჲპჲ	23
მარტო	23
დლვეაარ	23
თდპაფკა	23
ოპაგჲჟყეთვრჲ	23
ჟრჲპამ	23
ჱადსბთლ	23
თჱფაკაირვ	23
როგორი	23
ჳჲე	23
ლთფვნ	23
ოპთტა	23
ხდება	23
სფთ	23
ნაგამს	23
რთმთ	23
ჲბვღაი	23
ჳჲჟვ	23
ჟლვეთქ	23
ბჲპვქვ	23
ტჲპრ	23
პჲე	23
ოპველადაქ	23
რვზკჲ	23
ჟლთფნჲ	23
ჲფაკგარ	23
გჱთმამ	23
ოპჲგალთ	23
ჱაბაგთ	23
ტჲპმარა	23
ნსზეავმ	23
ჱაეჲგჲლჟრგჲ	23
მსპაე	23
მლაექთ	23
ოაპ	23
თჱკსჟრგჲ	23
ნაოსჟნალ	23
œვდა	23
ოპვეჟრაგწმ	23
ოყრსგა	23
ჟკალა	23
კჲნპაე	23
ეპჲსგყპ	23
ოჲეაპჲკ	23
ქჲკჲლაე	23
ოპვჟრანვრვ	23
დჲლ	23
ოთოაი	23
გვრსგამ	23
ფსჟრგსგამ	23
გლვჱრვ	23
ოჲპვე	23
ჱარგჲპვრვ	23
ოჲლსფაგამ	23
დლვეაჳ	23
ლვკ	23
ოპჲეყლზაგაირვ	23
თჱბჲპჲრ	23
ნვმნჲდჲ	23
ეჲჱგჲლა	23
წევმ	23
is	23
სმ	23
ამთრვ	23
რპავ	23
თჟრა	23
ოჲეჲბაპ	23
ლვდვნეა	23
სჟოვა	23
თჱმჲპვნ	23
დაპაზა	23
ლაბჲპარჲპთწრა	23
ჱაგპქამ	23
ჟთლნთ	23
ნთჳ	23
ქთბანა	23
ჲბთფნჲ	23
ჲდან	23
ფჲგვქკთ	23
დჲგჲპვჳ	23
მადთწრა	23
ზვლავრვ	23
კჲლნამ	23
ბშლთ	23
პვეა	23
ძზნა	23
ჟგთპთ	23
თჟკპვნჲ	23
ფვპგვნა	23
ოაიკ	23
ლაპა	23
ჟოაჟთმ	23
ნარვპა	23
ბლჲკ	23
ბძმჲნრ	23
ოპჲრთგვნ	23
თნრვპვჟ	23
ჲრჟვკჲდაქ	23
უწლჲ	23
ჟოპვმნთ	23
გთკაქვ	23
კლსფ	23
კგაპრალა	23
ჲრგაპწ	23
ვეთნჟრგვნა	23
თჱმთჟლწ	23
თმოვპარჲპ	22
დპჲბ	22
გთკრჲპთჲ	22
აპვჟრსგან	22
ჲბვ	22
ოვრაპ	22
ნაფალნთკ	22
თჱწჟნთმ	22
ჱაკაპამ	22
ჟვეთქ	22
ლსესჟ	22
ბთზსრა	22
ჲრკპთლ	22
მჲმთფვნუვ	22
რვპთრჲპთწ	22
ჟგალწ	22
ოსჟნვქ	22
ჟთდსპან	22
ფვპნთ	22
ოპჲფვრჲჳ	22
რსნვლ	22
გეი	22
ტპვე	22
თმოვპარჲპა	22
ეპსდაევ	22
გლვდსგა	22
მეფის	22
ბჲლთჟ	22
ოჲბაპა	22
ბთპმა	22
კვნრჲნ	22
სბთგ	22
თჱბწდაქ	22
ოაპჲლარა	22
ნვლვოჲ	22
ბჲპარ	22
ნაოსჟნვრვ	22
ნამვპთლ	22
სლთუთრვ	22
ტპანკთ	22
ბჩi	22
ჟთდნალა	22
ჲრდჲგჲპვნ	22
ჱაბპაგთმ	22
სჟვღაქ	22
ზვლთ	22
ნაპთფამვ	22
გნთმარვლვნ	22
ოჲჱნაწ	22
მთდ	22
ჱვმთრვ	22
კჲნყპჟ	22
ჲბა	22
ეგჲინჲ	22
ოჲგთკა	22
ფსგჟრგსგაქ	22
ნამვპთლთ	22
იქნებოდა	22
თჱლთჱაი	22
ოპვენარა	22
გყპრთ	22
დჲეთქვნ	22
ოჲპრა	22
ოჲოთრა	22
ბვჱბვენჲ	22
ჱაღთრთ	22
ოჲჟვბნჲ	22
ჟჲჟრანჲკ	22
ფთკადჲ	22
მერი	22
ნსზეავქ	22
რომელსაც	22
ბპაკყრ	22
ჟყღვჟრგჲ	22
ლსნა	22
ბარკჲ	22
ოჲგთკამ	22
ჟლსქნალ	22
არასოდეს	22
ჲპჲრ	22
ჱადთნა	22
ოპჲკლვრა	22
გყპნალ	22
ოჲდლვენვქ	22
ჟრთიგ	22
ბთლვრ	22
ევლარჩ	22
ნვმჲზამ	22
ჲნვ	22
გყპეზთლ	22
მჲზვლა	22
მთნთ	22
ფრჲბ	22
ოჲჟჲკა	22
ქჲსრჲ	22
ჟრაოფვ	22
თნრვპვჟნა	22
ნჲფჩ	22
გყპქა	22
ჲრდჲგჲპა	22
მალვ	22
ანრჲნ	22
თჱმყკნვ	22
ნვევირვ	22
მთნაგა	22
პვოჲპრაზ	22
ბედნიერი	22
ვენარა	22
კაპრთნა	22
სბვევნ	22
რწჳნარა	22
კსპქსმთრვ	22
ეჲკაზა	22
სმპწლა	22
ოჲმვპჲი	22
ეჲბთვ	22
ჲბაეთქ	22
ჟრპანნთ	22
ჲლთგყპ	22
ოპჲესუვნრ	22
ცხოვრება	22
ეაბთ	22
არვლთრვ	22
კვრთ	22
ფსკა	22
პაჱმთჟლთ	22
ლედი	22
ჟამჲრვნ	22
ოპჲმწნა	22
ნვდჲგთ	22
ჟოვუთ	22
ჟოთპაი	22
გეთდნა	22
ფვრგყპრყკ	22
ოპჲეაზბა	22
რპაკთვუჲრ	22
ჱაოაჱთ	22
მჲჟრა	22
აბს	22
სფა	22
tთ	22
ჲდპჲმვნ	22
ოპაგს	22
ჳაგთ	22
ნაოაე	22
ოჲჟრ	22
გყპქთქ	22
ოჲრყპჟწ	22
ჲოპაგთმ	22
ანა	22
აოაფთ	22
გამარჯობა	22
ფვკჲპ	22
ოპთდჲრგვრვ	22
ჲჟრპჲგთ	22
ადვნრთ	22
ჟრპაჳჲრნთ	22
ჱამჲკჲრ	22
კაზსგამ	22
ჲრგვევ	22
ქგვიუაპთწ	22
ჟგყპჱანჲ	22
გვპა	22
ბანეარა	22
კნთდთრვ	22
ლვკუთ	22
ჳგანვ	22
ოაპა	22
აიჱყკ	22
ჱარგჲპვნ	22
კჲნვუ	22
გპარვრვ	22
უვლჲრჲ	22
პაჱბთ	22
ოპვკაპაჳ	22
ჟპვღალ	22
ეჲჟთვ	22
ჟამთწ	22
ოჲფვკა	22
ჟჲნუვრჲ	22
ჱალარა	22
ნვეჲპაჱსმვნთვ	21
ჲჟყჱნაჳ	21
ჲდლვეალჲრჲ	21
მთელი	21
პთრა	21
ჟპვეჟრგა	21
ჟრალთნ	21
ბთლვრთ	21
ფთუვ	21
ჟლსფთლჲჟჩ	21
თჱდჲპთ	21
ბვკვრ	21
ნჲჟთრვ	21
ტა	21
ჱვლვნთ	21
ჲბლვფვნ	21
მლწკჲ	21
ჱაგვევმ	21
ლძბთმარა	21
გჱვჳა	21
იყავი	21
ჲბაევრვ	21
თლ	21
ჲრუა	21
ყველაფერს	21
გჲეწრ	21
ეჲნვჟჲგ	21
ჟამჲრჲ	21
ჲბთეთ	21
ოლძჟ	21
თჟკაჳმვ	21
ჲრევლ	21
ბვზთ	21
კაზსგაქ	21
ქმთრ	21
ბოდიში	21
მვეთუთნჟკთ	21
თჱმამთ	21
ჱაოჲფნაჳა	21
ბვკა	21
კამვპთრვ	21
სჟმთგკა	21
ოპთრვჟნწგაქ	21
ოჲვმთ	21
თჱეპზთ	21
ტვიჟ	21
ჲჟრანაჳა	21
შვილი	21
თნეთანუთ	21
დჲგჲპთლთ	21
ოსჟნარ	21
ჲჲნ	21
კაკგთრჲ	21
დაჟ	21
ოპთწრვლფვ	21
ჟვმვიჟრგარა	21
ჱგსფვქვ	21
შეუძლია	21
ნაოჲლჲგთნა	21
ოჲქლთ	21
ბიჭი	21
ოჲმადამ	21
პვკჲა	21
თჟკპვნ	21
განა	21
დჲნეჲპ	21
ჟკჲპჲჟრ	21
გყჲპყზვნთ	21
სპჲკ	21
უთხარი	21
yeah	21
გპჱ	21
ოჲჱგჲლვნჲ	21
გჲჱთ	21
ნჲპპთკ	21
ოალმ	21
ჟლარკჲ	21
ბლადჲეაპვნ	21
გვჟრ	21
ოპჲჟრპანჟრგჲ	21
ნასკარა	21
ჱბჲპსგაქვ	21
სზთგა	21
ჟოსქრთ	21
ჟრათ	21
ღარა	21
ფჲგვფვჟრგჲრჲ	21
ოარპთკ	21
ეგთდარვლწ	21
დლვეანვ	21
ესჳჲგვ	21
ბშლა	21
თჟკაჳა	21
ეზვნჟყნ	21
ტთჲნა	21
დლვეაქვ	21
ვეპთან	21
ნჲჱვრვ	21
თმაგმვ	21
ოჲჱგჲლწგა	21
ოლანთნთრვ	21
არასდროს	21
დყპეთრვ	21
სპაეთჲ	21
ტთლმთ	21
ოპთეპსზთ	21
პჲჳან	21
ჟჲგჟვმ	21
ოპვგყპნა	21
წეარ	21
გჟვდჲ	21
რამე	21
ჟვღამ	21
ნთმ	21
ჟჲბჟრგვნჲჟრ	21
ოპჲგვპკა	21
კანუვლაპთ	21
ჟჲნ	21
ოჲკვპ	21
ნაოპაგთჳრვ	21
ლჲპყლ	21
ლძ	21
ართ	21
პაჱბპანჲ	21
ლვრწ	21
რანუსგა	21
ეპადთ	21
ჳჲპგარ	21
კსრთ	21
გწპგაი	21
ოჲკაჱანთწრა	21
პაე	21
ოპთჟყეა	21
რაინარა	21
ჱნავლა	21
თნაკს	21
ოპვჟრყონთკ	21
ოპვჱთევნრა	21
ოპთპჲეარა	21
თჱოჲლჱგალ	21
ბადთპა	21
გლაჟრრა	21
ჲჟყჱნაგაქ	21
გჱგჲე	21
ანუ	21
კაპნთ	21
ოპთოა	21
ლსჟვრა	21
გთჟრთნჟკარა	21
კვპთრ	21
მაკკჲი	21
ეყღვპწრა	21
ჟოალნწრა	21
რანდპა	21
დჲლა	21
ოპვჟლვეგა	21
ოვჟნთ	21
პანა	21
ჲჟრაგაქ	21
ეპაკჲნა	21
თჟრთნჟკჲრჲ	21
გჱვლთ	21
ეპყონთ	21
aჱ	21
კლჲგნ	21
გწპგარვ	21
ლთეთწ	21
ოპვმვჟრთ	21
წინ	21
ჱაეყპზთმ	21
ევჲ	21
ისეთი	21
სქს	21
ესე	21
რჲოკთრვ	21
პჲეა	21
ნაგწპნჲ	21
ჱთმა	21
გთლარა	21
მთჟრვპ	21
პანფჲ	21
მაფ	21
გჲჱმჲზნჲ	21
რპყდგა	21
წიუა	21
ჟყდლაჟნა	21
სნდლარა	21
ევიჟრგა	21
ჲბლვფვნა	21
ჟრაპვუ	21
ვენჲმ	21
ჲენვჟამ	21
ჲრკპთლთ	21
ჟრპანვნ	21
ბაბჲ	21
რთოჲრ	21
ნამვპა	21
ჲოაჟწგამ	21
ეზვნთტყპ	21
ეყპგვრარა	21
ჟლვეგაღჲრჲ	21
ჱგვჱეთ	21
ეზსეზვრა	21
ჲგთეთ	21
ოთქსგა	21
ოანრალჲნთ	21
ლაჟ	21
ოჲლსფთლ	21
რანუსგამვ	21
ჟმვქვნ	21
ჳპაბაპ	21
ეაგამვ	21
რპვრთ	21
დსბთმ	21
ჱაგვეთ	21
ჟმვრა	21
კჲნრპჲლთპა	21
ჟოვფვლწ	21
ჟევლალ	21
არვლვ	21
სმჲპვნ	21
გთზს	21
ჟჲბჟრგვნ	21
ჟოვფვლთმ	21
გვკ	21
ოპთნაელვზთ	21
პსან	21
ჲბლვფთ	21
ნჲგთნთრვ	21
გვლთკა	21
ჟრპვლა	21
ჲბყპკა	21
ფსვმ	21
ეგთზარ	21
კაპარ	21
თჟრთნჟკთწ	21
ჟტა	20
პაჱბსეთ	20
ჟრვიჟთ	20
სთემჲპ	20
კლ	20
ელყზვნ	20
გჱვჳმვ	20
დვნთ	20
ესმავქჩ	20
kპჲნჲლ	20
ოჲმჲლთჳ	20
ნალა	20
ჟლსფათ	20
ნჲპმა	20
ამბობს	20
ნთკჲმს	20
ჳჲდგჲპრჟ	20
ოჲეჲბნთ	20
ჳვლთკჲორვპა	20
ჟრპვლბა	20
ნჲლან	20
ჟოვნჟყპ	20
პთჟკ	20
ფვპნარა	20
ბვჟ	20
ოლანვრარა	20
გჲინთ	20
რთფაი	20
ოჲმვზეს	20
ჟჲჟრჲ	20
ფა	20
ვპთკჟყნ	20
ჟლსქნვ	20
ჱგვჱეთრვ	20
ჟრვნთრვ	20
ჟლყნუვ	20
კაოვრანვ	20
ლწრჲრჲ	20
გთჟჲფთნა	20
ჱაკსჟკარა	20
კსოსგა	20
ალნჲ	20
ლაბთიტ	20
თნრვპვჟვნ	20
ჲჟლჲბჲეთ	20
რვპვჱა	20
ესჳა	20
კანაეა	20
ასევე	20
რჲმოჟყნ	20
ჟლაეკა	20
ლამაზი	20
ბლთჱყკ	20
ჱაოჲგვეთრვ	20
ჟევლარჩ	20
ჲრგჲპვნ	20
ჲმყზთ	20
დპყმნა	20
ოჲგთკ	20
ჟმვლ	20
ჟსოა	20
ეჲჱნავ	20
რვბთ	20
თჱბპალ	20
ზვლბა	20
დჲპთგჲ	20
ჟოვფვლთქ	20
რაჟ	20
ჟსრპა	20
ჟლჲბჲევნ	20
ბჲინთ	20
ჳგანაჳმვ	20
პჲკ	20
ნვბვჟარა	20
ლჟ	20
ევპყლ	20
ეთაჱ	20
šსბჲგრა	20
ნჲჟ	20
ჟვეწ	20
სქთრვ	20
ოჲფსგჟრგაქ	20
ჲრგყე	20
პაჱგალთ	20
ჟრპაეა	20
რპყდნარ	20
ჱაოთჟა	20
ჲბაზეანვ	20
საირ	20
კჲლთინ	20
გპადჲგვ	20
პაჱევლთმ	20
რყპდა	20
ოპაგთლნჲრჲ	20
ჟყღთრვ	20
დლსოაკჲ	20
ეჲდჲგჲპვნჲ	20
ჱაკ	20
ჱეპაგვ	20
ოპთკლძფთმ	20
ბსეთ	20
მაპრა	20
სმჲლწგამ	20
ჟოვნჟ	20
პთნდჲ	20
ფაჟჲრ	20
რამდენი	20
ნამვპვნთვ	20
ოპჲეყლზაგამვ	20
ოჲჱნაი	20
ოჲჱთუთთ	20
ჰეი	20
ჲრგჲპთქ	20
დპჲჱნჲ	20
კაპრყპ	20
ლჲეკა	20
ჱგსკა	20
თჱოსჟნა	20
in	20
ოპჲტ	20
ჱაჟრპვლწი	20
ეa	20
პაიჲნა	20
ჲოაჟნჲჟრთ	20
ჲრკაჱა	20
ოჲკაზამ	20
ტვევპალვნ	20
ჟყმნვნთვ	20
რაინთრვ	20
გვკჲგვ	20
კთიჟ	20
რვკ	20
ოჲფვრჲკ	20
ოაჱაპ	20
სეაპა	20
სბთიუთრვ	20
ჟთნჩჲ	20
ნავმა	20
ლთჱა	20
ბჲლნა	20
ოჲმთნვ	20
სბთჟრგჲ	20
დლაენა	20
გკლძფთრვლნჲ	20
ეთლვი	20
ჳყპლთ	20
ჱაჟლსზთ	20
კაქა	20
ოვჟვნრა	20
სურს	20
აბვ	20
ქკჲლა	20
რჲპთნ	20
ოჲჟლვეგაირვ	20
გლთჱაქ	20
გნვჱაონჲ	20
ოპყფკა	20
სმპამ	20
ჟლსზთრვლ	20
პანთ	20
ევლტთნ	20
ბწდა	20
მთჟყლ	20
ჲჟრაგთლა	20
კჲმოძრყპა	20
თჟრჲპთ	20
ოჲრპვბვნ	20
პჲლწ	20
ოჲეჲბნა	20
მჲპდან	20
კაკგარჲ	20
ლაჟაპე	20
სზაჟ	20
უვლსნთ	20
სჟოვვრვ	20
ჱაეაგა	20
კაპარვ	20
ეჲმყრ	20
ჲოთრგამვ	20
ენთრვ	20
ჲრკყევრჲ	20
გჲეთმ	20
ჲოვპაუთწრა	20
მაპჟრვნ	20
მჲზნჲჟრ	20
ლვდარჲრ	20
ჟპვეა	20
თეგამვ	20
ჟჲბჟრგვნთკ	20
ფჲგვუთრვ	20
ეჲნა	20
ჟრაპჲრჲ	20
ოჲდპთზთმ	20
ოჲპრთრვ	20
გლვჱვმ	20
ზალამ	20
არვლკა	20
ჲმთ	20
ჲრგჲპვნთ	20
ნვგთნნთ	20
ჳაჲჟ	20
რჲპბა	20
პვქთმ	20
ჟგ	20
ოაოა	20
ნაოაევნთვ	20
მალჲსნ	20
გრჲპთწ	20
ჟპვღნაჳმვ	20
სჟოჲკჲირვ	20
ოჲღარა	20
ნვგჲჱმჲზნჲ	20
ოჲფსგჟრგაჳ	20
კლძფა	20
ჟყგვრა	20
პაჱკაპაირვ	19
ლთკთნთ	19
ჲრჟვდა	19
ჳმ	19
move	19
ოჲლსფაგაქ	19
ეჲჟრაგკა	19
ბჲნა	19
ბლადჲჟლჲგთ	19
ფსეჲგთღვ	19
პვქთქ	19
გწპგანვ	19
მპაჱთქ	19
ოვ	19
მანეზსპთწ	19
მთჟლთლ	19
ჳადპთე	19
ბვბფვ	19
მვჳმვე	19
გაპთანრ	19
ჟლთქკჲმ	19
მჲჱყკყრ	19
ეჲკრჲპჲრ	19
რვლჲრჲ	19
ნთჟს	19
თპცნ	19
ნვინარა	19
ლჲდთკა	19
ჟლსზთ	19
ბვჳმვნ	19
თნეთანვუ	19
ლჩჲ	19
მყპეაირვ	19
კაუანვ	19
ფაჟყრ	19
მყპრგთრვ	19
ეპჲდა	19
ოსჟნვმ	19
ოჲგჲე	19
ჟვჟრპარა	19
რპვრარა	19
დსნაპ	19
ოპვჟრანვ	19
ნაპთფაი	19
კჲოფვრჲ	19
ვგჲლვრ	19
დყპლჲრჲ	19
ჟმწჳ	19
მყპრგჲ	19
გვლთქ	19
ტაპკსაე	19
სგვპთ	19
მაპკჲ	19
კპთჱა	19
დვნთი	19
ჟოჲკჲიჟრგთვ	19
გვრთ	19
სჟვღანვრჲ	19
ქთტპ	19
ტვპსჱ	19
რპვგჲზა	19
მთნსრ	19
პაჱკაზა	19
ოჲკანარა	19
ოჲეკპვოა	19
šსევ	19
ბლადჲეაპთ	19
პაჱევლვნთ	19
ეჲრჲდაგა	19
პაჱდჲგჲპა	19
ტაკრა	19
ყპ	19
ანთრვ	19
ბლადჲპჲევნ	19
რპვნსრაკ	19
ჟლსდა	19
ჱაჟრპვლწმ	19
ოპაჱნთ	19
გლთჱამ	19
ჯანდაბა	19
ლვდნთ	19
მთნაჳა	19
ჳჲპკპსკჟ	19
კსფვრარა	19
ჲპკთრვ	19
ბვჱოლარნჲ	19
ჲგვკ	19
ჟყბვპა	19
ეზჲნჟყნ	19
სპალ	19
ჱაბაგნა	19
ეანტთ	19
სბთვრვ	19
ჲჟრანალ	19
ჟგყპჱანთ	19
ჟგჲძ	19
ბპვჱ	19
ბრან	19
ჲჟრთნ	19
გარეშე	19
გთკრჲპვ	19
ეჲლზნჲჟრ	19
ფაკაჳ	19
მყპლ	19
ნაოთჟანჲ	19
ბპწდ	19
ჟვესმ	19
კჲლთფკა	19
ბაპრლვრ	19
გთხოვ	19
სგვპვნ	19
ჟპვღთ	19
ტპანკლთნ	19
ჲკვანა	19
ბობის	19
your	19
ჟყბვპვრვ	19
გთჟჲკ	19
ჟყბთპა	19
ჲმყზვნა	19
გლაეთჟლაგ	19
კსკლარა	19
ჟოჲმვნთ	19
გჟვლვნარა	19
ლაზვქ	19
ტპვწ	19
აგდსჟრ	19
კსტაპფვრჲ	19
ოპთჱნა	19
გლაევგ	19
რვლვგთჱჲპ	19
ნვოჲჱნარ	19
ჱალადამ	19
ჟრყლბთრვ	19
ჟლსფთლჲრჲ	19
გთკარ	19
ჱაენარა	19
ჱნალ	19
რპვრა	19
ოპველჲზვნთვ	19
ბჲკლსუთ	19
მითხრა	19
ჲრდჲგჲპწ	19
შავი	19
გთეწლა	19
ოჲფვრჲკჲრ	19
ჲენვჟვ	19
ოპჲგვპვრვ	19
ჟრპანნა	19
ჲბყპნვ	19
ეზსნდლარა	19
უგვ	19
წადი	19
ნაჲკჲლს	19
ჱავმა	19
ვაჟი	19
ჱარგჲპვნთ	19
კსრთწ	19
ნამალთ	19
მანჳარყნ	19
ჳყნრყპ	19
პაჱგჲე	19
ჟრანარ	19
გთვრნამ	19
ჟკლაეა	19
ჲრრჲდაგა	19
ჟასპჲნ	19
პვუვორა	19
ბლადჲეაპნჲჟრ	19
ჱაოჲეჲჱპწნ	19
ჳვპჲ	19
ჲოვპაუთთ	19
კჲპაბთ	19
ჲბთესგამ	19
ქაოკარა	19
კჲპჲლწ	19
მთქვნარა	19
რვპთრჲპთწრა	19
ამვპთკანუთრვ	19
კაოთრანყრ	19
ოჲბვეთრვლ	19
ეზთლლ	19
ჲროვფარყუთ	19
კლვფკა	19
ოჲმჲღჩ	19
ფვრვქ	19
ევკლან	19
მაირაო	19
მთლყპ	19
პატა	19
ჱადსბვნწკ	19
ოპვეალ	19
ჱაგვევ	19
ჲრკსეა	19
ჱაგპქთმვ	19
თავად	19
რყზნჲ	19
ოვპჟჲნალ	19
ჲოვპარჲპ	19
ნამდვილად	19
ოჲრპვბა	19
ოჲმთჟლთლ	19
ჲპლთრვ	19
კპაფკა	19
მართალი	19
ევჟნჲ	19
მჟჩვ	19
ჱაჟრპვლწ	19
ჟრპვლწქ	19
ეჲჟთვრჲ	19
თჱდლვზეარვ	19
ჱაოჲფგაი	19
ჳყლმა	19
გთრალთსჟ	19
ოვევპთ	19
უვნრა	18
ვტთპ	18
ჟრანალა	18
ნვოპვკყჟნარჲ	18
ჱაჟრანვრვ	18
ვჟ	18
მეგონა	18
თდპაწრ	18
სფვნთკ	18
ჟრალთნდპაე	18
ჟრჲპთქ	18
ჱნალა	18
ევრვკრთგვ	18
ეჲკაზვქ	18
ეგჲპა	18
თქ	18
ჱბჲპსგაარ	18
ჱგსფთქ	18
გჟვმ	18
კჲჟრთრვ	18
სბთგარ	18
ოპა	18
ნაეწგამვ	18
მთპთჟა	18
ჟყეთწ	18
ოპთბვპვმ	18
ჳჲრვლთ	18
აგთქ	18
ნვგვპჲწრვნ	18
დაპანუთწ	18
ტაბპთკა	18
ოპვეოჲლადა	18
ნაგპვეთ	18
გჱთმა	18
ოჯახი	18
ოჲჱნართ	18
კგთნრ	18
პანთრვ	18
პაჱმვპ	18
კაფა	18
ნაოპაგვნ	18
ჟრგაპ	18
არავინ	18
ეჲლაჱთ	18
ჲრკპთრჲ	18
მჭირდება	18
ჟლაგვნ	18
ოთწნა	18
ოლაღარ	18
კპაეუთ	18
დაპანრთპამ	18
კსოამ	18
კჲჟრძმა	18
ლძბლძ	18
რპთმარა	18
ფვპგვნთ	18
რპსე	18
კჲჟკთ	18
ჱამვჟვნ	18
მთნთჟრვპჟრგჲრჲ	18
რყმნჲ	18
ფვკამვ	18
პაჱჳჲეკა	18
რპდნვმვ	18
ვპჟთ	18
ჟყნსგამ	18
სჟთლთწ	18
გალვნრა	18
ენკ	18
დაეჲჟრ	18
პაჱოჲლჲზვნთვ	18
ჟლსქარვ	18
ანეპვა	18
ჟრვოვნ	18
აჟრპთე	18
ღმერთი	18
სბთგაი	18
ჳვპ	18
კვნყნ	18
ოპთნუვჟარა	18
კჲლწ	18
ფვჟრნა	18
კლთნთკა	18
ჟოაჟთრვ	18
ღაჟრლთგჲ	18
ახალგაზრდა	18
გწპგარ	18
თჱნვნაეან	18
რანუთ	18
სნთტჲპმა	18
ნაპვება	18
ოჲპრყპ	18
ოპთნუვჱჲ	18
თჱდლვე	18
ჱგყნთ	18
ოთინვმ	18
ოანესპ	18
რამდენიმე	18
თნრვპვჟთპა	18
ოჲფნვმვ	18
გწრყპა	18
ჟჲბჟრგვნარა	18
ჱალვჱ	18
ფთფკჲ	18
ჟრაპთწრ	18
რაინჲ	18
მითხარი	18
ანეთ	18
ჟლჲზვრვ	18
ჱაბპანვნჲ	18
მაჟლჲ	18
დსფ	18
თჱკაპა	18
ეთპვკრჲპა	18
ნაოთჟაჳ	18
კაჱალთ	18
of	18
ოპჲმვნთქ	18
ოპაღა	18
თმოვპარპთუარა	18
ჲრკპთწრ	18
arno	18
ჟრართწ	18
რვლარა	18
აოჟჲლსრნჲ	18
that	18
ბადეაე	18
ჱაჟლსზაგაქ	18
კაპთვპა	18
ლაგ	18
ჟლსზთრვლთ	18
ჲრთეჲჳმვ	18
კჲლთრვ	18
ჱვჱაქ	18
ოპთჟსჟრგჲ	18
მთნვქ	18
აკეთებ	18
რპვლჲნთ	18
აგრჲბსჟა	18
ჟლადჳჲპნ	18
გჲეთრვ	18
ჟანეგთფ	18
ოპვჟრყონთუთ	18
გთჟჲკა	18
აკუთ	18
ევიჟრგთწ	18
აბა	18
viktigson	18
ბაპბვკძ	18
ოაკვრ	18
კლცპ	18
ნამვჟრჲ	18
რაილყპ	18
ეყლზთქ	18
ლვინ	18
დჲრჲგნჲჟრ	18
მაქთნარა	18
ჟთმგჲლ	18
ჳპანთ	18
სბვეთ	18
რგყპეთ	18
ალთჟ	18
ჱადსბარა	18
ნვოჲჱნართ	18
ფვპვჱ	18
ჲედჲგჲპ	18
გვერდით	18
ევბთ	18
მადთთ	18
კასტმან	18
კაფთმ	18
ჳყლმჲგვ	18
ჱაბაგლვნთვ	18
ნაკაჱანთვ	18
ლძევი	18
დთმნაჱთწრა	18
პაჱკაზვქ	18
ქკჲლს	18
ნვქრა	18
ოთქრჲლ	18
ჟგყპქვნჲ	18
პაჱსმვმ	18
ოვპთჲე	18
კაოკა	18
ჲრთეარ	18
ოპჲეყლზაგამ	18
ოპთკლძფთჳმვ	18
კსოჲნ	18
კჲნრპჲლთპამ	18
ჱარგჲპვნჲ	18
ეთქამ	18
არჲპთ	18
კლძფ	18
მნვნთვრჲ	18
ტაპაევი	18
ჲრგჲპვნჲ	18
me	18
ჟმთჟლა	18
მჲპაგ	18
ვგრძნობ	18
მილედი	18
დჲრთნჲ	18
გოგო	18
ნასფთგ	18
ჟვჟრპთ	18
რჲნთ	18
ჳაონვმ	18
ჳვლმჟლთ	18
ჲმან	18
ქაოკა	18
თჱოჲლჱგარვ	18
გჱპთგთ	18
კალაგთ	18
სვჟლთ	18
ეაევნა	18
ჟრთგყნ	18
ეჲსკთნჟ	18
დსბწ	18
ჲბთპა	18
პჲბჲგთ	18
ჲჟრპჲგყრ	18
ჱაკლვგამ	18
თჱკლძფთრვლნჲ	18
თჱდსბწ	18
ჲკვან	18
ბლვიკ	18
თდპამ	18
გრჲპჲრჲ	18
ჟნაფალა	18
ოაპკთნდა	18
პაბჲრთლ	18
ჟგთევრვლთ	18
თჱფაკამვ	18
ეზჲპეან	18
გამთ	18
პჲსჱ	18
კაპრთფკა	18
გვლთკთწ	18
ოპჲუვესპა	18
ოპგთ	18
რპჲნა	18
ნვგთნნა	18
ჟყჲბღვნთწ	18
ჟრჲსნ	18
ჟჲბჟრგვნა	18
გლაჟრთრვ	18
აჱთკ	18
ნავმ	18
აჟანჟჩჲპა	18
სბპვ	18
სლტპთკ	18
ჱმთწ	18
აკუვნრ	18
ეჲკრჲპა	18
თჟრთჲრ	18
ლთოჟგარ	18
მაჱვრჲ	18
ჩანს	18
კვირთ	18
ოპჲკლვრარა	18
ჟლსფგალჲ	18
მსნ	18
პჲკლწრა	18
რჲოლთ	18
გვლთკთწრ	18
გთჟრთნჟკჲ	18
გჲთნთ	18
ვენჲდ	17
ოპველჲზვნთვრჲ	17
პჲჟ	17
ოპვესოპვეთ	17
ბლთჱკთ	17
მთჱყპგ	17
მვე	17
ლვრჲ	17
რჲრალნჲ	17
ჲემა	17
აგჟრპალთ	17
კპაჟთგთ	17
გთეჲგმვ	17
დჲრთნ	17
ძეზთინ	17
ჲედჲგაპა	17
დლვეალა	17
თავისი	17
ვჟამ	17
ფანელყპ	17
კპყდ	17
კსლრსპა	17
ჲმ	17
ჱვმვმვ	17
ჟრანვმ	17
პაჱსმნჲ	17
ჳჲპაჟ	17
ოჲმვ	17
ჱამჲკ	17
ჱჲნარა	17
ოპთჱნავქ	17
რყოჲ	17
ოვვ	17
არვš	17
ჟჲმნვგამ	17
კთნჲ	17
მენდი	17
ანეზვლთჟ	17
ოჲპწეკვ	17
მჲევპნჲ	17
ჲრპჲგარა	17
რპყდნაჳ	17
ესაა	17
ნვკვ	17
ჳლაოვრჲ	17
ჟჲბჟრგვნთწ	17
მყნრჟ	17
გპვმთœა	17
ოპვჟლვეგარ	17
რვზჲკ	17
მანძილზე	17
ლჲ	17
ჲჟრაგწქ	17
ოჲფნვ	17
გწპგაჳ	17
ჳჲრთრვ	17
ეგაევჟვრ	17
აპმთ	17
კპაჟჲრა	17
თჱთჟკგა	17
ოლართლ	17
ბარ	17
ელყზნთკ	17
პჲლწრა	17
სნთღჲზთმ	17
ჳპსმნა	17
სმნთ	17
ჟჲბჟრგვნთრვ	17
გკაპა	17
უპს	17
თჱბჲპთრვ	17
სბვეთქ	17
ჟგყპზვრვ	17
ანდლთწ	17
ბაკს	17
ჟლჲბჲეარა	17
ოჲდლვენვ	17
ჟყეთ	17
ეჲლდ	17
კასბჲი	17
კჲნრპჲლთპაქ	17
ჟრპვჟ	17
ქრპბაგ	17
რარვნუვ	17
ამჲჟ	17
გოვპვე	17
ჲბპარნჲრჲ	17
ხოლმე	17
უპგვნარა	17
ფაპლჟ	17
ოალსბარა	17
სთლწმ	17
ვნვ	17
აგთჲნ	17
ეაპბა	17
ოთჟარვლ	17
კლანრყნ	17
ეყპზაგა	17
ჟრართწრა	17
ოვრყპ	17
ზთგვარ	17
ჟამთრვ	17
დაღთრვ	17
უპკგარა	17
პთალე	17
ჲრფვ	17
გვჭირდება	17
ეპძ	17
ჟყპბთრვ	17
ოჲჟაჲ	17
ოპაქსგამ	17
ლთფნა	17
ოპთჱპაკ	17
ოპვეაგანვ	17
რპსენა	17
ოლანჲგვრვ	17
კპთჟრთნა	17
რსმჟრჲსნ	17
მაპთწ	17
ჟლსზბარა	17
რვმარა	17
თუკი	17
თჱბვპთ	17
ოჲდპვბვნთვრჲ	17
მვეალ	17
ოჲნარამს	17
ჟოპვმა	17
ჟოაჟამ	17
ტვევპალნთრვ	17
ჟმწრარვ	17
ლსან	17
წინაშე	17
ბაპაქვ	17
თჱკაპამვ	17
ნთრვ	17
ფან	17
ოჲლვჱვნ	17
ოპთქვლ	17
ჟლაეყკ	17
ოჲროჲლნჲ	17
თჱოპართლ	17
თჱგთნწ	17
ჟრპსგარ	17
თნრვპგძ	17
მჲზვქჩ	17
ნაჟრყოთ	17
ჟვჱჲნა	17
ჳსეჲზნთკ	17
უვლსნა	17
მაპთნუთრვ	17
ოჲბვეწ	17
ჲრპწე	17
ოჲეეყპზა	17
გვლარ	17
რპვგჲზთქ	17
ოვი	17
ჟმვნწ	17
კჲლვზ	17
პაჱჟრჲწნთვ	17
რყო	17
ჱყლ	17
კლჲთ	17
ჲრკაჱგა	17
გრჲპთჲრ	17
ჱჲგვ	17
მეორე	17
კაპთვპარა	17
თჱლვჱვრვ	17
მჲზვჳმვ	17
ოვოვპ	17
ამვპთკანუთ	17
თჱფვჱნვ	17
ოჲლსფთრვ	17
მლაეთრვ	17
ფვჟრთრა	17
ოპჲკლვრჲ	17
კჲეჲპჲგ	17
გწპგამვ	17
ჟლსქნამ	17
ჟრვნა	17
ოპთბვპვ	17
ჟპვენჲ	17
ეჲლზამ	17
ჟყეთწრა	17
ჲრგაპწი	17
ოპთკაჱნარა	17
მთპთჱმარა	17
რპდნვრვ	17
ჟოპვმნა	17
ჱაოჲფნარ	17
ჱამთჟლწ	17
ოჲჱგჲლწგაი	17
ფთნ	17
კვიჟთ	17
მთჟლვჳმვ	17
ლსთ	17
მაქთნთ	17
ჲრგჲპვნა	17
ბლადჲეაპნთ	17
კსოსგამ	17
hჲ	17
არვლჲრ	17
აა	17
ფრჲბჩi	17
ბპვდა	17
სფვნთუთრვ	17
მთნალჲ	17
გესმის	17
ნაჟლვენთკ	17
ბპჲთ	17
ევლჲგთ	17
ჲრნჲქვნთწ	17
ჟმვრკთ	17
ჲუვლვვმ	17
ახალი	17
ჟლაბჲჟრ	17
გთჟრთნჟკთჲრ	17
ოჲმჲღნთკ	17
ჳლაენჲ	17
ჱაღთრარა	17
დპვქთ	17
ლყზთ	17
ჲრთეჲგ	17
ბაპლჲს	17
მადაპვნუვ	17
ჲდპვ	17
ბჲდართ	17
ეაპ	17
ოპაგვლ	17
გყჱმჲზნჲჟრრა	17
ჳგანვქ	17
მადჩჲჟნთკ	17
თდპაფთ	17
პვალნჲ	17
ბთბლთჲრვკარა	17
პაბჲრვჳ	17
ჲბწჟნთქ	17
ჳანევ	17
ლთჟრარა	17
ოჲლნ	17
ოპთჟრთდა	17
ნაიმანთრვ	17
პაიჲნ	17
თჱფვჱნალთ	17
გმვჟრვ	17
ფვპგვნ	17
believe	17
ბვკაჟ	17
პაჱლთფნა	17
ჟყნსგაჳ	17
კაკჲი	17
დჲეა	17
ეჲგვპთვრჲ	17
კჲნთ	17
დპსბ	17
ჟკვნლყნ	17
ოპვეაევქ	17
ოჲგვპსგამ	17
ქრჲრსკს	17
ოლაკჟთკ	17
კსტაპა	17
ოჲრპვბნა	17
გლთჱაირვ	17
დლაენთ	17
გვფვპწმვ	17
ბთგაქვ	17
ფვლჲგვკ	17
ოპთბვპთ	17
ეჲკრჲპყრ	17
ეთქაი	17
თჱდსბთჳ	17
ჟვბთ	17
თჱლთჱარ	17
მალაპკთ	17
ჱაბაგლწგაქ	17
ნაჱამ	17
ჟყჱეაევ	17
იქნებ	17
ჳჲრვლჲრ	17
ნაოპაგარ	17
ჱაეამ	17
კარპთნა	17
ტთლთოჟ	17
ეჲკჲჟგაი	17
ოპაჱნა	17
ჱაჟოწ	17
კპალთუარა	17
მადსბთ	17
ჱთპა	17
ეზსლთწ	17
ეთპვკრნჲ	17
მპყჟნთ	17
ჟლვეწრ	17
ჟვეამ	17
კაჱაჳმვ	17
გჱათმნჲ	16
ოპთვმვმ	16
ბპჲნჟჲნ	16
დთლთამ	16
ჲოაჟნთ	16
სფთრვლძ	16
ჩვენთან	16
ჱაოპთ	16
ამიტომ	16
სიკვდილი	16
ევჟნთუა	16
თჱგთნთქ	16
ქანჳაი	16
ესაირ	16
ფჲგვქკარა	16
აპჟჲგ	16
ჟრპვლწრ	16
რვჲპთწრა	16
ჳაპვჟგაქვ	16
ჟმვლჲ	16
თჱფვჱგა	16
პაჱჟლვეგანვ	16
ლსრ	16
ჱვინვო	16
ოჲლჱგამ	16
ოპჲვკრა	16
ჲბლვფვქ	16
ეყლდ	16
ჲრკპაენალ	16
პაჱჳჲეთ	16
eე	16
ნაპანთქ	16
დსაეაკანალ	16
ოპწმჲ	16
ნვპგვნ	16
თჱგთნვნთვ	16
მაჳამ	16
გჲვნნთ	16
ცუდი	16
ფსევჟნთ	16
ჳსვპრვპჲ	16
ბპარლვ	16
ოპთწრვლკთ	16
ოპთკლძფგამვ	16
ბწდჟრგჲ	16
გვაქვს	16
ქვპთტყრ	16
დპსოთ	16
მჲმფვნუვ	16
ჱადსბთჳმვ	16
ბპვნრ	16
ოჲდლვენაჳ	16
ჟპვღნვქ	16
ნჲზა	16
ტპანუთჟკჲ	16
დჲლვმთწრ	16
რპვგჲდა	16
ოპვეჟრჲთ	16
ტთპმარა	16
მეგობრები	16
კპაზბა	16
პირველი	16
თჱეყპზთ	16
კჲმვრა	16
ჟპჲკ	16
კლსბა	16
ჳლწბ	16
თნრვპვჟსგარ	16
რვჳნთფვჟკთ	16
ოაჱაპა	16
გჲჱესჳ	16
მიდი	16
ჱაენთუთ	16
თჟოთ	16
თჱდლვეამ	16
ჟრანვრვ	16
თეგარვ	16
ბპსკლთნ	16
გყლნსგაღჲ	16
ჲრნჲქვნთვ	16
მთნალთწ	16
ბსფ	16
ეაეჲა	16
ნაროპვგაპ	16
კაგვნეთქ	16
დედოფალი	16
ეთი	16
ოპთდჲრგწ	16
მთკ	16
დპაეთნარა	16
ბოლოს	16
ფვლჟთ	16
გეჲგთუა	16
თმჲრთ	16
სჟოვაგ	16
ფსლა	16
ოპჲფვრა	16
ჲბთესგა	16
დნვ	16
šსბაგ	16
ვბთ	16
ყველანი	16
ბჲიუთ	16
subtitles	16
ჱაეყლზვნ	16
პაჱსმვვრჟწ	16
გვჟვლჲ	16
ოპვჟარა	16
დპვქკარა	16
სჟრპჲიჟრგჲ	16
კჲლვდა	16
ჲრგვევრვ	16
ჟლსფგარ	16
ჲროვფარყუთრვ	16
კსოთმ	16
ჟკანეალ	16
პყბა	16
ნაკაპამვ	16
ბჲმბთ	16
ეჲლზთქ	16
ჱაბპაგთლა	16
რანუ	16
ეჲკაჱ	16
ეჲბთრყკ	16
ევრთ	16
ნაფთნთ	16
ჲჟრაგთგ	16
რვპჲპთჟრთ	16
ბვჱჟყჱნანთვ	16
პაჱჟლვეგანვრჲ	16
ნაევზეარა	16
ლჲქარა	16
ნჲგში	16
უკაცრავად	16
ლვკაპჟრგჲ	16
გთხოვთ	16
სგვლთფთ	16
სფთქ	16
ლძეთ	16
ოპაჱნჲ	16
ჲევენაქ	16
ჟლთჱაი	16
ვიცოდი	16
ოპთვმარ	16
ჟრჲლა	16
ოვირყნ	16
ოპვრჳჲენჲ	16
გვღთ	16
პვქთლთ	16
ჲგთმ	16
ოპჟრთ	16
ოპარკარა	16
ლსდვ	16
ჱაოაჱწ	16
მჲნვრა	16
გკლძფთ	16
ტთლთოჲგა	16
ზთუა	16
ჟწნკა	16
ოჲჱგჲლთმ	16
ოლანთნა	16
ბვლჩჲ	16
ჟგყპზთ	16
wanna	16
ბპთნთ	16
ნვმჲზვ	16
ჲრპჲგა	16
ოჲეჲბპთ	16
ფსგჟრგაჳ	16
პაილთ	16
კჲლვნვ	16
თჟვნდაპე	16
ოპთკლძფა	16
აგჟრპალთწ	16
პაჱმყპეაირვ	16
გთჱლთ	16
ჟოჲჟჲბნჲჟრრა	16
ჳჲბთრთ	16
ჲჟმვლსგაქ	16
ოპჲტვჟჲპჲრ	16
ოპთფა	16
ჱბჲპსგარვ	16
ბაბთრ	16
ეზვჟთკა	16
ოპჲბგაი	16
ოთქრჲš	16
სრპჲგჲ	16
ჟდპაეა	16
ბსრ	16
დაევნ	16
სოპაგლწგა	16
კსოჲნა	16
ჱვმვქ	16
ქვლ	16
ეაეჲგ	16
ჱლთ	16
ოყრწრ	16
მვჟრნთრვ	16
ჲუვლვვ	16
ბლთჟკს	16
ოჲლსნჲღ	16
დპბ	16
ეთამანრთ	16
არვ	16
სბთჲ	16
პწეკჲ	16
მოკლა	16
ეთკ	16
რჲოკთ	16
რთრან	16
ნვინთრვ	16
ქაპლყრ	16
ეთგანა	16
თჱკლძფთ	16
პაჱკაჱა	16
მთნალთ	16
გვჟრნთკ	16
ესოკთ	16
ძლთ	16
ეზჲანა	16
ეჲბპჲგჲლნჲ	16
ოლყჳ	16
რვლა	16
ბპანკჲგთფ	16
სჲპნჟ	16
დლვეაგ	16
რალვნრ	16
ოპარკა	16
ოამვრნა	16
ნამთპამვ	16
ოპჲგვპთქ	16
აჳმვე	16
ეგჲპვუა	16
ეზჲსჱვტ	16
ბპაწნ	16
პანვნთრვ	16
ეჲგყპქთ	16
ოპჲბლვმთრვ	16
ჱალჲდ	16
ჟყჱეაგა	16
ბპარჲ	16
ჱბჲპსგაგ	16
რკინის	16
ჱვლვნ	16
ეზვინ	16
თჱნვნაესგაœვ	16
გწპარა	16
ეანთლჲგ	16
ჱაოთჟთრვ	16
ჟმწრარ	16
პაწნ	16
კჲმვჟაპ	16
სვჟრყნ	16
ვბვ	16
ჟვნარჲპ	16
ეყპზთრვ	16
სმპვრვ	16
ჱვმაგ	16
ეალთწ	16
რჲნ	16
ნაოაეა	16
ჟლჲზთმ	16
მჲმ	16
ნჲგთჲრ	16
კჲოთლვ	16
ნამა	16
ლჲგუთ	16
აქვ	16
ჳსმჲპ	16
არმია	16
კსგსკთლვნე	16
რყპდ	16
ეზვნთნდჟ	16
ჲჟრაგთმვ	16
კჲპაბთრვ	16
პვქვნთწ	16
ნვპვენჲ	16
თჱბპან	16
ოლარამ	16
ჱაოჲფნთ	16
სმყრ	16
ჟმთპვრვ	16
ჟამჲლვრთ	16
ოჲჟლსქა	16
სფაჟრგამ	16
კსოსგაქ	16
ჲრკაჱაჳ	16
ოჲეგჲენთუარა	16
ვლვნა	16
სოჲმჲ	16
ფაპლჱ	16
ოპჲბთ	16
თმალვ	16
კან	16
კპჲჱ	16
კჲპაბყრ	16
ჲბაეთმ	16
ჱაოჲფნვრვ	16
სბთვუჲრ	16
ეჲგვევქ	16
ჳაპრთწ	16
კვპყლ	16
აე	16
კაზვმვ	16
ოჲლსფთმ	16
ბპარა	16
ევმჲ	16
თჱმყკნვქ	16
ნაჟვკაევ	16
კსოთგ	16
ნვკთ	16
ჲმპაჱა	16
დჲრგთ	16
ეგჲ	16
ანდვლ	16
ოჲეოთქვრვ	16
სნთგვპჟთრვრა	16
ოთვრპჲ	16
კჲლთნჟ	16
ჲჟსმ	16
ქალთქ	16
ჟყბვპვმ	16
ჟრაპვუა	16
ოჲკაჱანთწ	16
რპვბამ	16
ჟლსფაწრ	16
ოპაგთლჩნჲ	16
ჟკაჱარჩ	16
მპაკ	16
ოპჲოსჟნალ	16
ქვდთ	16
კჲმო	16
ვპგა	16
ოამვრვნ	16
ჟკპთვ	16
ოჲდპთზამ	16
ესმალ	16
ბვბვრა	16
ოჲპა	16
ფსვრვ	16
ოპვეგაპთრვლნჲ	16
ჱაოპვრვ	16
ზვპრგთრვ	16
ოჲედჲრგვრვ	16
პვფთ	16
აპვჟრსგამ	16
ლვრწრ	16
მაპთნუთ	16
ჟრანთუა	16
ოანთკა	16
პვკჲგრვ	16
ლსƒვრჲ	16
დპთზამ	16
პვქაგა	16
ლძჟთვნ	16
ბთგქ	16
თეს	16
ჲელთ	16
ჱაბვლწჱაჳ	16
ლთფნთრვ	16
რპა	16
ნვი	16
ოჲეაპთ	16
ესოკარა	16
ბვეჟრგთვ	16
ჟალთ	16
ნასფამ	16
სჟვრთქ	16
ქოთჲნთნ	16
ნჲღვმ	16
ბლთჱს	16
ჱარგაპწმ	16
პვჱსლრართრვ	16
ჲრკაფვნჲ	16
ჱაოჲფგარ	16
ჱავრთ	16
დლსოჲ	16
თჱკსჟრგჲრჲ	16
საკუთარ	16
ბლთჱნაუთ	16
ჱარგჲპთმ	16
ჟვნარჲპვ	16
დპთნდჲ	16
გპვმვნნჲ	16
ვკჲ	16
ჟმწრაჳ	16
მჲლბა	16
სგვპწგამ	16
ბლადჲჟლჲგვნ	16
არავის	16
ჟკყოჲ	16
ჳჲეთლთ	15
ეჲლთნა	15
კპჲკვრ	15
ოჲგვევნთვ	15
ნამდვილი	15
თჱმთჟლთლ	15
რჲპბარა	15
ფთოსა	15
ქთბან	15
ოჲდლვენვმ	15
ევლავქჩ	15
ოჲლსეწგამ	15
ჟრაგ	15
ჟრთდნარ	15
ჲმყზთქ	15
თჱგთკამ	15
ჟსთრჟ	15
სუნთქვა	15
ჟამთწრ	15
ჲუვლწლ	15
ლთპთ	15
თმწ	15
მინდოდა	15
ოპთკლძფვნთვრჲ	15
ევნაპთ	15
მალვფჲკ	15
სნდლთ	15
ჱარგჲპწ	15
გთევლვ	15
სახელი	15
რგ	15
თჱდსბთლთ	15
რათა	15
პჲბვპრ	15
იყვნენ	15
კვმალ	15
სბთვმვ	15
ჱყბთრვ	15
თჱბპაჳ	15
ოპვეჟრაგლვნთვ	15
თნტჲპმაუთ	15
ნვჱაკჲნნჲ	15
ოპვჟრანა	15
კაკაწ	15
სჲლყჟ	15
კსპქსმყრ	15
ჟოპაგველთგჲჟრ	15
ოპთკლძფთლ	15
ხმა	15
ჟრაპქთ	15
პრ	15
ტარამ	15
ოსჟნვ	15
ოჲლსფთჳმვ	15
სბთვნთ	15
ხელი	15
ესჳყრ	15
ყდყლა	15
უთუთ	15
კსან	15
ეჲლზნშ	15
უს	15
თჱწევ	15
ოპთკაჱნთ	15
ბწდამვ	15
ჟამჲლვრყრ	15
ვკთოყრ	15
ჟკპქთ	15
კჲლვკუთწრა	15
ოჲლთუვიჟკა	15
ნპაგთრჟწ	15
კყჟმვრლთწ	15
თჱლვჱრვ	15
რაგანა	15
გჱვლა	15
ნაკაპაქ	15
ჟლვეგაი	15
ეწჟნარა	15
ბჲპთმვ	15
ჲზვნწ	15
გჲინ	15
აოჲნუთ	15
ოსქრამ	15
რჲდჲ	15
ჳაოფვრა	15
ჳპამ	15
ჟვორვმგპთ	15
დლაჟჲრ	15
ოპთბთპაქ	15
ეპად	15
სეაპწ	15
ლწგჲ	15
ავპჲეპჲმჲრ	15
ეჲჟრჲვნ	15
კჲრკა	15
ეთამანრ	15
ოჲოპაგკა	15
კაჱგალა	15
ჟჲვპ	15
ოლვმვ	15
ჟვენა	15
პანთუარა	15
გკაპაი	15
ეჲკაპა	15
ტვლთკჟ	15
ეზვკ	15
ჲრგპართრვლვნ	15
ნვგთ	15
გთვრკჲნდ	15
პაჱბთპამვ	15
ოყრსგამ	15
ნაფთნყრ	15
გოვფარლწგაღჲ	15
ჲბწჟნწგა	15
სფვნთფკა	15
თნუთევნრა	15
ჟკპთი	15
რპვნთპაქ	15
თჱგთკაი	15
ჟლვეგამვ	15
ჲრვლჩ	15
ნაჟთლთვ	15
თჱბწდამ	15
დჲგჲპთლა	15
ეჲოთპა	15
დჲეთქნჲ	15
ლთნთთ	15
გლთჱამვ	15
ლვდნა	15
თდპამვ	15
ჳჲნდ	15
თნრვპვჟნთ	15
ეჲკყევ	15
ჟჲჟ	15
ჟაბვ	15
კვმჲ	15
ნვღაჟრვნ	15
დპანრ	15
გყპგწრ	15
ოჲკანწ	15
მაფკა	15
ტვლჟჲნ	15
ჲემჲპ	15
ოპვეჟრაგლწგა	15
ჟლსქნალა	15
ცრთ	15
ოპვჱთევნრყრ	15
ჲგან	15
ნთნეზა	15
ჟსქთ	15
ჱაჳაპ	15
ლაილ	15
ნაოსჟნაჳ	15
მძლვპ	15
სნთღჲზა	15
მვჟრჲოპვჟრყოლვნთვრჲ	15
ჲოაქკა	15
დლთკ	15
ჱჲგსრ	15
ბაპაარ	15
ჟრვნლთ	15
კაბთნვრ	15
ოჲკანა	15
ოპაგჲრჲ	15
კაევრ	15
ჟპაœა	15
კლძფყრ	15
ჟგვღვნთკ	15
ადა	15
ჟუვნა	15
ჟრჲო	15
გჲნ	15
მანფსკსჲ	15
ქთბანთწ	15
ფაჟჲგთ	15
ოპთბლთზთ	15
ჲბღვჟრგჲრჲ	15
მასთან	15
ოპთვმვ	15
ნაევგაგ	15
კანალ	15
ჲჲჲ	15
ოპვკყჟგამ	15
გთჲლა	15
ოჲდლვენამ	15
ოვფვლწ	15
ოჲთმ	15
კჲო	15
პაეგაქ	15
ნაპთფარვ	15
facebook	15
წჟვნ	15
ბძპჲ	15
ჲპკთ	15
ოჲჳჲზვ	15
ოპვეაგანვრჲ	15
მვპკთ	15
ვოთჱჲეა	15
ჳგანაჳა	15
ოპჲჟრთქ	15
ჳჲფვრ	15
georgian	15
კჲგფვდ	15
ოჲთჟკამ	15
გთეთქჩ	15
თდპავრვ	15
ჟპვღალთ	15
ვჟკსაიყპ	15
თჱჟრპვლ	15
ოპვკპაჟნთ	15
ოჲეჲრ	15
დპატთკა	15
ოაენალ	15
ვენჲგპვმვნნჲ	15
ჟოჲმნთ	15
ეგთზთქ	15
თქვენო	15
ვეთნთწ	15
გჲჱჩმთ	15
ჟრჲთმ	15
ჲგს	15
რპვჟკა	15
მსნთუთ	15
ოპჲეაგნთუა	15
ალჲკ	15
რგყპეწრ	15
შენც	15
სჟვრთ	15
სბთვუყრ	15
ნაქს	15
ოპთვმვქ	15
ნაოპაგვნა	15
ევმჲნ	15
გპრთ	15
ჲრკპთვრვ	15
ოჲრგყპეთ	15
ჲფაკგამვ	15
hallelujah	15
პჲეთრვლ	15
ჟრპანს	15
პთჟკსგამ	15
გთნჲგნთ	15
კპსდ	15
ქთბანწკ	15
რყპჟთჳ	15
კლვრკთრვ	15
ოპვმთნა	15
მაპქ	15
ლსნარა	15
დპანთუთ	15
ოვრპვლთ	15
ჟლაეჲკ	15
ოჲჟრაგწ	15
ჲბაეთჳა	15
გჲეჲოაეთ	15
ბსქ	15
დძლჟძმ	15
აპმანეჲ	15
ოპჲეალ	15
მაპკა	15
ოთრარვ	15
აპვჟრ	15
ეწგჲლა	15
ჲრბჲპა	15
თჱდლვეაარ	15
მგონი	15
პთჱარა	15
რპყდგარ	15
ნაფთნჲრ	15
პაბჲრნთუთ	15
არვნ	15
ნართჟნთ	15
მთჟლვლ	15
ბთდყლ	15
ოპჲკსპჲპ	15
ჟლადამ	15
ლვგვნრ	15
კამყნთ	15
ქვტჲრ	15
ოჲნთმაძ	15
შეგვიძლია	15
ჲდპჲმნთ	15
ოპთკლძფვნთვ	15
მეგობარი	15
ამაღამ	15
ეზჲბა	15
თჱჟლსქაი	15
ნჲგაუ	15
გაქვთ	15
ეჲლაპ	15
ჟლაგარა	15
კპსნარა	15
ჟრჲთრ	15
ოვპტვკრვნ	15
რპყდნალთ	15
რვლვგთჱჲპა	15
ეჲქლჲ	15
კთლჲდპამა	15
ვნჲ	15
სმპწჳა	15
ლვნა	15
დახმარება	15
ოჲლნა	15
გვლთკჲ	15
ჟკაფაი	15
მთლვპ	15
ოპვეაგა	15
ჟმვამ	15
ჲჟრაგწრ	15
კაან	15
ნაეწჟნჲ	15
ჱაკჲნყრ	15
ოთკაოა	15
რვპჲპთჟრ	15
არაფერს	15
იცის	15
ბყბპვკა	15
ეამარა	15
კჲქმაპთ	15
თჱოპარვნ	15
ჟოაჟთჳ	15
ნაოაეჲრ	15
დპთზვრვ	15
უყპკგა	15
რპადვეთწ	15
ჲოვრ	15
კჲპთჟრთქ	15
ოპჲგვპწგამ	15
ჩემთან	15
ჟკაზთ	15
გყჲპყზვნ	15
ფსჲ	15
ჟბლყჟყკ	15
თჟრ	15
ფვპოწ	15
კვქ	15
პაჱბვპთ	15
თავიდან	15
ჟყღვჟრგა	15
სპაეთმ	15
აოჲნჟკთ	15
რვლვტჲნჲრ	15
ბსევქ	15
კნთზკა	15
ჲბგთნვნთწ	15
მართალია	15
ოჲგრჲპთ	15
სფაჟრგარ	15
მადლობთ	15
ჱარგაპწი	15
ჟთპ	15
პვფამ	15
მაჟკარა	15
ვეა	15
გჱპთგ	15
ეყპზვქვ	15
ჲრეპყონთ	15
მჲლთგ	15
ჱაგვევქ	15
ტვნჟრყპ	15
ფვჟრრა	15
ჟკაოან	15
ფაქარა	15
მპრაგ	15
მსჟრატა	15
მილორდ	14
თეჲგთ	14
ოანრალჲნთრვ	14
რპთკ	14
œვდჲგჲ	14
რათქმაუნდა	14
ოჲჟრპაეა	14
კპყჟრა	14
ოპჲბაქ	14
ჳრვჲ	14
ჲოთრალ	14
აგთჲნჲრ	14
ჟყკპჲგთღვ	14
ეჲგვპთქ	14
ლთნვიკა	14
იჲდა	14
გყჱმჲზნჲჟრთრვ	14
ჟოწრ	14
ჱაბჲპაგთგ	14
ჟპვრნაგ	14
გპყღანვ	14
რვზკა	14
ჟნჲგა	14
ეჲმაქნჲ	14
აპჲს	14
ვენაკგთ	14
ჲრევლა	14
ოპვჟრჲ	14
კჲრჲპშვ	14
კჲნდ	14
ანუთრვ	14
ბსკგალნჲ	14
ევოპვჟთწ	14
კაპლჲჟ	14
ჱაკაპაი	14
მმმ	14
ჟგალთქ	14
ოჲლთუა	14
ტსრბჲლ	14
ივირჟთ	14
დჲლვმარა	14
ოპაქსგა	14
დჲპვღა	14
ჱადპთზვნა	14
თჱგვევრვ	14
ნასკა	14
ბჲჟრყნ	14
თმაჳა	14
მთე	14
ჲბაეთლ	14
ჟოჲმნწ	14
ჱაჟრანვ	14
ჳგყპლწ	14
ოპჲჟრპვლწნ	14
ჟვინრ	14
ოჲგვლთ	14
ოჲკაზვმ	14
წლ	14
რპვი	14
ნვმარვ	14
ეგთდარვლ	14
მოწყალებავ	14
მჲპაქვ	14
ჳვპჲე	14
პსჟკა	14
ეზვჟ	14
ეჲგჲლნა	14
ჳჲნეჲ	14
ნჲფთ	14
მაპთან	14
მაზთრვ	14
ტვპმა	14
ოთვრვ	14
ჱგწპა	14
ფვპვოა	14
ოსქკთ	14
რჲნრჲ	14
ფსევჟა	14
ოსქთ	14
ოლართმ	14
გვპჲგარნჲ	14
ოსრს	14
ოთირ	14
რპფა	14
პთიე	14
ბწდარ	14
მაიჲპ	14
დჲმნჲ	14
რვზკთ	14
დაპარა	14
არვლს	14
ცრს	14
დლსოფჲ	14
ჲრგყრპვ	14
კგაპრალ	14
დჲპა	14
გვრთგ	14
ნაბლძეაგა	14
ზთგჲრნთრვ	14
ამვპთკანვუ	14
რანკ	14
კთლთწ	14
გამა	14
არსებობს	14
სრთ	14
ესდჲ	14
ჲრნვჟვ	14
ნჲჟჲრ	14
ჱარგჲპთქ	14
პაეგა	14
ჟჲბჲი	14
ოჲკაზსგა	14
ჱბჲპჲრ	14
დპჲჱნა	14
სპაეთქ	14
ეჲმჲრ	14
კაპლჟყნ	14
პვმჲნრ	14
ფვგლთ	14
სჲლქ	14
ოჲნთმავქჩ	14
კაკაგ	14
პსფვკ	14
კპაჟრაგთფკთ	14
ოჲმთჟლთმ	14
რპადა	14
კჲნუვპრ	14
ოჲლნთ	14
კსპჲრ	14
ლვრა	14
ოარვმ	14
ბლადჲჟლჲგვნა	14
ჲჟგჲბჲეწ	14
ჟგყპქთლ	14
სიყვარული	14
ბპაეა	14
ოპვრჟრაგა	14
რვლვტჲნყრ	14
ცრჲმ	14
მოვიდა	14
ბვნჱთნ	14
ხალხს	14
ჲენვჟვმვ	14
ტარარ	14
აოაფთრვ	14
თჱბვპვ	14
ოპჲრთგნთკ	14
ჟოთპა	14
ჟოალ	14
ნამვპთლა	14
ვენს	14
ჱარგაპწ	14
მჲნთკა	14
უვლჲჟნჲ	14
რყპმან	14
ჱგწპ	14
œთმა	14
ოპჲეყლზთქ	14
რვპაოთწ	14
მპჱთმ	14
კალალსფთ	14
ორთუთრვ	14
ლწრჲ	14
რაკაწ	14
ოჲბყპკგა	14
პაჱსჱნაგანვ	14
ოჲლთრთკა	14
თჱდსბამ	14
ოპაგთჳმვ	14
მახსოვს	14
კპთ	14
გვჟჩ	14
ჟჳგანაჳ	14
ადჲლჲრ	14
ოპველჲზა	14
მსჱვწ	14
მართჟ	14
თჱოპართჳ	14
რვფვნთვ	14
სჟლჲგთწრა	14
რყპჟვჳ	14
ჟნვ	14
ჲკლჲო	14
ჟგალვრვ	14
ოჲდპვქვნ	14
წელი	14
ჟკალთ	14
ოჲჟლვეგა	14
ეჲდჲგჲპთ	14
ჲელთფვნ	14
ქვოყპე	14
ძმა	14
ჟრაპფვ	14
ნალწგჲ	14
ჟკპთრა	14
სჟლჲგთწ	14
ჟნთმა	14
ჲბვღანთვ	14
ბსენა	14
მვფყრ	14
ოპვეთჱგთკა	14
ჲბპაბჲრკა	14
სჟლჲგთვ	14
ოპთეპსზთქ	14
სმთპაქ	14
გყპნაჳმვ	14
ეაšვ	14
ბპაეარა	14
ფსლთ	14
ჟძჱყნ	14
ბლარჲ	14
ჳჲეთრვ	14
ნყკთ	14
ნწმაჳმვ	14
ჳჲლთგსე	14
ხედავ	14
ეჲჱა	14
მთპს	14
პაჱბპალთ	14
პაზეანვრჲ	14
ეთგნჲ	14
პსკვ	14
თდპაი	14
ჳჲეთლ	14
ოპვესოპვზევნთვ	14
ეყლზა	14
ოპვგპყღა	14
მაფთ	14
ჟენევიევ	14
დჲგჲპვრვ	14
გი	14
ეაპთნ	14
ჲელაჱთ	14
ჟრპვლთ	14
პვეჲრ	14
ჟაბჲრა	14
ლთფნთ	14
ნაოპვზვნთვ	14
ჲბთკნჲგვნ	14
ოპჲდჲგჲპთ	14
რვმოვპარსპარა	14
ჱაოთჟ	14
გჟწკაკგთ	14
ჟრპაჳსგა	14
ეჱთნ	14
ბვბფჲ	14
ნაპჲეჲრ	14
ჟთნჲგთ	14
ეზსეზვ	14
რარკჲგუთრვ	14
გგონია	14
გჱთმამვ	14
გოგონა	14
ეჲგვეჲჳ	14
ოპვმვჟრთმ	14
გვფვპარა	14
ნაოაენვ	14
ოვპთუა	14
ჳპსქფჲგ	14
დპყმნვ	14
ქთპ	14
ბვჱუვნნჲრჲ	14
გწრყპ	14
ვგაკსაუთწ	14
ჟოვფვლთჳ	14
რყოა	14
ჲბწგთ	14
ფყკ	14
კჲნთდ	14
ჟრპა	14
ოსკაœვ	14
ჟლადაქ	14
ქვინ	14
ოპაჱვნ	14
მვჳსპთ	14
ლვჱბვ	14
დჲლთ	14
ეყპგჲრჲ	14
ჱარგჲპწრ	14
თჱოჲლჱგაჳ	14
ამვპთკანჟკა	14
პთჲ	14
ჲენა	14
ოპთლთფამ	14
აგაœვ	14
ნსზნშ	14
ფლვნჲგვ	14
თევალვნ	14
რპვგარა	14
დროა	14
ოპთრვჟნწგაირვ	14
გჲლევმჲპრ	14
ვკთოაზა	14
ოპჲჟრ	14
თეგაი	14
სეაპთლ	14
ჟპამჲრა	14
ყპნთ	14
ჲბაზეანთწ	14
ნვინჲ	14
კჲლსმბთ	14
ჲტვპრარა	14
ჲბთკჲლკა	14
ოპთნუვჟჲ	14
სეჲგჲლჟრგთვრჲ	14
ჟრაეჲრჲ	14
ოპაჳ	14
კსპაზ	14
ვნთ	14
ოპთბთპამვ	14
თდლა	14
ჟოჲჟჲბნჲჟრთ	14
ჱაოჲჱნარ	14
œთჳ	14
ბპვდჲრ	14
კჲრყნ	14
რჲო	14
თჱპჲე	14
ჟლვჱ	14
კჲჟმჲჟა	14
ჟამჲრნა	14
ვენჲრჲ	14
თჱჲჟრაგწ	14
ქთქვ	14
ზუსტად	14
ნჲვმგპთ	14
ჳაპგაპე	14
ჱადსბთქ	14
ზვლთრვ	14
ტთპმა	14
კაჟნთ	14
პსჟკარა	14
ჟოჲკჲინა	14
ძვირფასო	14
ძან	14
პვოსრაუთ	14
ვიქნები	14
კჲლთბა	14
ლვრთმ	14
კარ	14
მჲნაჳა	14
ბვჱსმთვ	14
ოვფალბა	14
ბლადჲჟლჲგ	14
ოპთბთპა	14
კჲნჟრანრთნ	14
პჲი	14
გპყჱკთრვ	14
ოვჟჲკ	14
ქაეა	14
მვფრთ	14
ბპაექჲს	14
სკპაევ	14
ლძბთმ	14
კთეან	14
ბყპჱა	14
ოჲლვჱნჲ	14
ოპვეჲუნა	14
გყჱპაჱწგამ	14
ნსზეაწრ	14
კლჲსჟყნ	14
ოპჲბგაქ	14
ოლაფვქ	14
პაიჟკთრვ	14
ბყპჱ	14
ოპთბპაჳ	14
მჲპან	14
ჲკაჱგა	14
პჲენთ	14
სბაგთ	14
რომელმაც	14
ადჲლ	14
ბჲპრვ	14
რყმნა	14
მუდამ	14
კპალჟკთ	14
ეთამანრა	14
ბჲდჲგთ	14
ოჲკაჱგარ	14
ჟლარკთ	14
ოლარწრ	14
სმვნთწ	14
ნვპგჲჱვნ	14
ლთდარა	14
ჲპდანთჱთპა	14
ჱაოლარა	14
ოპვჟრყნ	14
გნსკ	14
ოპვუაკან	14
ზვლვჲ	14
ნვგთნვნ	14
მვჟრვნ	14
პაჱბპალა	14
ჲჟკაპ	14
ნსლა	14
წყეული	14
ფაქთ	14
რჲალვრნა	14
პაჟა	14
ჟფსოვნ	14
ჟვეთმ	14
თნეთწ	14
უთდაპთ	14
ზთჱნჩ	14
ბპჲწ	14
ოჲვმვქ	14
გჲლევმჲპ	14
ჟვბვჟთ	14
ჳალთლ	14
გკაპაქ	14
რჟწ	14
მთჟლთლა	14
გთკაი	14
ნვეჲჟრაჟსგა	14
ოალთ	14
თჱფაკამ	14
ეჲოაენვ	14
მვლტჲ	13
ნვპგჲჱნა	13
უგვრწ	13
პვფრა	13
მჲლა	13
აბთ	13
რანუსგამ	13
თქვენს	13
ნჲპმალნა	13
ფსწრ	13
სიტყვა	13
ეჲოყლნთრვლნჲ	13
ჟვგვპსჟ	13
ანალთჱ	13
პჲევნა	13
ოჲლვჟნჲ	13
ნაოპაგთლვ	13
ერთმანეთს	13
კვლავ	13
მთპთქვქ	13
სვინ	13
დჲჟოჲზა	13
დედას	13
რპაკთ	13
ლძბთმთწრ	13
მაიკთრვ	13
დლაჟყრ	13
ოპაგჲჟყეთვ	13
ჟყბპანთვრჲ	13
წჳრარა	13
გჲჱამ	13
ჲრკპჲგვნ	13
ჱაბპაგწქ	13
გყპქთმ	13
დალ	13
სლთვრ	13
ჱაპვზთ	13
ოვრთმა	13
ზვჟრჲკ	13
ბაპაგ	13
გლძბვნთ	13
ეჲგვეა	13
ჲჟრანაა	13
მპაფნთჲრ	13
ჱაბვლწჱალ	13
ამბყპ	13
ბლაი	13
გჲჱთქ	13
ჲბლაჟრ	13
ჲელსფთ	13
ლჲფვღთრვ	13
ნაბლძეაგარ	13
ქჲპრთ	13
ევკვმგპთ	13
დპთტთნეჲპ	13
ზთგწლ	13
ლვჟვნ	13
ბვლვდ	13
ბჲნბჲნთ	13
ოლა	13
ჱაჟრპვლწქ	13
ოჲღა	13
მყზკთ	13
ნაგთკა	13
ჟკალთრვ	13
ფვნდვრა	13
ბლთჱკთრვ	13
კთლჲმვრპთ	13
გჳჲე	13
ჩემთვის	13
მოვედი	13
ჲრნაჟწრ	13
ჟნაიოვპთჟრ	13
გყჱპაჟრნთ	13
ევრჟკთ	13
რჲრ	13
თჱდსბთმ	13
კპთჟრთ	13
ჟალარა	13
ჳჲნ	13
კსკლა	13
ეჲლზნა	13
კსპ	13
სფვნთუთ	13
სეაპთჳ	13
ჲპდანთჱთპამ	13
ამბობ	13
კყჟმვრა	13
კსჳნწ	13
ჲტთუვპთ	13
აკსლა	13
ჟვკჟა	13
გპვევნ	13
კჲმს	13
ჲრკპაენაჳა	13
ღმერთო	13
ოჲმთნამ	13
ნვგვპჲწრნა	13
ჲბპაჱ	13
ჲრყპგა	13
ჟყღვჟრგსგარ	13
ბსევნ	13
ეზვნრყლმვნ	13
ფთტრ	13
კგთრ	13
ჟოჲევლწ	13
სადაც	13
ნამვრკარა	13
ჲუვლწგანვ	13
ოლაფთ	13
ჲეამნა	13
ჳაპესთკ	13
ჱაპვევნ	13
თეგალ	13
კპაჟ	13
ჱაგპყღანვრჲ	13
დლაგნთჲრ	13
ეყზე	13
ჱაკყჟნწჳ	13
ერთხელ	13
ხო	13
ბვნნს	13
ბსრთლკარა	13
ნთგჲრჲ	13
ოჲმოვ	13
მჲზვლვ	13
დჲპეთ	13
რპსევნ	13
პაიეყპ	13
ოპჲბსგამ	13
ოყპმთრ	13
ბსპჳან	13
გყზვ	13
ჲბგთნვნთწრა	13
დპჲბა	13
თჱლვჱვმვ	13
ჟოჲჟჲბნჲჟრ	13
კჲმოლთმვნრ	13
ჱაღთრაგამ	13
მესმის	13
მასზე	13
კჲპთჟრ	13
ოპაჟვ	13
ეჲგჲლნთ	13
ჲკრჲმგპთ	13
ალვნ	13
რყზნა	13
ჟმვრამ	13
ჟვენვქ	13
ჟყდლაჟნთ	13
სქთ	13
ფვლთკ	13
მჲჟკგა	13
იმედი	13
გავიგე	13
გეთდამ	13
ქსვი	13
მვიბპთ	13
დპაეყრ	13
პთჱთ	13
თჱნვნაეანა	13
გჲჱჲრ	13
ოვკჲლჲრ	13
ჱლარნა	13
ლწდაი	13
ბვლთრვ	13
ჟრვნთ	13
კვპ	13
პაბჲრს	13
ჲრთქაჲ	13
გჲეჲოაეა	13
რყპჟვნვ	13
ჟრპაჳყრ	13
ოპაქაœვრჲ	13
გჲეკა	13
ნაპსქთ	13
ნაევძჟჩ	13
ქალაქი	13
ლსეთლჲ	13
ოჲმჲფჩ	13
ჲჟნჲგა	13
რპყდნაჳა	13
ნასფარ	13
ვœა	13
დპაეთ	13
მჲრჲპ	13
ჲუვლვლთ	13
ჟყბთპარ	13
ლთნთწრა	13
კჲპთჟრთ	13
ჟყბსეთქ	13
ჱბჲდსმ	13
ჱადთნალთ	13
მთქვნა	13
ჟრანაჳა	13
ჲბწეა	13
უაპწ	13
წკსბ	13
ჱაეპზთ	13
თჟკჲპთჟრთ	13
ოპვემვრ	13
სახლი	13
კაზაა	13
ნალწდანვ	13
კაგალვპთწ	13
ოპთვმვრვ	13
ეჲკლაე	13
ოპაგარა	13
subs	13
ენწ	13
ბჲდარჟრგჲ	13
მჲლჲევუ	13
სგჲლნწ	13
ოჲჟლვენთ	13
კაჱგამვ	13
ჲბჲზაგა	13
გლაევრვლ	13
geo	13
ეჲბთგა	13
გსიფჲ	13
ოჲგპვეამ	13
ოპთჟრთდნაჳმვ	13
მპყენთ	13
მჲპეჲპ	13
ოლანთნთ	13
გვპნჲ	13
გაკანუთწ	13
თჱნვნაეთ	13
ჱაგვევრვ	13
ჟოთჟანთვ	13
ჟგთევრვლჟრგა	13
ოვპჟჲნალა	13
კჲლთფვჟრგჲ	13
ოპჲკლვრთწ	13
გპვმვნთ	13
ჲემჲპთ	13
რპვრთჲრ	13
ეჲკაზვ	13
თჱრვფვ	13
დჲეთნვ	13
ფთჟლჲ	13
ევჱმყნე	13
ჟვგდთ	13
ნამთჟლთლ	13
წოჲნუთრვ	13
ჲრდჲგჲპთქ	13
დაგთნ	13
კჲმანეგანვ	13
ოჲთდპავმ	13
კჲნჲპ	13
ჟრთდნალ	13
ოპვეუთრვ	13
ჲრმყღვნთვრჲ	13
პჲბჲრთ	13
რვკთლა	13
ოპაგთრვლჟრგჲ	13
პაეთაუთწ	13
ოვჳჲრთნვუ	13
პვენჲ	13
აპთნ	13
კლვრგა	13
ნაოთჟალ	13
ტვპპაპთ	13
ჱლა	13
ნჲკრთრვ	13
თჟრარა	13
ეაგნჲ	13
ევბვლა	13
გპადყრ	13
ცრჲი	13
სჟრნთრვ	13
ანპთ	13
ჟევლკთ	13
ნაოსქრამ	13
ოჲედჲრჲგკა	13
ნვინჲრჲ	13
დჲნთ	13
ჟლვევ	13
ჟგყპქთქ	13
ოჲჟვრა	13
ოჲვმამ	13
ტალქთგა	13
ოჲლთუვიჟკთ	13
ოპვზთგვვქ	13
მჲძ	13
ჱლარნთ	13
ოჲჟლვეგაი	13
ჱნაკჲრ	13
ქვდსგარვ	13
ფსეთ	13
ვლჲ	13
ოპვეთჱგთკარვლჟრგჲ	13
ჟოჲმვნაგამ	13
ჱეპაგვრჲ	13
რჲფნთ	13
ჳთრლვპ	13
ოჲოპაგამ	13
ყდყლ	13
კანჱაჟ	13
ოაეამ	13
სჱმთ	13
ეჲზეჲრ	13
პვჱსლრართ	13
ოპჲფვრვრვ	13
დაენა	13
ჟრჲლთუარა	13
ეჲბთლ	13
ჟყჱნანთვრჲ	13
ვიმჟ	13
კჲჟთრვ	13
ნამვპთჳა	13
ჲჟრანსგა	13
ოპაქაგ	13
სიცილი	13
ეჲკლაეა	13
ლთი	13
პაკ	13
სახლს	13
რვჟ	13
მლაეჲ	13
ჟჲბჟრგვნთ	13
მთჟლვ	13
ოჲკჲი	13
ქვპთტა	13
პთნდჲრ	13
ბთლბჲ	13
ჟლვეგაირვ	13
ჟპვღნვრვ	13
ოჲრყპჟთმ	13
თჱგაეამ	13
თჱნვნაევნ	13
ჟკჲკა	13
მადეალა	13
ვხედავ	13
ჟმვნთქ	13
ლსკაჟ	13
ნჲმვპყრ	13
პაჱჟრპჲვნა	13
ჱაქრთრა	13
ფსგჟრგალ	13
ოპჲეაევქ	13
კსპგთ	13
ევპვკ	13
ოსქრვრვ	13
დჲრგწ	13
ლჲპევ	13
ჳჲსმყპ	13
თჟოპარამ	13
ჟგვეჲკ	13
ჲოთრგალ	13
ოჲნსეთ	13
ევიჟრგაი	13
კვპთ	13
ჟყზალწგა	13
მჲლთქ	13
ოლანთპა	13
კჲნწრ	13
ჟოჲპაჱსმვნთვრჲ	13
ნჲფჩძ	13
ჟლარკა	13
ჲბგთნწგაქ	13
ოპვკაპამ	13
პვოჲპრვპ	13
ეთლაინ	13
ნაკაჱან	13
ჟრპაჟრ	13
ბყპკ	13
კჲლთბარა	13
ოჲლჱგა	13
ბალა	13
ნვრყპოვნთვ	13
თნტჲპმაუთწრა	13
ოთონა	13
გაეთ	13
რპდნსგა	13
ნაგვპნჲვ	13
ეთმ	13
რპვჱჲპა	13
ოპჲქლჲ	13
ტჲპე	13
ჟგყპქთმ	13
ჳგართრ	13
თჱოთრგამ	13
ბაპარვ	13
მთნარარა	13
ჟრთდნვმვ	13
ეყნჲრჲ	13
თეთრვ	13
ნვგვპჲგარნჲ	13
კაპჟყნ	13
ევიჟრგთწრა	13
თჱფვჱგამვ	13
ლთბთ	13
კსოსგაფ	13
ჟრჲრთნა	13
ჱაენთკჲრ	13
ჲრკპაენალთ	13
ჱაკყჟნწგამ	13
ევჟნთწ	13
თნჟრპსკუთთ	13
აკალთრვ	13
ჱაბვლვზა	13
მყლფთ	13
ოჲზაპნთკაპ	13
ნაჟთლა	13
ჲბთეჲგ	13
ჱაჟწდა	13
ჲდლვეაი	13
ბჲინჲრჲ	13
ჟტართ	13
ჳვფყპ	13
ჱაგრპა	13
მვრპთ	13
ფსევნ	13
კჲმანეა	13
ოპვმთნვმ	13
სთნეთდჲ	13
ნვგჲლ	13
ჲმპყჱნა	13
აჟნთ	13
კჲსლ	13
ჟყნჟვილ	13
ოსჟკაი	13
ჟრპჲდჲ	13
რჲლთკჲ	13
ჟვეთრვ	13
ოლანჲგთ	13
სმპვლ	13
ოჲჱგჲლთრვ	13
ჟოთმ	13
ეწჟნჲ	13
ჟოარჩ	13
გვფვპწმ	13
ჟრყლბთ	13
ჲოთქა	13
სნსრპა	13
ჳთšაეა	13
დაე	13
ლძბთმთრვ	13
all	13
on	13
ოჲლვრთ	13
ქლვმჲგჲ	13
სჟჲვ	13
კლვრკა	13
ნაოთ	13
რვმოვპარსპა	13
პაჱბპაგ	13
კჲპჲნარა	13
გზა	13
ვკჟოლჲჱთწრა	13
ჟჲლჱთ	13
ლვკსგა	13
დალიე	13
თჱბჲპთ	13
ჟჲკპარ	13
ეაპლა	13
ჲრკაჱგამ	13
ჲჟრარჲკჲრ	13
ჲედჲგჲპთ	13
ნაოთქვქ	13
ტთჱთფვჟკთ	13
ოჲეკპვოარა	13
ჲბლაკ	13
ოპჲეამ	13
ოჲდჲგჲპთ	13
პაბჲრნთკ	13
ბვლთქ	13
ოპაკრთკა	13
ჟოჲპრ	13
ჟპვენარა	13
პჲმანრთფნჲ	13
ჟმთჟყლყრ	13
გვფნჲჟრ	13
ბვლვზკა	13
ფაკალ	13
კაჱნა	13
ეჲკჲჟნვ	13
ბჲჟნა	13
ჱამყკ	13
გყლნთრვ	13
ტამთლთ	13
წეჲჟა	13
გკსჟა	13
დპჲჱვნ	13
ზთგვვმვ	13
ჱაკჲნთ	12
ბლთჱთნა	12
თე	12
ჱაოჲჱნა	12
გჟძ	12
ჲმყზა	12
ფსჟრგსგაქ	12
აუთ	12
ქვპთლ	12
ორთუთ	12
სჟოვჲ	12
ჲჟნჲგნჲ	12
ნაოთრჲუთ	12
გკლძფვნჲ	12
ეაეჲჳმვ	12
კპთჟრთნ	12
გთევრთ	12
კპაšა	12
ჱაგპქთქ	12
პჲევნთ	12
ჲგჲდა	12
ოვლვნთ	12
თან	12
ლაკს	12
თნა	12
პაკვრთ	12
ჟართ	12
კპთგ	12
რვპა	12
ჲრდჲგჲპყრ	12
ბარკა	12
ადვნუთწრა	12
მვკვნჱთ	12
ჟლაბა	12
ნთეალ	12
აპვჟრსგა	12
ჲრთჟ	12
კჲჲპეთნართ	12
პაბჲრარ	12
პვკლთ	12
გპვენჲ	12
რვარყპ	12
მაშ	12
ბლთჱკჲ	12
ოაპალაკჟ	12
პვრკჲ	12
ოპთლთკა	12
ჱაბჲპაგამ	12
ნვეჲჟრა	12
ჲჲ	12
ოსბლთკა	12
ოპჲეაევმ	12
პსკს	12
ფსგჟრგსძ	12
მმ	12
აჱთკჲრ	12
ოპაგვჳ	12
თჱჳჲეა	12
ელაბჲკჲ	12
ჟალჲმვ	12
ეჲჟკჲპჲ	12
გოვფარლვნ	12
რვლვტჲნთ	12
ლვგთწ	12
ზთრვლთ	12
ჱავმვრვ	12
კლსფჲრ	12
პანვნთ	12
ჱაეპყზრვ	12
ჟრაპთჲრ	12
რყოაკ	12
ჳჲლეთნდა	12
ჟოვქვნ	12
აგჲლ	12
ქალა	12
გყპჳყრ	12
ჟარ	12
პაეთრვ	12
ბყპკჲრთწ	12
ბადაზ	12
რარკჲრჲ	12
თჱლყდალ	12
ნაოაენაჳა	12
დლაგნთწრ	12
ოჲდჲეჲკ	12
ეყპგვრა	12
სნთქრვნ	12
ჟყჱეანთვ	12
კაზეში	12
ქვლთ	12
ჟლწჱა	12
ოარპჲნთ	12
ჟლვეგარ	12
მთნარჲრჲ	12
ჟყჲბღწ	12
მჲმვნრალნჲ	12
გეთდნვრვ	12
ძნთ	12
ოპჲბსგა	12
რპსენთ	12
ოაპრნჩჲპა	12
ჱაჟოა	12
ოთრალ	12
ჟოჲმვნთრვ	12
კსოა	12
გჟთფკჲრჲ	12
ჱაეაგაქ	12
ეჲნვჟარ	12
რჲმაჟ	12
რპსოჲგვრვ	12
ნთკყლყჟ	12
ჟვკჲვ	12
დპვი	12
ტპანფვჟკა	12
ეჲმჲი	12
მჲდყღ	12
კჲჟმთფვჟკთ	12
გკსჟნთ	12
ნაოთრჲკ	12
ფვნ	12
ოჲსჟრ	12
ოთინთ	12
ზთგვამ	12
ეთგთჱთ	12
ოპთჟრყო	12
რყპჟთლ	12
უყპკგარა	12
ჟთნჲგვ	12
სოპაგთრვლ	12
დპვქნთწ	12
პჲბთ	12
ოჲგპა	12
კეთილი	12
ტთნ	12
კთლა	12
ომი	12
ევიჟრგარ	12
ეალვკჲ	12
ჱმთწრა	12
ლვრჲრ	12
მყპეა	12
კჲლვლჲ	12
ჯონ	12
ბწლა	12
ჟოჲმვნ	12
ოარვკა	12
ჟგა	12
მვფჲგვ	12
ბპთლთ	12
პაჱგყლნსგანთ	12
მნჲჱთნა	12
ჱაჟრპვლწლ	12
გმჟ	12
თჱლვკსგა	12
ბსევქჩ	12
ოპთბლთზაგა	12
ოლსჟ	12
ძმპსკ	12
ბვჱჲოაჟნჲჟრრა	12
ჲრლთფნა	12
პაჱკაჱგაქ	12
კჲლ	12
ჟგჲვი	12
ჳჲლლ	12
ოსჟრჩ	12
ჟვგვპნჲ	12
ჟრპვლვუ	12
ოჲფთგა	12
ჳვიჟ	12
რპვბალა	12
ნვჟკჲლჩკჲ	12
ჟლსფთჳა	12
ოჲეკპვოლვნთვ	12
ნვოჲჱნარა	12
სმნთკ	12
რყპნყპ	12
პთელ	12
ჱაეყლზთრვლნჲ	12
თჱბვპვქ	12
ოპთჱნავ	12
ევლთმ	12
ოჲწგთლ	12
ეჱთნჩ	12
გლთჱარ	12
დპაეთრვ	12
ჟრჲმაკჲრ	12
ჟკპთვქ	12
უვჲ	12
ტვი	12
ოპჲჟრთრსრკთ	12
თრალთწ	12
ჲპდანთჱაუთწრა	12
ტსჟa	12
ჳპთჟრჲჟ	12
ჱაოაენარა	12
გალთ	12
თჱლწჱყლ	12
დლვეკა	12
თჱფაკარვ	12
ჟრპვლუთ	12
ჱაგთი	12
ბთნდჲ	12
ნაპვებთ	12
წმინდა	12
ოპაქსგაქ	12
ალჲჳა	12
ჟვპთჲჱნთ	12
მვნსგა	12
კლვრგარა	12
თჱოყლნთ	12
ეაგაქვ	12
ჟრვნ	12
ჟყბსეთჳ	12
ჲბპყღაი	12
აევმვ	12
ჟმწრამვ	12
ოყრთღარა	12
ჟგაებარა	12
ჟყბთრთწ	12
არნა	12
ლანჟ	12
ამვპთკანჟკარა	12
ფჲგვქკჲ	12
გყლნთ	12
ჱაბპაგწმვ	12
ოაჱთმ	12
გჲლ	12
ნვზნჲ	12
დლვნ	12
გჱთმაი	12
გაკგა	12
nest	12
ლვკაპწრ	12
ჟოსჟყკა	12
თდპალ	12
კჲპაი	12
ფვკაგ	12
ჟმწნარა	12
ჱაგყპქა	12
ფსეთქ	12
ჲენვჟსგა	12
თმთ	12
ჳჲეზთნჟ	12
დლაგს	12
ჲელს	12
ოჲჱნაგალ	12
ბანკნჲრარა	12
გჱვჳრვ	12
ოყრთღა	12
გლწჱარ	12
ჲფაკგაქვ	12
ჲჟრაგამვ	12
კჲტრთ	12
ჟრჲთრვ	12
ბაწჱთე	12
სჲნ	12
კპასნ	12
ჲფაკგაჳმვ	12
ოპართჳ	12
გჲევქვ	12
გთკ	12
ყმ	12
ჟყბპალთ	12
ჲენვჟვრვ	12
ეყპზაჳ	12
ოპვესოპვზეაგამ	12
ოპთფვ	12
გვპ	12
ოჲეთდნთ	12
სჟოჲკჲთ	12
ჲრგლთფანვ	12
ოლამყუთ	12
ჲბთფვნ	12
ჟმჲრპთ	12
გლძბვნა	12
ტვგპსაპთ	12
ჟგაკთ	12
ჭიხვინი	12
მაპთლთა	12
ოაჱთრვლ	12
ოაპრძჟან	12
ეჲპა	12
ეჲფჩ	12
ჟგთნწ	12
პაჱბთპაი	12
მთპბარ	12
ჳჲდსჲპრჟ	12
ოპჲბგამ	12
ჟრაგამვ	12
ჱაენთკყრ	12
ოპართქ	12
ოჲჟმჲრპთ	12
მაჟაზ	12
კჲლვდთრვ	12
ბყპჱთ	12
დჲგჲპთრ	12
ნთჟკჲ	12
ეთპვკრჲპყრ	12
ბწდამ	12
ჟმჲდ	12
ჟკპთლ	12
ნაოპაგთგმვ	12
შე	12
მვეგვე	12
ბპარყრ	12
ოპვდლვეა	12
მვნძრჲ	12
პაჱპვქთმ	12
სმჲრ	12
გთეა	12
ჲრთეჲჳა	12
ჟვენვმ	12
ოჲფსგჟრგა	12
კჲლვკუთწ	12
ევბვლთ	12
ჟყღნჲჟრრა	12
დპბჲრ	12
გული	12
ჳჲეწრ	12
კჲრჲპში	12
თჱგვჟრნთ	12
ჟოაჟთგ	12
რვქკა	12
თთნ	12
ვიყო	12
ოსჟნაჳა	12
გიყვარს	12
ოფვლა	12
ვრჲდჲ	12
ცრთჳ	12
შენთან	12
ტვნვპ	12
რპვრთწ	12
დსბვპნარჲპვ	12
თეთრი	12
ბსლკა	12
ფვლჲრჲ	12
ლვკჟთ	12
თნგვჟრთუთწ	12
ჳჲლჟთ	12
ოლართრვ	12
ოჲკჲლვნთვ	12
ჲბგთნვნთვ	12
ოჲჱეპაგწ	12
ბვლვჱთ	12
დპვქვნ	12
სარა	12
მჲვდჲ	12
თჱლთჱამვ	12
ფსკამ	12
ჲრკპაენარ	12
ჟკთრჲ	12
იმის	12
ჱამთნალ	12
ჟთნწ	12
ჟოჲმვნაჳ	12
ოჲმთნვქ	12
კლაჟთკა	12
ჱნავჳა	12
სპსი	12
ნთუა	12
ოპჲეყლზვრვ	12
ჲებთ	12
ქრთრ	12
ლაზამ	12
ჟთგთწ	12
სჟოწჳრვ	12
ბაპამვ	12
ჟლაბთ	12
ოყპზჲლა	12
პვოსბლთკა	12
ჱაქრთრარა	12
კჲოვლვრჲ	12
ჟყდლაჟთ	12
მყფნჲ	12
კჲჟრთმ	12
ძპთი	12
მჲრვლჩ	12
ჲჟგჲბჲეთქ	12
წამოდი	12
ნაპანთლ	12
გვკა	12
ჟნწდ	12
ჲჟრპჲგჲგ	12
ბყპჱამ	12
ეჲქლვ	12
ლჲრ	12
ნთუთრვ	12
ნაგვენთ	12
კჲლანთრვ	12
აბჟსპენჲ	12
ჲჟრანვმვ	12
აკრპთჟა	12
ოპთვმაქ	12
ჟამჲსბთიჟრგჲ	12
კჲპოსჟ	12
ოლაღაქ	12
არაფრის	12
ჱაკყჟნვვმ	12
ტომ	12
პაჱმთჟლსგაგ	12
ქსმა	12
ფვკაქ	12
ოპყფკარა	12
ჱაგპქსგა	12
ფვრვ	12
ჟლვენჲრჲ	12
ჟთგთპყჟ	12
ეჲრამ	12
ჟთნეთ	12
ფსკაქ	12
ჟრპაქნა	12
გკაპამ	12
ჱვლვნა	12
ეჲკაზთ	12
პვალნჲჟრ	12
ჲრკაჱალ	12
ჱარგჲპნთკ	12
მთპთჱმა	12
გშჟრპვვ	12
თჱმთჟლთმ	12
ჱაპწჱა	12
ეჲლდა	12
ბპჲწრ	12
ზსპთრჲ	12
დპთლ	12
აპვჟრა	12
თქვენთან	12
ჟვგვპაკ	12
ოჲკპთგ	12
ტჲჟრყპ	12
ქაჳ	12
ჱაევრჲ	12
he	12
დპთზარ	12
ბპვიეთ	12
ჲოთრგაქვ	12
მპვზა	12
იმაზე	12
ოჲჟვიეჲნ	12
ოპყჟრა	12
ცრთმ	12
კჲმანფთრვ	12
ნაპვებთრვ	12
ჱაოჲფგაქ	12
რპვრთწრ	12
ვნვპდთწრა	12
კსფკარა	12
ვისაც	12
პაჱმთნვ	12
ჟოაჟთრვლ	12
ჲრლთფვნ	12
ჱაჟლსზთლ	12
ტსპდჲნა	12
დჲრთნთ	12
ჲუვნკა	12
გსლკანალთა	12
ეჲდჲგჲპთგმვ	12
სფთრვლკა	12
ბვიბთ	12
ჟჲბჟრგვნჲრჲ	12
კთრ	12
დჲეთქნა	12
პაფსნ	12
ჟპწეა	12
ნაპჲევ	12
ზვლბთ	12
ჲბთფაჳ	12
მალჩფთკ	12
ჲფთლა	12
რყმნთ	12
ოპჲჟლვეწგანვ	12
აეჟკთ	12
ჳჲეთჳ	12
კპაჟაგთუა	12
დნვგა	12
ანთნ	12
კჲœ	12
გრჲპთწრ	12
ჟყბვპვ	12
ჲჟყევნ	12
ჟრპსგაქვ	12
ოპთნუყრ	12
ადრე	12
ლთნკყლნ	12
ჳვკრჲპ	12
ბრძოლა	12
რთჳ	12
ღარჟკთ	12
ზვლავ	12
ჲლთმო	12
კპთწ	12
ჳვლთკჲორვპჲრ	12
ჱამთჟლთქ	12
ჱგყნწ	12
ჟლთკარა	12
მვეთუთნჟკა	12
ჲდლვე	12
ჲრკაზვმ	12
ჟოალა	12
ჳაევჟ	12
რწჳნჲრჲ	12
ჱამთნვ	12
ზთგთრვ	12
თდპაარ	12
ჱაოჲმნვრვ	12
ოლანჲრ	12
ჟლვეგამ	12
კარგით	12
ოპჲკლვრთრვ	12
დპაეთნა	12
რყპდჲგვუ	12
ნაოპვეყკ	12
ჲრვლწ	12
აკსლთ	12
ჟვჟრპთრვ	12
ჟვგვპნა	12
ეპსდთჲრ	12
ჟოვუთალთჟრ	12
ტლანდ	12
კჲლვდარა	12
ოპჲბამ	12
ფიქრობს	12
ჱაეჲგჲლვნ	12
ოსბლთფნჲ	12
ოპჲკლვრჲრჲ	12
მადნთტთკჲ	12
ლყზთრვ	12
მვზესგპვმვნნჲ	12
ოპგჲრჲ	12
ჲრკპთი	12
ოპთტარამ	12
ჲჟრანაჳ	12
ეჲკაზამ	12
თენთნარა	12
ოპთგლვფვ	12
დლაგნჲრჲ	12
ჱაღთრაგაქ	12
ნაკაპაი	12
ჟოვფვლთლ	12
ოპთრვჟნვნ	12
ხანია	12
ნვგთლ	12
ჱნანთწ	12
ოპთგლთფა	12
ჲჟრაგკა	12
ჲრბპანარა	12
მპაჱწრ	12
ოპთმამკა	12
აოვლბთ	12
მჲეა	12
ნჲჟრ	12
ნება	12
ჳაიგვპ	12
ნაოსქრთ	12
ლთჟრ	12
პყკჲგჲეწ	12
დლსოჲჟრთრვ	12
ჲტვპრა	12
ოპვეაირვ	12
ჱგსუთ	12
ჟოაჟთლ	12
ნვღაჟრთვ	12
ოჲლთუათ	12
გრჲპჲი	12
ჲრნვმა	12
ოაჱაპჲრ	12
ვმჲუთჲნალნჲ	12
ტაკსლრვრ	12
ფვჟრთ	12
პაბჲრთჳ	12
თჱლწჱარ	12
მაიჟრჲპ	12
ევნჱთნდვპ	12
კაჱნთ	11
უთ	11
მამთფკვ	11
ფსგჟრგთრვლვნ	11
პაეგამვ	11
თჱოპაღა	11
ნვთნ	11
კყღთრვ	11
ესჱთნა	11
ჟრჲპთმვ	11
ვკჟოვპთმვნრ	11
ჟპვეთმვ	11
ნაოპაგთგრვ	11
კსოთრვ	11
ნვპგთ	11
ოთჟალ	11
ოჲგთქვნთვ	11
ჲბვღაგაქ	11
ნჲჟარ	11
რალანრ	11
ლჲგთ	11
ჟამში	11
ჱაჟლსზსგა	11
ზთგაკ	11
ჟკთნყპ	11
ოჲდსბთ	11
მვჟრთ	11
ბპანეყნ	11
ჟოთვქ	11
თჱგვჟრნა	11
კპაევქ	11
ოჲმჲდნალ	11
პჲეთნარა	11
ბპასნ	11
ჲბპა	11
სჟრპჲიგა	11
ლსესჟჲრ	11
ეჲკლაეთ	11
ნასფვნ	11
ოპვენჲჟრ	11
ჟჲბთ	11
მჲლთრგთრვ	11
ოდესმე	11
მისთვის	11
გჱვმაქ	11
ოჲსო	11
ჲუვლვვქ	11
კპალჟკთწ	11
ოამვრნთ	11
თჟკსჟრგჲ	11
თჱგთნწგაირვ	11
პაბ	11
ოპვეა	11
კჲპჲნა	11
ბალვრ	11
რპანჟოჲპრ	11
მვრ	11
ოპვგყპნვ	11
ჱამთნაგაქ	11
ევპზთ	11
ბაკნვზ	11
თმოვპთ	11
ეწგჲლჟკთ	11
მჲპჟკთ	11
სჟმთჳნთ	11
ჱაოჲჱნაგმვ	11
ჳვლყნ	11
ტსრა	11
ფაჟრნა	11
ეაეჲჳა	11
ვკთოაზ	11
ქთბანთ	11
home	11
ნაეწ	11
კჲლწნჲ	11
ნედ	11
წეპვნთ	11
ოვპვე	11
ეჲკაჱარვლჟრგარა	11
რჲკმს	11
ეჲქჲლ	11
ოჲდპვბან	11
ჟრჲმაჳა	11
ჲემაჱეა	11
თჱმყკნარ	11
კპვგვრჲრ	11
წინააღმდეგ	11
ტამთლთწრა	11
პაჱბთვქ	11
გკლძფგა	11
ოჲენვჟამ	11
თჱოჲლჱგაქვ	11
ჲრკაჱგაქ	11
ჟრჲლჩკჲ	11
ოჲოთრაქ	11
კპაგა	11
დჲეთნთრვ	11
პაჟოჲლჲზვნ	11
სტარკის	11
ჲბპყღა	11
ოჲეალვკს	11
დლაგნთწ	11
ჟრანამ	11
რავნ	11
ლაზვ	11
ჲოპვევლვნთ	11
ჲბთეამ	11
ოჲბვეთმვ	11
ჟთნჳპჲნთჱაუთ	11
პაჱკაჱგა	11
ჱაგვეჲჳ	11
not	11
ოპთნუვჱარა	11
ოჲჟჲკარა	11
თჱლწჱჲჳ	11
ოპთვმ	11
ჟრთდნვრვ	11
ხალხის	11
ოპჲფთრაგ	11
ჱადთნალ	11
თჱეყპზამ	11
სფთრვლთ	11
ჟლსქნვქ	11
ბთგქარა	11
ოპაგვიკთ	11
ოპვეჟრაგთქ	11
ბპვმვნა	11
ჟვნკთრვ	11
ჟსქრვჟრგჲ	11
თჱეაევ	11
ლადა	11
ჟკპთწ	11
კალ	11
კაზანჲ	11
ეჲჟრთდნვ	11
რივერანი	11
ოჲჟჲლჟრგჲრჲ	11
ჲჟგჲ	11
მთნაგარ	11
ოპვზთგწლ	11
გპგჲრ	11
ევინჲჟრ	11
სბთგალ	11
კჲნგჲ	11
აეგჲკარყრ	11
თჱოყლნვნთვ	11
მთნალ	11
ოპვკაპაქ	11
ჟყბპაჳმვ	11
ჟბთპკა	11
თჱჟლვეგანთწრა	11
