да	933105
не	605774
се	574639
на	405406
го	390942
што	352052
ќе	336049
во	321082
за	281913
тоа	261866
ти	226764
дека	220923
од	203069
со	197670
ми	189136
си	174712
ја	164310
како	144362
јас	129334
ги	128298
ова	113092
сум	111461
добро	97211
ме	95548
те	92864
само	92253
ли	87423
нема	82595
но	81112
ако	80485
тој	70414
беше	69152
треба	68882
кога	64258
сега	63887
многу	61627
знам	61093
кој	60115
му	59737
има	58185
нешто	58155
може	55983
мене	55045
би	54866
каде	54574
сакам	52709
тебе	51822
тука	51309
дали	51109
така	51015
зошто	49646
сите	48010
ајде	47553
ред	45530
ни	43627
па	43544
знаеш	43240
овде	41122
таа	40889
можам	40674
биде	40439
по	39463
мислам	38407
сакаш	37950
до	37445
еден	35753
ви	35636
уште	35300
или	34791
некој	32818
ама	32816
време	32685
ништо	31729
тие	31016
таму	30961
сме	30841
мора	30209
сте	29876
пред	29539
можеби	29290
имам	28971
ве	28649
малку	28414
молам	28048
ние	27797
еј	27328
повеќе	26953
одиме	26925
навистина	26922
можеш	26505
колку	26229
него	25586
мојот	25370
работа	24828
тогаш	24789
оди	23980
здраво	23900
толку	23861
никогаш	23738
имаш	22806
луѓе	22715
вие	22391
мислиш	22309
им	22306
кои	21968
значи	21627
затоа	21340
една	21169
благодарам	20804
мојата	20801
овој	20747
која	20548
татко	20500
веќе	19566
работи	19538
нели	19354
без	18951
одам	18942
кажам	18884
човек	18778
имаме	18740
години	18440
нас	18371
ден	18044
оваа	17923
фала	17785
правиш	17765
кај	17377
сака	17274
направи	16919
рече	16622
види	16278
твојот	16192
бев	16040
изгледа	16023
додека	15675
бидејќи	15559
случи	15405
кажи	15187
пат	15169
вас	14942
твојата	14815
никој	14667
мислев	14342
место	14235
овие	14190
дома	13905
мајка	13896
секогаш	13720
жал	13669
морам	13659
бидам	13650
неа	13597
добар	13552
бил	13497
дојде	13418
подобро	13262
боже	13109
чекај	13079
нив	13054
случува	12870
неколку	12611
бидеш	12454
можеме	12368
луѓето	12364
било	12338
веднаш	12326
живот	12256
она	12240
жена	12217
секако	12165
тато	12150
господине	12144
секој	12082
добра	12033
знае	11925
исто	11875
право	11759
моите	11755
извини	11730
гледам	11603
еве	11521
сигурно	11407
ох	11383
пари	11364
реков	11294
поради	11221
дај	11088
кажа	11027
одиш	11020
прави	11016
врати	10833
кажеш	10802
немој	10719
сеуште	10505
дури	10161
требаше	10132
направам	10068
сакав	9984
повторно	9919
видам	9872
гледаш	9760
дојди	9724
после	9624
некои	9482
друг	9471
доволно	9423
надвор	9421
знаете	9405
три	9374
помош	9374
моето	9361
баш	9351
едно	9303
ок	9300
убаво	9260
слушај	9248
кон	9204
срање	9090
сакате	9075
животот	9072
проблем	9070
пак	9027
супер	9004
немам	8985
твоите	8980
денес	8916
мој	8802
брат	8770
имаше	8764
син	8732
два	8640
извинете	8552
под	8545
ѓаволите	8523
начин	8514
точно	8433
име	8388
заедно	8376
дел	8339
две	8310
премногу	8230
потоа	8229
момци	8107
зарем	8058
минути	7976
џек	7965
имате	7946
сигурен	7903
зборуваш	7884
нека	7826
низ	7812
мораш	7801
врска	7766
утре	7719
правам	7712
видиме	7687
зашто	7686
пријател	7658
допаѓа	7611
ноќ	7608
мораме	7585
дете	7481
видов	7476
нашиот	7472
деца	7453
назад	7430
всушност	7420
околу	7401
нашите	7370
лошо	7333
девојка	7326
мамо	7298
момче	7261
светот	7228
кое	7224
разбирам	7170
беа	7161
брзо	7160
верувам	7102
знаев	7070
моја	7070
вашиот	7068
нашата	7063
внатре	7061
сакал	7051
мртов	7039
душо	7022
неговата	7016
себе	6987
направиш	6957
страна	6955
работата	6844
можете	6796
остави	6713
освен	6677
вечерва	6671
некогаш	6667
имаат	6654
сам	6649
требало	6612
твоето	6545
вашата	6488
друго	6486
знаеме	6454
еднаш	6438
година	6420
некоја	6382
вратам	6363
кого	6350
доста	6334
погледни	6332
важно	6311
долго	6300
сакаше	6288
пријатели	6227
голема	6224
доаѓа	6218
зборувам	6213
јави	6190
мило	6164
помогнам	6103
одлично	6094
бидат	6081
тешко	6053
против	6045
сакаат	5987
правиме	5974
земи	5970
даде	5909
неговиот	5877
најдеме	5870
куќа	5787
можат	5785
цел	5781
преку	5762
голем	5715
џон	5709
бидеме	5655
дена	5643
направиме	5641
прво	5631
разбира	5630
порано	5617
престани	5616
надевам	5592
најдам	5581
заврши	5575
парите	5574
каква	5552
ниту	5500
грижи	5425
други	5419
момент	5416
двајца	5402
земам	5381
едноставно	5345
туку	5333
работите	5328
најде	5298
вака	5295
случај	5260
случило	5246
среќа	5227
каков	5207
вечер	5203
куќата	5191
постои	5167
била	5158
двајцата	5152
барем	5140
вели	5133
градот	5117
тип	5103
пушти	5095
бог	5055
човеку	5046
вика	5029
кажав	5028
мисли	5003
ке	4990
видиш	4982
сепак	4965
семејство	4964
кажете	4961
имав	4951
видел	4944
колата	4933
држи	4931
пати	4928
човече	4918
главата	4916
гледај	4914
соба	4899
човекот	4877
гледаме	4875
умре	4871
долари	4867
подоцна	4849
откако	4848
биди	4839
каже	4817
шанса	4801
ќерка	4800
оние	4797
вратата	4788
секоја	4780
среќен	4779
долу	4759
направив	4753
свет	4748
дадам	4738
зборува	4725
вода	4715
господе	4714
добри	4703
својот	4701
горе	4697
својата	4671
број	4644
прв	4642
времето	4631
слушнав	4630
работам	4629
можев	4616
вистина	4604
тргни	4598
игра	4595
вашите	4585
земја	4579
немаше	4577
убијам	4576
срце	4568
твоја	4562
оној	4535
другите	4527
крв	4510
ало	4506
мислите	4498
крај	4495
маж	4470
жалам	4456
убие	4455
немаш	4452
нов	4444
часа	4443
разбираш	4424
сем	4416
направил	4415
гајле	4414
виде	4411
претпоставувам	4403
меѓу	4376
недела	4373
целиот	4369
проблеми	4349
патот	4334
крајот	4333
земјата	4332
сакаме	4310
пет	4303
бидете	4289
сето	4283
чудно	4258
полека	4225
неговите	4212
знаат	4201
вистински	4166
вистината	4160
биле	4152
сестра	4132
можеше	4115
лесно	4114
децата	4098
своите	4091
немаме	4084
жив	4071
рацете	4060
идеја	4050
сеќаваш	4019
утро	4017
чао	4013
чувствувам	4007
воопшто	4005
најдов	4005
прашање	3998
уби	3997
разговараме	3990
збор	3983
љубов	3975
можел	3975
зар	3972
изгледаш	3956
јавам	3939
месеци	3931
прекрасно	3931
некое	3914
затвор	3911
мама	3873
час	3852
наскоро	3850
полицијата	3843
отвори	3838
веројатно	3831
помогне	3829
другар	3829
оружје	3825
прават	3824
кола	3818
звучи	3818
причина	3794
стави	3786
бевме	3784
дојдам	3776
град	3774
дојдов	3748
дојдеш	3743
покрај	3738
мала	3735
името	3707
требаат	3700
остани	3700
заради	3685
мал	3684
некого	3683
некаде	3680
јасно	3678
барам	3672
слушаш	3666
убава	3664
отколку	3658
готово	3653
зад	3619
зборуваме	3580
ебам	3573
продолжи	3559
приказна	3558
почекај	3556
можно	3556
одовде	3541
неговото	3541
застани	3536
знаеше	3518
рака	3506
слушам	3494
веруваш	3494
живее	3488
забава	3471
цела	3460
работиш	3442
очи	3437
дин	3436
нова	3435
чарли	3435
избор	3433
смешно	3413
таков	3409
понекогаш	3397
вратиме	3385
целата	3383
над	3381
грешка	3372
бара	3369
храна	3367
друга	3364
сигурна	3358
следниот	3353
исусе	3333
верува	3309
правите	3289
глава	3285
сериозно	3271
напред	3270
првиот	3251
местото	3241
војна	3239
ете	3235
план	3230
проклетство	3218
спаси	3212
смири	3200
сеќавам	3199
смрт	3191
отиде	3186
полиција	3177
вратиш	3169
скоро	3163
доаѓам	3163
превод	3140
побрзо	3140
господа	3133
внимавај	3133
сама	3123
излезе	3120
проблемот	3120
нивните	3110
лице	3096
типот	3096
гледа	3092
далеку	3088
одете	3084
раце	3083
девојки	3083
очигледно	3079
мали	3076
четири	3073
токму	3064
тим	3061
луд	3045
убиеш	3041
замолчи	3036
донесе	3028
милиони	2996
недели	2995
смртта	2967
најдеш	2956
носи	2949
порака	2946
очите	2943
прашам	2914
леле	2908
твој	2907
цело	2896
според	2891
фати	2885
телефон	2882
куче	2880
помина	2875
дозволи	2873
дојдете	2850
викаш	2849
верувај	2849
одат	2843
нејзиниот	2840
некако	2836
велам	2828
конечно	2810
потреба	2803
срцето	2800
бегај	2795
шанси	2786
чини	2779
мртви	2764
кажувам	2762
викам	2758
вчера	2754
личност	2753
половина	2752
мое	2744
позади	2742
жени	2742
нејзината	2742
мајкл	2737
дом	2732
заборави	2726
такви	2723
штотуку	2721
дедо	2719
вечера	2717
штом	2713
подготвен	2707
денот	2700
велиш	2699
имал	2695
рекол	2694
доаѓаат	2693
кралот	2685
никаде	2684
вашето	2684
плашам	2683
води	2678
сакала	2676
френк	2672
брод	2671
девојката	2669
постојано	2663
последен	2661
неверојатно	2655
ветувам	2655
покажам	2654
еби	2648
бе	2637
мила	2632
истото	2624
оставам	2618
ваму	2617
најверојатно	2616
одите	2613
големи	2608
контрола	2606
најдобро	2605
прашања	2600
господ	2595
мало	2568
помалку	2559
слушна	2553
бродот	2550
чекам	2546
онаа	2544
врата	2540
томи	2527
помогни	2524
мајк	2521
состанок	2517
чека	2516
помогнеш	2511
какви	2496
остане	2490
познавам	2487
договор	2486
големо	2482
потребно	2480
раката	2474
единствениот	2474
станува	2470
влезе	2458
пол	2445
никого	2445
мразам	2434
копиле	2434
обидувам	2429
лично	2427
самиот	2423
таква	2422
кафе	2413
стварно	2402
велат	2401
стар	2399
разлика	2391
добијам	2389
засекогаш	2386
џо	2384
мои	2382
дами	2370
претседателот	2365
стана	2362
стори	2358
собата	2358
помеѓу	2354
училиште	2348
пиштол	2344
останам	2343
шест	2341
гледате	2340
дечко	2338
сила	2335
мислеше	2330
семејството	2327
синоќа	2325
лицето	2325
другата	2321
разговарам	2321
инаку	2320
телото	2317
колнам	2314
нови	2303
вид	2301
секунди	2300
вести	2299
чувствуваш	2287
нешта	2285
сара	2280
останеш	2279
бен	2279
доби	2278
дејвид	2276
полицаец	2266
часот	2264
видете	2261
лош	2255
тело	2248
глупости	2248
родители	2246
иако	2246
убил	2241
нашето	2238
капетане	2237
живеам	2237
слика	2233
денеска	2231
бараш	2228
такво	2225
крал	2224
убијат	2221
добив	2215
секс	2206
џими	2206
спремен	2200
напад	2199
морав	2193
боли	2193
убав	2192
седни	2190
внимание	2185
какво	2183
услуга	2180
детето	2175
улица	2173
добиеш	2166
кажува	2161
важи	2160
нe	2157
мртва	2155
побрзај	2155
насекаде	2153
врз	2152
последниот	2152
чекајте	2148
доле	2141
мислат	2140
планот	2138
он	2130
влези	2127
тони	2127
лоша	2126
прилично	2122
доктор	2122
зборови	2121
твое	2120
браво	2113
минута	2112
кревет	2110
првата	2109
пиштолот	2099
извинувам	2097
убиец	2096
двете	2095
моќ	2092
убиство	2091
борба	2090
спушти	2087
жената	2086
месец	2081
дозволам	2076
помогнете	2074
успеа	2074
телефонот	2068
блиску	2065
ваша	2062
целосно	2059
прашувам	2054
америка	2053
лери	2052
наваму	2047
девојче	2046
ново	2044
зборувај	2044
можеле	2032
останатите	2030
земете	2027
имавме	2023
носиш	2021
дадеш	2021
агент	2020
обично	2017
погрешно	2015
пишува	2008
кажал	2006
прати	2003
макс	2000
тргнете	2000
сосема	1996
сон	1995
оружјето	1994
посебно	1994
информации	1991
своето	1990
прва	1988
книга	1986
пример	1979
мир	1979
носам	1977
случајот	1976
земеш	1974
искрено	1971
наоколу	1966
подготвени	1966
шефе	1966
вистинска	1964
оган	1963
фрли	1962
уништи	1961
госпоѓо	1959
најдобар	1958
божиќ	1956
кажуваш	1956
нивната	1955
добие	1951
пријателе	1950
ах	1949
појави	1944
том	1943
лоши	1938
задоволство	1936
донеси	1936
лудо	1935
следи	1935
тајна	1934
дa	1929
стане	1928
почна	1927
удри	1923
бараат	1920
среќна	1918
мажи	1917
зема	1917
водата	1916
бебе	1910
седи	1910
замина	1909
сине	1908
болница	1905
научи	1905
смисла	1898
разбуди	1895
донесам	1894
епа	1892
штета	1892
алекс	1888
џорџ	1888
живееш	1886
земеме	1886
питер	1882
дрога	1881
покажи	1877
кул	1876
умреш	1873
погледнете	1873
војната	1872
ужасно	1869
можност	1868
линија	1868
најдовме	1863
слушајте	1861
подобар	1860
дадов	1858
дефинитивно	1855
стој	1854
авионот	1853
сами	1850
места	1847
прекрасна	1846
почеток	1844
користи	1841
одговори	1840
сторам	1839
повеќето	1830
себеси	1830
секунда	1828
група	1824
хари	1822
мрдај	1819
почнеме	1818
сопруг	1814
работиме	1814
минатата	1811
идиот	1809
останете	1803
систем	1803
чест	1799
вози	1797
видите	1796
ставам	1796
поим	1796
страв	1791
дајте	1789
постојат	1787
опасност	1784
ваше	1781
смееш	1780
најдете	1780
боби	1779
десет	1778
мери	1776
забавно	1771
чисто	1770
фби	1767
клер	1764
наместо	1756
денови	1755
кажеме	1751
кејт	1750
најди	1750
однесам	1748
нормално	1746
понатаму	1746
умрам	1740
победи	1737
бизнис	1734
изгуби	1733
дечки	1733
совршено	1732
обиде	1731
удар	1728
следната	1727
сад	1726
вреди	1724
адвокат	1724
играш	1720
одамна	1720
затвори	1720
џејмс	1720
канцеларија	1719
земе	1719
единствената	1718
дух	1718
одлична	1717
лево	1716
работат	1713
провери	1711
некаква	1711
дојдат	1711
викаат	1708
роденден	1707
знак	1707
господару	1706
средам	1703
бауер	1702
големиот	1701
доаѓаш	1700
остана	1700
малиот	1698
интересира	1697
пази	1694
оставете	1694
ник	1693
познаваш	1693
враќам	1692
филм	1689
др	1686
љубовта	1685
бараме	1681
чекаме	1680
отсекогаш	1677
речиси	1672
излегувај	1672
плашиш	1671
бевте	1670
момчето	1668
баба	1665
испрати	1665
безбедно	1665
новиот	1665
интересно	1659
дава	1657
промени	1649
рекоа	1648
често	1648
помине	1648
крвта	1644
никаква	1643
синко	1642
ана	1642
жените	1638
глупав	1634
кевин	1632
секое	1625
внимателно	1624
дојдовте	1623
дозвола	1622
ноќта	1621
избега	1619
авион	1613
иднината	1613
најдобриот	1612
немав	1611
другиот	1609
последните	1608
автомобилот	1605
воздух	1605
шеф	1602
збогум	1601
плаши	1600
нејзините	1599
слободно	1599
хенри	1597
завршам	1596
одличен	1594
виделе	1590
слободен	1590
нејзиното	1589
успее	1589
видат	1588
повик	1588
наша	1578
страшно	1577
сер	1577
прости	1576
еди	1576
видела	1571
различни	1568
подарок	1567
грижа	1565
нивниот	1565
престанете	1563
невозможно	1562
глупаво	1560
забавата	1559
пиво	1558
договорот	1558
морате	1557
играта	1557
бројот	1556
де	1556
слушнал	1554
слично	1553
пеколот	1553
сигурни	1551
партнер	1549
херој	1549
личи	1548
плати	1543
помислив	1542
среди	1542
грижам	1541
седум	1540
заборавив	1539
полошо	1538
стара	1538
продолжиме	1535
грижиш	1534
почит	1529
близина	1529
пречи	1523
приказната	1523
облека	1522
давам	1522
направите	1519
состојба	1518
докторе	1512
подалеку	1510
школо	1510
друштво	1509
доцна	1508
сврти	1506
едвај	1502
сонцето	1501
одговор	1501
стариот	1500
играме	1500
брате	1498
реј	1497
убиј	1494
прекрасен	1493
при	1492
жива	1489
метри	1489
дупка	1488
истиот	1488
погрижам	1487
немаат	1485
играм	1484
ум	1482
автомобил	1482
џони	1477
одмор	1474
зборуваше	1474
мораше	1473
погоди	1466
падна	1461
виновен	1459
момчиња	1458
извади	1457
чудо	1456
запознав	1456
одлука	1454
потребен	1453
злато	1452
влезете	1450
несреќа	1448
мраз	1447
претходно	1447
оставиш	1446
последната	1446
проверам	1444
тргнеме	1443
илјади	1442
кучкин	1441
џим	1441
ѓубре	1440
изгубив	1438
војници	1437
кларк	1437
купи	1436
животи	1436
гледаат	1435
вети	1435
изненадување	1434
њујорк	1434
разбрав	1433
завршиме	1433
глас	1433
некаков	1430
песна	1429
господи	1428
пријателка	1428
спремни	1428
вистинскиот	1427
потребна	1427
праша	1425
стои	1425
посакувам	1421
кучка	1421
однесе	1421
ене	1421
њу	1419
наутро	1415
бога	1415
луда	1411
пуштете	1409
објаснам	1405
музика	1405
вистинско	1404
смее	1404
тимот	1403
истата	1403
десно	1402
чувај	1398
ситуација	1398
направат	1398
стари	1395
зборувате	1394
стан	1394
влезам	1394
последно	1391
фино	1390
книгата	1390
повреди	1389
станица	1388
досега	1385
луис	1384
можела	1383
исус	1381
опасно	1381
убив	1377
донесов	1375
длабоко	1374
одговара	1374
слушнам	1374
опушти	1373
пробај	1373
немате	1370
зависи	1368
докази	1365
браќа	1365
доказ	1365
канцеларијата	1365
боб	1363
повели	1362
апсолутно	1362
џеј	1360
наредба	1360
чекор	1357
смета	1356
шефот	1352
почнува	1352
целото	1351
готов	1349
обидува	1349
коса	1347
почетокот	1346
изгледаше	1345
дознае	1345
чичко	1344
влегувај	1343
законот	1342
чувство	1338
совет	1338
убави	1338
моментов	1337
газот	1335
аха	1331
драга	1328
стив	1327
пола	1327
разговор	1321
незнам	1318
грбот	1318
нозе	1317
кажувај	1316
најдат	1315
осум	1315
кратко	1313
декстер	1312
натера	1311
сакале	1311
сфаќам	1310
џејк	1307
излези	1306
зборуваат	1305
вино	1304
лажеш	1303
држам	1302
излезам	1302
небото	1301
контакт	1300
позиција	1300
натаму	1300
негова	1300
ослободи	1299
смени	1295
животни	1294
ма	1292
паметен	1292
патување	1292
нозете	1290
клучот	1288
ерик	1287
поверувам	1287
иста	1287
знаел	1285
болка	1284
ручек	1284
скрши	1284
заштита	1282
слики	1281
главен	1279
оставиме	1277
тројца	1276
среќно	1275
млад	1273
капетан	1271
излеземе	1271
трага	1271
движи	1270
стигнеме	1270
поентата	1269
синот	1268
мозокот	1267
живеат	1267
душа	1267
живи	1266
наш	1263
одеднаш	1263
бебето	1262
направила	1259
будала	1257
зградата	1257
започна	1257
народ	1255
болницата	1255
функционира	1254
гледав	1254
твои	1254
устата	1253
девојките	1253
шегуваш	1252
утрово	1252
мисија	1250
обидов	1250
размисли	1247
добредојде	1247
слатко	1245
иднина	1244
губи	1244
останеме	1243
напушти	1241
зборував	1240
сфатив	1239
били	1239
надеж	1238
близу	1237
операција	1236
местово	1236
мет	1236
сериозен	1234
гладен	1232
месо	1231
спијам	1230
фатиме	1230
наоѓа	1230
слушни	1229
седнете	1228
изгледам	1226
минатото	1224
убиеме	1224
загрижен	1222
убиецот	1222
ниво	1221
купам	1220
трае	1219
последна	1219
немојте	1216
неможам	1216
лондон	1214
отидов	1212
париз	1211
вистинската	1209
маса	1207
спие	1206
парче	1206
задржи	1205
вина	1204
драго	1204
клубот	1203
кучето	1203
риба	1199
ѕидот	1199
заминам	1199
клои	1199
шумата	1197
сe	1197
вратите	1197
зафатен	1197
лук	1194
случајно	1194
дознаеме	1193
пуштам	1191
фамилија	1191
улицата	1191
излез	1191
моментот	1190
вратив	1190
друже	1189
убива	1188
полна	1186
милион	1185
смеам	1185
карл	1182
дојдовме	1181
разбра	1181
фер	1181
болен	1180
шега	1180
кучко	1179
пукај	1178
убиен	1178
живееме	1177
спасам	1176
војска	1176
желба	1175
никакви	1175
задача	1175
причината	1174
поглед	1173
бори	1173
ха	1172
правеше	1172
вакви	1171
бараше	1171
обиди	1170
спиеш	1169
скот	1169
однесува	1168
подобра	1168
сопруга	1167
височество	1167
среќни	1165
ситуацијата	1165
мира	1164
видено	1161
дал	1160
одма	1158
силен	1158
тишина	1158
владата	1156
слобода	1156
добредојдовте	1154
чекаат	1150
докторот	1149
волтер	1147
држете	1146
бидејки	1146
системот	1142
историјата	1141
кутија	1141
брак	1140
барав	1140
слуша	1140
правилата	1139
повреден	1138
магија	1138
заминеш	1138
кур	1137
влеземе	1136
станувај	1134
исчезна	1134
вил	1134
престанеш	1133
енергија	1133
проклет	1132
помага	1132
помогнеме	1132
мајката	1132
прашањето	1132
километри	1131
разбирате	1131
почекајте	1128
свој	1127
долг	1126
виктор	1125
часови	1124
претседател	1122
ист	1122
јавиш	1122
врвот	1120
можело	1120
камен	1119
потполно	1117
имало	1117
цена	1116
умира	1115
излезеш	1114
дознаам	1113
toа	1113
родителите	1109
компанијата	1109
приказни	1109
вратат	1109
украде	1107
мирно	1103
моли	1102
дошол	1102
платам	1102
пте	1101
главниот	1098
островот	1097
викаше	1097
убиства	1096
тајни	1094
англиски	1093
работеше	1092
судбина	1091
целта	1090
правилно	1089
служба	1089
влезеш	1089
подготвена	1088
реката	1088
плус	1088
храброст	1088
полн	1087
центарот	1087
војник	1087
хеј	1087
информација	1087
завршив	1085
ценам	1085
размислував	1084
енди	1083
јадење	1083
компанија	1082
повелете	1082
бел	1081
стани	1081
око	1080
претседателе	1080
погрижи	1078
требаш	1078
излегува	1077
господин	1076
побара	1075
меч	1075
познат	1075
хотелот	1074
обидам	1074
направиле	1073
допадне	1072
томас	1072
остатокот	1070
добиеме	1069
убиството	1068
момците	1068
враќа	1068
правила	1068
останува	1067
најдобрите	1067
поголема	1067
јадеш	1066
застанете	1066
нареднику	1064
потребни	1063
бомба	1063
слушате	1062
клучевите	1062
точка	1062
моментално	1061
крис	1060
имале	1059
податоци	1058
роден	1057
сеедно	1056
држиш	1056
ричард	1054
продолжете	1054
кажаа	1054
коњ	1054
косата	1052
зборот	1052
начинот	1052
најмалку	1051
тивко	1050
рековте	1049
џери	1049
дадеме	1049
вратете	1048
директно	1047
жртва	1047
возам	1046
батка	1044
газ	1043
уста	1042
станеш	1041
боговите	1041
помогна	1040
пијалок	1039
мајко	1039
сториш	1039
бегаме	1039
навечер	1039
прашав	1036
дрво	1036
чува	1033
сметка	1033
јаде	1033
здравје	1033
јајца	1032
предаде	1032
фатам	1031
поголем	1031
имала	1029
градов	1029
неволја	1027
секси	1027
тед	1026
полесно	1025
важен	1025
пријателите	1025
масата	1025
единствено	1024
единственото	1024
искуство	1024
живо	1021
глупава	1020
брајан	1019
најмногу	1018
заборавам	1018
пријатно	1018
ух	1018
изгледаат	1017
шоу	1017
чист	1017
курва	1016
зеде	1015
доколку	1015
возиш	1015
боја	1015
нож	1012
тв	1011
мислење	1011
јорк	1010
чај	1008
падне	1006
дејв	1005
затворот	1005
барате	1004
планета	1004
детектив	1003
најдоброто	1003
бела	1001
станам	1000
носат	1000
вест	999
дозволете	998
казна	997
стил	997
животно	997
оставив	996
пристап	996
ебено	993
продавница	992
клуб	992
тест	991
писмо	990
арсов	990
јадам	990
видовте	989
речам	989
опасен	988
вакво	988
полицајци	987
кучиња	986
сликата	986
ладно	984
наши	984
мозок	984
имиња	984
дени	983
лут	983
богатство	983
направивме	983
џејсон	982
делови	982
почнав	981
тежок	980
гледајте	979
книги	979
вашингтон	979
кралицата	979
мислиме	977
подот	976
реши	975
единствен	974
тера	974
ok	973
безбедност	972
завршиш	972
елена	972
одговорен	971
акција	970
тетка	969
никаков	968
такси	967
работев	966
намера	966
шон	965
вратот	964
почне	963
млада	962
бориш	961
возот	961
прашај	960
грб	959
оливер	959
стигне	959
куп	958
сфаќаш	957
запали	957
почнам	957
искрен	956
наредби	956
чиста	955
историја	955
роб	955
патем	955
армија	954
чекаш	953
станицата	953
рано	953
машина	952
награда	952
ваков	952
сигнал	951
карта	950
фатив	949
промена	948
своја	948
направете	948
научиш	946
кери	945
запознавме	943
алан	943
просто	943
веруваме	943
сторил	942
лос	942
поминав	942
сан	940
фатат	939
вујко	939
разбереш	939
извештај	938
жртви	938
центар	937
сомневам	937
спасиш	936
вкус	935
оти	934
дојдоа	934
член	930
зграда	930
типов	930
одбрана	930
направено	930
покажа	929
единица	929
очекував	928
донесете	927
вториот	927
прашуваш	927
припаѓа	926
сладок	926
мириса	925
самата	925
капетанот	925
видовме	924
светлина	923
дело	922
ваква	921
шерифот	921
серко	919
однеси	919
текот	917
верувате	916
земав	915
умрел	915
црквата	915
излезете	915
кајл	914
обидуваш	913
рок	913
трчај	913
чувам	912
мили	911
светло	910
умрат	910
тешка	909
север	909
никому	909
гас	907
чарлс	907
дозволиш	907
средиме	906
прифати	906
адам	906
бомбата	905
онака	904
дојдеме	904
проба	903
заблагодарам	903
хотел	902
сити	902
непријатели	902
закон	901
држава	901
јазик	901
познато	899
пробам	899
времиња	899
свои	899
бориме	898
корист	898
едни	898
куршум	897
борам	896
слушнеш	896
користат	896
али	896
бегајте	895
траги	895
замине	895
дама	894
роберт	893
подолго	893
кујната	893
сево	892
мажот	892
менува	891
исклучи	891
почнеш	891
суд	888
поинаку	888
согласувам	888
госпоѓице	887
ѕвезда	887
мишел	887
тајната	886
стража	886
марк	886
сретнеме	886
спрема	886
замисли	885
новата	884
ногата	884
поразговараме	884
државата	884
права	884
бар	883
илјадници	883
креветот	882
веруваат	882
особено	882
петок	882
емили	881
кралица	881
црна	881
рајот	880
планови	879
парк	878
сили	878
должност	877
врти	877
пратам	877
недостасува	877
единствена	877
ким	876
стигна	874
високо	874
убија	873
покасно	871
правел	871
должам	871
размислувам	871
искористи	870
интернет	870
победа	869
прашував	869
луди	868
купив	868
повредам	868
важна	867
нога	867
рик	866
запознаам	865
малечок	865
народот	865
доведе	863
големата	862
брза	862
сведок	862
грижете	861
оче	861
рим	861
исти	861
мостот	861
душата	860
лажам	860
примено	860
изгубивме	859
старите	859
таткото	859
судбината	858
простор	858
погледнам	858
ставиш	857
објасни	857
робин	856
чудовиште	856
одлучи	856
умреме	855
закана	855
чуден	855
отворам	855
притисок	854
сета	854
крие	852
ѓаволот	852
огромна	852
сметам	851
пар	851
лага	851
брзина	851
побарам	851
следат	851
мажите	850
спремна	849
причини	849
добивме	849
карти	848
марија	848
радио	848
успеав	847
девет	846
потег	846
квин	845
кретен	845
натпревар	845
хана	845
колеџ	845
чувства	845
обожавам	844
цената	844
носот	844
најдобра	844
заеби	843
добива	843
најдобрата	843
користиш	842
водам	842
господар	841
покажува	840
основа	840
горд	840
тргнам	839
филмот	839
најдобри	838
ал	838
непријател	838
бејби	838
суштество	837
разговараш	836
дадете	836
викенд	835
нашол	834
камерата	834
обезбедување	834
океј	833
негов	832
поминам	832
издржи	832
the	831
заштитам	831
тери	830
предоцна	830
гости	830
лаже	829
ваш	829
договорено	828
научам	827
надевав	826
донесеш	826
гомно	826
можевме	826
одговорот	826
слободна	825
честитам	825
сол	825
срања	824
документи	824
силно	824
џејн	824
поминаа	823
моќта	823
случаи	822
чикаго	822
повика	822
заебаваш	822
клуч	821
минатиот	821
подобри	821
битка	820
долга	819
морган	819
заминеме	816
вечерата	816
ван	816
запомни	815
остров	815
отворете	815
девојко	815
рајан	814
море	814
џин	813
седам	812
совршен	812
храната	811
внимателен	811
сториме	810
клиент	810
изгубам	810
кажуваат	808
станот	808
кат	807
војската	806
тела	806
заштити	805
драги	805
допадна	805
продавницата	805
пуштиш	804
мартин	803
успеавме	803
џени	802
циа	802
следиме	802
поминеме	802
завршува	801
добиете	800
поправам	800
банка	799
јавив	798
паѓа	798
телевизија	797
мечот	797
млеко	797
jaс	797
завршивме	796
коли	795
шерлок	795
сабота	794
кажано	794
втор	794
итно	794
тате	794
дела	793
првото	793
престане	793
понуда	792
тргне	792
заби	791
камера	791
направија	791
смееме	791
црн	791
однесување	791
спиење	790
движење	790
џеси	788
минато	788
готови	788
морето	788
волт	787
испратам	787
старк	787
речеме	786
стефан	786
сакаа	786
продолжам	785
допаѓаш	785
милост	785
млади	784
аеродромот	784
однесеме	783
продолжиш	782
оттука	782
куршуми	781
црква	780
поручнику	780
вејн	779
претвори	779
ставиме	779
женски	779
мислевме	778
глупави	776
последното	776
паметно	775
средба	774
првите	774
камионот	773
фил	773
нападот	773
одговорност	772
лежи	770
стигнам	770
провериме	770
хенк	770
умот	770
видео	769
фустан	769
научив	768
силата	767
покаже	767
поминеш	767
светлината	767
внимавајте	767
шегувам	766
следам	765
заборавај	765
умираат	765
решение	764
слатка	764
рејчел	764
повторувам	764
агенти	764
разговара	763
пит	763
код	763
задржам	763
база	762
другари	762
пронајде	762
кожа	762
лили	760
тргнеш	760
смирете	760
цели	760
игри	759
спасиме	757
американски	757
натпреварот	757
пиеш	757
улиците	757
чекав	757
топло	756
болест	756
јадеме	756
снема	756
оглед	755
оставил	755
втора	754
волја	753
пијан	753
прекрасни	753
воз	753
фактот	752
задник	751
чувствува	751
оки	751
одвратно	751
мртвите	750
екипа	750
анџелес	750
платиш	750
дознав	749
нештата	749
кажат	749
кажала	748
различно	748
даваат	748
онаму	748
круг	747
користам	747
принцот	747
завршена	746
прашаш	746
банката	746
опрема	745
топката	744
женска	744
изгубиш	744
рекла	743
поле	743
болката	742
форма	742
човечки	741
вилијам	741
мексико	741
камион	740
правило	740
прекини	740
дознаеш	739
одмазда	739
прстен	738
размислам	738
лет	738
поблиску	737
секаде	737
англија	737
средно	735
хм	735
брус	735
исток	734
доцнам	734
хартија	734
јавете	734
посебен	733
границата	733
непријателот	733
луси	733
направивте	732
ел	732
филип	732
побрзајте	732
работел	732
картичка	732
мрази	732
чевли	731
доверба	731
диши	731
готова	730
помогнат	729
прозорецот	729
ставив	729
борат	728
мачка	728
марти	727
велите	727
генерал	727
ебен	726
ветив	726
добрите	726
делот	726
надолу	726
гради	726
разговарав	725
пијам	724
лекс	724
слободни	724
извадам	723
градите	723
скалите	723
настрана	723
они	723
нервозен	722
безбедна	722
надеваме	721
поправи	721
духови	721
однесуваш	721
стигнавме	720
очекува	720
ејми	720
грешки	720
џои	719
враќање	719
замена	719
ставете	718
калифорнија	717
очекувам	717
гледаше	717
заслужува	717
досие	716
играат	716
обичен	716
посета	716
подготви	715
јазикот	714
почни	714
втората	714
никако	714
седиш	713
слава	713
поминува	713
размислуваш	713
страни	713
чудни	713
семи	712
ед	712
дејмон	712
плажата	712
ангел	712
влегува	712
главната	712
молиме	710
базата	709
лица	709
правец	707
слушнете	707
останат	707
слушне	707
помисли	706
картер	706
даниел	705
oх	704
сфати	704
старата	704
епизода	703
повтори	703
започнува	702
компјутер	700
простете	699
тргна	699
следните	699
нивното	699
итан	699
најголемиот	698
гласот	698
подгответе	698
сериозна	697
век	697
село	697
оддел	696
другото	696
мисијата	696
сред	694
списокот	694
полни	694
училиштето	694
истрага	694
повикам	693
обидеме	693
бизнисот	692
следиш	692
суштества	691
истотака	691
поздрави	691
кина	691
погрешен	691
домот	691
месечината	691
судијата	690
девојчето	690
изјава	690
исплашен	689
духот	689
запознаеш	688
торбата	688
сезона	688
топка	688
дон	688
допирај	687
идеи	687
прав	686
отворена	686
област	686
величество	685
кутијата	685
палмер	685
доаѓаме	685
негово	685
изненаден	685
затворен	684
гомна	684
засега	684
фали	683
обид	683
запре	683
проклето	683
покажеш	682
генералот	681
дозволиме	681
преживее	681
трева	679
сигналот	679
роуз	679
идејата	679
чувството	678
попладне	678
имаа	678
европа	678
однесеш	677
рој	677
важни	677
невин	676
програма	676
класа	676
прием	676
тајлер	676
даваш	676
сè	676
алкохол	675
зборувавме	675
чуствувам	675
жртвата	675
прстенот	675
разберам	675
проверив	674
господарот	674
тешки	674
операцијата	674
задникот	674
логан	673
волку	673
верував	673
џеф	673
претстава	672
роди	672
грег	672
сто	672
слушнавте	671
геј	671
црно	670
обезбедувањето	670
птица	670
мобилен	670
прилика	669
тоалет	669
следете	669
прочитав	669
бени	669
носеше	669
кому	668
пауза	668
качи	668
силна	668
лек	667
црвено	666
сакавме	666
сонце	666
мирен	666
музиката	666
двата	666
влез	665
читаш	665
тоалетот	665
недостига	665
нормален	665
некакви	665
очекуваш	664
метата	663
богат	663
разговаравме	663
обработка	663
запад	663
слаб	662
бери	662
сведоци	662
пораката	662
цврсто	662
состанокот	661
шише	661
стомакот	661
адреса	661
пукајте	661
започне	661
говор	661
смит	660
извлече	660
брз	660
знаци	660
нагоре	659
смешен	659
нашле	659
отворено	657
генерале	657
големите	656
пробаш	656
вистинското	656
милји	656
предвид	656
понеделник	656
мораат	656
срам	655
клеј	655
губиме	655
синови	654
држиме	653
мрежа	653
белата	653
добил	653
барот	652
нарече	652
бремена	652
честитки	652
чуваш	652
бродови	652
успееме	651
јавува	650
тек	649
слатки	649
викај	649
кариера	648
повлечи	648
гори	648
отидеш	648
победиш	648
добиваш	648
убиени	647
одново	646
чаша	645
следно	645
трик	645
поминавме	645
правда	645
лов	645
мич	644
врски	644
автобус	643
мајами	643
ла	643
планината	642
познава	642
дозволено	642
мрдни	641
следен	641
бегство	640
барање	640
второ	640
паркот	639
паметна	639
вторник	639
поддршка	639
должиш	639
бакнеж	638
досадно	638
русите	637
отидам	637
купиш	637
експлодира	637
природата	637
салата	636
парчиња	636
излегувам	636
камери	636
тотално	636
идеа	635
лин	635
случуваат	635
кас	635
истите	635
бргу	635
илјада	634
нејзе	634
читам	634
висок	634
правев	634
групата	634
заќути	634
ѕид	634
имот	633
саат	633
одеше	633
стоиш	632
престанам	632
погледнеш	632
црвена	631
викнам	631
листата	630
полковнику	630
фатете	630
пробаме	630
идиоти	630
агентот	629
невини	629
првпат	629
безбедни	629
крадец	628
листа	628
пораки	628
едвард	627
вампир	626
поврзани	626
чисти	626
враќаме	626
самите	625
почина	624
линколн	624
вратил	624
врската	623
водач	623
список	623
звук	623
ди	622
џејми	622
мета	622
деб	622
зона	621
зборовите	621
разликата	621
франција	621
пристигна	621
колена	620
лета	620
маркус	619
заебан	619
посебна	619
нападна	619
ќерката	619
започнеме	618
потрага	618
зло	618
најдовте	618
км	618
пиење	617
јади	617
заинтересиран	617
напуштам	617
понуди	617
безбеден	617
влада	617
глуп	616
холмс	616
фин	616
ресторан	616
кели	615
лажго	615
земат	614
глупост	614
дадоа	614
градоначалникот	613
сети	613
јадат	613
најголемата	612
принц	612
чија	612
молчи	612
заборавиш	612
дрогата	612
загуби	611
дебел	611
амин	611
предизвика	611
линијата	610
огромен	610
океанот	609
повредиш	609
нарекуваат	609
мачи	609
борбата	609
неверојатен	609
локација	609
шо	608
зедов	608
филмови	608
планетата	607
возење	606
старо	606
професоре	606
стојат	605
третиот	605
фантастично	605
гол	605
стигнеш	605
извор	605
бегаш	605
торба	604
струја	604
вегас	604
лето	604
сѐ	603
лута	603
теорија	602
играч	602
придружи	602
судија	602
сцена	602
решиме	601
меѓувреме	601
вајт	601
автобусот	601
сметката	600
стапица	600
пушка	600
пријатен	599
јајцата	599
кол	599
жешко	599
период	598
продаде	598
пие	598
снимката	598
моменти	598
африка	598
поени	597
почнете	597
сеќавате	597
однос	597
убиваат	596
огнот	596
судот	596
обидував	596
рак	595
малечка	595
чесен	595
армијата	594
пица	594
воен	593
броди	593
советот	593
запри	592
сретнав	592
отказ	592
вклучи	592
документите	592
најдоа	591
глупак	591
верувајте	591
пробав	591
задоволен	591
стотици	591
проклета	591
шампион	591
гориво	591
ужасна	590
кетрин	590
храбар	590
нил	590
џонс	590
сторив	590
возможно	590
предност	589
кал	589
чак	589
животите	589
принцезата	588
забави	588
допаѓаат	588
лана	588
поздрав	588
намести	587
педер	587
фамилијата	587
стојам	587
изгубил	587
контролира	586
пука	586
сајмон	585
шерил	585
алис	584
покажете	584
души	584
сигурност	583
воздухот	583
сопре	583
криеш	583
насмевка	583
ебена	583
епизоди	583
крив	583
победиме	583
успееш	582
заминувам	582
неверојатна	582
однесете	582
добивам	582
претставува	581
убијци	581
предлагам	581
налог	581
самоубиство	580
совршена	580
признаам	580
отишол	580
мојсеј	579
отворен	579
загрижена	579
моторот	579
плашат	579
држат	578
крени	577
хаос	577
расте	577
плаќа	577
полноќ	576
разбере	576
уживај	575
обложувам	575
тргај	575
делува	575
компјутерот	575
абе	574
предупредување	574
you	574
спречи	574
први	574
почнувам	574
допре	572
летот	572
обидеш	572
плата	572
обидуваме	572
водат	571
дозна	571
предлог	571
возило	571
народе	571
александар	571
подршка	570
продава	570
нарекува	570
негови	569
грешиш	569
полно	569
улога	568
директор	568
јако	568
справам	568
демон	567
постави	567
возраст	567
лекција	567
патрик	566
чув	566
дошле	566
запрете	566
фатиш	565
водиш	565
човештвото	565
решив	565
даг	565
одделение	565
џексон	565
нападнат	564
создаде	564
изгледате	564
следното	564
одделот	563
детали	563
дното	563
ебате	562
соништа	561
вирусот	561
плаќаат	560
адресата	560
фрлам	560
отидеме	560
аголот	560
прифатам	559
роднина	558
убиете	558
плаќам	558
лу	558
договоривме	558
ема	558
пени	558
убиле	558
доброто	558
вниманието	557
станав	557
пишувам	556
болна	556
ходникот	556
пекол	556
мобилниот	556
лорд	556
познавате	556
одев	554
дожд	554
сузан	553
учи	553
сестро	553
петар	553
сок	553
помислил	553
јавувам	553
блиски	553
танц	553
единици	553
опасни	553
мајмун	552
црниот	552
чувар	552
слушнале	552
ослободам	552
кожата	552
нејтан	551
новите	551
степени	551
благодарен	550
услови	550
мари	550
почнуваме	550
лаги	549
поголемо	549
знаевме	549
стравот	549
виновна	549
џунглата	549
погодам	548
терен	548
повикај	548
артур	548
ѓи	548
маска	548
убијте	547
вклучувајќи	547
одведе	547
професор	547
отидоа	547
воена	547
спомна	546
леб	546
начини	546
дик	546
тргнувај	546
замислам	546
четворица	545
џекс	545
дадат	545
легни	545
истражување	545
смрди	545
членови	544
вилсон	544
меги	544
француски	544
стен	543
уништам	543
почнаа	543
уапсен	543
фреди	542
моќи	542
дворот	542
играј	542
вестите	541
проклети	541
брегот	541
речи	541
животните	541
покривот	540
трка	540
броеви	540
лудак	540
лекар	539
покани	539
отвориш	539
благослови	539
средината	539
земал	538
виски	538
хеликоптер	538
успех	538
мил	538
продолжува	538
лекови	538
копилиња	538
сирење	538
облечи	538
бело	536
останаа	536
исплаши	536
ебе	536
прими	536
одри	535
југ	535
појадок	535
замокот	535
днк	535
чудна	535
користиме	535
тажно	535
rо	535
пијачка	534
поголеми	534
откажам	534
док	534
благодариме	533
текна	533
арон	533
заминува	533
џесика	533
опасна	533
поднесам	532
обидуваат	532
коњи	531
викни	531
лична	531
паркер	530
гадно	530
ноќе	530
шерифе	529
осигурување	529
стивен	529
отворени	529
машината	529
проект	528
ѓавол	528
марта	528
присуство	527
збори	527
коски	527
превоз	527
египет	526
тексас	526
црни	526
заборавил	526
спасив	526
разбудив	526
лути	525
бели	525
живеете	524
ризик	524
тејлор	524
програмата	524
подрумот	524
ебан	524
нарекуваш	524
влегов	523
пуштиме	523
намерно	523
гледал	523
скршам	523
многумина	523
победам	523
погрешна	523
прсти	523
висост	523
вам	523
викате	523
редот	523
ники	523
благодарение	522
пожар	522
ева	522
вештерка	522
забележав	521
сестри	521
снимка	521
одлуки	521
ален	521
извинам	521
повлече	521
кадешто	520
пукање	520
талент	520
извинување	519
докажам	519
вештини	519
мразиш	519
езерото	519
болно	519
натерам	519
братот	519
затворена	519
враќај	518
насока	518
официјално	518
верба	518
сликите	517
испадна	517
спиеше	517
требам	517
тргнуваме	517
сладолед	517
објаснување	516
локацијата	516
дознаат	516
ен	516
познати	516
џордан	515
заминете	515
лабораторијата	515
поручник	515
риби	514
повици	514
забите	514
братучед	514
исчезне	514
денис	514
сетам	514
поврзан	513
ниеден	513
слушнала	513
хери	513
одлични	513
факултет	513
типови	513
весник	513
буден	512
изеде	511
керол	511
светлата	511
морал	511
чувствував	511
предадам	511
куќи	511
учител	511
неможеш	511
ептен	511
изгубиме	510
конор	510
намали	510
поѓаволите	510
богови	510
битката	509
полицајците	509
слушаме	509
камења	509
имај	508
годишно	508
уморен	508
торта	508
напишам	508
прстите	508
повлечете	507
уредот	507
облеката	507
алишта	507
машко	507
шоуто	506
годината	506
злото	506
поврзано	506
сид	505
шансите	505
куќава	505
затворам	505
зезаш	504
тече	504
одмори	504
мртво	504
насилство	504
губиш	504
пустината	504
ножот	503
свештеник	503
рита	503
ваши	503
цицки	503
сопреме	503
лажеше	503
нам	503
убиваш	503
доаѓај	502
ресторанот	502
предавник	502
вокер	502
двапати	502
секого	501
браќата	501
десната	501
внук	501
то	501
лиса	501
роџер	501
посети	500
скофилд	500
лошите	500
богу	500
влезат	500
највеќе	500
рони	500
јавиме	500
потер	499
свети	499
служи	499
свиња	499
излегувајте	499
френки	499
ловец	498
нос	498
застрела	498
свесен	498
бред	497
селото	497
пушката	497
украл	497
елизабет	497
затвореник	497
момчињата	496
слободата	496
добијат	496
министерството	495
капа	495
бабо	495
природа	495
комбето	495
завршено	494
опција	494
сопрам	494
копија	494
смеете	494
нула	494
искористам	493
способен	493
хеликоптерот	493
бега	493
свадбата	493
гери	493
темнината	493
вселената	493
кажавте	492
убивање	492
машки	492
најголем	492
весниците	491
господинот	491
ставил	491
најпосле	491
елен	491
губам	491
изутрина	491
пријателу	490
рон	490
телата	490
пронајдам	489
пичка	489
израел	489
омилен	489
кладам	489
знаење	489
земаш	489
носиме	489
бесплатно	489
офицер	488
убавина	488
позната	488
свое	487
дерек	487
плажа	487
чувствувате	487
наки	487
дозволувај	487
накај	486
храмот	486
најважно	486
камп	485
мислел	485
пробувам	485
технички	485
излегуваш	484
успеам	484
целосна	484
откажеш	484
радувам	483
задржиш	483
смеат	483
чул	483
чекори	483
оф	483
човечко	483
вечно	482
извлечам	482
мат	482
пукам	481
цигари	481
вили	480
велеше	480
извлечеш	479
птици	479
вмешан	479
оливија	479
рос	479
свири	479
постар	479
пациент	479
дрвото	479
цигара	479
германија	478
поточно	478
пилот	478
погодок	478
умирам	478
вера	477
црнец	477
менуваат	477
учам	477
копилето	477
влијание	477
станете	477
мотор	477
ужасен	477
пријателот	477
средина	476
каменот	476
давид	475
пукаш	475
повикот	475
зафатена	475
поверува	474
исплашена	474
катастрофа	474
команда	474
исчисти	474
специјален	473
нареди	473
кучињата	473
искористиме	473
неможе	473
кралу	473
покажеме	472
чек	472
прст	472
малата	472
враќаш	472
осомничен	472
телефонски	472
хелен	472
роднини	471
екипата	471
светлото	471
лека	471
миличок	470
црвен	470
дупката	470
четврток	470
притвор	470
драг	470
мадам	469
буквално	469
oва	468
спуштете	468
технологија	468
бум	468
извештајот	467
мек	467
модел	467
клиенти	467
магијата	467
згоден	467
проверете	467
синди	467
џеки	467
пита	466
отров	466
грабеж	466
мрднете	466
политика	466
веруваше	466
бони	466
маршал	466
висока	466
мајки	465
извлечеме	465
измама	465
робот	465
хауард	465
оскар	464
средиш	464
одел	464
фудбал	464
карен	464
тајно	464
јавноста	464
почнат	463
кампот	463
истрагата	463
ебано	463
русија	462
станат	462
симни	462
гладна	462
светла	462
давај	461
пристаништето	461
кукавица	461
погребот	461
тврди	461
случајност	460
вечерта	460
оставите	460
чита	460
успева	460
побарав	460
окото	460
према	459
земји	459
бавно	459
богати	459
ѕвездите	459
вкусно	459
фина	459
спротивно	458
проверка	458
среќата	458
станал	458
мејсон	458
автопатот	458
кејти	457
зборам	457
осеќам	457
нападне	457
неодамна	456
полковник	456
касно	456
нејзина	455
патувањето	455
коњот	455
глави	455
американците	455
директорот	455
резултат	455
света	455
мрежата	455
малите	455
памет	455
стануваат	454
берлин	454
поминал	454
останати	454
сватив	454
партнери	454
помагаш	454
вознемирен	454
жртвите	454
шок	454
значење	454
поседува	453
замислиш	453
кошмар	453
милијарди	453
договори	453
имињата	453
девојчиња	453
фатија	453
сцената	452
џош	452
става	452
собери	452
часовникот	451
полудел	451
правдата	451
употреби	451
помошник	451
кино	451
оу	451
интерес	451
соберам	451
сфатиш	451
потврди	450
агол	450
теди	450
норбит	450
плачеш	450
наградата	450
лорде	450
часовник	449
поклон	449
возилото	449
сонот	449
силни	449
војниците	448
напишав	448
канал	448
сенка	448
џејкоб	448
цезар	448
демони	447
лудило	447
задржиме	447
носите	447
познавав	447
гледање	447
бракот	446
наполни	446
уништување	446
останатото	446
откри	446
добре	446
змеј	445
изборот	445
довидување	445
заклучи	445
затворени	445
интервју	445
гостин	445
бла	445
криминалец	445
кеш	444
долар	444
звучиш	444
замени	444
здив	444
луѓево	444
рана	444
поставам	444
лични	444
нина	444
стоп	444
приватен	444
градови	444
дечкото	443
универзумот	443
остава	443
живеев	442
гувернерот	442
реално	442
ризикувам	442
замолам	441
одело	441
напиша	441
предмет	441
брег	440
возач	440
притисокот	440
наше	440
факт	440
невоља	440
оружја	439
помагам	439
никакво	439
влезот	439
вистинските	439
правете	439
губитник	439
речеш	439
сонував	438
моравме	438
банда	438
уништиме	438
одлучив	438
ненси	437
стигнав	437
соберете	437
лифтот	437
морис	437
застане	436
согласи	436
тренинг	436
ретко	436
организација	436
краток	435
текнува	435
можеа	434
товар	434
декс	434
фативме	434
ребека	434
прашува	434
милер	434
провериш	434
поранешен	434
поминат	434
свадба	433
дошла	433
принцеза	433
чуваат	433
излегов	433
заслужи	433
размислиш	433
престана	432
фарма	432
наопаку	432
купер	432
сметаат	432
сменам	432
забавуваме	432
работ	432
ѕвезди	432
мени	431
робови	431
потешко	431
проблемите	431
возбуден	431
дамо	431
претходните	431
војнику	431
нему	431
открие	430
голф	430
движат	430
работава	430
слушнавме	430
граница	430
светски	429
фирма	429
почитувам	429
мечка	429
полициски	429
завршил	429
сретнам	429
изглед	429
сметки	429
заврти	429
запозна	429
звукот	429
пишуваш	428
сенаторот	428
непријатно	428
ебени	428
костум	428
богатството	427
исфрли	427
собере	427
сендвич	427
стигнат	427
наредникот	427
возбудливо	427
способности	427
хиро	427
слушаат	427
поминете	427
повредена	426
судење	426
глад	426
принцезо	426
природно	426
извадиш	425
посакаш	425
софи	425
јужна	425
почекаме	425
левата	425
шума	425
збориш	425
смена	425
портата	425
кажуваше	424
пазарот	424
омажи	424
вината	424
сериозни	424
ќелија	424
удобно	424
гарантирам	423
мапата	423
играчки	423
сретнавме	423
гласно	423
некакво	423
признавам	423
убиена	422
радост	422
визија	422
имавте	422
џеб	422
дваесет	422
вотсон	422
лесна	422
тревис	421
мапа	421
убила	421
двојно	421
уживам	421
држави	421
податоците	421
избегаш	421
сабајле	420
навреда	420
џонатан	420
влијае	420
бес	419
погоден	419
уништиш	419
напишал	419
џес	419
христе	419
тестот	419
продажба	419
бетмен	419
несреќата	418
сфатам	418
знакот	418
винсент	418
џонсон	418
измами	418
легенда	418
умреа	418
пратиме	418
состојбата	417
месечина	417
наредник	417
откријам	417
медицинска	417
побегна	417
областа	417
откажа	416
криминал	416
издржам	416
пали	416
стрес	416
заслужуваш	416
напорно	416
воени	416
извадиме	416
црвениот	416
различен	416
запамти	415
зел	415
шериф	415
идиоту	415
омар	415
фаза	415
tоа	415
масло	414
моќен	414
професорот	414
големина	414
некому	414
гаражата	414
умри	414
терористите	414
прочита	413
разговарате	413
ебеш	413
прифаќам	413
смисол	412
комплицирано	412
вирус	412
неред	411
изворот	411
настан	411
спасување	411
ерусалим	411
доказите	411
ени	411
гордон	411
сопствената	411
одбра	410
пратив	410
спрат	410
знаела	410
уметност	410
муниција	410
звучеше	410
потсети	409
подароци	409
кејн	409
уживајте	409
затворете	409
семејства	409
пее	409
мачки	409
бива	408
побарај	408
деталите	408
сексот	408
венчавката	408
направени	408
год	408
страшен	408
тукушто	408
грозно	408
адвокатот	407
територија	407
реакција	407
играње	407
одведам	407
земјава	407
соби	407
мошне	407
ела	407
можности	407
ели	406
кит	406
слушнеме	406
заеба	406
десна	406
спиев	406
плаче	406
чистење	406
честа	406
едниот	406
говори	406
будало	405
маргарет	405
другарче	405
купиме	405
експлозија	405
внимателни	405
to	405
грин	404
седнеш	404
обидете	404
светиот	404
пиј	404
интересна	404
долината	404
оградата	404
збунет	403
долги	403
јадете	403
томсон	403
вампири	403
хмм	403
поважно	403
бирото	402
разговорот	402
месеца	402
флорида	402
дине	402
замоли	402
снег	402
контролата	402
скали	401
послушај	401
човечка	401
играте	401
мики	401
неделно	400
планираш	400
рид	400
песната	400
доцниш	400
тргнат	400
можноста	400
купил	400
избегал	400
победив	400
страшна	400
уф	399
бомби	399
оттаму	399
кара	399
средства	399
томпсон	399
влегувајте	399
уживаш	399
заборавиме	399
ставаш	399
импресивно	398
погледнеме	398
сина	398
кошула	398
кодот	398
публиката	398
враќаат	398
поинаков	398
патишта	398
љубоморен	398
харисон	397
резултати	397
полициска	397
најлошото	397
остануваат	397
алфа	397
заедничко	397
супа	396
операции	396
ужасни	396
поверуваш	396
лоренс	396
одредени	396
терористи	396
грижиме	396
затвореници	396
погреб	396
насамо	395
чувајте	395
пошта	395
сторено	395
вежба	395
способност	395
победник	395
воин	394
будали	394
императорот	394
немавме	394
површината	394
секакви	394
интересен	393
смешна	393
добивте	393
специјална	393
околината	393
борец	393
избра	393
ноќи	393
ослободиме	393
коска	392
главите	392
заминал	392
немало	392
соблечи	392
кујна	392
желби	392
претставам	392
нападнеме	392
празна	392
напади	392
став	392
шрек	392
осамен	392
засолниште	391
панталони	391
ѕидовите	391
ранет	391
менаџер	391
рагнар	391
паника	391
теренот	391
пукаат	391
погрижиме	391
меган	391
омилена	391
пријави	390
пакет	390
рани	390
губење	390
нај	389
лабораторија	389
закони	389
удрам	389
краули	389
продадам	389
tи	389
заштитиме	389
онде	389
срцев	389
лекот	389
изгубен	389
знаеле	388
божји	388
рајли	388
опремата	388
инцидент	388
седиме	388
откриеме	387
знаевте	387
кафето	387
алармот	387
одлуката	387
лудница	387
загуба	386
отвориме	386
разни	386
тивок	386
гаќи	386
школото	386
уред	386
сос	386
црвената	386
тестови	386
трудам	385
јасен	385
цвеќе	385
фунти	385
шеќер	385
живееше	385
справи	385
лав	384
снимки	384
планира	384
посилно	384
почнавме	384
празен	384
пуштат	384
договориме	384
благодарност	384
помошта	384
американец	383
роба	383
книгите	383
фабриката	383
франк	383
летам	383
предадеш	383
напуштиш	383
кутриот	382
физички	382
бран	382
објаснува	382
допаѓаше	382
чад	382
сруши	382
вредно	382
жими	382
националната	382
градоначалник	382
заминав	381
чевлите	381
сопственост	381
фотографија	381
уши	381
миг	381
играчка	381
сметаш	380
среде	380
собереме	380
кокаин	380
слеп	380
дала	380
добриот	380
прифатиш	380
крило	379
тргнал	379
кралство	379
трет	379
грешам	379
бензин	379
криминалци	379
барај	379
заштитиш	378
пилешко	378
мирот	378
здрав	378
ученици	378
јавуваш	378
дише	378
очекуваше	378
мис	378
примерок	378
грижат	378
направен	378
разбудиш	378
седиште	378
добиваат	378
внимавам	377
серија	377
внимаваш	377
џереми	377
побегне	377
контролираш	377
топла	377
ослободиш	377
нападнаа	377
песни	377
витез	377
крег	377
уништен	377
другарка	376
американската	376
јапонија	376
размислување	376
откачи	376
излегуваат	376
облечен	376
поминувам	376
пронајдеме	376
стомак	376
лукас	376
чин	376
полуде	375
све	375
госпоѓа	375
обична	375
струјата	375
пa	375
бакни	375
полицаецот	375
ниско	375
градина	374
прстот	374
забрането	374
влегувам	374
празни	374
чинеше	374
состаноци	374
полицаецу	374
бура	374
плашев	374
решам	374
мајоре	374
змија	374
пушиш	374
гордеам	374
криза	374
имајте	374
експлозијата	374
мирис	374
платат	373
замок	373
американци	373
весникот	373
фред	373
сетив	373
кукла	373
маската	373
придружиш	373
автомобили	373
планините	372
спијат	372
вратија	372
ушите	372
погледна	372
последниве	372
билет	372
илај	372
вампирите	371
несреќен	371
познаваме	371
старец	370
чекаше	370
клучеви	370
писма	370
облик	370
агенте	370
уништат	370
раса	370
темно	370
напредок	370
лик	370
песок	370
лажна	370
дејвис	369
експерт	369
курот	369
влегол	369
ветување	369
поднесе	369
чудовишта	369
годините	369
застана	369
викаме	369
кровот	369
кула	369
мост	368
министерот	368
услуги	368
руски	368
фотографии	368
јавно	368
исчезнат	368
роман	368
спречам	368
преживеа	368
влегуваме	368
авиони	367
доаѓате	367
сопственик	367
материјал	367
раната	367
сомнеж	367
патува	367
наука	367
вративме	367
проектот	367
досието	367
оставај	367
ај	367
праќа	367
освои	366
објасниш	366
недостигаш	366
џема	366
мајлс	366
таен	366
умрела	366
бегам	366
германски	366
бањата	366
индија	366
радиото	365
сакавте	365
малото	365
колега	365
правеле	365
донесеме	365
дилер	365
спалната	365
прочитам	365
добрата	365
заљубен	365
почекам	364
отец	364
нелсон	364
венчавка	364
холивуд	364
јавија	363
пиеме	363
запознаеме	363
огромни	363
ленард	363
појавува	363
излезат	363
заебано	363
озбилно	363
новинар	363
лева	363
јавил	363
кинг	363
зајак	362
слушав	362
аеродром	362
панталоните	362
попрво	362
харис	362
предупредам	361
магаре	361
аман	361
сефот	361
човеков	361
слабост	361
слушнат	361
предавство	361
чесно	361
опседнат	360
пријателство	360
процес	360
едгар	360
односи	360
фрлете	360
трката	360
москва	360
евреите	360
марко	359
прекинувам	359
обидел	359
апартман	359
погледот	359
платив	359
мети	359
гласини	359
потрае	359
гениј	359
кралството	359
заедница	359
чиј	359
плановите	358
рики	358
изборите	358
костим	358
северна	358
вредност	358
сопствениот	358
осомничениот	358
умрете	358
положба	357
заминуваме	357
главна	357
можиме	357
херои	357
балтимор	357
седнам	357
домашна	357
спомени	357
сонувам	357
пропуштам	357
мерлин	357
врат	357
јехова	357
богот	357
рене	356
небо	356
тема	356
тажен	356
сет	356
венди	356
кент	356
црната	356
св	356
грижите	356
мичел	356
забавуваш	356
требал	356
потврда	356
чуваме	356
лажев	356
користел	356
наводно	356
извадете	355
кеј	355
трикови	355
заминаа	355
трета	355
должи	355
следев	355
гроб	355
личноста	355
спреми	355
итна	355
учиш	355
дозволите	355
оженет	355
христос	355
запалам	355
пуши	355
фабрика	354
порно	354
пиштоли	354
божик	354
почекаш	354
единствените	354
однапред	354
коди	353
требаа	353
убивам	353
блок	353
викнете	353
малце	353
немал	353
уверувам	353
николас	353
потсетува	353
бенет	352
изгради	352
еj	352
судењето	352
итен	352
дамата	352
едната	352
нивна	352
пенис	352
одржи	352
честито	352
активности	351
заминат	351
изморен	351
запреме	351
нормална	351
предавам	351
базенот	351
покажуваат	351
продавам	350
брзи	350
мразат	350
стануваш	350
сопственикот	350
ожени	350
oд	350
гужва	350
удари	350
распоредот	350
личен	350
удриш	350
џули	350
колачиња	349
чувари	349
загина	349
вештерките	349
најголемите	349
демонот	348
слични	348
дозволува	348
ангелите	348
пукаше	348
камерите	348
чуда	348
карактер	348
зафатени	348
резултатите	347
останато	347
бебиња	347
ѓубрето	347
сеќавања	347
страната	347
мини	347
хектор	347
необично	347
пушки	347
догледање	346
дневно	346
писател	346
планина	346
сопствена	346
владее	346
гола	346
забавен	346
слуга	346
зголеми	345
безбедноста	345
патека	345
трпение	345
ирак	345
побргу	345
среда	345
одговорам	345
јакна	345
белите	345
започнам	344
реалноста	344
планирам	344
терапија	344
земаа	344
запрам	344
рај	344
алисон	344
гордост	344
црвени	344
глупаку	344
проклетиот	344
грејс	343
генерација	343
дишам	343
чуствуваш	343
граници	343
заменик	343
огледало	343
горда	343
битно	343
јули	343
користите	343
дејна	343
посебни	343
спуштам	343
држеше	343
продаваат	343
лажни	343
универзитетот	343
нед	343
лок	343
вознемирена	342
покана	342
and	342
загубив	342
че	342
водиме	342
зафркаваш	342
писмото	342
врши	342
леташ	342
огромно	342
контролирам	341
поголемиот	341
пронајдов	341
аманда	341
успеал	341
фармата	341
кома	341
aко	341
срамота	341
традиција	341
центи	341
возврат	341
премин	340
весници	340
цвеќиња	340
возила	340
пратат	340
златото	340
запомнете	340
командант	340
групи	340
заложник	339
убиствата	339
сали	339
затворат	339
сопругот	339
кинески	339
играчи	339
фајед	339
бре	338
политиката	338
докаже	338
хероин	338
удрив	338
џебот	338
кулата	338
мајку	338
надзор	338
сериски	338
недостасуваш	338
специјално	338
овај	338
појма	337
советник	337
грев	337
очекуваат	337
пропушти	337
алмеида	337
терај	337
слаба	337
деа	337
заслужувам	337
лени	336
гладни	336
курви	336
служам	336
марван	336
посилен	336
божја	336
репутација	336
дар	336
јаже	336
исполни	336
коските	336
преживееш	336
стрела	336
сестрата	335
застанеме	335
сектор	335
научил	335
џерси	335
стап	335
волк	335
возачот	335
имотот	335
униформа	335
зима	335
стално	335
колачи	335
ловци	335
победата	334
сваќаш	334
прозорец	334
медицински	334
изгубени	334
пазар	334
мрдајте	334
маче	334
страст	334
излегол	334
соломон	334
загрижени	334
смениме	334
сценарио	334
згрешив	333
кинезите	333
погледне	333
женско	333
зборувал	333
норман	333
бостон	333
штити	333
меј	333
испратив	333
утринава	333
голи	333
помал	333
јо	333
побрзаме	332
работник	332
високи	332
ќути	332
науката	332
куршумот	332
коњите	332
фустанот	332
расположен	332
лора	332
брка	332
прозорот	332
излажа	332
бет	331
кертис	331
уморна	331
откажувам	331
тренер	331
правата	331
поли	331
фантазија	331
диего	330
ученик	330
привремено	330
поента	330
наоѓаме	330
мерки	330
цар	330
комплетно	330
смениш	330
пријателки	330
подигни	330
требала	330
впечаток	330
информацијата	330
размислува	330
сенаторе	329
комбе	329
секирај	329
најголема	329
бр	329
хјустон	329
сретнал	329
младите	329
глупо	329
зелено	329
изврши	329
видови	329
џозеф	328
мешај	328
биро	328
винс	328
развод	328
чувствуваат	328
натераш	328
шелдон	328
јавите	328
обвинет	328
кријам	328
чоколадо	328
излезот	328
престанеме	327
топ	327
ситно	327
вреќа	327
тод	327
празно	327
следење	327
баз	327
тарнер	327
полето	327
чекате	327
лоис	327
американскиот	326
почнуваат	326
мајор	326
верзија	326
ѕверот	326
омраза	326
ебаго	326
пропуштив	326
авантура	326
проклетата	326
алберт	326
околности	326
убеди	326
андерсон	326
ендру	326
заеднички	325
газда	325
оо	325
младиот	325
вон	325
краде	325
пазете	325
трчаш	325
светов	325
рут	325
самсон	325
кутии	325
предмети	325
преживеам	324
добиваме	324
качам	324
ветрот	324
потивко	324
паднал	324
понудам	324
читав	324
колеги	324
преведе	324
навика	323
амелија	323
моника	323
движиме	323
избегаме	323
симбол	323
лори	323
тимови	323
повикав	323
странец	323
дождот	323
векови	323
ммм	323
заглавен	323
сцила	323
лутиш	323
открив	323
префрли	323
недостасуваше	322
помислам	322
bi	322
багажникот	322
дале	322
нација	322
излегуваме	322
it	322
фаца	322
вклучува	322
опа	321
кејси	321
одби	321
стават	321
патници	321
грлото	321
одење	321
челик	321
супермен	321
повредени	321
наоѓам	321
одведи	321
допреш	321
северот	321
маја	321
граѓани	321
задачата	321
раѓање	321
слушнато	321
печатот	320
патеката	320
личиш	320
двор	320
секои	320
змејот	320
пенкало	320
сваќам	320
истече	320
исчистам	320
собава	320
греј	320
трча	320
лисици	320
жешка	320
таквите	320
нивни	320
бојата	320
спречиме	320
лиза	320
врне	320
третата	320
паѓаат	320
израз	319
мани	319
практично	319
разговори	319
погрешни	319
складиштето	319
соништата	319
џандар	319
свиѓа	319
иде	319
џенет	318
руби	318
завршат	318
закани	318
скапо	318
џена	318
разбираме	318
андре	318
вреден	318
дебела	318
непознат	318
осмелуваш	318
лидер	318
исправи	318
прашуваат	318
натали	317
нервозна	317
направена	317
работници	317
лео	317
погледнав	317
беј	317
точки	317
ветер	317
собира	317
донел	317
јак	317
пушам	317
наоѓаат	317
затворено	316
нежно	316
вирџинија	316
шпион	316
прочитај	316
библиотеката	316
сузи	316
соработка	316
сопреш	316
ѕидови	316
подготвено	316
политички	316
палатата	315
магла	315
сеќавање	315
тес	315
сеќава	315
марш	315
саманта	315
одсекогаш	315
најбрзо	315
предизвик	315
отидовме	315
преземам	315
тажна	315
пренесам	315
следеше	314
лажен	314
застрелан	314
прошетка	314
играше	314
поправиш	314
системи	314
повлекување	314
бади	314
роки	314
трејси	314
братче	313
човечката	313
обожавател	313
забележа	313
пратете	313
сопругата	313
путер	313
барајќи	313
брзината	313
отпуштен	313
шарлот	313
кажував	313
роби	313
солзи	312
обидуваше	312
трите	312
доручек	312
повикува	312
та	312
општеството	312
винчестер	312
спасат	312
побараш	312
линк	312
работевме	312
допаѓам	312
германците	312
останав	312
мачката	312
совест	312
настани	311
следна	311
обидувајќи	311
предупреди	311
тура	311
сложувам	311
возрасен	311
предизвикува	311
глен	311
даниелс	311
тага	311
нејзин	311
девица	311
докторите	311
зек	310
справиме	310
кучката	310
скокај	310
чујам	310
миа	310
вуди	310
пладне	310
сопствен	310
наназад	310
обвинувам	310
софија	309
дрва	309
стотина	309
пријавам	309
килограми	309
возрасни	309
мажена	309
шпански	309
стапки	309
наследство	309
детективе	309
вау	309
почека	309
оброк	308
кријат	308
лордот	308
гледајќи	308
значеше	308
саид	308
мај	308
терорист	308
целосен	308
карлос	308
пијана	308
отпечатоци	308
победува	307
ќерки	307
смртна	307
зак	307
одзади	307
жалиш	307
лудост	307
холи	307
кила	307
живеел	307
кучки	307
гревови	307
соочи	307
затвориме	307
екстра	306
стрит	306
помогнав	306
мед	306
мразот	306
почнуваш	306
харли	306
изненади	306
личам	306
легнам	306
ѕвони	306
гомнар	306
создава	306
ам	306
бореше	305
умираш	305
приватна	305
хан	305
родена	305
повлечам	305
смислиме	305
копче	305
дијаманти	305
браун	305
замка	305
кети	305
власт	305
искрена	305
благослов	305
следува	305
запознал	304
сношти	304
големото	304
одговориш	304
пратил	304
северно	304
ангели	304
станаа	304
сала	304
влегуваш	304
разговараше	304
кругот	303
наследник	303
блејк	303
гробот	303
недостигаше	303
федералците	303
психијатар	303
стоеше	303
јајце	303
срца	303
кислород	303
барни	303
откаже	303
апсење	303
преживееме	303
врева	303
баравме	302
идентитет	302
извести	302
линии	302
дневната	302
ветерот	302
играв	302
ами	302
кажувате	302
извори	302
керолајн	302
фиона	302
касетата	302
полковникот	301
избори	301
агенту	301
род	301
накит	301
преубава	301
паметни	301
мисла	301
кени	301
адвокати	301
марфи	301
мирна	301
сметај	301
избегам	301
дерил	301
нашла	301
река	300
трето	300
кошулата	300
хасан	300
летаат	300
глушец	300
позајмам	300
конг	300
кажале	300
поразговарам	300
јака	300
набрзо	300
спорт	300
наредбата	300
цвет	300
донесоа	300
претставата	300
удрил	299
забележи	299
ударот	299
расел	299
чејс	299
џабе	299
посетам	299
скок	299
мигел	299
дивизијата	299
чинија	299
криминалот	299
зелена	299
омажиш	299
клаус	299
казната	299
ладен	299
одржува	299
учителот	299
приоритет	299
женет	299
стојте	298
мочам	298
чудесно	298
снимам	298
џуди	298
седат	298
побараме	298
повисоко	298
далас	298
деби	298
тон	298
август	298
платиме	297
почувствував	297
јужно	297
напишано	297
изедам	297
возиме	297
глупчо	297
лари	297
славата	297
белец	297
признаеш	297
спиј	296
управува	296
ресурси	296
гром	296
рамо	296
споредба	296
шампањ	296
духовите	296
ем	296
облечам	296
горди	296
каучот	296
италија	296
џенифер	296
свештеникот	296
вооружени	296
бенџамин	296
златна	295
наредбите	295
барал	295
медиумите	295
активност	295
знаејќи	295
паркингот	295
претставувам	295
дупки	295
власта	295
вади	295
подај	295
кретену	295
абу	295
украдов	295
сопрете	295
паметиш	295
доведи	295
џус	295
извините	294
олади	294
прекинете	294
потреби	294
чувствата	294
приближува	294
заседа	294
рековме	294
близок	294
бад	294
новото	294
почнал	294
ризикуваме	294
метал	294
свеж	294
велосипед	294
компании	294
оставаш	293
позборуваме	293
округот	293
пациенти	293
гејл	293
лојалност	293
повлечеш	293
тргнав	293
царот	293
претседателката	293
откога	293
опции	293
отпор	293
купува	293
прашувате	293
поврзи	292
пилотот	292
останувам	292
инспекторе	292
стоиме	292
чекање	292
заминуваш	292
содржи	292
загрижува	292
известам	292
десерт	292
сент	292
тунелот	292
обични	292
студент	291
иан	291
вклучен	291
научник	291
специјални	291
пабло	291
осуден	291
паднав	291
миранда	290
одборот	290
средив	290
неделата	290
библијата	290
телефони	290
презиме	290
океан	290
почувствувам	290
поставиме	290
картата	290
вик	290
уво	290
са	290
смислам	290
влакна	290
ниедна	289
франциско	289
донесат	289
носев	289
ани	289
различна	289
луцифер	289
шшш	289
мајстор	289
марс	289
производ	289
мирни	289
потсетам	289
скршен	289
остават	289
слаби	289
лестер	289
збора	289
беки	289
застанеш	289
спартак	289
напиеме	289
бети	289
заглави	289
тревата	289
задната	289
сту	289
улици	288
светска	288
правото	288
островов	288
нормални	288
повикајте	288
којшто	288
роденденот	288
темата	288
летото	288
вообичаено	288
повикаме	288
нивото	288
фирмата	288
средено	288
заклетва	287
очекуваме	287
робата	287
сочувство	287
избран	287
болни	287
растат	287
април	287
распоред	287
карпа	287
пишуваше	287
засилување	287
зборување	286
дознај	286
овен	286
променам	286
мина	286
ренди	286
самуел	286
топки	286
последни	286
шупак	286
послужи	286
пијалак	286
анџела	285
дејл	285
акции	285
kaко	285
случајов	285
собираат	285
ебана	285
експеримент	285
сетиш	285
одвратен	285
извештаи	285
сјајно	285
неопходно	285
викторија	285
лесен	285
психопат	285
преправам	285
последици	285
јасна	285
завршен	285
лента	285
камерон	284
запознае	284
дан	284
шах	284
врзан	284
информациите	284
бонд	284
навреди	284
државава	284
округ	284
шири	284
плоча	284
круната	284
дели	284
застанам	284
прашина	284
уништени	284
гај	284
санта	284
казни	284
решиш	283
измамник	283
поубаво	283
примам	283
рунда	283
шансата	283
доцни	283
мрда	283
џен	283
атлантик	283
предупредив	283
езеро	283
предходно	283
предолго	283
еван	283
чу	282
уништува	282
барбара	282
труд	282
линда	282
билети	282
себастијан	282
бруклин	282
гласови	282
енергијата	282
продаваш	282
хонг	282
количка	282
тројцата	282
идам	282
кариерата	282
проверувам	282
лорел	282
загубивме	282
палата	282
броевите	281
ѕвер	281
желбата	281
поминуваш	281
изабел	281
омажам	281
замолчиш	281
досаден	281
невина	281
јанг	281
превземам	281
смириш	281
задниот	281
добродојдовте	281
џенис	281
храни	281
зделка	280
студено	280
порта	280
фокс	280
злосторство	280
слабо	280
гарда	280
требале	280
оганот	280
вооружен	280
пратиш	280
грофот	280
плашите	280
стакло	280
пензија	280
храбро	280
бркаат	280
издаде	279
ручекот	279
запознај	279
изговор	279
бои	279
мајло	279
одговорите	279
пештерата	279
правевме	279
бишоп	279
однесат	279
благодарноста	279
помислиш	279
пречам	279
наеднаш	279
сечи	278
спиеме	278
говорам	278
мислеа	278
државниот	278
тренерот	278
демоните	278
џил	278
седеше	278
глорија	278
степен	278
влегуваат	278
исправно	278
следите	278
малечко	278
совети	278
лутор	278
продолжуваме	277
фрлиш	277
свати	277
локалните	277
седиштето	277
симон	277
пара	277
подготвам	277
забавува	277
апчиња	277
бенд	277
станувам	277
математика	277
поправиме	277
картичката	277
усни	276
спремете	276
трагите	276
шпанија	276
видоа	276
личности	276
господо	276
скара	276
златен	276
луи	276
национална	276
разберете	276
трагедија	276
бакнам	276
потпишете	276
последиците	276
обука	276
скршиш	276
отприлика	275
испратиме	275
неуспех	275
делиме	275
екипажот	275
крадци	275
октомври	275
уништена	275
најлошиот	275
џејс	275
префрлам	275
поручникот	275
свињи	275
диви	275
плачам	275
дозволив	275
тепачка	275
притисни	275
џулиет	274
хумор	274
смирам	274
заболе	274
чуварот	274
приближно	274
елиот	274
тежина	274
крши	274
шери	274
велс	274
доведете	274
страница	274
дадовме	274
кастиел	274
напаѓа	274
пријателски	274
сметките	274
качувај	274
потрагата	274
значат	273
суки	273
прославиме	273
бања	273
платен	273
базен	273
правела	273
инспектор	273
тревога	273
процесот	273
уау	273
марло	273
тигар	273
овојпат	273
копчето	272
целава	272
вики	272
искористиш	272
идеме	272
хал	272
заклучена	272
полоши	272
стаорец	272
наречен	272
заебавај	272
оставила	272
кражба	272
соседството	272
повредил	272
позиции	272
водич	272
разговарај	272
воглавно	272
врста	272
рејмонд	271
искрени	271
уапси	271
дилан	271
прочиташ	271
исплашени	271
сидни	271
првин	271
одвива	271
падот	271
сврте	271
палтото	271
смирен	271
победникот	271
записи	271
ракета	271
форест	271
бегаат	271
реалност	271
свириш	271
крст	270
курво	270
чело	270
преземе	270
болки	270
me	270
мирисот	270
кренете	270
слетување	270
справиш	270
стаорци	270
чен	270
неверојатни	270
телевизорот	270
лажат	270
колкумина	269
харви	269
обвинител	269
докажеш	269
згодна	269
деновите	269
посака	269
водеше	269
непознати	269
престанав	269
жено	269
тереза	269
пуштите	269
родени	269
филаделфија	269
страшни	269
удира	269
острови	268
паричка	268
ефект	268
алах	268
одвај	268
агенција	268
ау	268
дознаете	268
победивме	268
глупа	268
трчам	268
запреш	268
пријатна	268
уапсат	268
оз	268
сакан	268
евелин	268
станеме	268
понудата	267
забавувај	267
нервира	267
незгодно	267
разнесам	267
рамон	267
дебели	267
служат	267
сал	267
привлече	267
одбраната	267
ладна	267
евра	267
ветуваш	267
активира	267
трудна	267
сретнеш	267
детективу	267
тепаш	267
сметаме	267
исчезнал	267
тренеру	267
војни	267
кока	267
паднеш	267
ебениот	267
новинарите	267
заслужуваат	266
седнеме	266
комбинација	266
погрешив	266
плаќаш	266
вo	266
општество	266
стол	266
нарекувам	266
отпушти	266
руди	266
започнав	266
дојл	266
јадеше	266
лажно	266
larry	266
верата	265
мег	265
истовремено	265
држите	265
заебав	265
заложници	265
прошетаме	265
харолд	265
сереш	265
раскажам	265
воини	265
очила	265
валкани	265
доаѓаше	265
одмориш	265
поминале	265
јажето	264
земаат	264
обвинуваш	264
чука	264
напаѓаат	264
ковчегот	264
фрижидерот	264
бјукенан	264
баравте	264
каспер	264
прекинам	263
буди	263
главните	263
борци	263
професионалец	263
снемува	263
отишла	263
покрив	263
матер	263
сојуз	263
значка	263
ортак	263
внука	263
совпаѓа	263
скајлер	263
персонал	263
легендата	263
заборавете	263
изабела	262
слета	262
поминуваат	262
придружам	262
исчезнати	262
вила	262
верувал	262
прозор	262
дозволат	262
картите	262
пуштив	262
дадовте	262
наредувам	262
метју	262
пеам	262
пожарот	262
изи	262
тоби	262
заработи	262
негде	262
залудно	261
разбираат	261
рамото	261
оствари	261
предавање	261
птицата	261
продадеш	261
потврдено	261
чуварите	261
замолчете	261
лиз	261
разбудам	261
гледавме	261
снимање	260
олку	260
огледалото	260
џандарите	260
ште	260
обезбеди	260
уметник	260
џуниор	260
тајните	260
проценти	260
објави	260
борис	260
даваме	259
единицата	259
однесуваат	259
водачот	259
убеден	259
брада	259
разнесе	259
патики	259
преколнувам	259
јадел	259
прашувај	259
пуштај	259
кристина	259
едноставен	259
пронајдеш	259
запалиме	259
свесни	259
изрод	258
гаража	258
температурата	258
тенк	258
подлабоко	258
движиш	258
молиш	258
преживеани	258
ченг	258
рекле	258
обратно	258
местата	258
наведни	258
секретарка	258
публика	258
тунел	258
молитва	258
откажи	258
замини	258
бу	257
капка	257
средбата	257
градината	257
белиот	257
новости	257
платил	257
зои	257
отишле	257
главното	257
загинаа	257
виното	257
ставите	257
нуклеарна	257
промениш	257
разочаран	257
сретне	257
возбудена	257
врв	257
лови	256
теа	256
свртете	256
одлучиш	256
одредена	256
свирам	256
татковци	256
мм	256
привлекува	256
сенатот	256
лилит	256
одговорни	256
злобна	256
движења	256
злобен	256
добровечер	256
пристигне	255
крадеш	255
знаме	255
пробал	255
пејтон	255
раните	255
кажеше	255
лажел	255
чекавме	255
гаќите	255
летање	255
предај	255
главно	255
одморам	255
одред	255
ханс	255
ко	255
тетоважа	255
назир	254
вонземјани	254
лајла	254
цврст	254
бранови	254
љубезен	254
божјата	254
шејн	254
завршија	254
испрашување	254
изедеш	254
измисли	254
десетина	254
говорот	254
канада	254
џастин	254
убавината	254
убивањето	254
нудам	254
водите	254
воланот	254
паднат	254
планирав	254
бесен	254
допрам	254
размена	254
уверам	254
мешаш	253
сторија	253
посакам	253
ридот	253
напредува	253
правење	253
затворениците	253
дарба	253
резултатот	253
змејови	253
вилијамс	253
шопинг	253
застрелам	253
соседи	253
септември	253
лајонел	253
хитлер	252
чуеш	252
ву	252
навреме	252
црнци	252
преубаво	252
седмица	252
ослободен	252
проценка	252
овошје	252
сери	252
доза	252
скокни	252
болеше	251
прерано	251
љубопитен	251
никол	251
довербата	251
умреле	251
надја	251
подготвува	251
напротив	251
ебената	251
спиел	251
чамец	251
птиците	251
анализа	251
сешто	251
мирисаш	251
невестата	251
бинго	250
виетнам	250
погодиш	250
обзир	250
силите	250
употреба	250
остануваш	250
претпоставка	250
размислете	250
машини	250
вршам	250
фактите	250
преправаш	250
брани	250
лас	250
најчесто	250
одевме	249
извиниш	249
колаче	249
сведокот	249
исклучок	249
скршена	249
спремно	249
забавувам	249
дневник	249
клас	249
пепел	249
поздравам	249
убивте	249
судијо	249
дебра	249
праќам	249
недоразбирање	249
гостите	249
валентајн	249
источниот	248
изгубена	248
стигнаа	248
викендот	248
танцување	248
поделиме	248
крвари	248
стејси	248
прашаме	248
лист	248
благодарна	248
агенцијата	248
култура	248
by	248
борите	248
клери	248
замислете	247
свежо	247
професија	247
џандари	247
разбравте	247
заебани	247
волци	247
речено	247
преглед	247
рибата	247
пакетот	247
легално	247
ризикуваш	247
партија	247
убиеше	247
мешам	247
оставија	247
зголемува	247
царство	247
рекорд	247
туш	247
доктори	246
стигнете	246
спенсер	246
меѓусебно	246
мислењето	246
колите	246
картички	246
скршено	246
алиштата	246
меѓутоа	246
нѐ	246
централа	246
избегав	246
кристи	245
ричи	245
комуникација	245
непријателите	245
паркинг	245
бивша	245
импресиониран	245
евреин	245
емисија	245
прекинеме	245
оставка	245
дона	245
студенти	245
крајно	245
задоволството	245
емоции	245
откажав	245
волшебник	245
зевс	245
нелегално	245
мака	245
органи	245
роботи	244
расипан	244
изненадувања	244
доволна	244
феликс	244
признај	244
обврски	244
предлагаш	244
флота	244
јакната	244
пејџ	244
услов	244
задржете	244
дневникот	244
откријат	244
венчаме	244
намери	244
штетата	244
западниот	244
помини	244
евакуација	244
девојчињата	244
таванот	244
лојд	244
интересни	244
мистерија	244
престанат	244
бројам	243
потера	243
товарот	243
морски	243
мин	243
хелер	243
магии	243
кловн	243
сребро	243
поздравете	243
ерл	243
наркотици	243
худ	243
одговараат	243
аларм	243
исечам	243
службата	243
потенцијал	243
лара	243
возеше	242
температура	242
триесет	242
работниците	242
колекција	242
висина	242
штo	242
мајмуни	242
бакшиш	242
пасош	242
сопри	242
можевте	242
доцниме	242
отисоци	242
грубо	242
ослободат	242
започнете	242
хит	242
свртиш	242
легнеш	242
музејот	242
сретна	241
платите	241
лејн	241
сретнале	241
напиеш	241
учат	241
работеле	241
патрола	241
шифра	241
фатиле	241
терористички	241
завршите	241
газдата	241
сеф	241
циркус	241
лажи	241
гнездо	241
продал	241
повреда	241
крпа	241
минатите	240
признание	240
жители	240
маица	240
закажано	240
разгледаме	240
ставаат	240
доминик	240
возев	240
сини	240
пијат	240
домови	240
танцувај	240
барби	240
готам	240
портите	240
стенли	240
црнците	240
пиле	239
скршени	239
испиј	239
убедам	239
тврдина	239
нафта	239
покер	239
соседите	239
долна	239
стражарите	239
чуе	239
џофри	239
барксдејл	239
леди	239
пратка	239
зимата	239
жали	239
прошка	239
отвора	239
говориш	239
удираш	239
мислевте	239
знаеја	239
снимките	239
злосторот	239
флин	238
допир	238
мртовец	238
сенди	238
мрак	238
учителу	238
стифлер	238
волкот	238
заебеш	238
детективот	238
слушаше	238
облечеш	238
сомнение	238
фараонот	238
клетва	238
капата	238
зелен	238
премиерот	238
трошиш	237
ерин	237
вкусот	237
продолжат	237
месото	237
авганистан	237
простиш	237
љубезно	237
будна	237
пациентот	237
налути	237
молев	237
стратегија	237
зелени	237
прегратка	237
кристофер	237
принцу	237
раскажи	237
користеше	237
одвнатре	237
лига	237
викна	236
дороти	236
патувам	236
изненадена	236
злосторства	236
синовите	236
странци	236
бурк	236
читање	236
чизми	236
обожава	236
перење	236
дознавме	236
барања	236
аа	236
одбрав	236
технологијата	236
дошло	236
федерален	236
ризикот	236
ворен	235
сфаќате	235
хо	235
текне	235
ебани	235
влечи	235
документ	235
човечкиот	235
собереш	235
вљубен	235
поврзаност	235
наоѓаш	235
спречиш	235
бараа	235
фатен	235
качиме	235
разговараат	235
форд	235
напуштил	235
су	235
потекло	234
одбери	234
заборавајте	234
благодарни	234
ноќна	234
погрижиш	234
факти	234
седев	234
фиск	234
барнс	234
преживеал	234
империја	234
бегалец	234
уметноста	234
затвориш	234
ноќен	234
керен	234
машините	234
почитува	234
изјави	234
блока	234
признае	234
кошарка	234
верен	234
дрвјата	234
размислиме	234
сиромашните	234
почитуваш	234
законите	234
уапсам	234
фан	234
брзаш	234
потроши	234
муштерии	234
шеги	234
штит	234
кученце	234
ветиш	234
саати	233
приближи	233
скокна	233
кафезот	233
долгот	233
успешно	233
нападнал	233
данок	233
овозможи	233
гнев	233
вејд	233
хант	233
продолжите	233
откривме	233
напиј	233
обидоа	233
пустина	233
сo	233
извадив	233
старецот	233
примероци	233
игрите	233
алкохолот	232
јадев	232
свртам	232
зборувајте	232
лудиот	232
разбереме	232
избрка	232
играл	232
глупи	232
одговорна	232
снима	232
издржиш	232
пееш	232
глупаци	232
бакнеш	232
карате	232
влеговме	232
внимава	232
сино	232
екипаж	232
набрзина	232
џулија	232
темнина	232
седмици	232
оа	232
сакана	231
губете	231
гробницата	231
папата	231
готви	231
заљубена	231
заштитат	231
третман	231
корисно	231
колумбија	231
задоволни	231
контролираат	231
пратија	231
разделиме	231
властите	231
останавме	230
фишер	230
чие	230
идентификација	230
пробуваш	230
фаќа	230
болести	230
интересираат	230
одошто	230
дигни	230
бурата	230
камо	230
коментар	230
избери	230
потпис	230
блу	230
исплати	230
сиот	230
остин	230
павле	230
позицијата	230
цајкан	229
предната	229
цивили	229
безбол	229
индустрија	229
пресели	229
вредеше	229
киднапирање	229
свето	229
евреи	229
мудар	229
предупредувам	229
печат	229
придружба	229
ооо	229
северниот	229
убавице	229
собравме	229
танцувам	229
сајлар	229
боунс	229
от	228
припаѓаш	228
испратете	228
смешни	228
бандата	228
чии	228
џоан	228
едноставна	228
доведам	228
потпретседателот	228
задачи	228
срамиш	228
паричникот	228
спална	228
пресуда	228
натераме	228
ноа	228
сообраќајна	228
таблата	228
троши	227
заговор	227
заминувај	227
грижеше	227
кет	227
фини	227
кирк	227
колкава	227
одбива	227
обвини	227
заинтересирана	227
ослободете	227
чекан	227
погласно	227
доукс	227
откриеш	227
продавач	227
пробува	227
докажува	227
кралеви	227
недостаток	227
песокот	226
гизборн	226
поштеди	226
приватни	226
изведе	226
мудро	226
кармен	226
строго	226
источно	226
џина	226
банки	226
бриџит	226
опуштиш	226
жеден	226
предложам	226
хуго	226
фу	226
понастрана	226
јануари	226
грција	226
успешен	226
кралската	225
јужниот	225
цени	225
должна	225
зедоа	225
страда	225
способни	225
замолив	225
инструкции	225
пеги	225
одговараш	225
фатите	225
осеќаш	225
добила	225
качиш	225
биг	225
пери	225
френклин	225
плачи	225
однесувај	225
арената	225
кан	224
самото	224
кампања	224
леон	224
одреден	224
ужива	224
количина	224
лековите	224
толкава	224
персоналот	224
појавиш	224
антон	224
глуми	224
вселенски	224
итни	224
згради	224
стражари	224
увото	224
дадилка	224
очаен	224
изгубено	224
американска	224
брзам	224
објект	224
согласуваш	223
поврзам	223
сума	223
стока	223
расипа	223
јури	223
појасот	223
запишам	223
труди	223
појас	223
оженам	223
поротата	223
легнете	223
преминеме	223
копии	223
рози	223
помлад	223
фрлиме	223
можни	223
вредат	223
изневери	223
приватност	223
леа	222
телефоните	222
пророк	222
перфектно	222
шета	222
дарси	222
тепам	222
придружите	222
концерт	222
заебава	222
филмовите	222
хил	222
ебете	222
церемонијата	222
цевка	222
напишеш	222
рашири	222
забавна	222
даваше	222
соработува	222
условите	222
запознаете	222
фаќај	222
плен	222
младо	222
збориме	222
планини	222
нуди	222
дојден	221
однесоа	221
природен	221
животна	221
фраер	221
страници	221
статија	221
обидувај	221
крива	221
ленс	221
тивки	221
каналот	221
вработени	221
посетители	221
паметам	221
исплашив	221
вредна	221
прашањата	221
старото	221
валкан	221
симнам	221
актовката	221
остатоци	221
осомничени	221
компири	221
лошата	221
мик	221
романтично	221
ужас	221
нејт	221
ебат	221
журка	221
повредат	221
почувствуваш	221
семеен	221
заинтересирани	221
конференција	220
разбравме	220
ванеса	220
помала	220
цимер	220
хаус	220
полициската	220
прашајте	220
учење	220
којзнае	220
испратил	220
жица	220
меден	220
внатрешноста	220
предалеку	220
омилени	220
топол	220
поскоро	220
источната	220
транспорт	220
заробени	220
рецепт	220
компјутери	220
марли	220
носете	220
жити	220
полош	220
пад	220
my	220
сообраќајот	219
почитување	219
потпише	219
предци	219
драма	219
невеста	219
добиле	219
меморија	219
задржа	219
пробајте	219
научат	219
сестрите	219
борев	219
груб	219
фризура	219
соберат	219
налетав	219
внесе	219
универзум	219
ноември	219
дамите	219
користејќи	218
очајно	218
молитви	218
богатите	218
змијата	218
разбирање	218
гробиштата	218
камиони	218
снајдам	218
награди	218
перси	218
внеси	218
оправдување	218
нежен	218
моќна	218
западно	218
дивината	218
палто	218
нејзино	218
изгубиле	218
техника	218
западната	218
месечно	218
пораснав	217
немаа	217
нора	217
јапонски	217
моторите	217
игравме	217
статус	217
подолу	217
помогнал	217
одела	217
бин	217
црните	217
куфер	217
амбасадата	217
долгови	217
замислував	216
еднакви	216
призна	216
спајдермен	216
братството	216
борби	216
март	216
реагира	216
игла	216
брендон	216
салазар	216
ловиме	216
спуштиш	216
купувам	216
допира	216
храбри	216
одеби	216
обидат	216
најважното	216
погодив	216
фатил	216
вежбам	215
иван	215
ставија	215
поврзана	215
претстави	215
методи	215
ловат	215
весли	215
заштитен	215
дубаку	215
обајцата	215
работно	215
платата	215
кретени	215
вежбање	215
турнир	215
спасите	215
пинокио	215
купуваш	215
интереси	215
сателитот	215
испи	214
враќањето	214
убиваме	214
развој	214
половината	214
изгубила	214
актер	214
повредив	214
зе	214
клара	214
расчистиме	214
испратија	214
изгледот	214
напијам	214
патуваме	213
партнерот	213
сториле	213
сведочи	213
амстердам	213
хоуп	213
ќелијата	213
студио	213
алвин	213
детска	213
команданте	213
жан	213
алек	213
лицата	213
кг	213
одведете	213
абел	213
потези	213
исчезнаа	213
иди	213
односно	213
негативно	213
смееше	213
тревор	213
годишнина	213
кафез	213
губитници	212
таксито	212
школа	212
дори	212
предходните	212
топлина	212
тај	212
излегоа	212
лејди	212
вод	212
добивате	212
музеј	212
избрав	212
успори	212
предложи	212
тајност	212
трчајте	212
опуштете	212
пички	212
истражувања	212
флеш	212
врзете	212
спасил	212
стапалата	212
земаме	212
јуни	212
сексуално	212
аби	212
директен	212
нечиј	211
исчезната	211
двојка	211
внимателна	211
ковчег	211
побегнеш	211
почесто	211
оклоп	211
рафаел	211
откажеме	211
препознаваш	211
претпоставиме	211
исече	211
in	211
форрест	211
заработам	211
масажа	211
религија	211
благодарејќи	211
јадењето	211
трупи	211
ситуации	211
заб	211
шерман	211
обидовме	211
сопствени	211
темна	211
чуваше	211
палачинки	211
скршив	210
претворам	210
резерви	210
мериан	210
попаметен	210
колеџот	210
живеј	210
напушта	210
звуци	210
старлинг	210
валкана	210
пештера	210
екстремно	210
процедура	210
пренос	210
воља	210
пропаст	210
одговорете	210
грд	210
проверивме	210
промаши	210
бонус	210
јавност	210
зоната	210
форт	210
забораваш	210
рачно	210
сандра	210
мислела	210
бивш	210
попладнево	210
бруно	210
прајс	209
малечки	209
чувствувал	209
кинеска	209
кажев	209
храм	209
хоби	209
мачење	209
научници	209
работела	209
природна	209
куферот	209
детството	209
испраќа	209
снегот	209
улогата	209
утрото	209
недостасуваат	209
откритие	209
изгледаме	209
бејзбол	209
златни	209
сосед	209
палубата	209
датум	209
сними	209
слепа	209
убивај	209
застанавме	209
средат	209
уплашен	208
богата	208
лошиот	208
канзас	208
грда	208
испратиш	208
тортата	208
готвач	208
започнеш	208
обрати	208
измислив	208
колин	208
запознале	208
поглавје	208
производство	208
должноста	208
разбрал	208
порасне	208
бендот	208
бродовите	208
хејли	208
излегување	208
серијата	208
почувствува	208
заборавила	208
брзај	208
пополека	208
командата	208
осамена	208
ангелот	208
танцува	208
заминување	208
поклони	207
вратила	207
тргнува	207
државен	207
службеник	207
помниш	207
граѓанин	207
заблагодари	207
криеме	207
доближи	207
танцуваш	207
сторите	207
суштина	207
испадне	207
точни	207
преживување	207
учев	207
кам	207
крадат	207
ослободување	207
џуџе	207
влегоа	207
кејтлин	207
заебана	207
нечија	207
кандидат	206
часовите	206
метра	206
лагуерта	206
јасни	206
живите	206
одземе	206
гаранција	206
простам	206
такер	206
претседателке	206
исклучително	206
маите	206
викаа	206
постоеше	206
трговија	206
здивот	206
дишеш	206
поранешна	206
џефри	206
законски	206
дони	206
ja	206
познаваше	206
прашал	206
ааа	206
јапонците	206
злосторството	206
живеење	205
научиме	205
извонредно	205
тито	205
восхитувам	205
љубоморна	205
гаден	205
кратки	205
ејнџел	205
џун	205
затвореникот	205
кунг	205
брилијантно	205
доказот	205
нејзини	205
соработник	205
oк	205
кони	205
британија	205
соло	205
напуштив	205
загубиш	205
чудовиштето	205
заглавени	205
комплимент	205
помагаат	205
дебелиот	205
шкампи	205
честам	205
седумте	205
пушта	205
постоење	205
чантата	205
натерај	205
советувам	204
лавот	204
пајнс	204
судено	204
претепам	204
одлучам	204
заложниците	204
граденко	204
вештерката	204
ракавици	204
учителе	204
сенката	204
отворите	204
сменил	204
курс	204
лисиците	204
михаил	204
стоун	204
големината	204
кршење	204
нервираш	204
подготвиме	204
арнолд	204
оставаат	204
прекрши	204
употребам	204
змии	204
значката	204
марвин	204
докторке	204
валкано	204
заповед	204
игор	204
останало	203
водете	203
чета	203
викнеме	203
чамецот	203
касапот	203
медал	203
гума	203
дознал	203
кенеди	203
дивизија	203
нарекуваме	203
допираш	203
очекувате	203
викендов	203
ендрју	203
најден	203
престон	203
чаши	203
владимир	203
монро	203
кеси	203
сфатил	203
кредитна	203
извлечи	203
противник	203
пропуштил	203
дивјаци	203
пем	203
поинаква	203
обидувате	203
правеа	203
кралското	203
воената	203
хадсон	203
азија	203
дијана	203
штитам	202
славиме	202
тераш	202
манијак	202
ич	202
собирање	202
спасител	202
друштвото	202
залихи	202
кратка	202
дозволувајте	202
дупло	202
измени	202
стрелец	202
пристаниште	202
грав	202
километар	202
хирург	202
однесувам	202
сопствените	202
ветувањето	202
хендерсон	202
заминуваат	202
трагата	202
лесни	202
источна	202
насилството	202
цевката	201
отпорот	201
спречува	201
професионален	201
гo	201
летаме	201
трговскиот	201
вклучени	201
потпишам	201
познаваат	201
барањето	201
поштата	201
претходната	201
скриени	201
заливот	201
саша	201
пребрзо	201
раул	201
закачи	201
шешир	201
осигурам	201
клетвата	201
профит	201
најубавата	201
пи	201
зборуваа	201
рис	201
логика	201
генијалец	200
круна	200
хранат	200
библиотека	200
труп	200
римјаните	200
аризона	200
стигнал	200
грифин	200
повикаш	200
тесно	200
домашната	200
штабот	200
ангела	200
снимаме	200
лутер	200
умирање	200
декември	200
треска	200
исклучам	200
рум	200
габриел	200
родител	200
виновни	200
појавија	200
слепо	200
гамп	200
однесов	200
пуштаат	200
миледи	199
греши	199
лајно	199
ѕвездата	199
концентрирај	199
австралија	199
купуваат	199
одговорноста	199
решивме	199
колибата	199
земавме	199
фрлив	199
располагање	199
загубам	199
убивме	199
доушник	199
државната	199
вејвард	199
танцуваме	199
вештина	199
орел	199
разберат	199
курац	199
исчезнува	199
меша	198
можиш	198
алфред	198
тронот	198
настап	198
кошмари	198
искушение	198
виси	198
примети	198
истрел	198
осети	198
лудаци	198
застрелаш	198
растојание	198
складиште	198
испратат	198
катерина	198
сомнително	198
посакуваш	198
медицина	198
купите	198
никита	197
светата	197
лаура	197
дотогаш	197
непозната	197
лонг	197
трговец	197
крем	197
пламен	197
сенатор	197
реченица	197
суши	197
маркс	197
доволен	197
пролет	197
можен	197
поминуваме	197
зелениот	197
пукал	197
багаж	197
отпад	197
кажуваме	197
фрост	197
ив	197
јавна	196
повратам	196
облечена	196
жак	196
финансиски	196
дезмонд	196
крава	196
пропадне	196
женската	196
замислуваш	196
припаѓаат	196
сателит	196
спортски	196
акцент	196
еднакво	196
сланина	196
утеха	196
казнет	196
посилна	196
протоколот	196
движете	196
тивка	196
мракот	196
изразот	196
рудникот	196
гејтс	196
координатите	196
дочекам	196
избереш	196
јован	196
ера	196
театар	196
прасе	196
гитара	196
поврзува	196
економија	195
правејќи	195
суди	195
вес	195
деновиве	195
делта	195
сперма	195
пајак	195
каша	195
столица	195
ривер	195
брои	195
андреј	195
ебаниот	195
тврдината	195
када	195
божјиот	195
образование	195
вредни	195
лајна	195
движењето	195
аналис	195
неволји	195
директна	195
сторат	195
порасна	195
навикнат	195
одговарам	195
женските	194
потрошив	194
пронајдете	194
багажот	194
храбра	194
смисли	194
гледала	194
учествувам	194
пумпа	194
трој	194
дива	194
појават	194
доволни	194
зависник	194
џулс	194
дење	194
бубачки	194
тепа	194
семејствата	194
пченка	194
туркај	194
мен	194
продаваме	194
заробен	194
свежа	194
торбите	194
украдена	194
умрев	194
нападнати	194
ставиле	194
мрднал	193
сони	193
забележал	193
куба	193
реџеп	193
тестовите	193
аудиција	193
прослава	193
борел	193
пичку	193
афера	193
кум	193
праќаат	193
врколак	193
куршумите	193
пукањето	193
зезам	193
претчувство	193
вештерки	193
доверливо	193
далечина	193
пристојно	193
кикирики	193
сменат	193
испит	193
патник	193
лорен	193
создал	193
ланистер	193
елвис	193
мудрост	193
рингот	193
собра	193
ерика	193
домашно	192
давате	192
ленг	192
лани	192
сиетл	192
черепот	192
фалат	192
приватно	192
лентата	192
предадеме	192
возењето	192
трент	192
министер	192
исклучиш	192
сметате	192
бич	192
ниедно	192
славен	192
шишето	192
срцата	192
детроит	192
душичке	192
длабока	192
ле	192
пушење	192
смириме	191
рибите	191
ветам	191
кутрата	191
одбијам	191
напиши	191
мотелот	191
константин	191
сонуваш	191
преговори	191
приказните	191
андреа	191
продадов	191
граѓаните	191
ризично	191
дре	191
запалете	191
тина	191
американските	191
обврска	191
минува	191
шели	191
почитуваат	191
фрла	191
антонио	191
преминот	191
готвам	191
заклучен	191
ноктите	191
останал	191
сообраќај	191
отворат	191
прекине	191
гомненици	190
сенките	190
телевизор	190
шерон	190
локалната	190
омилено	190
спомнувам	190
изгоре	190
пукна	190
кадата	190
колиба	190
возат	190
предава	190
гречен	190
смеење	190
губат	190
роза	190
управникот	190
тргнале	190
растури	190
земале	190
чим	190
почнувај	190
докажи	190
покажав	190
финалето	189
гордо	189
турнирот	189
помошничка	189
користење	189
чувствителен	189
направа	189
соочиш	189
пушките	189
застрелај	189
автоматски	189
јан	189
изградиме	189
чекајќи	189
кабината	189
сомнева	189
поврзете	189
ромео	189
малколм	189
годишна	189
бароуз	189
инстинкт	189
гадна	189
пивото	189
раздели	189
соер	189
тежината	189
тео	189
координати	189
одзема	189
нивен	188
соочиме	188
божем	188
шеташ	188
мекналти	188
инфекција	188
околностите	188
заминала	188
саатот	188
тргнаа	188
глумиш	188
оставиле	188
совршени	188
локален	188
суво	188
припаѓам	188
хелена	188
контакти	188
патниците	188
наздравје	188
зајдисонце	188
болеста	188
крила	188
дајана	188
детски	188
папа	188
влече	188
буш	188
неколкумина	188
северната	188
знај	188
опасноста	188
алиби	188
разумен	187
нивно	187
отсега	187
командир	187
рокот	187
касета	187
разговарал	187
авенија	187
мочка	187
препознав	187
глув	187
променил	187
лансирање	187
царството	187
курсот	187
стоите	187
началникот	187
пенисот	187
семејна	187
келвин	187
подари	187
правиот	187
завршуваат	187
стјуарт	187
нса	187
настрада	187
делат	187
успеале	187
газе	187
шетам	187
овдека	186
досадна	186
полицискиот	186
престолот	186
отворив	186
аплауз	186
другарите	186
прекина	186
дозволил	186
трошоци	186
мислете	186
бездомници	186
фрлил	186
jас	186
шармантен	186
започнуваме	186
чашата	186
табла	186
наредниот	186
генерации	186
огин	186
мода	186
просторија	186
хејс	186
престанува	186
кралице	186
второто	186
тепаат	186
спротивното	186
обама	186
надежта	186
ноќниот	186
мадрид	185
упатства	185
човечките	185
изморена	185
почнувајќи	185
свесна	185
нападнете	185
дневна	185
излечи	185
револуција	185
простувам	185
контролираме	185
разгледам	185
шифрата	185
цицките	185
зомби	185
чипот	185
повторам	185
поставуваш	185
границите	185
усните	185
профил	185
лузна	185
душите	185
заштитува	185
миљи	185
чорапи	185
отровот	185
пријателче	185
планирате	185
џорџија	185
љубовник	185
плаќаме	185
донован	185
батерс	184
општо	184
кампањата	184
данкан	184
стапала	184
близнаци	184
претепа	184
волците	184
убавица	184
злобно	184
појавуваат	184
мит	184
фродо	184
пишување	184
дружиме	184
исфрлам	184
пиштолите	184
запамети	184
саут	184
средниот	184
нерви	184
купат	184
забавуваат	184
коишто	184
продажбата	184
снимаш	184
панама	184
процедурата	184
имунитет	184
смирено	184
сендвичи	184
асад	184
врзи	183
објаснувам	183
успеавте	183
одлучивме	183
размислувал	183
станала	183
домашен	183
чистам	183
вујче	183
парови	183
криење	183
лигата	183
објектот	183
пронајдовме	183
украдеш	183
сокрие	183
скапи	183
кен	183
aма	183
вол	183
онесвести	183
мурдок	183
ноќната	183
нега	183
пичко	183
преправај	183
педесет	183
домашни	183
бејкер	183
сеќавањето	183
мобилни	183
случија	183
протокол	183
ширум	183
позајми	182
ритам	182
вежбаш	182
убавата	182
лоренцо	182
шуми	182
морон	182
реклама	182
name	182
извесно	182
чувствуваше	182
лифт	182
тајмс	182
мерка	182
фрлање	182
заедницата	182
вљубена	182
траеше	182
откаде	182
пирс	182
инцидентот	182
остатоците	182
коктел	182
купување	182
преживеат	182
напише	182
одржување	182
внатрешна	182
плочи	182
сторила	182
присутен	182
гангстер	182
пуштија	182
гробишта	182
стемни	182
племето	182
отвара	182
јаки	182
глувци	182
педери	181
распаѓа	181
живееле	181
дебело	181
слугинка	181
занимава	181
дробови	181
малком	181
однадвор	181
отецот	181
мајмунот	181
мистер	181
асистент	181
работна	181
изнеси	181
атланта	181
одобри	181
италијански	181
почекате	181
дозволуваш	181
мејс	181
користеле	181
најголемото	181
гвен	181
скала	181
бал	181
сапун	181
клиентот	181
ирска	181
ризикува	181
дражен	181
задоволна	181
фрлаш	180
убедиш	180
злочин	180
наштети	180
брилијантен	180
приговор	180
здравица	180
едното	180
сексуален	180
заспијам	180
разумно	180
чував	180
метро	180
покривам	180
временска	180
менаџерот	180
пристигнаа	180
мотори	180
доброволно	180
препорачувам	180
доведов	180
паднам	180
заменам	180
согласност	180
вампирот	180
секретар	180
временски	180
напуштиме	180
предал	180
крстот	180
врзани	180
много	179
можда	179
госпоѓица	179
бек	179
клајд	179
дванаесет	179
смачи	179
интервјуто	179
мускули	179
трчање	179
батеријата	179
букви	179
запознала	179
наоми	179
претерано	179
хју	179
продадеме	179
свртиме	179
научите	179
пресече	179
вероника	179
соработници	179
поставува	179
прашате	179
спремам	179
харпер	179
производи	179
дишење	179
исклучен	179
череп	179
замислувам	179
дилери	179
mислам	179
стаклото	179
прозорците	179
скромен	179
чип	179
празник	179
периметарот	179
мотел	179
одбереш	179
човечкото	178
пијаница	178
наполеон	178
прима	178
сликам	178
лаки	178
известување	178
детективи	178
заклучено	178
снага	178
однесуваше	178
шегувате	178
планираат	178
спиела	178
соња	178
најлошо	178
вмешани	178
прифаќа	178
победат	178
загубил	178
koј	178
потпишеш	178
рио	178
виден	178
годишен	178
украдоа	178
здрава	178
нервен	178
внесам	178
ножеви	178
исчистиме	178
французите	178
предомисли	178
хемија	178
темната	178
далтон	178
мразев	178
војникот	178
палка	178
предадете	178
мотив	178
чудак	178
јава	177
роланд	177
заклучок	177
изминатите	177
вдовица	177
лед	177
приметив	177
западна	177
изгори	177
качува	177
одмаздата	177
моќни	177
студиото	177
интерпол	177
соседство	177
слуги	177
шампањско	177
заканата	177
занимаваш	177
мо	177
патуваш	177
чуство	177
постара	177
јаболка	177
обожувам	177
спомнав	177
ерни	177
интелигенција	177
вративте	177
корисен	177
посетител	177
одбие	177
чесна	176
паднаа	176
изберам	176
започнат	176
ориз	176
видеото	176
бројки	176
докажа	176
станувајте	176
граната	176
ноќеска	176
главоболка	176
зеленчук	176
ескобар	176
станици	176
уапсени	176
привлечен	176
членовите	176
фостер	176
пукне	176
финтата	176
плава	176
ќотек	176
скриена	176
збунета	176
треј	176
ланец	176
калвин	176
тор	176
паднала	176
пречки	176
муштерија	176
промената	176
дејството	176
смести	176
наметка	176
тргнавме	176
пети	176
милја	176
заклучени	175
вклучам	175
столот	175
пренесе	175
добија	175
седите	175
премести	175
лука	175
глумам	175
планетава	175
вечност	175
калта	175
лесли	175
новинари	175
избегаа	175
успехот	175
набави	175
дојдени	175
откажуваш	175
полетување	175
внесете	175
двоен	175
кокошка	175
брадата	175
авионите	175
вечераме	175
испушти	175
течност	175
харвард	175
јаболко	175
слејд	175
наречена	175
мисисипи	175
империјата	175
фотографијата	175
лидија	175
толпата	175
нарекол	175
срањето	175
здосади	175
украдени	175
ватикан	175
машките	174
одмазди	174
петмина	174
магично	174
невреме	174
љубовна	174
конгресот	174
пушташ	174
морничаво	174
запознајте	174
заштитник	174
шишиња	174
горниот	174
пронајдат	174
лекцијата	174
прошетам	174
маски	174
наса	174
досиеја	174
учиме	174
проститутка	174
облак	174
подели	174
изненадувачки	174
убијците	174
должен	174
професионалци	174
ѓо	174
открија	174
бернард	174
побегнам	174
започни	174
лојален	174
опашката	173
збрка	173
наредните	173
ларс	173
скоти	173
јават	173
уништија	173
решен	173
црево	173
најубавото	173
макар	173
послуша	173
испив	173
уживате	173
белешки	173
полиња	173
заработува	173
направеше	173
покрива	173
камењата	173
агентите	173
точен	173
темница	173
запознам	173
тестирање	173
пони	173
пива	173
пораснеш	173
поставувам	173
бренда	173
емисијата	173
помести	173
возбудени	173
ноќва	173
читај	173
насилен	173
ој	173
мајорот	173
сеќавањата	173
плачеше	173
слетаме	173
старецу	173
замислите	173
моча	173
копно	173
потпиши	173
ожениш	173
молчиш	173
самоодбрана	173
покривај	173
замолкни	173
забавувајте	173
каснам	173
рико	173
движам	172
точна	172
деј	172
софтвер	172
мамец	172
колинс	172
тргнувајте	172
мразеше	172
линдзи	172
шаторот	172
шегував	172
прочитал	172
заработиш	172
будам	172
плочата	172
пистата	172
ман	172
повеке	172
пронајди	172
џошуа	172
даска	172
продавање	172
норвешка	172
подрум	172
џунгла	172
спуштиме	172
посетиш	172
благословен	172
упропасти	172
теоријата	172
лавови	172
минус	172
популарен	172
оружјата	172
сокриј	172
заслужив	172
маицата	172
караме	172
мур	172
бестрага	172
патетичен	172
лошото	172
територијата	172
џудит	172
добрина	172
наочари	172
заебавам	172
вознемирува	171
собрав	171
трпам	171
набавам	171
вработен	171
невидлив	171
пиете	171
фармер	171
доаѓањето	171
лозинката	171
чуеме	171
исполнам	171
експлозив	171
дуќанот	171
завет	171
работни	171
теодор	171
чекот	171
сфатат	171
зајакот	171
молеше	171
покажуваш	171
барале	171
чипс	171
шема	171
режисер	171
промениме	171
безбедносни	171
досадни	171
предлогот	171
повиците	171
блек	171
пулсот	171
прифатив	170
долара	170
молба	170
привилегија	170
хариет	170
ловот	170
рубен	170
уживав	170
вртиш	170
железо	170
превземе	170
моќно	170
император	170
годинава	170
хантер	170
кабинетот	170
знаењето	170
кралски	170
впрочем	170
посетителите	170
тепање	170
наркоман	170
џонас	170
стапот	170
завршивте	170
несреќи	170
токио	170
скокнам	170
