ഒരു	23546
ഞാന്	20415
റെ	18106
നീ	17045
ഞാൻ	13142
അത്	12943
എനിക്ക്	12240
നിങ്ങള്	11106
ഇത്	9257
ക്ക്	9240
എന്	6721
എന്റെ	6716
ഇവിടെ	6595
നിനക്ക്	5994
എന്നെ	5946
തന്നെ	5699
പക്ഷെ	5697
അവര്	5594
എന്താ	5173
ഇല്ല	4995
നിങ്ങളുടെ	4977
അതെ	4956
അവന്	4836
എന്ന്	4592
പിന്നെ	4529
നിന്നെ	4309
നമുക്ക്	4169
നിന്	4165
ശരി	4096
എന്ത്	4085
ആണ്	3987
നിന്റെ	3802
വളരെ	3763
നിങ്ങൾ	3659
ഞങ്ങള്	3653
നല്ല	3648
നമ്മള്	3393
പക്ഷേ	3236
അവിടെ	3185
കൊണ്ട്	3044
എല്ലാം	2934
അല്ല	2889
നമ്മുടെ	2868
പോലെ	2868
പോയി	2800
അവള്	2657
വേണ്ട	2657
വാ	2609
നിന്ന്	2598
നന്ദി	2593
ഒന്നും	2560
അയാള്	2557
ഉണ്ട്	2541
ഇനി	2527
ഒന്ന്	2497
എന്താണ്	2477
കാര്യം	2461
പറഞ്ഞു	2459
നിങ്ങളെ	2375
പറഞ്ഞത്	2325
വേണ്ടി	2311
അവനെ	2266
കൂടെ	2233
പറയുന്നത്	2215
നിര്	2206
എല്ലാ	2153
നില്	2144
ഇപ്പോള്	2127
വരൂ	2112
നിന്നും	2089
നോക്ക്	2071
അങ്ങനെ	2058
കാരണം	2029
എന്തെങ്കിലും	1883
അവരുടെ	1881
വേണം	1835
അവൻ	1828
ഹേയ്	1812
അവർ	1798
എന്നോട്	1793
വലിയ	1791
അദ്ദേഹം	1772
പേര്	1766
വേഗം	1718
നമ്മൾ	1688
കുറച്ച്	1686
അവരെ	1682
കൂടി	1652
ശരിക്കും	1645
എവിടെ	1642
സ്	1629
മാത്രം	1626
തോന്നുന്നു	1594
സര്	1584
ക്കും	1569
പോ	1559
വര്	1545
പോകാം	1539
പോലും	1525
ജോലി	1523
തീര്	1520
ഇന്ന്	1518
അവളെ	1484
ഹലോ	1474
എനിക്കറിയാം	1470
വരെ	1467
ഏറ്റവും	1418
എങ്ങനെ	1417
മതി	1411
സമയം	1398
അവളുടെ	1390
നിങ്ങൾക്ക്	1384
ചെയ്തു	1360
നന്നായി	1358
അല്ലേ	1349
എത്ര	1339
പറ്റി	1337
വീണ്ടും	1329
ഇപ്പൊ	1328
ഓര്	1322
പറ്റില്ല	1318
ആര്	1317
കുറച്ചു	1314
വരും	1312
എന്നിട്ട്	1295
ചെയ്യുന്നത്	1294
ഞങ്ങൾ	1280
ഞങ്ങളുടെ	1280
എല്ലാവരും	1280
ഒരിക്കലും	1279
ദിവസം	1277
ഇങ്ങനെ	1256
അതു	1229
തിരിച്ചു	1207
അവൾ	1200
അറിയാം	1197
കേള്	1187
എനിക്കു	1174
പണം	1174
ഒരുപാട്	1157
അപ്പോള്	1149
വന്നു	1141
എന്തു	1140
രാത്രി	1135
അതുകൊണ്ട്	1129
കണ്ടു	1127
ഇതാ	1127
ഞാനും	1125
അല്ലെ	1122
വഴി	1112
ചെയ്യും	1095
നോക്കൂ	1088
ആയിരുന്നു	1070
പറയൂ	1067
വേറെ	1064
പോകുന്നു	1057
എനിക്കറിയില്ല	1054
പുതിയ	1048
ചെയ്യാന്	1035
ക്ഷമിക്കണം	1034
അവന്റെ	1034
നല്ലത്	1033
അതിന്	1033
രണ്ടു	1032
മുന്	1028
രണ്ട്	1025
അതേ	1023
ഇപ്പോൾ	1021
സർ	1019
അറിയില്ല	1014
പറ	1009
കൂടുതല്	996
ശേഷം	990
ആദ്യം	979
കാണാന്	975
ആണോ	972
സാർ	967
കഴിയില്ല	966
ആരും	963
അതാണ്	955
ഞാനൊരു	938
നാളെ	937
അയാളുടെ	934
ഡ്	932
കൊള്ളാം	929
പറയുന്നു	917
കാണാം	901
അപ്പൊ	898
മാര്	894
എന്നാല്	894
എന്നാൽ	885
ചെയ്തത്	885
ഇതാണ്	881
താങ്കള്	875
പ്ലീസ്	874
പോകുന്നത്	868
അമ്മ	857
ദയവായി	855
അയാൾ	854
അയാളെ	853
നാശം	851
നിന്നോട്	849
എപ്പോഴും	849
ഓക്കേ	849
ദൈവമേ	847
എന്തിനാ	847
ചെറിയ	844
അതൊരു	836
നാം	827
ച്ചയായും	825
എന്നാണ്	824
കഴിഞ്ഞു	821
പ്രശ്നം	818
വന്നത്	814
ചില	808
കാര്യങ്ങള്	808
എന്ന	807
അല്ലെങ്കില്	802
ജീവിതം	802
പെട്ടെന്ന്	801
മാത്രമേ	797
സത്യം	794
അടുത്ത	792
ഇപ്പോഴും	787
മുഴുവന്	780
കുറിച്ച്	777
സ്ഥലം	775
വെച്ച്	771
ഓഹ്	770
എന്തോ	770
മി	762
ദൈവം	754
നമ്മളെ	748
വേണ്ടത്	742
നല്	739
ഞങ്ങളെ	738
വീട്ടില്	737
കാര്	735
വരാം	732
ഇതൊരു	729
ഇതു	728
തരാം	728
ഉണ്ടോ	727
ഗുഡ്	726
വെറുതെ	724
പുറത്ത്	724
കിട്ടി	721
ഉണ്ടായിരുന്നു	720
വെറും	716
സ്വയം	713
ഒന്നുമില്ല	709
ആള്	707
കഴിയും	703
ആരാണ്	696
ആരെങ്കിലും	690
ചെയ്യാൻ	686
എനിക്കൊരു	686
നിമിഷം	679
മുമ്പ്	678
കാണാൻ	675
ഭക്ഷണം	669
ത്ത്	668
കണ്ടോ	665
സാര്	662
അതിനു	661
ഒക്കെ	660
ആരാ	655
സ്വന്തം	652
പോകൂ	652
ആയി	648
ക്കു	645
ശരിയാണ്	641
പറയാന്	636
കൈ	633
അര്	625
പോകും	623
ഉള്ള	622
ഇങ്ങോട്ട്	620
അച്ഛന്	618
എന്തായാലും	616
നോക്കി	616
അത്ര	616
എന്നു	612
അപ്പോൾ	609
മൂന്ന്	607
പോലീസ്	605
എന്തിന്	604
ഇതൊക്കെ	598
പറയാം	598
പഴയ	590
വരുന്നു	588
കുട്ടി	586
മരിച്ചു	586
ക്കൂ	586
പ്	582
തന്നെയാണ്	582
വച്ച്	579
ട്ട്	577
പുറത്തു	573
ചെയ്യുന്നു	572
പോകണം	571
ഓരോ	568
എനിക്കും	565
സന്തോഷം	560
ഉവ്വ്	560
പറയും	556
അതില്	554
പണി	553
കയ്യില്	547
ഇനിയും	544
ഇപ്പോ	543
അടുത്ത്	539
മാത്രമാണ്	538
അതോ	537
അതിന്റെ	536
യുദ്ധം	534
നിങ്ങളോട്	533
എന്തിനാണ്	533
കിട്ടും	532
പോകാന്	531
റ്	529
വെള്ളം	529
ചെയ്യണം	528
ചെയ്യാം	527
ഞാനാണ്	526
തരൂ	524
നീയും	522
കഴിഞ്ഞ	522
താഴെ	521
പോവുകയാണ്	518
അവസാനം	516
ഹായ്	516
തീർച്ചയായും	515
വരുന്നത്	514
വീട്	512
പെണ്	510
തിരിച്ച്	510
പരിഭാഷ	507
എങ്കില്	507
മാറി	506
ഉം	505
നോക്കാം	505
ആളുകള്	505
കൂടുതൽ	503
അതിനെ	501
ആകെ	501
താ	500
ഒരാള്	496
ഇതെല്ലാം	495
കാണും	494
നേരെ	494
ആണെന്ന്	493
ഇവന്	492
അല്ലെങ്കിൽ	492
ക്കാന്	491
തോന്നുന്നത്	488
നിൽക്ക്	488
കരുതി	487
മറ്റൊരു	486
ചിലപ്പോള്	484
ഞാനത്	483
മോനെ	482
എന്നും	481
കുറെ	478
കൊണ്ടു	476
രാവിലെ	473
പറ്റും	473
ഒന്നു	472
കുഴപ്പമില്ല	471
ശബ്ദം	471
അതും	471
ഫോണ്	468
ബൈ	468
തുടങ്ങി	468
ഇത്ര	467
ന്നു	467
തവണ	466
അമ്മേ	464
മുഴുവൻ	464
അവ	461
ഹാരി	461
അതായത്	460
മിസ്റ്റര്	459
പാര്	457
അറിയാമോ	457
അച്ഛാ	449
പൂര്	448
വീട്ടിൽ	447
വേണോ	445
മനസ്സിലായോ	445
ഇതുവരെ	441
ഭാര്യ	440
വന്ന്	440
കേട്ടോ	440
പ്രവര്	440
ദാ	440
ഇതിന്	434
കാലം	434
കാര്യങ്ങൾ	431
എന്നാ	429
അദ്ദേഹത്തിന്	429
നിനക്കു	425
ലോകം	425
അവർക്ക്	424
ഇന്നലെ	424
ആന്	423
തകര്	423
വാര്	422
കൊല്ലും	422
വിട്	421
ഏയ്	420
സഹായം	418
യാത്ര	418
പകരം	411
ഷം	408
ഇതില്	407
തോന്നുന്നില്ല	407
അധികം	406
കഥ	404
അപ്പോ	404
അവനു	402
കുട്ടികള്	401
ക്ഷമിക്കൂ	401
അന്ന്	400
എവിടെയാണ്	398
ഏതു	396
മാത്രമല്ല	395
സ്വാഗതം	395
ആരോ	394
എന്നത്	393
കുട്ടികളെ	390
എന്നാലും	390
ഫ്	388
ഏത്	387
ഞങ്ങൾക്ക്	386
നീയെന്താ	386
അതാ	385
ചേര്	384
ചെയ്യ്	384
ഇല്ലേ	383
ഒരേ	381
പിടിച്ചു	381
ഇത്രയും	380
സമയത്ത്	379
സോറി	378
പറയണം	378
ഉള്ളൂ	378
പാടില്ല	378
മൂന്നു	377
തല	376
കാണണം	376
ജര്	374
വിവാഹം	371
എന്തുകൊണ്ട്	370
ഭര്	369
അതൊക്കെ	367
ഹേ	366
ഡോക്ടര്	363
ചോദ്യം	363
വെടി	362
വിട്ടു	362
യഥാര്	362
മാഡം	361
പിന്നീട്	361
നോക്കട്ടെ	360
player	359
തമാശ	357
വാക്ക്	357
പറ്റൂ	356
ആയിരിക്കും	356
മുഖം	354
ഒരാളെ	354
സാരമില്ല	354
മുതല്	354
ഉള്ളത്	353
ആഹ്	353
തോക്ക്	353
നിന്നു	351
കേസ്	350
പറയാൻ	350
തോന്നി	350
സാധനം	349
വരാന്	347
മനസ്സിലായി	344
നല്ലൊരു	343
അങ്ങോട്ട്	342
കാശ്	342
മിനിറ്റ്	341
വരുന്നുണ്ട്	340
പറഞ്ഞില്ലേ	339
എങ്കിലും	337
കൊന്നു	337
വല്ല	336
നാല്	335
മിസ്റ്റർ	335
അങ്ങ്	335
അങ്ങിനെ	335
പറഞ്ഞാല്	334
എടുത്തു	333
അയ്യോ	332
ചെയ്ത്	330
എനിക്കത്	330
എന്തൊരു	329
ഉത്തരം	329
താങ്കളുടെ	327
മനുഷ്യന്	327
വാതില്	326
തിരികെ	325
പിടിക്ക്	325
അദ്ദേഹത്തെ	324
വളര്	324
മുൻപ്	323
കുഴപ്പം	322
നിർത്ത്	321
ചിലപ്പോൾ	319
ത്തി	319
മോളെ	319
കരുതുന്നു	318
സാധാരണ	318
കണ്ടിട്ട്	317
ബാക്കി	317
ഇവനെ	315
പറഞ്ഞ	315
ഒരിക്കല്	315
മാസം	315
വല്ലതും	313
നടക്കുന്നത്	313
ആദ്യത്തെ	312
കാണിച്ചു	312
നിന്നാണ്	311
ഇത്തരം	311
പോകാൻ	311
നേരം	310
ഇരിക്ക്	309
അതെന്താ	309
നീയൊരു	309
പോകുന്നില്ല	308
സ്വപ്നം	307
അതിൽ	305
മോശം	305
ഇവര്	304
വരില്ല	304
മുകളില്	304
പോയത്	303
വീട്ടിലേക്ക്	302
കുട്ടിയെ	302
വില്	302
കാണുന്നത്	301
നമ്പര്	301
സ്വര്	300
മറ്റു	299
ആളുകളെ	299
മരണം	298
ഡോക്ടർ	297
വില	296
നേരത്തെ	295
വയ്യ	294
അദ്ദേഹത്തിന്റെ	294
അവസാന	294
കണ്ടെത്തി	294
വിളിച്ചു	294
നിങ്ങടെ	294
ചിലപ്പോ	293
ഉദ്ദേശിച്ചത്	292
ഇല്ലാ	291
ദിവസവും	289
നിങ്ങളും	289
അകത്തേക്ക്	289
ക്കാര്	287
സ്ത്രീ	286
തന്	286
ഇതിനു	286
അമ്മയെ	285
നശിച്ച	284
പാവം	284
ഡി	284
എന്താണെന്ന്	283
ഗീത	282
ചെയ്ത	281
അവൾക്ക്	281
അച്ഛൻ	280
ഇരിക്കൂ	280
അതെല്ലാം	280
കര്	280
സംഭവിച്ചത്	280
റെയും	278
ഉയര്	278
മുന്നില്	278
താല്	277
ഓഫ്	277
ചെയ്യൂ	277
ഉടനെ	277
മിസ്	276
കളി	276
ആവശ്യം	275
ഭാഗം	275
ജോണ്	273
കൂടാതെ	273
ഇവിടുന്ന്	272
ഇന്	272
എല്ലാരും	271
സംസാരിക്കുന്നത്	270
ഏതെങ്കിലും	270
subtitles	269
കേട്ടു	269
എടാ	268
മോനേ	268
മാറ്റി	268
അറിയുമോ	267
അതൊന്നും	265
വർഷം	265
കുറേ	265
അമ്മയുടെ	264
ഞാനിവിടെ	263
ആളുകൾ	262
എടുക്ക്	261
എങ്ങനെയാണ്	261
മറന്നു	261
എവിടെയാ	260
വണ്ടി	259
നീയാണ്	259
പേരും	259
ത്തു	259
പരസ്പരം	257
ആദ്യ	257
ധാരാളം	257
ക്യാപ്റ്റന്	257
പൈസ	256
പോവാം	256
ജീവന്	256
സംസാരിക്കാം	256
ശക്തി	256
തുറക്ക്	256
ന്	256
ഒരെണ്ണം	255
എല്ലാവര്	255
നമ്മെ	255
സംസാരിക്കണം	255
ആരെയും	254
പറ്റുന്നില്ല	254
മാന്	254
മകന്	254
കണ്ടില്ലേ	253
എത്തി	253
അഞ്ച്	253
അവസരം	253
തരും	252
ത്താന്	252
പറ്റുമോ	251
ശരീരം	251
ഭയങ്കര	251
പറഞ്ഞാൽ	250
ഇയാള്	250
എങ്ങനെയുണ്ട്	250
എങ്ങിനെ	248
കല്യാണം	248
എങ്കിൽ	247
ഞാനിത്	247
അടുത്തേക്ക്	246
വിളിക്കാം	246
തോന്നുന്നുണ്ടോ	245
മുന്നോട്ട്	245
കടന്നു	244
തെറ്റ്	244
പരിപാടി	244
രക്തം	243
ഓകെ	243
സിനിമ	243
റിപ്പോര്	243
പതുക്കെ	243
ഒപ്പം	242
എല്ലാവരെയും	241
കണ്ടത്	241
സ്ഥലത്ത്	241
കരുതുന്നത്	241
ശ്രമിച്ചു	241
ഷങ്ങള്	241
കൊണ്ടാണ്	240
പറ്റിയ	240
ആവശ്യമില്ല	239
malayalam	238
ക്കുന്നു	238
മുഴുവനും	238
ഡോ	238
ഇതിൽ	238
പല	237
മിസ്സ്	237
വേണ്ടാ	237
വന്നതാണ്	237
ഫോട്ടോ	236
നിൻറെ	236
ചോദിച്ചു	236
ഉണ്ടാകും	235
നമ്മുക്ക്	235
പുറത്തേക്ക്	234
വന്ന	234
വല്ലാതെ	233
അകത്തു	233
ചായ	233
ഭാഗ്യം	232
ജീവനോടെ	232
പിടിച്ച്	231
മേല്	231
പെട്ടന്ന്	230
വരുന്ന	230
നിക്ക്	228
നിന്നുള്ള	227
താങ്കൾ	225
കാര്യമില്ല	225
വേണ്ടിയാണ്	225
മികച്ച	225
ഞാനാ	225
തന്നു	224
സംസാരിക്കാന്	223
translation	223
നുണ	223
ചെയ്യുക	222
ചെയ്യുന്ന	222
ബന്ധം	222
വിടൂ	222
ക്കണം	221
നമ്പർ	221
എന്നിട്ടും	221
മൊത്തം	221
പോകുകയാണ്	221
കുടുംബം	221
അല്ലാതെ	220
അതുപോലെ	218
കണ്ണ്	218
ഇഷ്ടമാണ്	217
ശരിയല്ലേ	217
അവരോട്	217
കഴിഞ്ഞ്	217
ആല്	217
പറഞ്ഞിട്ടുണ്ട്	217
ചുമ്മാ	216
എന്തിനു	216
കാല്	216
പോണം	216
കയറി	216
പറഞ്ഞില്ല	216
അതല്ല	216
ആഗ്രഹിക്കുന്നു	215
ഇതിന്റെ	215
കണ്ടിട്ടില്ല	215
പറഞ്ഞ്	214
സമയമായി	213
ഇഷ്ടം	213
കൊല്ലാന്	213
കാര്യമാണ്	213
നിയമം	213
സുഖം	212
മരിക്കും	212
പ്രാര്	212
അറസ്റ്റ്	212
മുതൽ	212
കയ്യിൽ	212
ഇതിനെ	212
വരണം	211
മണിക്ക്	211
എൻറെ	211
കിട്ടിയത്	211
മോര്	210
നോക്കണം	210
അരുത്	210
തമ്മില്	209
അവളോട്	209
പറഞ്ഞോ	209
സ്കൂളില്	208
കൊടുക്ക്	208
ദൂരെ	208
ത്തൂ	208
അല്	208
എടുത്ത്	208
പേടിക്കണ്ട	207
ഓക്കെ	207
പറഞ്ഞിരുന്നു	207
സ്നേഹിക്കുന്നു	207
അയാൾക്ക്	207
കൊച്ചു	207
വേണമെങ്കില്	206
അവനോട്	206
പോട്ടെ	206
പറയരുത്	206
പറയട്ടെ	206
അവസാനത്തെ	206
ഇതൊന്നും	206
അത്രയും	206
വിചാരിക്കുന്നത്	205
ഇവിടം	205
പോകുന്ന	205
ഒട്ടും	205
ജനങ്ങള്	205
പര്	205
ദൈവത്തിന്	205
പ്രധാന	205
രീതിയില്	204
ത്ഥ	204
you	204
കഴിഞ്ഞില്ല	204
the	204
സുഹൃത്ത്	204
വരാൻ	204
കൈകാര്യം	203
സഹായിക്കൂ	203
നോക്കുന്നത്	203
അവസ്ഥ	203
കാര്യത്തില്	203
നിനക്കൊരു	203
കുറ്റം	202
വൃത്തികെട്ട	201
എന്തേ	201
തുടങ്ങാം	201
ച്ച	201
ചെയ്യേണ്ടത്	201
ക്കറിയാം	200
നിനക്കെന്താ	200
രണ്ടും	200
വാടാ	200
പോലെയാണ്	200
ദുര്	199
കൊടുത്തു	199
ശരിയായ	199
ഇറങ്ങി	199
അതുകൊണ്ടാണ്	199
ഉറപ്പ്	199
ന്ന	199
മുറി	198
മറുപടി	198
വിചാരിച്ചു	198
ഉണ്ടാവും	198
വന്നിട്ടുണ്ട്	198
വേദന	198
കള്ളം	197
അകത്ത്	197
വിട്ട്	197
തെണ്ടി	197
മ്മന്	196
വൈകി	196
നന്നായിട്ടുണ്ട്	195
ഒരാൾ	195
തീരെ	195
പറയുന്ന	195
ചെയ്യരുത്	194
പ്രത്യേക	194
ഒഹ്	194
മാസ്റ്റര്	194
ഏകദേശം	194
ശെരി	194
വിളിക്ക്	193
കണ്ടിട്ടുണ്ട്	193
നീയെന്നെ	193
ബര്	193
ഒറ്റ	193
ന്ന്	193
വല്ലാത്ത	192
വീണു	192
ഇതെന്താ	192
അപകടം	192
ബില്	191
ഒറ്റയ്ക്ക്	191
പാട്	191
എത്തും	191
വേണമെങ്കിലും	190
പ്രാവശ്യം	189
സംഭവിച്ചു	189
ഭാര്യയെ	189
ഇല്ലാതെ	189
ഉണ്ടെന്ന്	189
എനിക്കൊന്നും	189
ചുറ്റും	188
യൂ	188
കണ്ടാല്	188
രാജ്യം	188
സംഭവം	187
വേറൊരു	187
തരം	187
സാധനങ്ങള്	187
ഡാഡി	186
വിളിക്കുന്നത്	186
പെണ്ണ്	186
are	186
ഫോൺ	186
എന്തും	186
ജോര്	186
ചെന്ന്	186
ആളെ	185
ഓടി	185
ഒരിക്കൽ	185
യെസ്	185
ഒരുമിച്ച്	185
വിശ്വാസം	184
വിധി	184
കോടതി	184
ചെയ്	184
നിങ്ങളെന്താ	184
ബെര്	184
നടന്നു	183
മിക്കവാറും	183
കൈയ്യിൽ	183
അല്പം	183
മഴ	183
സത്യത്തില്	183
കഴിയുന്നില്ല	183
നോക്കു	183
മറ്റ്	181
ത്ഥം	181
ഇല്ലല്ലോ	181
പറയ്	181
തീരുമാനം	181
നൈറ്റ്	181
സൂക്ഷിച്ച്	181
സംസാരിച്ചു	180
ഇവൻ	180
രൂപ	180
ഇതുപോലെ	180
ഹൃദയം	180
പത്ത്	180
ചര്	179
ഉറപ്പാണോ	179
പപ്പാ	179
താങ്കളെ	179
ഏറെ	179
ക്കുന്നത്	179
പയ്യന്	179
അവനൊരു	179
സ്നേഹം	178
ചെയ്യില്ല	178
ക്ഷമിക്ക്	178
വിചാരം	178
സമ്മാനം	177
ഇവിടുത്തെ	177
മണിക്കൂര്	177
പേടിക്കേണ്ട	177
കൊന്നത്	177
കറുത്ത	177
ആഗ്രഹം	177
കോര്	177
media	177
സി	176
ഉപയോഗിച്ച്	176
കരുതിയത്	176
എന്തുപറ്റി	176
പാട്ട്	176
പേരെ	176
ശ്രദ്ധിക്കൂ	175
എഴുന്നേല്	175
ശരിയാ	175
പോടാ	175
കണ്ട്	175
തുടര്	174
നിങ്ങളാണ്	174
റൂം	174
സില്	173
പകുതി	173
എപ്പോഴെങ്കിലും	173
നിങ്ങളൊരു	173
മാറ്	173
ഉണ്ടല്ലോ	173
പൊയ്ക്കോ	173
നല്ലതാണ്	173
ചെയ്തിട്ടുണ്ട്	172
പറയുക	172
നിനക്കും	172
എനിക്കിത്	172
പ്രൊഫസർ	172
അച്ഛനെ	172
വരട്ടെ	172
ആണു	171
ഒരേയൊരു	171
ദൂരം	171
ഇവള്	171
ഇവിടെയുണ്ട്	171
തന്റെ	171
വിശ്വസിക്കുന്നു	170
കിട്ടിയോ	170
മനസിലായി	170
ല്	170
പ്രിയപ്പെട്ട	170
ത്ത	170
മുകളിൽ	170
ഹാര്	169
വസ്ത്രം	169
കൊല്ലം	169
ചെയ്തിട്ടില്ല	169
എടുത്തോ	169
കൂട്ടി	169
ചേട്ടാ	168
ആരുടെ	168
അമേരിക്കന്	168
തരണം	168
കിട്ടിയ	168
ഭൂമിയിലെ	167
ഇതാണോ	167
കിട്ടില്ല	167
മാപ്പ്	167
ഇന്നത്തെ	167
ഇതും	167
കൃത്യമായി	167
മുന്നിൽ	167
അഞ്ചു	167
in	166
ആദ്യമായി	166
എന്നതാണ്	166
പോള്	166
സുഹൃത്തേ	166
മനസ്സ്	165
നഗരം	165
പിടിക്കാന്	165
തരുന്നു	165
ബാഗ്	165
ചിത്രം	164
നമുക്കു	164
ക്ഷമ	164
കത്ത്	164
പോയ	163
ക്കൊരു	163
മോന്	163
വാങ്ങി	163
തീരുമാനിച്ചു	163
നായിന്റെ	163
പറ്റിയത്	163
എല്ലായിടത്തും	162
ഡാ	162
ഞാനല്ല	162
ഹോ	162
എതിര്	162
ചാര്	162
ഇയാളെ	162
കണ്ട	161
രണ്ടുപേരും	161
ആകും	161
ഡന്	161
അതെയോ	161
മനുഷ്യൻ	161
ഡര്	160
എന്നാണോ	160
ദേഷ്യം	160
പിടിച്ച	160
പറയില്ല	160
വാതിൽ	160
വിവരം	160
ഫുക്ക്	160
പേരില്	160
ഗര്	160
റെഡി	159
നിനക്കറിയാമോ	159
വിശ്വസിക്കാന്	159
നേരിട്ട്	159
മനസിലായോ	159
കാലത്ത്	159
ചിലര്	159
നിൽക്കൂ	158
ഏതാണ്ട്	158
കാണുന്നു	158
ജാക്ക്	158
ഉള്ളു	158
അയാളോട്	158
ബോസ്	158
best	157
നീയത്	157
തുറന്നു	157
നോ	157
ചെല്ല്	157
എളുപ്പം	157
ഉള്	157
വല്യ	157
കഴിയുമോ	157
സാധിക്കില്ല	156
ചിലത്	156
മര്	156
ഡാന്	156
പിടിച്ചോ	156
സ്ഥാനം	156
ജീവിതത്തില്	156
മന്	156
നിങ്ങളെന്നെ	155
ആരെയെങ്കിലും	155
കൊടുക്കണം	155
എല്	155
കത്തി	155
ശ്വാസം	155
വി	155
ആരാണെന്ന്	155
മാം	155
ഏതോ	155
തീ	154
ഭായ്	154
പോകരുത്	154
നീണ്ട	154
എന്തായിരുന്നു	154
പിടിക്കും	154
മുടി	154
എല്ലാവർക്കും	154
നടക്ക്	154
യാതൊരു	153
classic	153
നമുക്കൊരു	153
വെച്ചു	153
നിങ്ങള്ക്ക്	153
സെന്	153
ത്താവ്	153
കേട്ടില്ലേ	153
ജനറല്	153
തരാന്	153
അങ്ങയുടെ	152
viewed	152
മുന്നേ	152
തമ്മിൽ	152
ഇവിടെയാണ്	152
നിനക്കത്	151
വലിയൊരു	151
കുഴപ്പമൊന്നുമില്ലല്ലോ	151
മകനെ	151
പറഞ്ഞതാണ്	151
പറയു	151
രണ്ടാം	151
വിട്ടേക്ക്	151
ഫോറസ്റ്റ്	150
കാത്തു	150
ഞാനൊന്ന്	150
ഇവരെ	149
അവരെല്ലാം	149
പിന്	149
വെയ്ന്	149
തോന്നും	149
ഓട്	148
കെ	148
സംഭവിക്കുന്നത്	148
ഇത്തിരി	148
ഇംഗ്ലീഷ്	148
സഹായിക്കാന്	147
എന്തൊക്കെ	147
ഞാനവനെ	147
കണ്ടില്ല	147
കാണിക്കുന്നത്	147
രഹസ്യം	147
വന്നാല്	147
ഇഷ്ടമല്ല	146
ഉദ്ദേശിക്കുന്നത്	146
താഴേക്ക്	146
കാണുന്നില്ല	146
അതെനിക്ക്	146
ബോര്	146
ആർക്കും	146
കോണ്	146
എന്നോടു	145
ക്കാം	145
മൂലം	145
ഉണര്	145
മിസ്സിസ്	145
സാധിക്കും	145
ഇവ	145
പുസ്തകം	145
സാധ്യത	145
ദേ	145
കിട്ടിയിട്ടുണ്ട്	144
വിചാരിക്കുന്നു	144
ഇന്നു	144
ലോകത്ത്	144
ഇതിലും	144
ഊര്	144
ഞാനോ	144
ആൾ	144
സത്യത്തിൽ	144
ഇതെന്റെ	144
അറിയാമല്ലോ	144
അടിച്ചു	143
ലാന്	143
സന്ദേശം	143
വരുമെന്ന്	143
ബോട്ട്	143
ഞങ്ങളോട്	143
മറ്റേ	143
ആണല്ലോ	143
കാർ	143
മിണ്ടാതിരിക്ക്	143
ഞാനീ	143
വെറുമൊരു	143
മറ്റോ	142
വിവരങ്ങള്	142
ഉണ്ടാക്കി	142
എടുക്കൂ	142
യു	142
സമയമില്ല	142
അതെന്റെ	142
km	142
ജി	141
എണ്ണം	141
കുട്ടീ	141
ഉള്ളില്	141
ലോകത്തിലെ	141
കാണില്ല	141
താങ്ക്യൂ	141
നടക്കില്ല	141
അറിയില്ലേ	141
താന്	141
അടി	141
എപ്പോള്	141
സഹായിക്കും	141
ബുക്ക്	140
സ്വാതന്ത്ര്യം	140
പറഞ്ഞതല്ലേ	140
ലീ	140
അമ്മയും	140
അച്ഛനും	140
ഭാവി	140
ചുവന്ന	140
പോയാല്	140
അവരു	140
പത്തു	139
എന്നാണു	139
ധൈര്യം	139
ഭ്രാന്ത്	139
കാപ്പി	139
പെട്ടി	139
വേണമെങ്കിൽ	139
ഇങ്ങു	139
എന്നെയും	139
കോപ്പ്	139
ചെയ്തോ	139
കാഞ്ചി	139
വാള്	139
ചോദിക്കുന്നു	138
പ്രകാരം	138
കഴിക്കാന്	138
ആവശ്യമുണ്ട്	138
സത്യമാണ്	138
കടം	138
അവിടുന്ന്	137
കുഞ്ഞിനെ	137
ഹെല്	137
വിളിച്ചത്	137
തരാൻ	137
കുറഞ്ഞ	137
അനങ്ങരുത്	137
നി	137
ഒരുപക്ഷെ	137
മരിക്കാന്	137
അറിയാന്	137
എടുക്കും	136
അതിലും	136
ഞാനിപ്പോള്	136
പിന്നാലെ	136
ആയുധം	136
പെണ്ണിനെ	136
ഒരൊറ്റ	136
ക്കുന്നുണ്ടോ	136
ആവില്ല	136
ദൈവത്തെ	135
കഴിക്ക്	135
കല്	135
മനോഹരമായ	135
അച്ഛന്റെ	135
നായിന്	135
ആത്മഹത്യ	135
കഴിഞ്ഞാല്	135
for	135
ഹെയ്	135
വെളിച്ചം	135
സന്ദര്	135
കണ്ടെത്താന്	135
ചോദിച്ചത്	135
ക്യാപ്റ്റൻ	135
ക്കായി	135
അങ്ങനെയാണ്	135
ഒരിക്കലുമില്ല	134
നടന്ന	134
തന്നത്	134
ഞാനെന്റെ	134
ഞാനെന്	134
കുറച്ചുകൂടി	134
നീയെന്തിനാ	134
തോല്	133
ഇല്ലെങ്കില്	133
തെറ്റാണ്	133
വെക്ക്	133
സ്റ്റാര്	133
അതെങ്ങനെ	133
ശരിയായി	133
കാറില്	133
എങ്ങോട്ടാ	133
അല്ലാ	133
വിഡ്ഢി	133
പോലീസിനെ	133
സംസാരിക്കുന്നു	133
എല്ലാത്തിനും	133
പോയോ	133
ഉണ്ടെങ്കില്	133
കരുതുന്നുണ്ടോ	132
കൈകള്	132
എങ്ങനെയാ	132
പിടിക്കാൻ	132
ജോൺസ്	132
ഇതെന്	131
കഷ്ടം	131
മുന്നോട്ടു	131
ഭാഷ	131
നിറഞ്ഞ	131
അതിനുള്ള	131
പറയാനുണ്ട്	131
ഇന്നാ	131
പലതും	131
തെറ്റായ	131
പോലിസ്	131
പറയാമോ	131
സമ്മതിച്ചു	130
താങ്ക്സ്	130
മരുന്ന്	130
ഫ്രാന്	130
മീന്	130
കാന്	130
നൃത്തം	130
കൂട്ടം	130
അറിയാമായിരുന്നു	130
നടക്കും	130
കണ്ടാൽ	129
വന്നതാ	129
ഹാ	129
അവരോടു	129
ഉണ്ടായിരുന്നില്ല	129
ടി	129
ടിക്കറ്റ്	129
ഗാര്	129
അമ്മയ്ക്ക്	129
ലോകത്തെ	128
പിന്നെന്താ	128
ദി	128
നിനക്കറിയാം	128
പ്രധാനപ്പെട്ട	128
ലക്ഷം	128
ഭാഗത്ത്	127
ചീത്ത	127
ഒന്നിനും	127
ഒന്നുകൂടി	127
കണ്ണുകള്	127
ശ്രദ്ധ	127
ജീവൻ	126
പ്രഭോ	126
കേണല്	126
നിനക്കറിയുമോ	126
മനുഷ്യനെ	126
എന്തുകൊണ്ടാണ്	126
സൂക്ഷിക്കണം	126
ജയിലില്	126
യുവറോണര്	126
കിം	126
വച്ചു	126
തമ്മിലുള്ള	126
ചോദിക്ക്	126
ഇല്ലായിരുന്നു	126
ശിക്ഷ	125
അവരെന്നെ	125
ജീവിക്കാന്	125
മണി	125
ഇവിടുന്നു	125
കണ്ടിരുന്നു	125
മൈല്	124
വിളിക്കുന്നു	124
കഴിച്ചു	124
എത്രയും	124
മാറ്റ്	124
പ്രത്യേകിച്ച്	124
ഇതേ	124
പോവുന്നത്	124
കണ്ടെത്തും	124
എങ്ങോട്ട്	124
മകളെ	124
നമസ്കാരം	124
ഉണ്ടാവില്ല	123
വേണ്ടേ	123
കൊടുക്കാന്	123
രാജ്യത്തെ	123
ശരിയല്ല	123
ട്ടര്	123
മുറിയില്	123
ചെയ്തില്ല	123
മമ്മി	123
എണീക്ക്	123
കൊടുക്കൂ	123
സംസാരിക്കാൻ	122
കൊല്ലാൻ	122
വിളിക്കും	122
കിട്ടുമോ	122
മാറും	122
ആറു	122
ട്ടി	122
ആരോടും	122
കമ്പനി	122
സംശയം	122
മനസ്സിലായില്ല	122
എടുക്കാന്	121
ഓഫീസര്	121
റോഡ്	121
വളരെയധികം	121
ഫ്രഞ്ച്	121
മ്	121
പെന്	121
ബോസ്സ്	121
പോവുകയാണോ	121
കടല്	120
നേരത്തേ	120
അവിടെയാണ്	120
കളഞ്ഞു	120
അങ്ങനെയല്ല	120
എവിടെയെങ്കിലും	120
പ്രശ്നങ്ങള്	120
രക്ഷിക്കാന്	120
മോതിരം	120
പ്ലാന്	120
രണ്ടാമത്തെ	119
നിലനില്	119
വരുമ്പോള്	119
പി	119
ശ്രദ്ധിക്ക്	118
വീട്ടിലേക്കു	118
ത്തും	118
തിരിഞ്ഞു	118
സമാധാനം	118
പോര്	118
മനുഷ്യര്	118
ജോലിക്ക്	118
യാ	118
എടുക്കാം	118
ലക്ഷ്യം	118
എസ്	118
നോക്കാന്	118
അതെന്	118
നടത്തി	118
സൈന്യം	118
എന്നോടൊപ്പം	118
എവിടെയാണെന്ന്	117
യുടെ	117
കിടന്നു	117
കല്ല്	117
താമസം	117
കുട്ടിയുടെ	117
ആവശ്യമാണ്	117
കിട്ടിയില്ല	117
ടോം	117
ഡോളര്	117
കാള്	117
താക്കോല്	117
പോകില്ല	117
തയ്യാറാണ്	117
അറിഞ്ഞു	116
അവസാനമായി	116
കാവല്	116
കാര്യങ്ങളും	116
വഴിയില്	116
ശെരിക്കും	116
മുകളിലേക്ക്	116
വേര്	116
സഹായിക്കാം	116
പണ്ട്	116
ഉറപ്പാണ്	116
കുഞ്ഞ്	116
ഇല്ലാത്ത	116
എന്തൊക്കെയുണ്ട്	116
ജോ	115
ഡോളർ	115
മുഹമ്മദ്	115
ലൈറ്റ്	115
ഒരുമിച്ചു	115
ബോംബ്	115
കാണട്ടെ	115
മിണ്ടാതിരി	115
ഓഹോ	115
പരിശീലനം	115
മരം	115
കേട്ടത്	115
കാര്യത്തിൽ	115
അതെന്നെ	114
യഥാർത്ഥ	114
നമ്മൾക്ക്	114
ടാങ്ക്	114
വിന്	114
പേടി	114
തര്	114
ഉറപ്പായും	114
എങ്ങോട്ടാണ്	114
മിണ്ടരുത്	114
ഇദ്ദേഹം	114
മകൻ	114
തുടങ്ങും	114
തരുമോ	114
എപ്പോഴാണ്	114
നിർത്തൂ	113
പേർ	113
ഉണ്ടാക്കാന്	113
അയച്ചു	113
എന്താണിത്	113
അത്ഭുതം	113
ടീം	113
കഴിയുമെന്ന്	113
ചൂട്	113
പണ്ടാരം	113
ഒന്നാം	113
ക്കുന്ന	113
എന്താണത്	112
ബാര്	112
ആറ്	112
തന്ന	112
മറക്കരുത്	112
വഴിക്ക്	112
തരാമോ	112
രീതി	112
ക്കത്	112
യാഥാര്	112
വെറുതേ	112
സന്തോഷമുണ്ട്	112
നിലയില്	112
ചോദിക്കുന്നത്	112
നിങ്ങക്ക്	112
ഇവിടേക്ക്	112
മരിച്ചത്	112
ഇങ്ങ്	111
ഇവരുടെ	111
പട്ടി	111
കൊണ്ടുപോയി	111
കൊലപാതകം	111
നമ്മളുടെ	111
വേണമെന്ന്	111
സുഖമല്ലേ	111
കഴിക്കാം	111
ജീവിക്കുന്നത്	111
ക്കെങ്കിലും	111
മിസിസ്	110
ബാങ്ക്	110
തികച്ചും	110
നോക്കിക്കോളാം	110
ഒരുപക്ഷേ	110
വരുമോ	110
സാധനങ്ങൾ	110
ചീഫ്	110
നന്നായിരുന്നു	110
ഇവിടത്തെ	110
അധികാരം	110
വിചാരിച്ചത്	110
സൂര്യന്	110
സമര്	110
പിന്നെയും	109
ആളാണ്	109
പിടി	109
പദ്ധതി	109
ഏക	109
നിങ്ങളില്	109
നശിപ്പിച്ചു	109
ഭൂമി	109
ചെയ്യുന്നുണ്ട്	109
ലഭിക്കും	109
ബോധം	109
ഇരുന്നു	109
ഭയം	109
എന്തായിത്	109
ടെ	109
റിപ്പോർട്ട്	109
കൊടുക്കും	109
ഗോര്	109
കുഴപ്പമൊന്നുമില്ല	109
നിന്നെയും	109
ദൈവത്തിന്റെ	108
മാറ്റം	108
പപ്പ	108
താമസിക്കുന്നത്	108
മൈക്ക്	108
വിഷമം	108
പോകട്ടെ	108
ഷമായി	108
വായിച്ചു	108
നന്നായിരിക്കുന്നു	108
അയല്	108
പറയാതെ	108
മകള്	108
റേഡിയോ	108
തുടക്കം	108
കുട്ടികളുടെ	108
ചോദ്യങ്ങള്	108
മത്സരം	108
സംഭവിക്കും	108
കാണുന്ന	107
നെ	107
കുടുംബത്തെ	107
ഉറക്കം	107
കുട്ടികൾ	107
സുഹൃത്തുക്കളെ	107
അതാണോ	107
ഹൈ	107
ചക്രവര്	107
എക്സ്ക്യൂസ്	107
വ്യത്യാസം	107
മണം	107
and	106
സഹായിക്ക്	106
കോടതിയില്	106
പറഞ്ഞിട്ടില്ല	106
തുറക്കൂ	106
പറയുകയാണ്	106
ആയിരിക്കാം	106
ദയവുചെയ്ത്	106
സിഗരറ്റ്	106
മുമ്പേ	106
മരിച്ച	106
നന്ദിയുണ്ട്	106
പിടിക്കൂ	106
അവനും	106
ഡില്	106
അയാളൊരു	105
നിനക്കെങ്ങനെ	105
കിട്ടാന്	105
താക്കോൽ	105
കൊണ്ടുവാ	105
ഇയാളുടെ	105
പോസ്റ്റ്	105
പോട്ടർ	105
എല്ലായ്പ്പോഴും	105
വെച്ചാല്	105
അങ്ങനെയാണോ	105
കള്	105
വന്നിരുന്നു	105
നില	105
പ്രശ്	105
ശമ്പളം	105
ഗംഭീരം	105
വിഷയം	104
ഏല്	104
പ്ലാൻ	104
കേൾക്ക്	104
അറിയണം	104
അന്വേഷണം	104
വയസ്സ്	104
ശരിയാകും	104
നിനക്കറിയോ	104
മറ്റുള്ളവര്	104
കയറ്	104
എഴുതി	104
വാക്കുകള്	104
ക്കാരെ	104
പ്രതീക്ഷ	104
കമോണ്	104
ഇവളെ	104
ബുദ്ധി	103
കണ്ണുകൾ	103
അതിനെന്താ	103
വിടാന്	103
ജോൺ	103
ആയിക്കോട്ടെ	103
തീരും	103
മനസ്സില്	103
പോലുമില്ല	103
അറിയോ	103
കണ്ടെത്തണം	103
മറ്റുള്ളവരെ	103
തലയില്	103
വൈകാതെ	103
കഴിയുന്ന	103
സഹോദരന്	103
കഴിഞ്ഞാൽ	103
ജീവിക്കാൻ	103
എനിക്കറിയാമായിരുന്നു	103
രാത്രിയില്	102
ക്കാണ്	102
താല്പര്യം	102
നോര്	102
പ്രതീക്ഷിക്കുന്നു	102
ആയിരം	102
താങ്ക്	102
നടക്കാന്	102
ആവും	102
പ്രതികാരം	102
കി	102
അതിര്	102
പറഞ്ഞതാ	102
നിനക്കെന്നെ	102
സംഗീതം	101
കണ്ടിട്ടുണ്ടോ	101
ഭാര്യയും	101
വിദ്യാര്	101
ക്കറിയാമോ	101
ലി	101
മഹത്തായ	101
തൊടരുത്	101
ഉടന്	101
കാലമായി	101
വ്യക്തമായി	101
നാലു	101
എവിടെയായിരുന്നു	101
വന്നോ	101
ഞാനെന്തു	100
ജപ്പാന്	100
സിന്	100
ഏഴ്	100
കാത്തിരിക്കുന്നു	100
തുറന്ന്	100
സഹോദരാ	100
സണ്	100
അഭിപ്രായം	100
നാക്ക്	100
മനുഷ്യനാണ്	100
ആഗ്രഹിക്കുന്നത്	100
രക്ഷിച്ചു	100
കൈയ്യില്	100
കിടന്ന്	100
എടുത്തോളൂ	100
ബ്ലാക്ക്	100
വാച്ച്	100
കാത്ത്	100
ക്കുക	100
ടാക്സി	100
ആരുമില്ല	100
ഇല്ലയോ	99
കൈയില്	99
അടുത്തു	99
ഉപേക്ഷിച്ചു	99
അതു്	99
ഭാര്യയുടെ	99
ശക്തമായ	99
വിഷമിക്കേണ്ട	99
വിളിക്കൂ	99
വിഷം	99
ഭാരം	99
നടക്കുന്ന	99
മൈ	99
ക്യാമറ	98
പറയണ്ട	98
ചെയ്തിരുന്നു	98
നീയോ	98
ഏര്	98
ശ്രദ്ധിക്കണം	98
സംസാരം	98
പ്രായം	98
ജെ	98
ട്രക്ക്	98
അവനോടു	98
ഫിലിം	98
കഴിക്കാൻ	98
നിങ്ങൾക്കു	98
തന്നെയല്ലേ	98
എന്തേലും	98
ആണെങ്കില്	98
നീയാണോ	98
ജ്	97
ചെക്ക്	97
മീൻ	97
സ്ത്രീകള്	97
വിജയം	97
ഇയാൾ	97
പോയിരുന്നു	97
പോയിട്ട്	97
ലിന്	97
ഞാനിപ്പോൾ	97
വച്ചാല്	96
സൂക്ഷിച്ചു	96
കാണുമ്പോള്	96
പോരെ	96
മീറ്റര്	96
കൈയിൽ	96
കൊല	96
കേട്ടിട്ടുണ്ട്	96
മേൽ	96
ഉമ്മ	96
എത്രത്തോളം	96
ചോര	96
പോലുള്ള	96
ഗുഡ്ബൈ	96
താൻ	96
അവയെ	96
ഉടൻ	96
ബിൽ	96
കാറ്	96
ദൈവത്തിനു	95
ഞാനവളെ	95
ഹും	95
എന്നില്	95
to	95
അലി	95
നാള്	95
മോളേ	95
പേരാണ്	95
ഷല്	95
തുടങ്ങിയത്	95
വിചാരണ	95
സാം	95
ചെയ്യുമോ	95
ഇവന്റെ	95
മടുത്തു	95
സംവിധാനം	95
വിളിച്ച്	95
ഇവൾ	95
പരാതി	95
അറ്റാക്ക്	95
ബുദ്ധിമുട്ടാണ്	95
പറഞ്ഞേ	94
വിശ്വസിക്കാൻ	94
ബ്രൂസ്	94
ബ്	94
കേറി	94
ഉണ്ടെന്നു	94
ഇത്തവണ	94
ജീവിതത്തിൽ	94
മനസ്സിലാകുന്നില്ല	94
തനിക്ക്	94
ഫ്രോഡോ	94
വഴിയില്ല	94
അന്വേഷിച്ചു	94
ട്രെയിന്	94
ഒരാളുടെ	94
കുറവാണ്	94
അറിയാൻ	94
വേഗമാകട്ടെ	94
മനസ്സിലായില്ലേ	94
ഗ്ലാസ്	94
ആയ	94
ചെയ്യുകയാണ്	94
കാത്തിരിക്കുകയാണ്	94
ഒന്നുമല്ല	94
ശരിയാവും	94
സ്ത്രീയെ	94
പ്രശ്നമില്ല	94
ഓടിക്കോ	93
എയര്	93
മൂന്നാം	93
കട	93
ഒടുവില്	93
ചെയ്യുന്നേ	93
നടക്കാൻ	93
തങ്ങളുടെ	93
ഡെന്	93
ആളുകളുടെ	93
പ്രതി	93
യുവർ	93
നടന്നത്	93
കേൾക്കാൻ	93
മലയാള	93
വളരേ	93
നോക്കിയാല്	93
ജയിച്ചു	93
ചെറിയൊരു	93
കാണുന്നുണ്ട്	93
നമുക്കത്	93
ലെ	93
മുഖത്ത്	93
ദയവ്	92
ശ്	92
ഞാനൊരിക്കലും	92
നിങ്ങളാണോ	92
പോവാന്	92
ഞാനിപ്പോ	92
വെച്ചാൽ	92
വെറുക്കുന്നു	92
നിക്കി	92
എഴുന്നേൽക്ക്	92
ങേ	92
കോബ്	92
ശുഭരാത്രി	92
അദ്ദേഹത്തോട്	92
പേടിച്ചു	92
എടുക്കാൻ	92
സുപ്രഭാതം	92
സത്യമായിട്ടും	92
കണ്ടെത്താൻ	92
എപ്പോ	91
സ്കൂളിൽ	91
പേരിൽ	91
നിങ്ങളത്	91
കടുത്ത	91
അതത്ര	91
അതായിരുന്നു	91
വേഗത്തില്	91
ജോലിയാണ്	91
വാക്കുകൾ	91
എന്തായി	91
നിറയെ	91
പറയല്ലേ	91
ഉറപ്പു	91
സ്കൂള്	91
ചെക്കാ	90
ഫാദര്	90
ദിനം	90
സാന്	90
ആഹാ	90
വരുമ്പോൾ	90
തെറ്റി	90
സെക്കന്റ്	90
ഉണ്ടാക്കും	90
കാറ്റ്	90
ഞാനെന്താ	90
പ്രശ്നമല്ല	90
ഞാനൊന്നും	90
ഐഡിയ	90
ശ്രദ്ധിക്കുക	90
സാധ്യമല്ല	90
മാർക്ക്	90
തോന്നുന്നില്ലേ	90
ജലം	90
ശ്രമിക്കുന്നു	90
അവളൊരു	90
അതുതന്നെ	90
മഹാനായ	89
കോഫി	89
ജനിച്ചത്	89
സ്ഥാനത്ത്	89
മനോഹരം	89
സുന്ദരി	89
പാചകം	89
രാജാവ്	89
ആരെ	89
അടയാളം	89
എനിക്കാ	89
വേഗത	89
വാക്കു	89
പതിയെ	89
കണ്ടതിൽ	89
ആശയം	89
കൂപ്പര്	89
തെളിവ്	88
നോക്കിയേ	88
ഒറ്റക്ക്	88
ചെയ്തോളാം	88
ക്കുള്ള	88
തന്നെയാ	88
അവനാണ്	88
കുട്ടികളും	88
നീയെന്താണ്	88
അടുത്തത്	88
നഷ്ടപ്പെട്ടു	88
മണല്	88
സുഖമാണോ	88
ഓഫീസില്	88
വന്നാൽ	88
കഴിയുന്നത്	88
ദിവസങ്ങള്	88
വാഗ്ദാനം	88
ദയവു	88
കണ്ടതില്	88
പറ്റുമെന്ന്	88
വായിക്കാന്	88
ആകര്	88
ഇടയില്	88
പിറകില്	88
പ്രധാനം	88
തുക	87
സഹോദരി	87
ഹാന്	87
it	87
അവന്മാര്	87
ചെയ്യണമെന്ന്	87
മോശമാണ്	87
ചിന്തിക്കുന്നത്	87
കഴിവ്	87
റെഡ്	87
എന്താടാ	87
കേട്ട്	87
ഗോ	87
മാറ്റാന്	87
പ്പം	87
വയസ്സായി	87
നമ്മളെല്ലാം	87
ഇവിടെത്തന്നെ	87
രീതിയിൽ	86
റെയ്ച്ചല്	86
ശവം	86
പാന്	86
മണിക്കൂർ	86
കച്ചവടം	86
ത്തന്നെ	86
ജനങ്ങളെ	86
കുഞ്ഞുങ്ങള്	86
ആഹാരം	86
gerry	86
സത്യമാണോ	86
മലയാളം	86
ഡാഡ്	86
ഇപ്പോഴത്തെ	86
എനിക്കെന്	86
റൂമില്	86
നടക്കുന്നു	86
ഫൈറ്റ്	86
ഷോ	86
മണ്ടത്തരം	85
എന്നല്ലേ	85
മുറിച്ചു	85
മുന്നറിയിപ്പ്	85
മാക്ക്	85
വന്നില്ല	85
ചെയ്യുമെന്ന്	85
അദ്ദേഹത്തിനു	85
എന്നേ	85
അപ്പാ	85
ഇപ്പോൾ	85
രക്ഷിക്കൂ	85
വായ	85
മരിയ	85
വരിക	85
വെക്കൂ	85
സലാം	85
നോക്കിക്കോ	85
ളോണ്ടി	85
ഗം	85
ആഴ്ച	85
ഹാപ്പി	85
ഫ്യൂറര്	85
ക്കില്ല	85
പറ്റിയില്ല	85
കാര്യമല്ല	85
നിങ്ങളെന്താണ്	85
വന്നിട്ട്	85
പറയാനുള്ളത്	85
എളുപ്പമല്ല	85
കൊല്ലണം	85
അറിയും	85
അവരാണ്	85
ടാര്	84
പന്നി	84
റോൺ	84
കുഴപ്പമൊന്നും	84
പാലം	84
പോവുന്നു	84
വിടാം	84
ജീവിതത്തിലെ	84
കഴിഞ്ഞോ	84
കിട്ടിയാല്	84
ആലോചിച്ചു	84
വൈകുന്നേരം	84
ഒന്നിച്ചു	84
തേടി	84
ഇവളുടെ	84
പോയിട്ടുണ്ട്	84
ക്കൊപ്പം	84
തന്നെയാണോ	84
വരുന്നില്ല	84
നീയിത്	84
ജമാൽ	84
വിവരങ്ങൾ	84
വരികയാണ്	84
വിളിച്ചിരുന്നു	84
ജയില്	84
എനിക്കിവിടെ	84
സിമോണ്	84
കാഴ്ച	84
മനസ്സിലാകും	84
ഫ്രെയിം	84
ഉണ്ടാക്കിയത്	83
രൂപം	83
മാറൂ	83
പറഞ്ഞല്ലോ	83
എടുക്കണം	83
ഇതൊന്ന്	83
ഫോര്	83
മുറിയിൽ	83
എവിടെയോ	83
ഉറങ്ങാന്	83
ക്	83
ഗുസ്തി	83
രേഖകള്	83
എന്നോ	83
ചെയ്യുന്നതെന്ന്	83
ശ്രമം	83
നിൽക്കാൻ	83
വേഷം	83
ഉണ്ടായി	83
അനുവദിക്കില്ല	83
കള	83
കാണൂ	83
ഉണ്ടായിരുന്നോ	83
വിചിത്രമായ	82
വേണ്ടിയുള്ള	82
ബാറ്റ്മാന്	82
ഇല്ലെങ്കിൽ	82
ഞങ്ങളോടൊപ്പം	82
നിങ്ങളിവിടെ	82
ഇവിടെയുള്ള	82
അവിടേക്ക്	82
മിണ്ടാതെ	82
ലിംഗ്	82
കാരണമാണ്	82
വിമാനം	82
എളുപ്പമാണ്	82
കവര്	82
നിനക്കറിയാമല്ലോ	82
നോക്കുന്നു	82
ബി	82
ജീവിതകാലം	82
സഹായിക്കണം	82
everyone	82
വേണമായിരുന്നു	82
പോവും	82
ഇരിക്കുന്നത്	82
അസുഖം	81
ഒന്	81
സ്ഥലമാണ്	81
അയച്ചത്	81
രഹസ്യ	81
ചേച്ചി	81
ക്കിടയില്	81
അവസാനിച്ചു	81
പിന്നില്	81
അത്തരം	81
ആവര്	81
ജനങ്ങളുടെ	81
കൌണ്	81
വിശ്വസിക്കൂ	81
സങ്കല്	81
ഫ്രാങ്ക്	81
വിവാഹ	81
മുത്തശ്ശി	81
ഡാൻസ്	81
വിശ്വസിക്കുന്നില്ല	81
by	81
പൊയ്ക്കോളൂ	81
അവയുടെ	81
ശതമാനം	81
അതിനെക്കുറിച്ച്	80
കണ്ടതാണ്	80
ബെല്	80
ആക്രമണം	80
ചത്തു	80
നോക്കിക്കേ	80
സഹായിക്കാൻ	80
നാ	80
കഴിയൂ	80
അതിനാല്	80
കുട്ടിക്ക്	80
റാണി	80
ഭൂമിയില്	80
പകര്	80
എടുത്തത്	80
ശ്രമിക്കുന്നത്	80
പരമാവധി	80
ശത്രു	80
ഞാനവരെ	80
ബസ്	80
മോണിംഗ്	80
ഡ്വാര്	80
ഉണ്ടെങ്കിൽ	80
കുപ്പി	80
പേരു	80
കൈകൾ	79
കയറൂ	79
നിനക്കറിയില്ല	79
ദയ	79
അന്നാ	79
ക്കോ	79
ബെയ്ന്	79
മരങ്ങള്	79
മഞ്ഞ്	79
അതെയതെ	79
നിർത്തി	79
പുള്ളി	79
വക്കീല്	79
അനങ്ങാതെ	79
ഉപയോഗിക്കുന്നത്	79
നിറം	79
വരുന്നോ	79
കുഞ്ഞേ	79
പോയിന്റ്	79
എന്നെങ്കിലും	79
പന്ന	79
ഡ്രൈവര്	79
വിളിക്കാന്	79
ഡാനിയല്	79
സമയവും	79
ഇങ്ങോട്ടു	79
ന്റെ	79
പീറ്റര്	78
എല്ലാവരുടെയും	78
സല്	78
അഥവാ	78
ആണെന്നാണ്	78
സൽമ	78
കൊണ്ടുവന്നത്	78
ചെയ്യാനാ	78
ചെയ്യാനാണ്	78
പഠിപ്പിച്ചു	78
സംഭവിക്കില്ല	78
ശ്രദ്ധിച്ചു	78
മാരുഗെ	78
ടണ്	78
രചന	78
നിയന്ത്രണം	78
ചെയ്യുന്നില്ല	78
ആശുപത്രിയില്	78
തീർന്നു	78
രക്ഷിക്കാൻ	78
വേണ്ടിവരും	78
സാധ്യതയുണ്ട്	78
പഠിച്ചു	78
സുഹൃത്തുക്കള്	77
വരരുത്	77
രക്ഷപ്പെട്ടു	77
ശരിയാണോ	77
വിശ്വസിച്ചു	77
ജാനെറ്റ്	77
രാജ്യത്തിന്	77
കൊര്	77
ശ്രമിക്കാം	77
ഡോക്ടറെ	77
സംഗതി	77
മനുഷ്യ	77
വക	77
കൊടുക്കാം	77
ന്യൂയോര്	77
നേരമായി	77
ഉണ്ടാകില്ല	77
സ്വഭാവം	77
പറ്റാത്ത	77
എന്താണു	77
രണ്ടെണ്ണം	77
മതിയോ	77
വിട	77
മനുഷ്യന്റെ	77
വ്യക്തി	77
മതിയാവൂ	77
റഷ്യന്	77
ന്യൂ	77
മക്കളെ	77
ഫ്രണ്ട്	77
യില്	77
മനുഷ്യരുടെ	77
നിന്നോടു	77
അത്താഴം	77
കിട്ടുന്നത്	77
ഐസ്	77
മെയ്	77
ഈവനിംഗ്	76
ചെയ്യാനുള്ള	76
അവിടെയുണ്ട്	76
വിധം	76
തയ്യാറാക്കിയത്	76
എപ്പോൾ	76
കലക്കി	76
കാർഡ്	76
നീക്കം	76
സംസാരിക്ക്	76
കാണുന്നില്ലേ	76
ആയുധങ്ങള്	76
ഷങ്ങളായി	76
ഹാഗ്രിഡ്	76
അവരത്	76
പിന്നിൽ	76
എന്തൊക്കെയോ	76
സുഖമില്ല	76
ആയിരുന്നില്ല	76
വാങ്ങാന്	76
കുറഞ്ഞത്	76
ജൂത	76
തടയാന്	76
എനിക്കവളെ	76
പോയ്	76
ത്ഥത്തില്	76
സാർജെന്റ്റ്	76
യുദ്ധത്തില്	76
ടോണി	76
അമ്മയോട്	76
കൊല്ലപ്പെട്ടു	76
തളര്	76
താങ്കൾക്ക്	76
ഷന്	76
ചോദിക്കാം	76
നിന്നോ	76
ച്ച്	76
സമ്മതിക്കില്ല	76
നിലനിര്	76
വിശ്വസിക്കില്ല	76
മണ്ണ്	76
നമുക്കിത്	76
sir	76
എന്നെക്കൊണ്ട്	75
ആയിരുന്നോ	75
ആവാം	75
ശ്രദ്ധിച്ച്	75
പേ	75
കമാണ്ടര്	75
കാര്യമായി	75
തണുപ്പ്	75
അനുസരിച്ച്	75
പടം	75
ചാടി	75
ഥം	75
നിലയിൽ	75
രാജ്യത്ത്	75
കേറ്	75
പില്	75
പിതാവ്	75
മമ്മാ	75
ബിസിനസ്	75
ഷൂസ്	75
ഇതെന്താണ്	75
കാണിക്കൂ	75
നീല	75
മൈര്	75
തോമസ്	75
കുട്ടിയാണ്	75
അവനത്	74
തൊപ്പി	74
വന്	74
മടങ്ങി	74
തനിയെ	74
പറയുന്നേ	74
നിയമങ്ങള്	74
കാത്തുനില്	74
തോന്നിയത്	74
ഹ്	74
ഓണ്	74
ഷൂട്ട്	74
ഷൂ	74
സ്വന്തമായി	74
വിഷമമുണ്ട്	74
തരുന്നത്	74
തരത്തിലുള്ള	74
മനസ്സിലാവുന്നില്ല	74
സുന്ദരിയായ	74
സൂപ്പര്	74
സുന്ദരിയാണ്	74
കണ്ടിരുന്നോ	74
സൈനിക	74
ഉറക്കെ	74
രോഗം	74
നീയിവിടെ	74
എനിക്കവനെ	74
ചിന്തിച്ചു	74
നീയാ	73
ജീവിതത്തിന്	73
msone	73
അടങ്ങ്	73
രണ്ടോ	73
കണ്	73
മറ്റുള്ളവരുടെ	73
ഹെലോ	73
നമ്മളിവിടെ	73
അപൂര്	73
നിനക്കൊന്നും	73
എനിക്കുറപ്പാണ്	73
ഫ്രഡ്	73
പോയാൽ	73
കൃത്യം	73
പുറത്തേക്കു	73
പോകല്ലേ	73
തരില്ല	73
സ്റ്റേഷനില്	73
ശ്രമിക്കുകയാണ്	73
കൊണ്ടുവന്നു	73
പോകു	73
വഴിയാണ്	73
നിങ്ങളോ	73
മനുഷ്യാ	73
മറക്കണ്ട	73
അറിയാതെ	73
ഭൂമിയുടെ	73
കുടിക്ക്	72
ഡോര്	72
ഗോള്	72
ഇരുന്ന്	72
കളയും	72
തയ്യാറായി	72
കിട്ടണം	72
ചെയ്തതെന്ന്	72
വര്ഷം	72
സെര്	72
പുതിയൊരു	72
സ്റ്റീഫന്	72
ടാ	72
പച്ച	72
ഇങ്ങനെയാണ്	72
പോവുക	72
ക്കെല്ലാം	72
കാശു	72
ഗവര്	72
മെന്	72
ഒക്ജ	72
പലപ്പോഴും	72
സുഹൃത്തെ	72
ആഞ്	72
എനിക്കീ	72
ബോയ്	72
വിളിക്കണം	72
വന്നിരിക്കുന്നു	72
ഇതിലെ	72
സംസാരിക്കൂ	72
വരു	72
എന്നായിരുന്നു	71
സംസാരിക്കും	71
ബോഡി	71
നാളായി	71
മനസ്സിലാക്കാന്	71
മനസ്സിൽ	71
ശരിയാക്കാം	71
സ്റ്റേഷന്	71
എനിക്കുറപ്പുണ്ട്	71
എന്തെ	71
മോശമായി	71
ഇരിക്കുന്നു	71
നോക്കും	71
എനിക്കറിയില്ലായിരുന്നു	71
അത്രേ	71
മം	71
ഇതൊന്നു	71
കഴിയില്ലാ	71
എത്രയാ	71
നാടകം	71
കഥകള്	71
ഞങ്ങടെ	71
പറ്റുന്ന	71
ഉപകാരം	71
എത്രമാത്രം	71
നോക്കാൻ	71
ചോദിക്കട്ടെ	71
സംബന്ധിച്ച്	71
ഏഴു	71
വായു	71
ഷീല്	70
കൊല്ല്	70
ഞാനുദ്ദേശിച്ചത്	70
ചരിത്രം	70
കാണിച്ച്	70
കെട്ടി	70
പേരെന്താ	70
മുറിവ്	70
കാര്യങ്ങളൊക്കെ	70
കടന്ന്	70
ഇന്റീ	70
yes	70
മാസ്റ്റർ	70
കേട്ടിട്ടുണ്ടോ	70
അറിയില്ലായിരുന്നു	70
ആയിട്ട്	70
എടുക്കട്ടെ	70
ഹോട്ടല്	70
പ്രിയ	70
അല്ലല്ലോ	70
ഞാനെപ്പോഴും	70
എനിക്കറിയണം	70
ഞങ്ങളും	70
ബോ	70
കിട്ടുന്ന	70
ടെന്	69
ഹാള്	69
അടിപൊളി	69
ആത്മാവ്	69
പിടിക്കണം	69
എനിക്കെന്റെ	69
തുണി	69
കുടിക്കാന്	69
ആക്കി	69
മാറ്റൂ	69
ആയിരക്കണക്കിന്	69
ങ്ഹാ	69
ഇതെങ്ങനെ	69
ഏതായാലും	69
എട്ട്	69
ഉള്ളിലേക്ക്	69
ഇട്ടു	69
പങ്ക്	69
പ്രണയം	69
മുതിര്	69
പോലെയുണ്ട്	69
നിയമ	69
ണ്ണ	69
എനിക്കിപ്പോള്	69
എനിക്കിനി	69
ഇപ്പോളും	69
പോലെയുള്ള	69
വാടക	69
കാണണോ	69
കുഞ്ഞു	69
ഭ്രാന്താണ്	69
പ്രൊഫസര്	69
വലുതാണ്	69
ബിയര്	69
മന്ത്രവാദി	69
കാര്യവും	69
വേണ്ടത്ര	69
ഉണ്ടാക്കുന്നത്	68
പിറകെ	68
അങ്കിള്	68
ഇരിക്കും	68
ഭർത്താവ്	68
വന്നേ	68
ഗുണം	68
അവരവരുടെ	68
that	68
പ്രത്യേകിച്ചും	68
മോൻ	68
അവിടം	68
അതവിടെ	68
അമര്	68
ഗ്രീന്	68
കഴിഞ്ഞിട്ട്	68
അങ്ങേര്	68
വടക്ക്	68
കോഡ്	68
കൊടുത്ത്	68
നോക്കണ്ട	68
ണ്ണമായും	68
നശിച്ചു	68
കാറിൽ	68
മകൾ	68
ഇങ്ങിനെ	68
മിനുട്ട്	68
ആയിരിക്കണം	68
കിട്ടിയാൽ	68
ആരാണത്	68
ഹെര്	68
അതെന്താണ്	68
അതിലെ	68
വട്ടം	68
മ്മ	68
ചെയ്യട്ടെ	68
വസ്ത്രങ്ങള്	68
പാല്	68
യെ	68
പറഞ്ഞാലും	67
കൃത്യമായ	67
വിളി	67
ഹോട്ടലില്	67
ബെന്	67
നാട്	67
കുടിച്ചു	67
മാത്രമായിരുന്നു	67
കൊടുത്തത്	67
നീയല്ലേ	67
ജീവിക്കും	67
ആരെയാണ്	67
പല്ല്	67
കുഞ്ഞുങ്ങളെ	67
കൊടുക്കുന്നു	67
ഉണ്ടാക്കാം	67
വെളുത്ത	67
എഡ്	67
ചെയ്തതാണ്	67
കൊലയാളി	67
പറ്റില്ലേ	67
ജോണി	67
വലുത്	67
ലക്ക്	67
അടുത്തുള്ള	67
കണ്ടുപിടിച്ചു	67
സ്ഥലത്തേക്ക്	67
ജൂലിയ	67
നാട്ടില്	67
മനസ്സിലാക്കി	67
പോകുന്നതെന്ന്	67
ഓണർ	67
ചെയ്തിരിക്കുന്നു	67
നശിപ്പിക്കും	67
നിർത്താൻ	67
നൂറു	67
കൂട്ടുകാരന്	67
ഖേദിക്കുന്നു	67
കുട്ടാ	67
ഞാനാകെ	67
ഏതാണ്	67
അവരൊക്കെ	67
കോച്ച്	67
പ്പ്	67
അതല്ലേ	67
നിങ്ങളൊക്കെ	67
താഴെയിട്	67
ദിവസമായി	67
ഇരുണ്ട	67
ചെയ്തേ	66
ഫലം	66
എന്താണീ	66
മരണ	66
പിള്ളേര്	66
ഡാര്	66
കൂടിയാണ്	66
ക്ഷമിക്കു	66
പറയാനുണ്ടോ	66
സാമ്പത്തിക	66
തെക്ക്	66
ഉല്	66
പറഞ്ഞിട്ട്	66
വെക്കും	66
പറയുന്നില്ല	66
സ്കൂൾ	66
അനുവാദം	66
റോബര്	66
ലൂസി	66
മൈക്കിള്	66
പ്രസിഡന്റ്	66
തൊട്ടു	66
അവിടുത്തെ	66
അവരില്	66
ഇവിടെയും	66
of	66
നാണം	66
വഴിയിൽ	66
വിശ്വസിക്ക്	66
ഓഫീസ്	66
എത്തണം	66
നന്നായിരിക്കും	66
വെക്കാന്	66
കേൾക്കൂ	66
അതിനുശേഷം	66
നോട്ടം	66
പറയേണ്ടത്	66
കൂടുതലാണ്	66
പോരാ	66
പിടിക്കാം	65
മനുഷ്യരെ	65
ഓണര്	65
മുൻപേ	65
ആയാലോ	65
ലക്	65
കമാൻഡർ	65
വലിച്ചു	65
ഷര്	65
എവിടുന്നാ	65
നിന്നെപ്പോലെ	65
വിൽ	65
ഉത്തരവ്	65
അസാധാരണമായ	65
കിടക്കുന്ന	65
ക്കുമ്പോള്	65
അടിയില്	65
മണ്ടന്	65
റിച്ചാര്	65
ദ്വീപ്	65
വീട്ടിലെ	65
കൊണ്ടും	65
തയ്യാറാണോ	65
നന്ന്	65
കപ്പല്	65
ന്നത്	65
മോള്	65
റോസ്	65
ബ്രൂണോ	65
ഇടപാട്	65
ലോക്ക്	65
അല്ലല്ല	65
കൊണ്ടിരിക്കുകയാണ്	65
സോവിയറ്റ്	65
പയ്യൻ	65
അതിനാൽ	65
വന്നപ്പോള്	65
കൂടാ	65
വിടും	65
നഗരത്തില്	65
അടക്കം	65
പെര്	65
വെട്ടി	65
സബ്	65
പറയുമ്പോള്	65
എന്നൊക്കെ	64
മതിയാക്ക്	64
ഒരാളും	64
കുഴപ്പമില്ലല്ലോ	64
നിനക്കിത്	64
ഒന്നിച്ച്	64
കിടക്ക	64
കൊണ്ടാ	64
കാണിക്ക്	64
നിലത്ത്	64
വോട്ട്	64
പോയ്ന്റ്സ്	64
രാഷ്ട്രീയ	64
ഉദ്ദേശം	64
കൂടെയാണ്	64
അടച്ചു	64
ഇത്രേം	64
ക്കുന്നില്ല	64
തുടരൂ	64
ഇഷ്ടമായി	64
പറയുന്നതു	64
വിഷയമല്ല	64
സത്യമായും	64
യുവര്	64
അഭിനന്ദനങ്ങള്	64
കിട്ടാൻ	64
പകല്	64
സാക്ഷി	64
കിടക്ക്	64
കോട്ട്	64
മുത്തേ	64
നേര്	64
സെക്യൂരിറ്റി	64
ലവ്	64
പെട്ടെന്നു	63
സ്ഥിതി	63
ഇട്	63
എന്നിരുന്നാലും	63
ക്കാമോ	63
അമ്മാ	63
പോയേ	63
മാന്യരേ	63
ഏതാ	63
മയക്കുമരുന്ന്	63
പഠിച്ചത്	63
വെക്കാം	63
ആവശ്യത്തിന്	63
ഉണ്ടാക്കാൻ	63
പോകുന്നുണ്ട്	63
കുഴപ്പവുമില്ല	63
കൊണ്ടുവന്നിട്ടുണ്ട്	63
പോയാലോ	63
നിൽക്കുന്നത്	63
നിനക്കെന്തു	63
കൊണ്ടുവരൂ	63
ഉന്നം	63
വൂ	63
ഭാര്യക്ക്	63
ജോലിയുണ്ട്	63
സുന്ദരമായ	63
സീരിയസ്	63
സൈക്കിള്	63
ഉറങ്ങാൻ	63
നടത്താന്	63
എം	63
കളിക്കുന്നത്	63
അവരും	63
കുറിച്ചാണ്	63
ഞാനിതാ	63
കണ്ടുപിടിക്കാന്	63
ഓപ്പണ്	63
ഇതെല്ലം	63
വെച്ചോ	63
ശുഭദിനം	63
കുട്ടികളേ	63
കേട്ടല്ലോ	63
മാമാ	63
നിനക്കായി	63
നീതി	63
വീഡിയോ	62
റെക്കോര്	62
അവൾക്കു	62
നോക്കിക്കൊള്ളാം	62
അതോടെ	62
പിതാവേ	62
കിഴവന്	62
കുതിരയെ	62
മനസ്സിലാവും	62
തിരക്കിലാണ്	62
മറിച്ച്	62
പ്രകടനം	62
തെളിവുകള്	62
ജിന്	62
ചിത്രങ്ങള്	62
വേഗത്തിൽ	62
പറയുന്നതെന്ന്	62
സ്വകാര്യ	62
ഒന്നാണ്	62
തുടങ്ങുന്നു	62
അഗു	62
സാമൂഹിക	62
കും	62
നിങ്ങളിത്	62
ഓഫീസിൽ	62
ഉള്ളതാണ്	62
മരിക്കാൻ	62
എപ്പോളും	62
ലോകത്തിന്	62
സീസര്	62
മറ്റൊന്നും	62
ജുന്	62
കാണുന്നുണ്ടോ	62
ഉദാഹരണത്തിന്	62
തന്നെയുണ്ട്	62
ഉപയോഗിക്കാന്	62
കാണാതെ	62
കാര്യമോ	62
ചോദിക്കാന്	61
കരുതിയോ	61
തന്നെയായിരുന്നു	61
ഡോക്റ്റർ	61
ഓസ്കാര്	61
അവനെന്നെ	61
ആഗ്രഹിച്ചു	61
രക്ഷപ്പെടാന്	61
ഹില്	61
ആത്മാര്	61
ഇഷ്ടപ്പെട്ടു	61
ഫയല്	61
കളിക്കാന്	61
അവിടെത്തന്നെ	61
തിന്നു	61
നഷ്ടമായി	61
നം	61
വാഴട്ടെ	61
വായോ	61
പാത്രം	61
കിടക്കുന്നു	61
ടെര്	61
ക്ലാസ്	61
കാണുമ്പോൾ	61
ക്കറിയില്ല	61
മാത്രമേയുള്ളൂ	61
മനസിലായില്ല	61
വേദനിക്കുന്നു	61
ണര്	61
തീരൂ	61
നല്ലവണ്ണം	61
വിട്ടോ	61
മെല്ലെ	61
ദു	61
ഗ്	61
പെട്ടു	61
ദൈവമെ	60
ലേക്ക്	60
ഉണ്ടാക്കിയ	60
മനസിലായില്ലേ	60
മകളുടെ	60
വിഡ്ഢിത്തം	60
അസംബന്ധം	60
ഡേവിഡ്	60
പറഞ്ഞോളൂ	60
ജീവികള്	60
പക്ഷികള്	60
ആം	60
മൂന്നാമത്തെ	60
ജൂലൈ	60
എവിടുന്നാണ്	60
ട്രെയിൻ	60
അതിനെപ്പറ്റി	60
എപ്പോഴാ	60
ബ്രേക്ക്	60
പത്രം	60
യന്ത്രം	60
വേ	60
ത്തണം	60
പഠിക്കണം	60
നിന്നില്	60
ചങ്ങാതി	60
ലൂസിയ	60
പോവുകയാ	60
ത്ഥ്യം	60
എനിക്കൊന്ന്	60
ബോട്ടില്	60
സഖാവ്	60
ബലം	60
കൈവശം	60
വാങ്ങാൻ	60
സുഖമായി	60
കഴിക്കൂ	60
കാത്തിരിക്കാം	60
പറഞ്ഞില്ലല്ലോ	60
അപ്പോഴും	60
ഗ്യാസ്	60
ചെവി	60
സമയമുണ്ട്	60
കൊണ്ടുപോകാം	60
കള്ളന്	60
അവകാശം	60
കണ്ടുപിടിക്ക്	60
ആവട്ടെ	60
പ്രദര്	60
ജ്ജം	60
അവളും	60
ചെയ്താൽ	60
ഒരാഴ്ച	60
ആരായിരുന്നു	60
മെസ്സേജ്	60
ണിംഗ്	60
കേക്ക്	60
വിപ്ലവം	60
മൗഗ്ലി	60
സലിം	59
പ്രതിഫലം	59
വില്യം	59
മരിക്കണം	59
മറക്കില്ല	59
മാക്	59
ക്കെങ്ങനെ	59
അലക്സ്	59
ഇല്ലില്ല	59
വിടണം	59
വയ്ക്ക്	59
മതിയായി	59
ശരിക്ക്	59
അറിയൂ	59
പുറം	59
ജോലിയും	59
ഫോണില്	59
തുടങ്ങിയിരിക്കുന്നു	59
പോയതാണ്	59
നിങ്ങളു	59
ഹുസൈന്	59
സബ്ടൈറ്റില്	59
ഞാനവിടെ	59
അമ്മക്ക്	59
രണ്ടുപേര്	59
നാറി	59
ഹിറ്റ്	59
ആരു	59
പരിചയം	59
ചൈനീസ്	59
ഇട്ട്	59
മാറ്റണം	59
പ്രത്യേകം	59
ബോള്	59
പന്തയം	59
എലിസബത്ത്	59
ഗ്രാമം	59
നിയമങ്ങൾ	59
ചുറ്റി	59
ഷത്തെ	59
ചെക്കന്	59
തോറ്റു	59
പിന്നേം	59
ഏതാനും	59
ഇഷ്ടമാണോ	59
പോയിന്	59
പ്രശ്നമാണ്	59
കുര്	59
തലയിൽ	59
കയറാന്	59
എവിടെയും	59
മീ	59
അന്ന	58
കണക്ക്	58
ബഹളം	58
വേഗമാവട്ടെ	58
പ്പിച്ചു	58
ബാക്കിയുള്ള	58
മ്മയുണ്ടോ	58
വായടക്ക്	58
മർഫ്	58
കൂ	58
അയാളും	58
പണവും	58
മാക്സ്	58
ചിന്ത	58
ചിന്തിക്കാന്	58
വീസ്	58
ഹല്ലോ	58
പറ്റില്ലെന്ന്	58
നോക്കുമ്പോള്	58
അടുത്താണ്	58
ജീവിച്ചു	58
ങാ	58
ഇഷ്ടപ്പെടുന്നു	58
ചിലപ്പോഴൊക്കെ	58
കിട്ടുന്നില്ല	58
പറഞ്ഞെ	58
വാലസ്	58
ഒച്ച	58
കാണിച്ചുതരാം	58
ജീസസ്	58
ഉപയോഗിക്കാം	58
നിങ്ങളെല്ലാം	58
ലോ	58
എങ്ങിനെയാണ്	58
കണ്ടെത്തിയത്	58
നാറ്റ്	58
വരുന്നില്ലേ	58
നോക്കിയാൽ	58
വീതം	58
എന്തൊക്കെയാണ്	58
എന്നിൽ	58
പോകുവാ	58
കാർസണ്	58
ലില്	58
പട്ടാളക്കാര്	58
അഹ്	58
കഴിയുന്നു	58
പോലെയല്ല	58
തിന്നാന്	58
സ്ഥിരം	58
കഴിയാത്ത	58
പറയുമായിരുന്നു	57
കുതിര	57
കട്ട്	57
വീടാണ്	57
തണുത്ത	57
നോക്കുക	57
അനുഗ്രഹിക്കട്ടെ	57
അകലെ	57
സമയമാണ്	57
പുറകെ	57
ഭക്ഷണവും	57
ത്താവേ	57
എത്രയോ	57
ആകാന്	57
മൃതദേഹം	57
വിട്ടുകള	57
സുഹൃത്താണ്	57
നിനക്കറിയില്ലേ	57
ടിവി	57
പുക	57
സഭ	57
ഖാന്	57
വെള്ള	57
അഭയാര്	57
ഷിന്	57
എന്തെന്നാല്	57
മരണത്തെ	57
ക്കുന്നുണ്ട്	57
അമ്മാവന്	57
ക്കുകയാണ്	57
ആഗ്രഹമുണ്ട്	57
അത്രയ്ക്ക്	57
ഡ്രിങ്ക്	57
കിടക്കുന്നത്	57
dhar	57
sree	57
ജിം	57
പുറകില്	57
ജീവിക്കുന്നു	57
ഒന്നുകില്	57
വരാമോ	57
വന്നിരിക്കുന്നത്	57
ക്കിത്	57
പട്ടാളം	57
പോകുക	57
ചെയ്താല്	57
അപ്പോഴേക്കും	57
വിഷമിക്കണ്ട	57
ആണെങ്കിൽ	57
ചെന്നായ	57
കുത്തി	57
ക്കെന്നെ	57
ത്താവിനെ	57
ആഗ്രഹിക്കുന്നില്ല	57
മോഷണം	57
കാണുക	57
കക്ഷി	57
തൊട്ട്	57
ലഭിച്ചു	57
ബിഗ്	57
വൈന്	57
ഇഷ്ടമായിരുന്നു	57
അത്യാവശ്യമാണ്	56
തന്നതാണ്	56
ക്കു്	56
പോവൂ	56
കളിക്കാം	56
കണ്ണില്	56
താമസിക്കാന്	56
സമൂഹം	56
തട്ടിക്കൊണ്ടു	56
രാജകുമാരി	56
ജെര്	56
ബിജ്	56
ജിമ്മി	56
ലൈന്	56
ഹൈദർ	56
ജലീന	56
കടക്കാന്	56
പക്ഷി	56
എവിടേക്ക്	56
ഇറച്ചി	56
പോവില്ല	56
പറഞ്ഞതു	56
ഇവർ	56
മാസങ്ങള്	56
കൊടുക്കുന്നത്	56
ക്കെതിരെ	56
അള്	56
ഇവാൻ	56
പാസ്പോര്	56
സ്റ്റേഷനിൽ	56
ആശ	56
മണ്ടാ	56
സുരക്ഷിതമായ	56
ചെയ്യേണ്ടി	56
പം	56
വരണ്ട	56
കൂട്ടുകാരാ	56
മാനസിക	56
മനസ്സിലാക്കണം	56
ജെറി	56
മനസിലാകുന്നില്ല	55
വിടില്ല	55
അനുവദിക്കൂ	55
ചെയ്യാനുണ്ട്	55
ചേട്ടന്	55
ടെയിലര്	55
വെള്ളത്തില്	55
സിനെ	55
തെളിയിക്കാന്	55
വാല്	55
മേലെ	55
കൂടിയുണ്ട്	55
പാടില്ലായിരുന്നു	55
മുട്ട	55
സിനിമകള്	55
അഴിച്ചു	55
അടിക്ക്	55
ഗമ്പ്	55
ഗാന്	55
വീഴും	55
ഒരാളാണ്	55
കഴിയുക	55
കാണിക്കാന്	55
എങ്ങും	55
പോകുമ്പോള്	55
സ്ത്രീകളെ	55
ണം	55
ഉള്ളിൽ	55
ചെയുന്നത്	55
അപകടമാണ്	55
ഞാനിതുവരെ	55
എന്താണിവിടെ	55
വീടും	55
അഭിനന്ദനങ്ങൾ	55
ശരിക്കുള്ള	55
ശ്രമിക്കൂ	55
ഗാണ്ടാല്	55
പെൺകുട്ടി	55
നിലക്ക്	55
ക്കുന്നില്ലേ	55
അവസ്ഥയില്	55
സഹോദരനെ	55
പാഠം	55
ഉണ്ടായിരുന്ന	55
പിന്തുടര്	55
കരഞ്ഞു	55
ഇരുപത്	55
ഞാനെന്താണ്	55
കോളേജിൽ	55
പയ്യനെ	55
വന്നിട്ടില്ല	55
സാഹചര്യം	55
നിന്നാല്	55
പ്രശ്നമുണ്ട്	54
സമയമെടുക്കും	54
വന്നതില്	54
പോകേണ്ടത്	54
വിചിത്രം	54
ഒരാൾക്ക്	54
കാട്	54
നീയെന്	54
രക്ഷിക്ക്	54
നല്ലോണം	54
തുലയട്ടെ	54
കാര്യവുമില്ല	54
പഠിക്കാന്	54
വിറ്റു	54
സംരക്ഷിക്കാന്	54
പ്രകാശം	54
കപ്പ്	54
mac	54
നേതാവ്	54
കാണാനില്ല	54
കോപ്പിലെ	54
എത്തിയത്	54
ഷെന്	54
മനസ്സിലാവില്ല	54
നടത്തിയ	54
നിന്നാ	54
തുടങ്ങിയിട്ട്	54
പലരും	54
നമ്മളോട്	54
മഹാ	54
വച്ചാൽ	54
കേൾക്കുന്നുണ്ടോ	54
is	54
നല്ലതല്ല	54
കുഴപ്പമുണ്ടോ	54
ദീര്	54
കൊണ്ടുവരാം	54
തെരുവില്	54
മരണത്തിന്	54
കൂട്ടുകാര്	54
ഞാനങ്ങനെ	54
മാറാന്	54
ഭീഷണി	54
ഞാനൊന്നു	54
കൊടുക്കാൻ	54
ഇരിക്കാന്	54
താങ്കളോട്	54
ത്തനം	54
ചങ്ങാതീ	54
നന്നായിട്ട്	54
ആണുങ്ങള്	54
ദിവസത്തെ	54
നാൾ	54
വിദേശ	54
നല്ലതു	54
ഒഴിവാക്കാന്	53
ഒളിച്ചു	53
രാത്രിയിൽ	53
പരിഹാരം	53
നടത്തും	53
ജെയ്ക്	53
കത്തുകള്	53
സഹായിക്കണേ	53
ചോദിക്കും	53
എവിടെപ്പോയി	53
മനസിലാകും	53
കൃഷി	53
കാത്തിരിക്കും	53
കാലു	53
ടെഡി	53
ഡ്രസ്സ്	53
നടന്ന്	53
സുരക്ഷാ	53
വ്യത്യസ്ത	53
കേട്ടില്ല	53
ഉണ്ടായത്	53
ഷെര്	53
പോയെന്ന്	53
മൂര്	53
സംഭവിച്ചാലും	53
സ്ഥലവും	53
അൽ	53
പേരുകള്	53
ദൌത്യം	53
നീങ്ങ്	53
പേരുള്ള	53
കഴിച്ചോ	53
എത്താം	53
സെക്കന്	53
മീറ്റിംഗ്	53
കേട്ടിട്ട്	53
അതാരാ	53
എനിക്കങ്ങനെ	53
ലിസ്റ്റ്	53
മൃഗങ്ങള്	53
അഭിമാനം	53
സംഘം	53
രഹസ്യമായി	53
മരിക്കുന്നത്	53
അര	53
ത്രീ	53
മിനിട്ട്	53
രസം	53
സ്ഥിതിക്ക്	53
ഉറപ്പില്ല	53
മൂക്ക്	53
ജ്ജ്	53
ചെയ്യേണ്ട	53
നടക്കട്ടെ	53
കഴിയുമ്പോള്	53
വിശ്വസിക്കുന്നത്	53
ട്ടന്	53
സാറ്റലൈറ്റ്	53
ശുഭ	53
കൊണ്ടുവരാന്	53
നിമിഷവും	53
ഒപ്പ്	53
മൊഴി	53
മൊബൈല്	53
ജീവിക്കണം	53
അവസാനിക്കും	53
ക്ലാര്	53
കുറിച്ചും	52
വെക്കാൻ	52
ഞാനെന്ത്	52
ശത്രുക്കള്	52
ത്തുന്നു	52
വാർത്ത	52
സംസാരിച്ചത്	52
ബൈക്ക്	52
റഷ്യക്കാര്	52
കുടുംബത്തിന്	52
ഒത്തിരി	52
ആന്റി	52
മറന്നേക്ക്	52
വർഷമായി	52
അവധി	52
ആർക്ക്	52
പേടിയില്ല	52
സൈന്യത്തെ	52
തടഞ്ഞു	52
എണ്ണ	52
മഞ്ഞു	52
സമ്മതിക്കുന്നു	52
me	52
ബ്രിട്ടീഷ്	52
സ്വപ്	52
എല്ലാവരോടും	52
കൊണ്ടുള്ള	52
നിറഞ്ഞു	52
കാര്യങ്ങളെല്ലാം	52
കുറിച്ചുള്ള	52
വേറെയും	52
ടൈപ്പ്	52
പ്പിക്കാന്	52
ന്നിരിക്കുന്നു	52
ഫസ്റ്റ്	52
വിളിക്കാൻ	52
വന്നതാണോ	52
കാട്ടിൽ	52
വിശുദ്ധ	52
കാത്തിരുന്നു	52
കൂടിയ	52
സഹിക്കാന്	52
ഏജന്റ്	52
ഇതാരാ	52
ബ്ലോക്ക്	52
ബാക്ക്	52
സും	52
അമ്മായി	52
കണ്ടപ്പോള്	52
വണ്	52
സംഭവിച്ചതെന്ന്	52
മനസ്സിലാക്കാൻ	52
അച്ഛനോട്	52
ലയോണ്	52
കുടിക്കൂ	52
അത്രേയുള്ളൂ	52
കരയുന്നത്	52
നിനക്കെന്തെങ്കിലും	52
ദേശീയ	52
വേനല്	52
ചെയ്യുകയായിരുന്നു	52
ആഫ്രിക്കൻ	52
സഹായിക്കു	52
ഇരിക്കുന്ന	52
തരത്തില്	52
തിരിച്ചറിയാന്	52
വെല്	52
സഹായിച്ചു	52
കളിക്കാൻ	52
പോയിട്ടില്ല	52
പറ്റിയോ	52
സിറ്റി	51
പോകുമോ	51
ഔട്ട്	51
കൂടുതലായി	51
അവിടെയൊരു	51
വിഭാഗം	51
മഞ്ഞ	51
ഷ്യം	51
അങ്ങയെ	51
കൂട്ടരേ	51
എഴുന്നേറ്റു	51
ആളുകൾക്ക്	51
കൂട്ടുകാരെ	51
ഇടത്തോട്ട്	51
അമ്മാവാ	51
മുൻപിൽ	51
മദ്യം	51
വാഹനം	51
സ്ത്രീയുടെ	51
സാധിച്ചു	51
മനുഷ്യർ	51
സങ്കീര്	51
വച്ചിട്ടുണ്ട്	51
ഇക്കാര്യം	51
അമേരിക്കൻ	51
ക്കെന്താ	51
റോജര്	51
വന്നാലും	51
നോക്കരുത്	51
പോയെ	51
അന്വേഷിക്കുന്നത്	51
ഇരട്ടി	51
എനിക്കാവില്ല	51
എന്തിനാണെന്ന്	51
എല്ലാവര്ക്കും	51
ത്	51
ഞാനില്ല	51
മീറ്റർ	51
സീറ്റ്	51
ലോക	51
വിശ്വസിക്കുന്നുണ്ടോ	51
ബ്രുണോ	51
കേ	51
ബാത്ത്	51
ജഡ്ജ്	51
ആകാം	51
കൊല്ലുന്നത്	51
മനസിലാക്കി	51
അപ്പുറത്ത്	51
തുടരാം	51
ഇവിടെനിന്ന്	51
വെച്ചിട്ടുണ്ട്	51
വിദ്യ	51
തോന്നിയില്ല	51
നടത്തുന്ന	51
മാന്ത്രിക	51
വെച്ചത്	51
മന്ത്രി	51
എങ്ങെനെ	51
നീയൊക്കെ	51
മേജര്	51
ആയത്	51
മറ്റെന്തെങ്കിലും	51
കയ്യിലുണ്ട്	50
കോടി	50
വരവ്	50
പിള്ളേരെ	50
താല്പര്യമില്ല	50
തല്	50
പ്രശ്നങ്ങൾ	50
ഗ്ഗം	50
ജെയിന്	50
നിന്നോടൊപ്പം	50
എടുക്കുന്നത്	50
ലോഡ്	50
നമ്മടെ	50
ആണല്ലേ	50
ഇന്നും	50
ഓരോരുത്തരും	50
എഴുതിയത്	50
നയോമി	50
ചോദിക്കണം	50
നടത്തുന്നത്	50
യുദ്ധ	50
കെട്ട്	50
ചെറ്റേ	50
അധിക	50
ഉണ്ടാക്കുന്നു	50
വരുന്നുണ്ടോ	50
ആശ്വാസം	50
പ്രശ്നമുണ്ടോ	50
ചെയ്യുമ്പോള്	50
ഇങ്ങനെയൊക്കെ	50
തിന്നും	50
പയ്യന്നൂര്	50
ബഹുമാനം	50
എനിക്കിപ്പോ	50
വസ്ത്രങ്ങൾ	50
കഴിഞ്ഞത്	50
തമ്പുരാന്	50
കിട്ടിയില്ലേ	50
ഉറപ്പിച്ചു	50
നിയോ	50
ആയാലും	50
സമ്മര്	50
പുനര്	50
തുറക്കാന്	50
ദര്	50
പതിവ്	50
വിളിക്കുന്ന	50
ഒന്നോ	50
വലത്തോട്ട്	50
പറഞ്ഞപോലെ	50
സംസാരിക്കരുത്	50
നടക്കൂ	50
സിസ്റ്റം	50
ചെറുപ്പം	50
കാലുകള്	50
വേണ്ടിയാ	50
പറയേണ്ട	50
ചെയ്യാമോ	49
ഓക്സ്	49
സന്തോഷമായി	49
പോലീസിന്	49
മക്കള്	49
വിശേഷം	49
പോര	49
ഉറപ്പായിട്ടും	49
കൊള്ളാമല്ലോ	49
ഡോക്റ്റര്	49
അപ്പുറം	49
എടുത്തിട്ട്	49
ദിവസത്തേക്ക്	49
കൂട്ട്	49
പേഷ്വാ	49
ആലോചിച്ച്	49
വിട്ടത്	49
എവിടുന്നു	49
അതിനൊരു	49
ഓപ്പറേഷന്	49
നൂറ്	49
ഇല്ലാത്തത്	49
പ്രാധാന്യം	49
വോള്	49
പീറ്റർ	49
ഓവര്	49
ജെന്	49
വർക്ക്	49
എന്തിനെ	49
അതൊരിക്കലും	49
ചെയ്യല്ലേ	49
സരൂ	49
മേരി	49
കളിച്ചു	49
മുറിയിലേക്ക്	49
കണ്ടുപിടിക്കും	49
ഡാള്	49
ഗലാപ്പഗോസ്	49
ആശുപത്രി	49
ഇനിയൊരിക്കലും	49
ഇടയിൽ	49
കവിത	49
എനിക്കിഷ്ടമല്ല	49
പോകണ്ട	49
ഇന്റര്	49
എത്താന്	49
പാതി	49
സത്യമല്ല	49
ജന്	49
മാത്രമായി	49
നിങ്ങളെന്തിനാ	49
ലോകത്തില്	49
സമ്മതം	49
മായ്ക	49
കോള്	49
കാണണമെന്ന്	49
എവിടുന്ന്	49
വശത്ത്	49
പുല്	49
കഥയാണ്	49
കണ്ണട	49
തുടരും	49
പട്ടാള	48
ആദ്യമേ	48
അപ്പോഴാണ്	48
സന്തോഷത്തോടെ	48
ശ്രീ	48
വന്നപ്പോൾ	48
തുടങ്ങണം	48
പോലീസുകാര്	48
അഗ്നിപര്	48
അബു	48
തുറന്ന	48
ചിരി	48
അതിനര്	48
വർഷങ്ങൾക്ക്	48
എൽസാ	48
എത്താൻ	48
മണ്ടേല	48
ഇല്ലെങ്കിലും	48
ഇന്ത്യന്	48
കണ്ടുപിടിക്കണം	48
ഭാഗമാണ്	48
എന്തായിരിക്കും	48
ടെസ്റ്റ്	48
കൊടുത്തിട്ടുണ്ട്	48
മമ്മ	48
മെഡൽ	48
രണ്ടാളും	48
നമുക്കറിയാം	48
ട്ടോ	48
ചെയ്യണോ	48
ഡയറി	48
മാംസം	48
കാലാവസ്ഥ	48
നമ്മളെല്ലാവരും	48
കോളേജ്	48
എന്നെനിക്ക്	48
ആരോഗ്യം	48
ജാക്കറ്റ്	48
ആണിത്	48
ആക്രമിച്ചു	48
കസിന്	48
ചോദിച്ചാല്	48
എനിക്കുവേണ്ടി	48
ഹ്യൂഗോ	48
പുലര്	48
റോക്കറ്റ്	48
പെണ്ണിന്	48
നശിപ്പിക്കാന്	48
വെച്ചാണ്	48
ആണു്	48
കിട്ടിയിട്ടില്ല	48
റോബർട്ട്	48
എട്ടു	48
കഴിഞ്ഞിട്ടില്ല	48
അയാളാണ്	48
ഹീറോ	48
ജയ്	48
ഒരോ	48
സഹോദരൻ	48
വെക്കണം	48
യൂറി	48
ഉത്തരവാദിത്തം	48
ഡെറിക്ക്	48
പോയിരിക്കുന്നു	48
തൊഴില്	48
തിന്ന്	48
ഇന്ത്യ	48
പേടിയാണ്	48
എഫ്	47
അപ്പ്	47
വിടാൻ	47
നാന്	47
വടി	47
നമുക്കിവിടെ	47
പോകാനുള്ള	47
അലാറം	47
ഫ്രെഡോ	47
കരുതിയില്ല	47
സൂപ്പ്	47
കഴിഞ്ഞിരിക്കുന്നു	47
സൂചന	47
പോകുകയാണോ	47
എങ്ങനെയെങ്കിലും	47
കരുതുന്നില്ല	47
തന്നാൽ	47
യിപ്	47
രക്ഷപെട്ടു	47
എന്നെപ്പോലെ	47
ശല്യം	47
അതൊന്ന്	47
അങ്ങനെയൊന്നും	47
തിങ്കളാഴ്ച	47
എങ്ങനാ	47
വെടിവെച്ചു	47
പേപ്പര്	47
ജീവിക്കുന്ന	47
ഇനിയെന്താ	47
അർത്ഥം	47
രാജാവിന്	47
ഹീ	47
ത്താം	47
അതിനാണ്	47
പോകുവാണ്	47
മോ	47
ഭംഗി	47
വാദം	47
പറഞ്ഞോട്ടെ	47
മറക്കാന്	47
കഥകൾ	47
ക്കാ	47
നിനക്കുള്ള	47
യുദ്ധത്തിന്	47
തിരിച്ചെത്തി	47
വൃദ്ധന്	47
പക്കല്	47
ഫീല്	47
നാസി	47
എഞ്ചിൻ	47
വായിക്കാൻ	47
ഹെഡ്	47
ലോകത്തിന്റെ	47
എത്രയായി	47
എല്ലാവരേയും	47
നല്ലതാ	47
എഴുന്നേറ്റ്	46
ഉപദേശം	46
പ്രദേശം	46
വാങ്ങും	46
പോകണോ	46
കരുതും	46
പത്	46
തീയതി	46
go	46
മോചനം	46
ഇറ്റാലിയന്	46
ആരുടെയെങ്കിലും	46
പോവുന്നില്ല	46
സെലെസ്റ്റിന്	46
ഇടം	46
ഇല്ലെന്ന്	46
രാത്രിയിലെ	46
മാറ്റാൻ	46
ഓർമ്മയുണ്ടോ	46
കഷ്ണം	46
കഴിക്കണം	46
രുചി	46
ഫ്രീ	46
ഇവിടുണ്ട്	46
സംസാരിച്ചോ	46
നര്	46
യൂസഫ്	46
അങ്ങനെതന്നെ	46
ക്ലാരിസ്	46
എന്താണെന്നു	46
ഇതുവഴി	46
കുടിച്ച്	46
പറയണമെന്ന്	46
പറഞ്ഞിട്ടില്ലേ	46
അതിലൂടെ	46
കളവ്	46
ദൈവത്തില്	46
ഗാന്ധി	46
ഉറങ്ങി	46
എന്നല്ല	46
നമക്ക്	46
മോശമായ	46
എനിക്കവരെ	46
സംസാരിക്കാനുണ്ട്	46
റ്റ്	46
വലിക്ക്	46
കിട്ടുമെന്ന്	46
മനോഹരമാണ്	46
മതം	46
സഹപ്രവര്	46
ലൈസന്	46
കൂടെയുണ്ട്	46
പറഞ്ഞുവരുന്നത്	46
വിശ്വസിക്കണം	46
സംഭവിക്കാന്	46
നിങ്ങളോടൊപ്പം	46
ഫാമിലി	46
ഗീതക്ക്	46
സംസാരിച്ച്	46
മാറ്റും	46
നൂറുകണക്കിന്	46
ജോലിയില്	46
പത്രത്തില്	46
ചെയ്യാനാവില്ല	46
വേറൊന്നും	46
പേരുണ്ട്	46
വസ്തു	46
പൂക്കള്	46
കയറാൻ	46
തന്തയില്ലാത്തവനെ	46
പാസ്	46
വീടിന്	45
മാരെ	45
പൂച്ച	45
വട്ടാണ്	45
ദേഹത്ത്	45
വായില്	45
നായ	45
on	45
അദ്ധേഹത്തെ	45
ക്കുവേണ്ടി	45
പ്രഭു	45
തിരിച്ചറിഞ്ഞു	45
കൊടുങ്കാറ്റ്	45
റില്	45
സൂ	45
ട്രാഫിക്	45
പുറകിൽ	45
മറ്റും	45
അഡ്രസ്	45
ലോട്ടറി	45
പന്നിയെ	45
ഫില്	45
കൂട്ടത്തില്	45
നീളം	45
ഒളിപ്പിച്ചു	45
ഒന്നുകിൽ	45
സാല്	45
ഓടൂ	45
പൊക്കോ	45
ടര്	45
ഇങ്ങനെയൊരു	45
ചെറുതാണ്	45
അവളാണ്	45
കാന്റി	45
കണ്ടെത്താം	45
ക്കില്	45
കണ്ടുപിടിക്കാൻ	45
എൽ	45
ക്കൊന്നും	45
നിരപരാധി	45
ഞാനായിരുന്നു	45
ചോദിക്കാൻ	45
ചുമതല	45
ലൂയിസ്	45
അടിച്ച്	45
കാറിന്	45
അത്രമാത്രം	45
അവിടത്തെ	45
വിക്ടര്	45
അറിയിക്കണം	45
പറയാറുണ്ട്	45
ക്കുള്ളില്	45
ഹോം	45
ആകട്ടെ	45
മതിയാകും	45
ചിരിക്കുന്നു	45
കെട്ടിടം	45
ഗ്രാമത്തിൽ	45
ഉണ്ടായിട്ടില്ല	45
റിക്ക്	45
ഛെ	45
ചോദിക്കൂ	45
വൈറ്റ്	45
ആധുനിക	45
അവയ്ക്ക്	45
ഓരോന്ന്	45
ഇടിച്ചു	45
എന്റേത്	44
കൊണ്ടല്ല	44
കണ്ടത്തില്	44
തിരഞ്ഞെടുത്തു	44
ഇതെന്തു	44
കുടിക്കാം	44
മനസിലാക്കാന്	44
മ്മ്	44
അറിവ്	44
ലാ	44
എഞ്ചിന്	44
കടപ്പെട്ടിരിക്കുന്നു	44
കഴിഞ്ഞേക്കും	44
അറിഞ്ഞാൽ	44
പള്ളിയില്	44
അഹമ്മദ്	44
നേടി	44
ഏറെക്കുറെ	44
ശ്രമിക്കും	44
do	44
പെണ്ണേ	44
ആഴത്തില്	44
എങ്ങിനെയുണ്ട്	44
പള്ളി	44
പ്രതിയെ	44
ഇത്രയധികം	44
നമ്മളും	44
ഇരിക്കാം	44
പ്രേതം	44
പെണ്ണുങ്ങളെ	44
അവനെന്താ	44
നാട്ടിൽ	44
അല്ലന്	44
തലയ്ക്കു	44
ഞാനിനി	44
എത്തിയിട്ടുണ്ട്	44
ചെയ്യാതെ	44
ഹി	44
റോങ്ങ്	44
ഫോണിൽ	44
സ്തുതി	44
പെൺകുട്ടിയെ	44
ആലോചിക്കുന്നത്	44
കളിക്ക്	44
കടലില്	44
റോയ്	44
പോയാലും	44
മുത്തച്ഛന്	44
മതിയായിരുന്നു	44
ആളുകളും	44
ഇങ്ങനത്തെ	44
ഉപയോഗിച്ചു	44
ഇപ്പോഴോ	44
പറ്റു	44
മെയിന്	44
ശക്തിയും	44
ഇറങ്ങ്	44
സെനറ്റര്	44
കറങ്ങി	44
എന്താന്ന്	44
യും	44
കള്ള	44
ഉയരം	44
അറിയാവുന്ന	44
ഉണ്ടായിരിക്കും	44
ചെയ്തിരുന്നത്	44
മുഴുവനായും	44
ഡീല്	44
ബോക്സ്	44
എനിക്കെങ്ങനെ	44
വൈകും	44
വിളിച്ചോ	44
no	44
തയ്യാര്	44
ഞായറാഴ്ച	44
നു	44
ദൗത്യം	43
കൊണ്ടുപോകും	43
മയിര്	43
ഗ്രാമത്തിലെ	43
പുറമേ	43
കാണരുത്	43
ചെറുതായി	43
വട്ടായോ	43
രാഹുൽ	43
സ്പാനിഷ്	43
എത്തിക്കണം	43
മാള്	43
പ്രധാനമാണ്	43
ചിരിക്കുന്നത്	43
ഇരിക്കാൻ	43
വസ്തുക്കള്	43
ഷുറന്	43
വെളിയില്	43
ഞാനിതു	43
ഡ്രൈവ്	43
നമ്മളില്	43
രാജ്യത്തിന്റെ	43
പന്ത്രണ്ട്	43
ആളുടെ	43
പ്രയാസമാണ്	43
തള്ളി	43
അന്നത്തെ	43
സുരക്ഷ	43
ടേപ്പ്	43
പെണ്ണിന്റെ	43
കാലില്	43
ചെയ്യാനും	43
കേസില്	43
പേടിയുണ്ട്	43
നിനക്കോ	43
നോക്കുമ്പോൾ	43
തൊലി	43
ഷവും	43
ദ്വീപില്	43
റോം	43
പ്ലാറ്റ്	43
ഒരിക്കലുമല്ല	43
അദ്ധേഹം	43
ഇവിടെന്ന്	43
പോകേണ്ട	43
പട്ടിണി	43
പറയാനാവില്ല	43
അതൊന്നു	43
കറുപ്പ്	43
ഒരുപാടു	43
പോന്നു	43
ഹര്	43
നമുക്കൊന്ന്	43
റബ്ബി	43
ദൈവ	43
ദൈവത്തോട്	43
ബഹിരാകാശ	43
കുഞ്ഞിന്	43
എങ്ങനുണ്ട്	43
ഒരുമാതിരി	43
ശെരിയാണ്	43
ടോമി	43
തൊറിന്	43
ലിറ്റില്	43
ലിഫ്റ്റ്	43
തലക്ക്	43
ആവശ്യപ്പെടുന്നത്	43
ചോദിക്കാനുണ്ട്	43
നിങ്ങളെല്ലാവരും	43
എന്തെങ്ങിലും	43
പരിശോധന	43
ബുള്ളറ്റ്	43
പാത	43
എന്നെന്നേക്കുമായി	43
എടുക്കുന്നു	43
ജോഡി	43
കൊടുത്ത	43
ആയുധങ്ങൾ	43
കിടക്കാന്	43
റോബീ	43
പറയുകയാണോ	43
കോപ്പി	43
തരട്ടെ	43
ക്കട്ടെ	43
കഠിനമായ	43
കാണിക്കാം	43
അനുമതി	43
ജീവിതത്തെ	43
കടക്കാം	43
അല്ലെങ്കിലും	43
എനിക്കാകെ	43
വാസ്തവത്തില്	43
പോലീസില്	43
കേൾക്കാം	43
ഷോട്ട്	43
ഭർത്താവിനെ	43
ബിസിനസ്സ്	43
വലിപ്പം	43
വ്വം	43
ണ്ണമായ	43
റി	43
വെള്ളവും	43
ചോദ്യങ്ങൾ	43
ഇതിപ്പോ	43
അന്വേഷിച്ച്	42
ഗോളം	42
ഏജന്	42
ലോസ്	42
സ്വപ്നത്തില്	42
പുറകോട്ട്	42
പിന്നേ	42
ജയിലിൽ	42
ഉടമ്പടി	42
വെള്ളത്തിൽ	42
ട്ടില്	42
ട്	42
കൊണ്ടുവരും	42
പോട്ടര്	42
സുഹൃത്തിനെ	42
തമോഗര്	42
നിമോ	42
അതെനിക്കറിയാം	42
കാര്യമുണ്ട്	42
ഓർത്ത്	42
വച്ചോ	42
നീയെന്റെ	42
മറന്നോ	42
സെല്	42
വിതരണം	42
ഇഷ്ട്ടമാണ്	42
കണ്ടുമുട്ടി	42
വിരല്	42
ലോല	42
തെറ്റായി	42
പേരെന്താണ്	42
ആകില്ല	42
ഒമര്	42
പൊട്ടന്	42
ജീവിത	42
ളി	42
എറിഞ്ഞു	42
രാജ്	42
സോസേ	42
ഏതൊരു	42
കേട്ടിട്ടില്ല	42
ഇതെന്ത്	42
ഡോർസ	42
പരിശുദ്ധ	42
നാഷണല്	42
നമ്മളിപ്പോള്	42
വ്യക്തമായ	42
കുതിരകളെ	42
നീങ്ങി	42
ആത്മാവിനെ	42
മാസമായി	42
അതുവഴി	42
പുറത്തിറങ്ങി	42
മ്മകള്	42
തുറക്കാൻ	42
അമ്മെ	42
റാണീ	42
ഇതല്ല	42
കണ്ണാടി	42
കൃത്യമായും	42
മിസ്സിസ്സ്	42
പ്രതികരണം	42
മാറിപ്പോയി	42
ക്കൊക്കെ	42
അമ്മയാണ്	42
കുറ്റവാളി	42
സമാധാനിക്ക്	42
സാറ	42
അങ്ങനെയൊരു	42
തുടങ്ങുന്നത്	42
അവയെല്ലാം	42
മാതാപിതാക്കള്	42
നിരവധി	42
ഞാനതു	42
ഉണരൂ	42
നമുക്കും	42
ഫോക്സ്	42
കിഴക്ക്	42
ബോണസ്	42
അങ്കിൾ	42
ലെനി	42
മുന്പ്	42
ആവശ്യമുള്ള	42
പറയണോ	41
മെഡിക്കല്	41
വാങ്ങാം	41
മരിച്ചോ	41
വേറേ	41
വിശ്വാസമില്ല	41
ഹോട്ടൽ	41
വട്ടാണോ	41
ശാന്തി	41
ഒന്നുമറിയില്ല	41
നാണക്കേട്	41
മാജിക്	41
സഖാവേ	41
ചവിട്ടി	41
വെക്കുന്നത്	41
ഡേ	41
നിങ്ങളാരാണ്	41
ക്രെഡിറ്റ്	41
പറഞ്ഞേക്ക്	41
വണ്ടിയിൽ	41
ഇല്ലെന്നു	41
പ്രശ്നവുമില്ല	41
പൊന്നേ	41
കേട്ട	41
പോരാട്ടം	41
പണ്ടേ	41
ക്കര്	41
മരിച്ചിട്ടില്ല	41
ആകാശം	41
നമുക്കിനി	41
മനസ്	41
പോലത്തെ	41
ചക്കരേ	41
ശനിയാഴ്ച	41
നോക്കുന്നുണ്ട്	41
വ്യക്തമാണ്	41
നിങ്ങൾക്കൊരു	41
വഴക്ക്	41
ആഗ്രഹിക്കുന്ന	41
സാധിക്കുമോ	41
മാച്ച്	41
മാറിനില്	41
ദിവസമാണ്	41
ഇരിക്കണം	41
വേണ്ടെന്ന്	41
ചർച്ച	41
പാറു	41
വ്യക്തിപരമായ	41
പ്രവാചകന്	41
അതുതന്നെയാണ്	41
പന്ത്	41
ചെയ്യാനില്ല	41
പുല്ല്	41
പാനപാത്രം	41
സേവനം	41
എലി	41
അനുവദിക്കരുത്	41
സ്വർണം	41
ഭാഗ്യവശാല്	41
പറ്റിയാണ്	41
റൂമിൽ	41
എന്താണോ	41
ഇതിലൂടെ	41
ചെന്നായ്	41
ലിയോണ്	41
ഉണ്ടാക്കുന്ന	41
ശനം	41
ബോണ്	41
അതിനും	41
ജൂനിയർ	41
വേശ്യ	41
ആയിട്ടില്ല	41
സഹായിക്കണോ	41
പഠനം	41
കയറ്റി	41
എവിടാ	41
ഞങ്ങളിവിടെ	41
ഡിറ്റക്ടീവ്	41
തെമ്മാടി	41
your	41
കിട്ടുക	41
എന്തുണ്ട്	41
സ്കി	41
ആണത്	41
കാണാതായ	41
ബാറ്ററി	41
അതറിയാം	41
അതായിരിക്കും	41
വക്കീലിനെ	41
നീയെന്തു	41
തെരുവ്	41
കൂട്ടത്തിൽ	40
നല്ലതെന്ന്	40
ഇടതു	40
നരകം	40
ഫിഷര്	40
ഡോള്	40
ആവശ്യമുണ്ടോ	40
എളുപ്പത്തില്	40
കാട്ടില്	40
പകൽ	40
സൂര്യൻ	40
ഇവിടെയില്ല	40
പട്ടിയെ	40
karin	40
ഗേറ്റ്	40
സ്റ്റാന്	40
സാധിച്ചില്ല	40
എത്രയാണ്	40
എന്തോന്ന്	40
എന്തൊക്കെയാ	40
കൊന്ന	40
വശം	40
കൊട്ടാരം	40
ഇരിക്കുകയായിരുന്നു	40
ഫ്രെഡ്	40
മരിച്ചാല്	40
വൈകീട്ട്	40
നോക്കിയിട്ട്	40
മണിക്കൂറിനുള്ളില്	40
എന്നെത്തന്നെ	40
വിന്നീ	40
സംരക്ഷിക്കാൻ	40
ചതിച്ചു	40
പൈലറ്റ്	40
അങ്ങേർ	40
പ്രകൃതി	40
പോലുണ്ട്	40
കണ്ടതാ	40
മരിക്കുന്നു	40
ഉണ്ടായിരുന്നത്	40
പിതാവിന്	40
പ്രതീക്ഷിക്കുന്നത്	40
സ്പര്	40
ഇരുട്ടില്	40
വന്നല്ലോ	40
കൊടുത്താല്	40
പെട്ടെന്നാവട്ടെ	40
ചാള്	40
വിലാസം	40
നിങ്ങളീ	40
ചാവി	40
ചോദിച്ചോട്ടെ	40
ജനറൽ	40
കിടക്കാൻ	40
ഫിയോണ	40
എങ്ങാനും	40
തിരഞ്ഞു	40
എനിക്കില്ല	40
കൊണ്ടിരിക്കുന്നു	40
പൊട്ടാ	40
മാനേജര്	40
സ്ട്രീറ്റ്	40
ഇദ്ദേഹത്തിന്	40
അറിയുന്നത്	40
ത്തിയത്	40
കൊന്ന്	40
ഇപ്പോഴേ	40
നിങ്ങളിൽ	40
കുടിക്കാൻ	40
നിൽക്കുന്നു	40
ശരിയാണെന്ന്	40
അപ്പാര്	40
മൈലുകള്	40
ബെറ്റ്	40
പ്രൈസ്	40
നോക്കാതെ	40
നടത്താം	40
പോകുന്നതിനു	40
റോഡില്	40
പോരേ	40
പ്രതിജ്ഞ	40
ശാന്തമായി	40
പോണില്ല	40
പേഴ്സ്	40
നിനക്കാ	40
തടി	40
അങ്ങനെയാകട്ടെ	40
വിശാലമായ	40
നിന്നെക്കുറിച്ച്	40
ബോട്ടിൽ	40
പിന്നോട്ട്	40
സമരം	40
നിങ്ങളെയും	40
സന്	40
കഴിച്ച്	40
ധാര്	40
ഉപയോഗിക്കുന്നു	40
ചെയ്തിട്ട്	39
അതിപ്പോ	39
പോകുന്നേ	39
ക്ലിയര്	39
സംരക്ഷണം	39
നേരുന്നു	39
നാണയം	39
ഉപ്പ്	39
തടയൂ	39
നൽകി	39
ഞാനോര്	39
പോകുമെന്ന്	39
ആയിരിക്കില്ല	39
നദി	39
നടക്കുകയാണ്	39
സ്കീറ്റർ	39
അതി	39
രക്ഷപെടാന്	39
വെറുപ്പാണ്	39
നാട്ടിലെ	39
നോക്കണേ	39
കൊണ്ടോ	39
ടു	39
പിള്ളാരെ	39
നിങ്ങളെപ്പോലെ	39
താമസിക്കുന്ന	39
ബെഡ്	39
കാണ്	39
ടീച്ചര്	39
നടത്തണം	39
മാറുന്നു	39
പക്ഷം	39
ചെറു	39
നോവ	39
അമേരിക്കയില്	39
ചെസ്സ്	39
എന്നുണ്ട്	39
കഠിനമായി	39
ഗില്	39
പോകുന്നില്ലേ	39
ഹലോ	39
ഗ്രാമത്തില്	39
മുയല്	39
മിന്നി	39
തനിച്ച്	39
അജയ്	39
എടുക്കുക	39
വഴിയും	39
അങ്ങനെയെങ്കില്	39
കുടുംബ	39
ശങ്കര	39
കമ്പനിയുടെ	39
ന്യൂസ്	39
ചേർന്ന്	39
മകനാണ്	39
വേലി	39
വിജയിക്കട്ടെ	39
പോവാൻ	39
കാണിക്കും	39
കണ്ടെത്തുക	39
ഷെല്	39
മാപ്പു	39
മാറ്റാം	39
അപ്പന്	39
വിവരവും	39
പ്ലേറ്റ്	39
സങ്കടം	39
ക്കറിയാമല്ലോ	39
വിജയിച്ചു	39
ആരെങ്കിലുമുണ്ടോ	39
നമ്മളൊക്കെ	39
വെടിയുണ്ട	39
തിരഞ്ഞെടുത്തത്	39
എല്ലാത്തിനെയും	39
ഞാനിന്ന്	39
നിൽക്കണം	39
ഒരുത്തൻ	39
യൂറോ	39
പോകുന്നോ	39
വിയര്	39
രാത്രിയും	39
തല്ലി	39
അമേരിക്ക	39
മുട്ടി	39
തന്തയില്ലാത്തവന്	39
മറച്ചു	39
ഉണ്ടായിരുന്നുള്ളൂ	39
പുറത്തുള്ള	39
സ്റ്റേഷൻ	39
ഇതെനിക്ക്	39
സ്വപ്നങ്ങൾ	39
ജെയിംസ്	39
നിങ്ങളുമായി	39
മകനേ	39
ജിന്നി	39
അല്ലായിരുന്നു	39
പിടിക്കുന്നത്	39
ട്രാന്	39
തെറ്റല്ല	39
ഞാനയാളെ	39
അത്രക്ക്	39
ടൈം	39
വെറ്റിക്ക	39
ലഫ്റ്റനന്	39
കണക്കിന്	39
ഏണസ്റ്റൊ	39
സിംഗ്	39
റിന്	39
ആളല്ല	39
തന്നിട്ടുണ്ട്	39
വിജയ്	39
മെഷീന്	39
മികച്ചത്	39
ഒറ്റയ്ക്കാണ്	39
നിനക്കതു	39
ക്കൂടി	39
ബാനര്	39
നടത്തുന്നു	39
ഡിഗ്രി	39
ഒരുത്തന്	38
ഇവിടെനിന്നും	38
സമുറായ്	38
കിഴക്കന്	38
കുട്ടികളെയും	38
ഭാഗത്തേക്ക്	38
കളിക്കണം	38
വായിക്ക്	38
ഭാര്യയാണ്	38
എനിക്കിപ്പോൾ	38
മറ്റേത്	38
ആർക്കെങ്കിലും	38
അനുവദിച്ചു	38
വേണ്ടിയല്ല	38
കൊടുക്കേണ്ടി	38
മക്കൾ	38
വഴിയിലൂടെ	38
ജീന്	38
ഫീസ്	38
ചിലതൊക്കെ	38
വെള്ളിയാഴ്ച	38
വിശ്വസിക്കും	38
സ്റ്റേറ്റ്	38
ആർക്കറിയാം	38
ഒഴികെ	38
സുഖമാണ്	38
വാങ്ങണം	38
പ്രവഹിക്കൂ	38
ടൂ	38
കടിച്ചു	38
നമുക്കവരെ	38
സെറ്റ്	38
അവളെന്നെ	38
സ്റ്റേഷനിലേക്ക്	38
വെച്ചോളൂ	38
സ്ത്രീകളുടെ	38
ഭുവന്	38
സുഖമായിരിക്കുന്നു	38
ജാപ്പനീസ്	38
മൂടി	38
ചിരിച്ചു	38
പോലീസുകാരന്	38
ജോക്കര്	38
അതിവിടെ	38
ഓഫീസിലേക്ക്	38
പോലിസിനെ	38
ഈസ്റ്റ്	38
അറിഞ്ഞാല്	38
രാജകുമാരീ	38
കളുടെ	38
കുറിച്ചു	38
കഴുവേറി	38
കുറവ്	38
പറ്റുന്നത്	38
ശ്രമിച്ചത്	38
എഴുതുന്നത്	38
ടിവിയില്	38
കഴിയണം	38
മമ്മീ	38
നോക്കിയത്	38
ചാന്	38
തുടങ്ങാന്	38
ചെയ്തെ	38
ഇനിയൊരു	38
കൊണ്ടാണോ	38
പോയില്ലേ	38
താൽ	38
ഡ്രൈവർ	38
നിൽക്കും	38
ക്കിവിടെ	38
ശരിയാവില്ല	38
സ്വാറ്റ്	38
ശാന്തനാകൂ	38
പണിയും	38
തന്നില്ല	38
കളയാന്	38
അതിൻ	38
ഗണ്	38
നിനക്കെന്ത്	38
ഒടുക്കത്തെ	38
കൊല്ലുന്നു	38
ഫാക്ടറി	38
എന്നെനിക്കറിയില്ല	38
അപകടത്തിലാണ്	38
ഭയങ്കരം	38
കുറ്റബോധം	38
അടയാളങ്ങള്	38
മറ്റുള്ള	38
പറയാനില്ല	38
വട്ട്	38
നിൽക്കു	38
ഹോര്	38
എനിക്കോ	38
സുരക്ഷിതമായി	38
താനും	38
ജീവി	38
സാവധാനം	38
ഇന്ധനം	37
ഹോസ്പിറ്റലില്	37
ശ്രദ്ധിച്ചോ	37
വടക്കന്	37
എങ്ങോട്ടെങ്കിലും	37
നമ്മളിത്	37
അലദീന്	37
ജയിക്കും	37
ജോർജ്	37
ആലോചിക്ക്	37
പറയുന്നുണ്ട്	37
മറന്നുപോയി	37
വീടിനു	37
നമ്മളൊരു	37
പാരീസില്	37
ആഖ്യാതാവ്	37
വായിക്കൂ	37
ഫ്ലാഷ്	37
ജോൺ	37
കീട്ടന്	37
എത്തിക്കും	37
പണിക്ക്	37
പറന്നു	37
അദ്ധേഹത്തിന്	37
പ്രിന്	37
കൊറച്ച്	37
ജഡ്ജി	37
ഞാനവന്	37
ക്കണ്ട	37
പോളിഷ്	37
എന്തെങ്കിലുമൊക്കെ	37
വരുന്നൂ	37
എങ്ങനെയുണ്ടായിരുന്നു	37
പണ്ടാരമടങ്ങാന്	37
വൈകിപ്പോയി	37
ത്താമോ	37
പറയാനാണ്	37
ഞങ്ങൾക്കു	37
അക്കാര്യം	37
പറഞ്ഞതെല്ലാം	37
വിചാരിച്ചോ	37
കടയിൽ	37
ശേഷവും	37
സോ	37
എവിടേക്കാ	37
നേടിയിരിക്കുന്നു	37
പോയല്ലോ	37
അറിയാത്ത	37
ആണുങ്ങളെ	37
ഉമ്മാ	37
ക്ലബ്	37
ഭാഗങ്ങള്	37
ഹഹ്	37
ഗത്തില്	37
മധുരം	37
ബില്ലി	37
വിട്ടേക്കൂ	37
ചെയ്യു	37
പ്രാദേശിക	37
നീയീ	37
കണ്ണു	37
കുന്നിന്	37
കാണിക്കണം	37
കലാപം	37
ബ്രാന്റ്	37
പാപം	37
മേഡം	37
കാത്തിരിക്കാന്	37
ഉച്ചയ്ക്ക്	37
ലോകത്തിൽ	37
നിലത്തു	37
ന്നാല്	37
വരെയും	37
വിളിക്കുക	37
നിങ്ങളല്ലേ	37
തിന്നാൻ	37
ഇടൂ	37
വാന്	37
കരച്ചില്	37
പിന്നെന്തിനാ	37
പോലെയായിരുന്നു	37
ഊഹം	37
ദാന്	37
ജെനറല്	37
നടക്കുന്നതെന്ന്	37
എതിരെ	37
പൂട്ട്	37
പകരമായി	37
കിലോ	37
വാടകയ്ക്ക്	37
ഡല്	37
മിഠായി	37
ചെ	37
എല്ലായിപ്പോഴും	37
ശരീരത്തില്	37
പനി	37
ഡോക്ടറുടെ	37
നാശമാണ്	37
അനേകം	37
ചിലർ	37
നിങ്ങളാ	37
കള്ളന്മാര്	37
പിന്നല്ലാതെ	37
ബുദ്ധിമുട്ട്	37
സൗദി	37
ഹെക്റ്റര്	37
പ്രശ്നവും	37
ട്ട്മെന്	37
ഒന്നിന്	37
ഭീകരമായ	37
വെര്	37
അച്ചാ	37
എഴുത്ത്	37
മസ്താനി	37
ക്വില്	37
വലിച്ച്	37
അടിമ	37
നായേ	37
തീരുമാനിക്കാം	37
പാർട്ടി	37
എനിക്കൊരിക്കലും	37
പ്രസംഗം	37
എനിക്കയാളെ	37
സെന്റ്	37
വിമാനത്തില്	37
കരയല്ലേ	37
ഒകെ	37
ക്യാമ്പ്	37
ശ്രമിക്കുകയായിരുന്നു	36
സംഭവിക്കുമെന്ന്	36
ഭാഗ്യവാനാണ്	36
ഇരുപതു	36
എന്തെന്ന്	36
അവന്മാരെ	36
ശ്രമിക്ക്	36
ഡിന്	36
നീളമുള്ള	36
ഫ്ലാറ്റ്	36
അവർക്കു	36
എനിക്കതു	36
roys	36
എല്ലാര്	36
നിനക്കീ	36
ഹൃദയത്തില്	36
നടത്തിയത്	36
വിശക്കുന്നു	36
വലതു	36
രക്ഷിക്കണേ	36
നടന്നില്ല	36
ഉവ്വോ	36
സ്നേഹിച്ചു	36
ഓർഡർ	36
ക്കാരുടെ	36
ഘട്ടം	36
അനിയന്	36
ആവശ്യപ്പെട്ടു	36
അൽപം	36
പേരുടെ	36
മിണ്ടാതിരിക്കൂ	36
വ്യത്യസ്തമായ	36
റിസ്ക്	36
കൊണ്ടുവരണം	36
ഫിന്	36
എടുത്ത	36
എനിക്കോര്	36
ഏറ്റു	36
ഭാവം	36
പോവുകയാണെന്ന്	36
കുഴപ്പമുണ്ട്	36
ജന്മം	36
കൊല്ലമായി	36
ഡോബി	36
വരിയായി	36
ദൂരേക്ക്	36
പിടിച്ചത്	36
ഗ്ഗത്തില്	36
തനിച്ചു	36
മന്ദബുദ്ധി	36
വിടു	36
ഗൗതം	36
ആഴം	36
എടുക്കു	36
നടക്കണം	36
കേട്ടിരുന്നു	36
അതാണു	36
അനങ്ങല്ലേ	36
മര്യാദക്ക്	36
മാല്	36
നമ്മളത്	36
തിരിഞ്ഞ്	36
പേടിപ്പിച്ചു	36
കൊടുക്കുക	36
രീതികള്	36
സൂക്ഷിക്കുക	36
ആണുങ്ങളുടെ	36
മണ്ണില്	36
എന്നു്	36
അർഥം	36
വികാരം	36
യിൽ	36
okay	36
ദാര്	36
മുകളിലെ	36
യുദ്ധത്തിനു	36
പെണ്ണുങ്ങള്	36
റോണ്	36
ഡെല്	36
പൊളിച്ചു	36
നാലാം	36
തുടങ്ങിയോ	36
കൊല്യ	36
തരത്തിൽ	36
കാത്തിരിക്കുന്നത്	36
ആകണം	36
പ്രത്യേകത	36
ണ്ണം	36
ഡാനി	36
ഇതിലേക്ക്	36
ഒരുത്തനെ	36
ലൂ	36
നൽകാൻ	36
തീവണ്ടി	36
പോകുകയാ	36
കഴിവുള്ള	36
മറ്റൊന്ന്	36
ഞങ്ങളെല്ലാം	36
ഫുകള്	36
കാത്തിരിക്കണം	36
നഗരത്തിലെ	36
ആംബുലന്	36
പേടകം	36
മേയ്	36
അതെങ്ങിനെ	36
ബ്യോംകേഷ്	36
ഉണ്ടായ	36
ശരിയാക്കി	36
കേട്ടാല്	36
നടക്കുകയായിരുന്നു	36
ഉപയോഗിക്കാൻ	36
മാറ്റിയത്	36
പട്ടണം	36
ഉറങ്ങ്	36
പരിക്ക്	36
ക്രിമിനല്	36
ഇരിക്കട്ടെ	36
വിരലുകള്	36
യഥാർത്ഥത്തിൽ	36
തുടങ്ങിയ	36
using	36
എന്റടുത്ത്	36
എത്രെ	36
തുടങ്ങിക്കോ	36
ശരിയായിരുന്നു	36
നഷ്ടം	36
മിക്ക	36
ഇല്	36
പെരുമാറുന്നത്	36
അത്കൊണ്ട്	36
ശ്രീധര്	36
ഒരവസരം	36
കുന്നു	36
മാതാവ്	35
വെക്കുന്നു	35
പാർക്ക്	35
കുറച്ചൊക്കെ	35
വയസ്സുള്ള	35
ആണ്ട്രൂ	35
അഭ്യര്	35
ഉണ്ടാക്കണം	35
ഉള്ളവര്	35
ഷത്തില്	35
സഹായിക്കാമോ	35
ഓഫീസർ	35
കഴിക്കും	35
അവരെന്താ	35
അയാളെന്നെ	35
ഇരുട്ട്	35
ഞാനവനോട്	35
ടെൻഷൻ	35
അതിങ്ങു	35
കപ്പലില്	35
പറ്റില്ലല്ലോ	35
എന്തെകിലും	35
വെക്കരുത്	35
വേണ്ടതെന്ന്	35
ഏതൊക്കെ	35
ലാഭം	35
ആരെയോ	35
അനുഭവം	35
ഭൂമിയെ	35
കൊന്നുകളയും	35
പങ്കു	35
കഴിയില്ലേ	35
കുറ്റമല്ല	35
ചോദിക്കരുത്	35
മൂന്നോ	35
കൊള്ളില്ല	35
കാര്യങ്ങളാണ്	35
മുന്ന	35
സമ്പനോ	35
ല്ലേ	35
യാങ്ങ്	35
മനസ്സിനെ	35
ശുദ്ധ	35
നീണ്ടു	35
സാഷാ	35
ചിന്തിക്കുന്നു	35
കിടക്കൂ	35
ഭ്രാന്തന്	35
വന്നതല്ല	35
എന്നതിന്	35
പെരുമാറ്റം	35
കിട്ടിയിരിക്കുന്നു	35
അറിയുക	35
ക്കാലം	35
കിട്ടിയതാണ്	35
ഷെഫ്	35
കമാന്	35
നീയവനെ	35
എങ്ങോട്ടും	35
പൊതു	35
വേണ്ടെന്നു	35
അറിഞ്ഞിരിക്കണം	35
ആയിരുന്നെങ്കില്	35
ജനിച്ചു	35
കോമ്രേഡ്	35
ഗ്രാമത്തിലേക്ക്	35
അതെന്താണെന്ന്	35
അതിനായി	35
എത്തിയോ	35
കരാര്	35
സ്യൂട്ട്	35
ടൂകോ	35
അറിയാവുന്നത്	35
ക്ലീന്	35
ടൈ	35
എഴുതാന്	35
എന്നൊരു	35
പേജ്	35
അത്യാവശ്യം	35
സഹായി	35
ഉണ്ടെന്നാണ്	35
എന്നറിയില്ല	35
കഴിയുന്നുണ്ട്	35
ചെയ്തിട്ടുണ്ടോ	35
ഇങ്ങനെയാണോ	35
ശ്രമിക്കുന്നുണ്ട്	35
സൂക്ഷിച്ചോ	35
പിറകോട്ട്	35
തലവന്	35
ഗംഭീര	35
ആരുടേയും	35
കോപ്പാണ്	35
പപ്പയെ	35
ഉപകരണം	35
തീരത്ത്	35
നേരത്ത്	35
നിന്നാണോ	35
ആരായാലും	35
ഉറപ്പാ	35
വൻ	35
നേരേ	35
കഴിക്കുന്നത്	35
വാസ്തവത്തിൽ	35
എത്തിയിരിക്കുന്നു	35
ബെന്നി	35
സംരക്ഷിക്കും	35
ആശുപത്രിയിൽ	35
വിളിച്ചാല്	35
മകന്റെ	35
നോട്ടീസ്	35
അങ്ങനെയല്ലേ	35
പറയുമോ	35
വിചാരിക്കുന്നുണ്ടോ	35
പഠിക്കുന്നത്	35
ഒന്നിലും	35
നാഷണൽ	35
ചികിത്സ	35
ഇങ്ങനെയുള്ള	35
വിചാരിക്കും	35
ആവശ്യമായ	35
തരുന്ന	35
കളെ	35
മുന്നിലേക്ക്	35
ആലോചിക്കുകയായിരുന്നു	35
ചേരും	35
റിമോര്	35
എക്സലൻസി	35
ഡിറ്റക്റ്റീവ്	35
ലര്	35
പൂ	35
മുങ്ങി	35
ചാവും	35
അറിയുന്ന	35
പോകുമ്പോൾ	35
പൊരുതി	35
പോവാ	35
പെൺകുട്ടികൾ	35
ബ്രൂം	35
ചുരുങ്ങിയത്	35
കാര്യത്തിന്	35
പരാജയം	35
തെറ്റാണെന്ന്	35
കാര്യത്തിലും	34
എലിഷാ	34
ഓടിച്ചു	34
റൗണ്ട്	34
അഭയം	34
ആന്ദ്രേ	34
ജാങ്കോ	34
പരിശോധിച്ചു	34
കണം	34
സംശയവും	34
കൂര്	34
ബ്ലൂ	34
വൈദ്യുതി	34
ഫിയോണാ	34
പേടിക്കുന്നത്	34
കൂലി	34
ഭയമില്ല	34
തള്ള്	34
നിനക്കിവിടെ	34
സാധനങ്ങളൊക്കെ	34
ജീവിതത്തിന്റെ	34
ഇതുകൊണ്ട്	34
വിടരുത്	34
കുറ്റസമ്മതം	34
പുരുഷന്	34
ഉണ്ടാവണം	34
കടയില്	34
ചെയ്താലും	34
ഞാനെങ്ങനെ	34
അവരുമായി	34
വാതിലുകൾ	34
മതില്	34
കൊലപാതകി	34
സഹായിക്കുന്നത്	34
നമസ്ക്കാരം	34
ഒന്നിനെ	34
വെച്ചാ	34
എന്നറിയാമോ	34
കം	34
മൈൽ	34
ഗ്രൂപ്പ്	34
റൂമിലേക്ക്	34
ഭേദം	34
അങ്ങിനെയല്ല	34
മൂത്ത	34
പണിയുണ്ട്	34
ആയോ	34
തീരുമാനിക്കുന്നത്	34
മുറിച്ച്	34
സീ	34
പുറത്താണ്	34
ആകാൻ	34
ഇതുമായി	34
പ്രസിഡന്	34
ഗുരുത്വാകര്	34
ജിയര്	34
സ്റ്റണ്	34
പാമ്പ്	34
ന്നോ	34
കാശും	34
യൂണിഫോം	34
എഴുതിയിട്ടുണ്ട്	34
കാൽ	34
എനിക്കൊന്നു	34
കാണിച്ചത്	34
കർറ്റിസ്	34
സംഭവങ്ങള്	34
കൊടുക്കരുത്	34
വല്ല്യ	34
തന്നാല്	34
വിട്ടുപോയി	34
സിദ്ധീഖ്	34
translated	34
നീയിപ്പോള്	34
പൊയ്ക്കോട്ടേ	34
കീഴില്	34
അക്കൗണ്ട്	34
സ്ത്രീയാണ്	34
കഴുത്ത്	34
മോശമല്ല	34
മേയര്	34
അന്	34
നികുതി	34
കൊണ്ടുപോകൂ	34
വീടു	34
ഇടാന്	34
കേണൽ	34
നമ്മളു	34
നോക്കുകയാണ്	34
കാൾ	34
ഭ്രാന്തു	34
എന്തറിയാം	34
അവനുമായി	34
അങ്ങനെയാണെങ്കിൽ	34
അതുകൊണ്ടുതന്നെ	34
തടിയന്	34
ട്ടിന്	34
എന്നുള്ളത്	34
പോയില്ല	34
മില്	34
മച്ചാ	34
അത്രയേ	34
പ്രായത്തില്	34
ജീവിതവും	34
മോഷ്ടിച്ചു	34
നീയെന്നോട്	34
ആരംഭിച്ചു	34
തുര്	34
പ്രൈവറ്റ്	34
പോവണം	33
അബൂബക്കർ	33
തലയ്ക്ക്	33
ജീൻ	33
എത്തിച്ചേര്	33
സംഭവിക്കാൻ	33
വ്യക്തിപരമായി	33
ഉറങ്ങിക്കോ	33
ഔദ്യോഗിക	33
നീണാള്	33
ആംസലേം	33
തെറ്റും	33
അതങ്ങനെ	33
ഭക്ഷണത്തിന്	33
വീടിന്റെ	33
മാരുടെ	33
ഒഴിവാക്കി	33
ട്രെയിനിൽ	33
ആയിരിക്കുന്നു	33
ചാൻ	33
മെഡിക്കൽ	33
ത്തികള്	33
അവരെന്താണ്	33
തന്ത്രം	33
നയിക്കും	33
വന്നതെന്ന്	33
നിൽക്കാം	33
ഇതുപോലൊരു	33
പൈ	33
കപ്പൽ	33
ഇതിവിടെ	33
തെരുവിൽ	33
വയറു	33
സാലി	33
വിശ്രമിക്കൂ	33
വച്ച	33
രോഗി	33
നിങ്ങൾക്കും	33
എനിക്കെന്തോ	33
അനുവദിക്കണം	33
ക്ലാസ്സ്	33
റോമന്	33
വെയ്ക്ക്	33
ഇരിക്കു	33
ഓൾഗാ	33
ഒറ്റപ്പെട്ട	33
കൊഞ്ച്	33
കടക്കാൻ	33
അവരിൽ	33
കൊഴപ്പമില്ല	33
നേഴ്സ്	33
കേവലം	33
വേണേലും	33
വിശപ്പ്	33
kitai	33
ഒന്നല്ല	33
എഴുതിയിരിക്കുന്നത്	33
ഉത്തരവാദിത്വം	33
അവരവനെ	33
താഴ്	33
മര്യാദയ്ക്ക്	33
കൊള്ളാത്ത	33
ശക്തമായി	33
റോക്കി	33
കുറിപ്പ്	33
കുഴപ്പവും	33
പൊടി	33
വണ്ടിയില്	33
കഴിയുമെങ്കില്	33
സകല	33
ഓർക്കുക	33
നമുക്കെല്ലാം	33
ഗുളിക	33
ക്ഷീണം	33
എടുത്തിട്ടുണ്ട്	33
വ്യവസ്ഥ	33
സംസാരിക്കില്ല	33
രസമുണ്ട്	33
കീ	33
സെക്രട്ടറി	33
ഭീമന്	33
നഗരത്തിന്	33
ഇതത്ര	33
കഴിച്ചത്	33
കോടതിയിൽ	33
അതുകൊണ്ടാ	33
നന്മ	33
ബാഗിന്	33
വിശ്രമം	33
ഉണ്ടായിരുന്നെങ്കില്	33
തോറും	33
കുറഞ്ഞു	33
സഹോദരിയെ	33
തോക്കുകള്	33
ഉപയോഗിക്കുന്ന	33
പീ	33
തെളിവുകൾ	33
ശ്വേത	33
ഗവണ്	33
പൊയ്	33
കഷ്ടമാണ്	33
നോക്കിയോ	33
അല്ലയോ	33
ആഴ്ച്ച	33
പ്രധാനപ്പെട്ടതാണ്	33
അതായതു	33
മാസത്തെ	33
മണ്ടൻ	33
മാതിരി	33
പറയെടാ	33
രണ്ടാഴ്ച	33
വളരെയേറെ	33
പോകുന്നുണ്ടോ	33
ചെയ്യുന്നതാണ്	33
നിനക്കാണ്	33
ഇന്ത്യയുടെ	33
നാട്ടിലേക്ക്	33
സഹായിക്കുന്നു	33
അങ്ങനെയാണെങ്കില്	33
വെള്ളി	33
തലയോട്ടി	33
കുതിരകള്	33
ഒരുകാര്യം	33
ഉച്ചക്ക്	33
ദ്ദേശം	33
അലഞ്ഞു	33
നിന്നുമുള്ള	33
റെയില്	33
ഐഡി	33
ജനം	33
വാങ്ങിയത്	33
ആവേശം	33
സമാധാനപ്പെട്	33
തിരക്ക്	33
ചുറ്റുമുള്ള	33
മുറിക്ക്	33
തന്നേ	33
പുസ്തകങ്ങള്	33
ബാക്കിയുള്ളത്	33
ഗ്രേ	33
ഓഫര്	33
മാറ്റങ്ങള്	33
യുവാന്	33
ബാറില്	33
കഴിച്ചിട്ടില്ല	33
ലണ്ടനില്	33
തോന്നരുത്	33
നടക്കുന്നുണ്ട്	32
അവനെവിടെ	32
കാടിന്റെ	32
ഉണ്ടായില്ല	32
ഡോണ്	32
ചെലപ്പോ	32
സംഘര്	32
ഐബിലിൻ	32
സ്ഥലങ്ങള്	32
ഒഴിച്ച്	32
കൊടുക്കുന്ന	32
ഒന്നുമില്ലേ	32
നയിക്കുന്നത്	32
ഞാനിപ്പോഴും	32
പോകാമോ	32
കാലത്തെ	32
എനസ്റ്റ്	32
കയറു	32
പിശാച്	32
കുന്നത്	32
പ്രശ്നമൊന്നുമില്ല	32
ആക്കാന്	32
കൂട്	32
എനിക്കു്	32
അവസാനിച്ചിരിക്കുന്നു	32
കുടുങ്ങി	32
സ്റ്റോക്ക്	32
അവിശ്വസനീയം	32
ദേശം	32
സുഹൃത്തുക്കൾ	32
ഗുഡ്നൈറ്റ്	32
സമി	32
ബോബ്	32
താങ്ങാന്	32
അകത്തേക്കു	32
over	32
മിലിട്ടറി	32
ക്ഷമിക്കുക	32
ഇരുന്നോ	32
തെറ്റു	32
കലര്	32
അതീവ	32
ചെയ്യുകയും	32
നിലം	32
ആയില്ല	32
കാത്തിരിക്കൂ	32
മകനും	32
ഇതിനെപ്പറ്റി	32
പോയിരിക്കുകയാണ്	32
ഉണ്ടാക്കിയതാണ്	32
ഡ്യൂട്ടി	32
സ്ത്രീകളും	32
കുന്തം	32
തല്ല്	32
വർഷങ്ങളായി	32
അതേയ്	32
ആഴ്ചകള്	32
ചത്ത്	32
അടിസ്ഥാനത്തില്	32
ടൈറ്റില്	32
സാമ്രാജ്യം	32
സിനൂര്	32
എല്ലായിടവും	32
ടോർച്ച്	32
ത്തോ	32
സിഗ്നല്	32
ചെയുന്നു	32
ഓൺ	32
നിനക്കെന്താണ്	32
മാത്രവുമല്ല	32
നിന്നേ	32
മനുഷ്യനും	32
പുരാതന	32
വരില്ലേ	32
സെയ്റ്റ	32
ഒമ്പത്	32
മുകളിലാണ്	32
മടക്കി	32
വയ്ക്കൂ	32
കഴിയാത്തത്	32
നിർത്തു	32
കൂടുതലും	32
പുറത്തുണ്ട്	32
വിക്	32
പേടിച്ച്	32
സോഫി	32
ഫൂസേ	32
കാത്തിരിക്ക്	32
ചിന്തിച്ച്	32
പണ്ടാരമാണ്	32
പ്പിക്കുന്നു	32
അറിഞ്ഞില്ല	32
പുറത്താക്കി	32
കാണാമോ	32
കല്ലുകള്	32
എന്തെന്നാൽ	32
റൊട്ടി	32
ചെന്നായ്ക്കള്	32
ആരോടാണ്	32
മാറിയിരിക്കുന്നു	32
പോയപ്പോള്	32
കരണ്	32
ശ്രീമാന്	32
വിടുന്നു	32
ആകാശത്ത്	32
ഫിലിപ്പ്	32
മൊത്തത്തില്	32
എടുത്തോണ്ട്	32
റിസര്	32
ദിവസങ്ങളില്	32
റെസ്നിക്ക്	32
ആവശ്യത്തിനു	32
അല്ലെന്ന്	32
സബാഷ്	32
സ്ഥലമുണ്ട്	32
നമ്മളെന്താ	32
ആവണം	32
ദൈവമാണ്	32
കിടക്കുകയാണ്	32
തെറ്റുകള്	32
അടിച്ചമര്	32
ഇപ്പം	32
ഊഴം	32
ബ്രാൻഡ്	32
ആരംഭിക്കുന്നു	32
അറിഞ്ഞത്	32
ഇവരോട്	32
അതെന്തിനാ	32
പണിയാണ്	32
പേരു്	32
കാര്യങ്ങളെ	32
ഞങ്ങളത്	32
പേന	32
തുടരുന്നു	32
വം	32
മുതലേ	32
പോകുന്നതാണ്	32
കരുണ	32
സാറേ	32
ജനങ്ങൾ	32
എനിക്കിഷ്ടം	32
മറക്കും	32
അങ്ങനെയെങ്കിൽ	32
ഡിക്റ്റക്റ്റീവ്	32
രേഖകൾ	32
വന്നതിന്	32
പണ	32
സംഭാഷണം	32
ചെറ്റ	32
പടിഞ്ഞാറ്	32
ക്കുകയായിരുന്നു	32
ഡിക്റ്ററ്റിവ്	32
വേറെന്തെങ്കിലും	32
കുമാരി	32
പെട്ട്	32
മുൻ	32
മാസങ്ങളായി	31
കരടി	31
എനിക്കെന്താ	31
നൽകും	31
കാണിക്കുന്നു	31
വെക്കുക	31
കടക്കും	31
നദിയുടെ	31
ഫ്ലൈറ്റ്	31
ഉറങ്ങുകയാണ്	31
ബോക്സര്	31
പ്രതീക്ഷിക്കാം	31
ശരിക്കുമുള്ള	31
രക്ത	31
മറ്റൊരാള്	31
തെക്കോട്ട്	31
സിസ്റ്റർ	31
കൈയും	31
കാമുകന്	31
എനിക്കുണ്ട്	31
പിടിയുമില്ല	31
അദേഹത്തിന്	31
സമയത്തും	31
ആരോടെങ്കിലും	31
കണ്ടെത്തിയ	31
റേഡിയോയില്	31
വിവിയേന്	31
റോണന്	31
ഇവാന്	31
മയില്ല	31
പ്രതിരോധ	31
കൊള്ളാലോ	31
കസേര	31
പ്രേമം	31
ചെക്കനെ	31
കിട്ടിയതാ	31
കണ്ടെത്തിയോ	31
സെറ്റ്സുകോ	31
ഇര	31
there	31
കൃഷ്ണ	31
തീരു	31
സ്ത്രീകൾ	31
ഇനിയിപ്പോ	31
സഖാക്കളെ	31
എനിക്കൊന്നുമില്ല	31
കുടുംബവും	31
പറയുന്നതാണ്	31
വിവരങ്ങളും	31
ഇതിപ്പോള്	31
കഴുത്തില്	31
ലാസ്ലോ	31
ആണെന്നാ	31
ക്കി	31
വെള്ളത്തിന്	31
നിമിഷങ്ങള്	31
ഇവിടെയോ	31
അസാധ്യമാണ്	31
എല്ലാരെയും	31
ഫയർ	31
സംഭവിക്കുക	31
മതിയാകൂ	31
ചോദിച്ചില്ല	31
ഓടാന്	31
ദെ	31
എത്തിയ	31
പിരിഞ്ഞു	31
ശ്രീമന്ത്	31
ആഫ്രിക്കയിലെ	31
ബ്ലഡ്	31
പറഞ്ഞിരുന്നത്	31
കാര്യങ്ങളില്	31
റിലാക്സ്	31
മരിച്ചിട്ട്	31
ജീവനുണ്ട്	31
കയ്യിലാണ്	31
കഴിയാതെ	31
കാറിന്റെ	31
ജീവനോടെയുണ്ട്	31
മറക്കാൻ	31
നിങ്ങളിപ്പോള്	31
തറയില്	31
ഇതല്ലേ	31
മ്മയില്ല	31
ഉദേശിച്ചത്	31
ഓറഞ്ച്	31
കടക്കണം	31
പോകാത്തത്	31
ടൌണ്	31
കളിയാണ്	31
സംഭവിച്ചാല്	31
എഫ്എല്	31
കൊള്ളാല്ലോ	31
മല്	31
വാതിലുകള്	31
പിടിച്ചാൽ	31
ഒള്ളു	31
തെണ്ടീ	31
അയാളത്	31
പറഞ്ഞേക്കാം	31
ബാക്കിയുണ്ട്	31
പോയിട്ടുണ്ടോ	31
മേശ	31
up	31
ഫിയസ്	31
തിരിയെ	31
ഹോട്ടലിൽ	31
ഹോപ്പ്സ്	31
പോക്ക്	31
ഇഷ്ടമായോ	31
ചെറുപ്പമാണ്	31
ഇവനൊരു	31
കാണിക്കാൻ	31
കഴിയാന്	31
തിരിച്ചുവരും	31
അവരിവിടെ	31
ലാരി	31
അനുവാദമില്ല	31
ആരാണിത്	31
സുല്	31
പിടിച്ചാല്	31
നിയന്ത്രിക്കാന്	31
കൊണ്ടുവരാൻ	31
തന്നിരുന്നു	31
സ്നേഹിക്കുന്നുണ്ടോ	31
കേൾക്കണം	31
അപകടകരമായ	31
വലിപ്പമുള്ള	31
മണ്	31
ഈര്	31
പാരിസ്	31
have	31
ശത്രുവിനെ	31
സമ്പത്ത്	31
ശാന്തനാവൂ	31
case	31
ഇൻസ്പെക്ടർ	31
നാമത്തില്	31
നിധി	31
സ്ഥിരമായി	31
കാര്യമാ	31
ശപഥം	31
വായിക്കുന്നത്	31
തക്ക	31
വഴിയുമില്ല	31
ചോദ്യത്തിന്	31
ഒഴിഞ്ഞു	31
പറ്റില്ലാ	31
വാൾ	31
യുദ്ധത്തിൽ	31
ടീവി	31
പാടി	31
വർഷങ്ങൾ	31
വുഡ്	31
ഗതി	31
നഗരത്തെ	31
വിസ	31
അതിലേക്ക്	31
ചെയ്യാനാവും	31
എടീ	31
ഷിറ്റ്	31
ഭയമാണ്	31
അടിച്ചത്	31
ഇരയെ	31
വരുന്നതിനു	31
തട്ടി	31
ഒമർ	31
മില്യന്	31
അതെവിടെ	31
ഇതിനെക്കുറിച്ച്	31
രക്ഷപ്പെടാൻ	31
ത്തകള്	31
ജല	31
ആവശ്യപ്പെടുന്നു	31
ഒരിടത്ത്	31
പറഞ്ഞതെന്ന്	31
താഴെയുള്ള	31
യജമാനന്	31
ഒന്നുമില്ലാ	31
ഉണ്ടാകുമെന്ന്	31
എന്തൊക്കെയായാലും	31
ഓടുന്നത്	31
ജായേ	30
തരാമെന്ന്	30
ത്തിക്കുന്നു	30
ചുവപ്പ്	30
മോണിങ്ങ്	30
ക്കേ	30
ചെയ്യണ്ട	30
അമേരിക്കക്കാര്	30
നീയെങ്ങനെ	30
തുള്ളി	30
പാസ്സ്	30
നാറ്റം	30
നോക്കുന്നോ	30
ഞാനല്ലേ	30
മലേന	30
കഴിഞ്ഞപ്പോൾ	30
പടിഞ്ഞാറന്	30
നടക്കാം	30
കാണേണ്ടത്	30
ഉറപ്പുണ്ട്	30
ഭാഗ്യത്തിന്	30
ബന്ധപ്പെട്ട്	30
എനിക്കായി	30
ചീട്ട്	30
നിങ്ങളവരെ	30
ഫയര്	30
മനസിലാവുന്നില്ല	30
ഡോർ	30
സ്നേഹിക്കുന്നുണ്ട്	30
കിടക്കും	30
ചെന്നു	30
അറിയേണ്ടത്	30
രാത്രിയിലും	30
ഡോറിന്	30
സമയത്താണ്	30
ആണെന്നാണോ	30
ചെയ്തോളൂ	30
ചേരാന്	30
താടി	30
പ്പിന്നെ	30
ഞാനെന്തിനാ	30
ഇവിടെയാണോ	30
ബന്ധപ്പെട്ട	30
എങ്ങനെയാണെന്ന്	30
കളിക്കല്ലേ	30
ഒന്നൂല്ല	30
സമയമല്ല	30
ത്തില്ല	30
വിചിത്രമായി	30
മനസ്സിലാക്കുന്നു	30
നിങ്ങൾക്കെന്താ	30
നിനക്കവനെ	30
എന്നൊന്നും	30
ഒരിയ്ക്കലും	30
ജീവനുള്ള	30
തികഞ്ഞ	30
എത്തിച്ചു	30
ആശ്രയിച്ചിരിക്കും	30
അങ്ങേരുടെ	30
ഇന്ത്യൻ	30
റോസ	30
വിശ്വസിക്കരുത്	30
ജൂതന്മാര്	30
dad	30
ചിത്രങ്ങൾ	30
കണ്ടതല്ലേ	30
ഇദ്ദേഹത്തെ	30
സ്നേഹത്തോടെ	30
സഹായിച്ചത്	30
ലൈംഗിക	30
ഇതോ	30
മുമ്പില്	30
അച്ചന്	30
യാഹ്	30
അങ്ങിനെയാണ്	30
ഗാനം	30
ഒരുത്തനും	30
എത്തുന്നത്	30
മരിച്ചുപോയി	30
അന്ത്യം	30
പിടിക്കുന്നു	30
മാസവും	30
ഷെരിഫ്	30
ചെലവ്	30
പ്പോലും	30
ഹൊ	30
പഠിപ്പിച്ചത്	30
കാത്തിരിക്കുക	30
ഇപ്പോഴാണ്	30
നൂണ്	30
അപകടത്തില്	30
എനിക്കിനിയും	30
യോ	30
മയില്ലേ	30
ഹില്ലി	30
മറ്റുള്ളവർ	30
എളുപ്പത്തിൽ	30
അതുവരെ	30
പിറകിൽ	30
സ്റ്റോപ്പ്	30
ഓടിപ്പോയി	30
പൂക്കൾ	30
പോക്കറ്റില്	30
സുഹൃത്തിന്	30
ചരിത്രത്തിലെ	30
വിളിക്കരുത്	30
ഇതുപോലുള്ള	30
യോജിക്കുന്നു	30
ജെന്നി	30
ഇടണം	30
പണിയാ	30
പറയുമെന്ന്	30
കാം	30
പ്രദേശത്ത്	30
കാണുമോ	30
പുലി	30
കൈകൊണ്ട്	30
ചെയാം	30
എനിക്കെല്ലാം	30
രേഖ	30
സ്വാര്	30
മഹാവീർ	30
ജീവിച്ചിരിക്കുന്നു	30
പ്രചോദനം	30
വഴികള്	30
തിരിച്ചറിയല്	30
വെടിയുതിര്	30
അറിയേണ്ട	30
ആയിരുന്നപ്പോള്	30
വരാതെ	30
ക്രിസ്മസ്	30
കൊടും	30
കരാർ	30
കഴിച്ചിട്ട്	30
രാജാവിന്റെ	30
നഗരത്തിൽ	30
ഡാനീ	30
കുട്ടിയും	30
കയ്യിലുള്ള	30
അപേക്ഷ	30
സ്ഥലങ്ങളില്	30
വായിച്ച്	30
പറഞ്ഞിരുന്നോ	30
തോക്കും	30
ഒന്നൂടെ	30
ഫണ്ട്	30
കാസാബ്ലാങ്കയില്	30
കഴിയുമ്പോൾ	30
ആരേലും	30
രാജ്ഞി	30
ജെസ്സ്	30
വയ്ക്കാം	30
യാചിക്കുന്നു	30
ചൂടുള്ള	30
വേണ്ടിയാണോ	30
അവനവിടെ	30
അദ്ധേഹത്തിന്റെ	30
തുടരാന്	30
പൊട്ടി	30
അടിസ്ഥാന	30
ഭാഗമായി	30
അവകാശമുണ്ട്	30
നശിക്കും	30
കോഴി	30
വെറുപ്പ്	30
റൗണ്ടിൽ	30
സുരക്ഷിതമാണ്	30
പോലെയാ	30
ഡിസൈന്	30
അനിയാ	30
പഠിക്കാൻ	30
can	30
സ്യൂക്	30
കുഴപ്പമില്ലാ	30
തുടങ്ങാൻ	30
തീർത്തും	30
ക്രീം	30
താഴോട്ട്	29
പോയതാ	29
മാന്ത്രികന്	29
കാമറ	29
നടക്കുമ്പോള്	29
നെമാത്	29
ജോലിക്കു	29
നരകത്തില്	29
പൂർണ്ണമായും	29
യാനിംഗ്	29
മൈക്കല്	29
സംസാരിച്ചിരുന്നു	29
ഹിന്ദ്	29
പാർക്കർ	29
എത്രകാലം	29
പരീക്ഷിച്ചു	29
ഗുഹ	29
വസ്സിലീ	29
അതിങ്ങ്	29
മോട്ടോര്	29
കണ്ടിട്ടില്ലേ	29
ഭംഗിയുള്ള	29
പോകാതെ	29
രക്ഷിക്കു	29
ഇപ്പോഴല്ല	29
പരീക്ഷ	29
ബില്ല്	29
പെട്ട	29
മനസ്സിലായല്ലോ	29
സംസാരിക്കട്ടെ	29
ചെറുക്കാ	29
കടത്തി	29
പൊക്കോളൂ	29
സുന്ദരം	29
ഈയൊരു	29
വിറ്റ്	29
റര്	29
സഹോദരിയുടെ	29
come	29
മിസ്ടര്	29
നിങ്ങളെന്തിനാണ്	29
തുറിച്ചു	29
വഴിയുണ്ട്	29
ജെന്റില്	29
എടൊ	29
പന്നിക്കുട്ടി	29
ചെയ്യേണ്ടതെന്ന്	29
കഴിയില്ലെന്ന്	29
പുറത്തിറങ്ങ്	29
സ്വീകരിക്കാന്	29
ഇതിനെല്ലാം	29
രക്ഷിക്കും	29
സമയങ്ങളില്	29
കടലിൽ	29
സമുദ്ര	29
വ്യാഴാഴ്ച	29
അളവ്	29
അവരെയെല്ലാം	29
അവരോടൊപ്പം	29
തടയണം	29
ആൾക്കാരെ	29
പോകേണ്ടി	29
സ്വാഭാവികമായും	29
സാന്നിധ്യം	29
നീട്ടി	29
സമാധാനമായി	29
എമില്	29
ദ്വീപുകള്	29
വിക്ക്	29
നോട്ട്	29
എന്നതിനെ	29
പേടിയാവുന്നു	29
മൂടല്	29
മരുഭൂമിയില്	29
ശാപം	29
പിറന്നാള്	29
സംഭവിക്കാം	29
അവസരമാണ്	29
ഗ്വിനുകള്	29
രക്ഷിച്ചത്	29
വിശക്കുന്നുണ്ടോ	29
ഹാജര്	29
തോന്നില്ല	29
ഖാൻ	29
സംസ്കാരം	29
ഡുകള്	29
നീയെന്തിനാണ്	29
വിശദീകരണം	29
ആയല്ലോ	29
ത്തിയാല്	29
ക്കറിയോ	29
മത്സരത്തിൽ	29
കാണാനും	29
കൊല്ലാം	29
എന്നെക്കുറിച്ച്	29
വൗ	29
ദിവസങ്ങൾ	29
ക്കെന്താണ്	29
മുടിഞ്ഞ	29
ഒന്നുമില്ലല്ലോ	29
അവളുമായി	29
നക്ഷത്രം	29
തടയാൻ	29
പുത്രന്	29
ഏനെസ്റ്റ്	29
എന്താണു്	29
ചേരൂ	29
പാറ	29
തയ്യാറല്ല	29
തോന്നുന്നുണ്ട്	29
രൂപത്തില്	29
ലിംഗം	29
മനോഹരമായിരിക്കുന്നു	29
പെട്ടിയില്	29
എങ്ങിനെയാ	29
മണിക്കൂറിനുള്ളിൽ	29
good	29
മോറിസ്	29
വളരും	29
ആയില്ലേ	29
windows	29
മറ്റില്	29
പോരാടും	29
നിഹാല്	29
ണമായും	29
നിനക്കൊക്കെ	29
ട്ട്സ്	29
പട്ടിക	29
ഉറച്ച	29
മൂല്യം	29
വാട്ടര്	29
സഫർ	29
വ്വ	29
മാത്രേ	29
നിന്നിൽ	29
back	29
ഡയറക്ടർ	29
കരുതുക	29
ക്കെന്തെങ്കിലും	29
എന്നെക്കാള്	29
മാലാഖ	29
മറന്നേക്കൂ	29
എനിക്കതില്	29
ശരിയാക്കാന്	29
ചിയേഴ്സ്	29
നായക്	29
this	29
മാറണം	29
അവിടെയുള്ള	29
വച്ചാണ്	29
അവനിവിടെ	29
പോകുന്നതിന്	29
ചുംബനം	29
ഈശ്വരാ	29
നഖം	29
പോകുന്നെ	29
കൊണ്ടുപോ	29
അറിയണോ	29
ചെയര്	29
സോപ്പ്	29
അറിയില്ലല്ലോ	29
ഒരുതരം	29
നഷ്ടപ്പെട്ട	29
കളയൂ	29
യുങ്ങ്	29
കടുവ	29
പവര്	29
വീണത്	29
പരിശോധിക്കാന്	29
ചെയ്യുന്നതിന്	29
പോലൊരു	29
ഇവിടന്ന്	29
ആജ്ഞ	28
ആട്ടിന്	28
ചത്ത	28
ഓട്ടോ	28
പോകാനാവില്ല	28
ത്താവിന്	28
ഉപയോഗിച്ചാണ്	28
കണ്ണിൽ	28
നേരിടാന്	28
കണ്ടെത്ത്	28
സാധാരണയായി	28
പ്രതീക്ഷിച്ചില്ല	28
വീഞ്ഞ്	28
മരണത്തിനു	28
കോപ്പും	28
പതു	28
ഫോട്ടോസ്	28
പറ്റിയിട്ടില്ല	28
സേവ്	28
കൊന്നിട്ടില്ല	28
ഡിസൈനര്	28
പ്രാതല്	28
പട്ടീ	28
എഴുതാം	28
ലക്ഷക്കണക്കിന്	28
നീയല്ല	28
ക്രിസ്	28
ഒറ്റക്കാണ്	28
ജൂഡി	28
സന്തോഷവും	28
ഉപയോഗം	28
വല്ലപ്പോഴും	28
വലുതായി	28
ഷങ്ങളോളം	28
ഡിന്നര്	28
അവിടെയും	28
നില്ക്കാന്	28
പിടിക്കവനെ	28
പ്രകൃതിയുടെ	28
നോക്കിയപ്പോള്	28
മാരിയോൺ	28
ഓസ്	28
വയസ്സുണ്ട്	28
ഇതിനൊക്കെ	28
ചൈന	28
സത്യസന്ധമായി	28
നിറുത്തൂ	28
ലണ്ടന്	28
സമ്മതിച്ചോ	28
അന്താരാഷ്ട്ര	28
അകത്തേയ്ക്	28
ഡിയര്	28
കാലത്തേക്ക്	28
മൈരേ	28
അനുഭവിച്ചു	28
ഉപയോഗിക്കും	28
ആഗ്രഹിച്ചത്	28
നെല്	28
ബാപ്പാ	28
കയറും	28
ആശ്ചര്യം	28
തിരിയൂ	28
നിൽക്കുന്ന	28
പര്യം	28
ലിനില്	28
ഭോബാ	28
ഇടയ്ക്കിടെ	28
സിനിമക്ക്	28
താമസിക്കും	28
ഇടത്തേക്ക്	28
മനസിലാക്കണം	28
വന്നതിനു	28
വായിക്കും	28
അഭിപ്രായത്തില്	28
എഴുത്	28
യജമാനേ	28
താമസിച്ചു	28
ഗേള്	28
ഫോട്ടോകള്	28
മുമ്പുള്ള	28
വിടെടാ	28
കണ്ടപ്പോൾ	28
എത്തുമ്പോള്	28
ഭീരു	28
അതൊന്നുമല്ല	28
ഓടാൻ	28
കുറുകെ	28
മൂന്നെണ്ണം	28
കടൽ	28
പറയുമ്പോൾ	28
ചെല്ലൂ	28
സംഭവിച്ച	28
പൌണ്ട്	28
ചോദിച്ചാൽ	28
സാറാ	28
സംഭാവന	28
ഇവിടുള്ള	28
ഇരിപ്പുണ്ട്	28
പക്കൽ	28
പോവരുത്	28
വീടുകള്	28
മൃഗം	28
ചിങ്കി	28
പോകണമെന്ന്	28
ഇന്ത്യയിൽ	28
കണ്ണും	28
നീയതു	28
ആദര്	28
പോകേണ്ടതുണ്ട്	28
ജോലികള്	28
പ്രോഗ്രാം	28
ആർ	28
നിലവിളി	28
തിളങ്ങുന്ന	28
പതിനഞ്ചു	28
നിരന്തരം	28
ടോള്	28
കാക്ക	28
ഒടുവിൽ	28
സ്ട്രൈക്കാ	28
എലേന	28
ദിവസത്തിനുള്ളില്	28
കളവു	28
നുണയാണ്	28
അതിനോട്	28
താമസിയാതെ	28
മുത്തെ	28
പറയുകയാണെങ്കില്	28
പീഡനം	28
ചിരിക്കാന്	28
കത്തിച്ചു	28
ബാഗ്ഗിന്	28
ഹിരൂത്	28
മനുഷ്യകുഞ്ഞ്	28
വണ്ടിയുടെ	28
ക്കുണ്ട്	28
ഒരുപോലെ	28
വെയ്ഡ്	28
എതിരാണ്	28
നിനക്കവളെ	28
ദശലക്ഷം	28
അങ്ങേയറ്റം	28
അവനൊന്നും	28
കൊടുക്കില്ല	28
കൂടിക്കാഴ്ച	28
രഹസ്യങ്ങള്	28
തകർത്തു	28
മക്	28
മോർണിംഗ്	28
ആവാന്	28
വിളക്ക്	28
ലാറ	28
ത്തത്	28
വന്നില്ലേ	28
കഴിയുന്നത്ര	28
ജനുവരി	28
തിരിക്ക്	28
കൈകളില്	28
പ്രതീക്ഷിച്ചു	28
സാഹചര്യത്തില്	28
പഴയത്	28
ഭീകര	28
ഇവരൊക്കെ	28
ഇലകള്	28
ചൂഷണം	28
ചോളം	28
ഹം	28
ഒരുമിച്ചാണ്	28
മന്ത്രം	28
ചെയ്യുമ്പോൾ	28
മെലിസ	28
ജീവിതമാണ്	28
എണീക്കൂ	28
വല്യച്ചാ	28
yeah	28
നമുക്കാ	28
സമ്മാനമാണ്	28
കുപ്പായം	28
താരക്ക്	28
മുത്തശ്ശിയുടെ	28
ബാന്	28
നൽകുന്നു	28
അലര്	28
കാണിക്കുന്ന	28
ക്കം	28
എന്നുവച്ചാല്	28
കാത്തിരിക്കുകയായിരുന്നു	28
കുടുംബത്തിലെ	28
ടെസ്സറാക്റ്റ്	28
കണ്ടുമുട്ടിയത്	28
പേരെയും	28
മുമ്പിൽ	28
ക്രം	28
അസ്	28
ദേവ്	28
ലഭിക്കുന്നത്	28
മാറുന്നത്	28
എന്നുവെച്ചാല്	28
വിത്ത്	28
മാത്രമെ	28
അവിടന്ന്	28
സെബാസ്റ്റ്യന്	28
പട്ടണത്തില്	28
നിലയ്ക്ക്	28
നിനക്കെത്ര	28
വയ്ക്കാന്	28
ചിന്തിക്ക്	27
ഹന്നാ	27
ചേട്ടായി	27
നെര്	27
പറഞ്ഞിട്ടുണ്ടോ	27
ഇരട്ട	27
സുരക്ഷിതമല്ല	27
ലഞ്ച്	27
എന്നതായിരുന്നു	27
ശത്രുക്കളെ	27
ഊർജ്ജം	27
മരത്തിൽ	27
ലേഖനം	27
ഉയരത്തില്	27
ആരെയാ	27
കാണേണ്ട	27
താളം	27
മനസ്സിലാക്ക്	27
ലൈഫ്	27
കുഴിച്ചു	27
യുണൈറ്റഡ്	27
വസ്തുതകള്	27
മുപ്പത്	27
വെയിറ്റ്	27
മറ്റാരെങ്കിലും	27
ഉറപ്പല്ലേ	27
ബേബി	27
നിങ്ങളുടേത്	27
അടുത്തെത്തി	27
ചെയ്തിരിക്കുന്നത്	27
ഉണ്ടാക്ക്	27
അന്വേഷിക്കുകയാണ്	27
പ്രഭാതം	27
ദ്ദം	27
ചാട്	27
വിദ്യാഭ്യാസം	27
ബാങ്കില്	27
കാരണവും	27
പിന്നൊരു	27
വിചാരിക്കരുത്	27
മാന്യമായി	27
മേ	27
ഡിംഗ്	27
എന്നേക്കാള്	27
മനസിലാവും	27
വിശദമായി	27
ഭാഷയില്	27
വാതിലില്	27
മറ്റെല്ലാ	27
ഡിയ	27
കിയത്	27
ട്രെവോര്	27
സിനിമയില്	27
കഴുത്തിൽ	27
അങ്ങനെയുള്ള	27
അന്റോണിയോ	27
ഫാര്	27
പെണ്ണെ	27
ഖേദമുണ്ട്	27
മെഹ്രൊല	27
യേശു	27
പോയേനെ	27
സംബന്ധിച്ചിടത്തോളം	27
നടത്തം	27
ചെയ്യുന്നെ	27
ശ്ശ്	27
വിറ്റോ	27
എനിക്കുറപ്പില്ല	27
മില്യണ്	27
തുടങ്ങൂ	27
ഒടുക്കം	27
മണിക്കൂറുകള്	27
വെച്ച	27
വ്യൂ	27
ചെയ്യാറില്ല	27
ഫുട്ബോള്	27
ബീച്ച്	27
വനങ്ങള്	27
സ്വതന്ത്ര	27
ക്കറ്റില്	27
വിരൽ	27
നിങ്ങളെന്തു	27
കൊല്ലപ്പെട്ടത്	27
അതേസമയം	27
അധികമൊന്നും	27
രക്ഷിക്കണം	27
നിനക്കിപ്പോള്	27
എടുത്തോട്ടെ	27
ഭംഗിയുണ്ട്	27
സ്വാമി	27
എന്നാണല്ലോ	27
പാരീസ്	27
ഭംഗിയായി	27
മുട്ടുന്നു	27
ബീച്ചില്	27
റെഡിയല്ലേ	27
മക്കളേ	27
മൃഗങ്ങളെ	27
കളയാൻ	27
ജനങ്ങളോട്	27
നേടാന്	27
മനുഷ്യനായിരുന്നു	27
യോഗം	27
വൈല്	27
ഉണ്ടാകുമോ	27
പ്രധാനപെട്ട	27
ഇടി	27
ndf	27
ക്കുമറിയില്ല	27
സെക്സ്	27
ചുക്കും	27
ഒഴിഞ്ഞ	27
കനത്ത	27
വിധിക്കുന്നു	27
ഒന്നുകൂടെ	27
എനിക്കിപ്പോഴും	27
തീരുമാനങ്ങള്	27
ഗന്ധം	27
പുത്തന്	27
ജാനസ്	27
ഞങ്ങളെല്ലാവരും	27
ഗുരു	27
ക്കരുത്	27
തുടങ്ങ്	27
ചോര്	27
മാറിനിൽക്ക്	27
നാലോ	27
സമൂഹത്തില്	27
അങ്ങനെയാവട്ടെ	27
വിഗ്	27
മുന്നാ	27
വന്നാലോ	27
ഇളം	27
വന്നോളൂ	27
മരിച്ചെന്ന്	27
കൊല്ലുക	27
അത്രതന്നെ	27
ഇഷ്ടമല്ലേ	27
പെടും	27
വെറുത്തു	27
പുതിയത്	27
കാര്യമൊന്നുമില്ല	27
us	27
മാൻ	27
കാപ്പിരി	27
മിജ	27
ആമേൻ	27
ഇതൊരിക്കലും	27
കള്ളമാണ്	27
കാണാത്ത	27
ക്കാരന്	27
പറഞ്ഞതല്ല	27
ലേഡീസ്	27
ഓർമ്മകൾ	27
ഇതുതന്നെ	27
മാറ്റുന്നു	27
ട്രാക്ക്	27
way	27
എന്നറിയാം	27
പിങ്ക്	27
വോൺ	27
ഇതിനുമുമ്പ്	27
ഇന്റർനാഷണൽ	27
പെണ്ണുങ്ങളുടെ	27
ഇടത്ത്	27
ഉണ്ടാക്കിയിട്ടുണ്ട്	27
ഉമ്മീ	27
കൂടും	27
ഒരുവന്	27
വല്ലാത്തൊരു	27
കാലുകൾ	27
പറയാത്തത്	27
പറക്കും	27
തീട്ടം	27
വാൻ	27
നിങ്ങൾക്കറിയാമോ	27
കൊറേ	27
ദ്വീപിൽ	27
അറിയുന്നു	27
ജയിൽ	27
ശ്രമിക്കണം	27
ഇഷ്ട്ടമല്ല	27
ഒറ്റയ്ക്കാണോ	27
നേരത്തേക്ക്	27
ഓർമ്മ	27
തുറക്കരുത്	27
എടോ	27
ആരാണോ	27
കൂടിയേ	27
പണ്ഡിറ്റ്ജീ	27
സ്നേഹിച്ചിരുന്നു	27
യാത്രക്ക്	27
അടിക്കുന്നത്	27
ക്രിസ്തുവിന്റെ	27
ണ്ണമാണ്	27
അടയ്ക്ക്	27
ജുവാന്	27
പോലെത്തന്നെ	27
മൂപ്പര്	27
നിയന്ത്രിക്കുന്നത്	27
വാചകം	27
പറഞ്ഞിരുന്നില്ലേ	27
ഉള്ളതായി	27
ഫാസ്റ്റ്	27
നിക്കോളാസ്	27
നിങ്ങൾക്കത്	27
നന്നായറിയാം	27
മുരളി	27
എന്നെപ്പറ്റി	27
ഒരുദിവസം	27
ഗെയിം	27
നല്ലപോലെ	27
അക്രമം	27
നോക്കല്ലേ	27
ഓർമ	27
കാത്തി	27
അയച്ചിട്ടുണ്ട്	27
എപ്പഴും	27
പണമില്ല	27
എന്താന്നു	27
എന്നെയൊന്ന്	27
ആക്രമിക്കാന്	27
പഴം	27
കൂട്ടുകാരൻ	27
ഗൃഹപാഠം	27
മുന്തിയ	27
ജോലിയിൽ	27
അതന്നെ	27
എവിടെക്കാ	27
കാണാറുണ്ട്	27
വിയറ്റ്	27
ആസാദ്	27
റോള്	27
എൻ	27
ബാക്കിയില്ല	27
ചാകും	27
കൊലപാതക	27
മാറാൻ	27
പുറത്തെ	27
നീര്	27
അൽപ്പം	26
നഷ്ടമാകും	26
അയച്ച	26
വിചിത്രമാണ്	26
സമാധാന	26
ലോകി	26
പ്രൊഫസ്സർ	26
കിടന്നോ	26
വൈൻ	26
തെറ്റായിരുന്നു	26
മേധാവി	26
പറയുന്നതൊന്നും	26
റെയാണ്	26
സ്ഥലത്തിന്	26
നഷ്ട്ടപ്പെട്ടു	26
വരേണ്ട	26
കുടുംബത്തില്	26
അവനെയും	26
തപസ്സി	26
പശ്ചിമജര്	26
മ്മനിയില്	26
ആണെങ്കിലും	26
പ്രധാനമന്ത്രി	26
ചെറുത്	26
അമ്മയെയും	26
വന്നിട്ടുണ്ടോ	26
ഇവിടെയൊരു	26
ജീവിച്ചിരിപ്പുണ്ടോ	26
ബസ്സ്	26
ഇനിയെന്ത്	26
നിന്നെപ്പറ്റി	26
മാനം	26
ക്കണോ	26
അടുക്കള	26
ബ്രയാന്	26
നങ്ങള്	26
പ്രിയേ	26
തയ്യാർ	26
നാളത്തെ	26
ഇവിടെയുള്ളത്	26
കാണണ്ടേ	26
മാർക്കസ്	26
മില്ല്യന്	26
കമ്മീഷണര്	26
പ്രപഞ്ചം	26
ചെയ്യുവാ	26
ആവോ	26
ഫാല്	26
നീങ്ങുന്നു	26
എന്തുചെയ്യും	26
ആശംസിക്കുന്നു	26
മനസ്സിലാകില്ല	26
തമാശയാണ്	26
വിടുന്നത്	26
ഹെറോയിന്	26
അമേരിക്കയുടെ	26
മത്സ്യം	26
നിര	26
പ്രശ്നമൊന്നും	26
നീങ്ങൂ	26
മരണത്തിന്റെ	26
പ്രശ്നങ്ങളും	26
അങ്ങനെയൊക്കെ	26
കസേരയില്	26
നിങ്ങളല്ല	26
ഞങ്ങളാണ്	26
എഴുതിയ	26
കാര്യമായിട്ടാണോ	26
അതുശരി	26
വിശ്രമിക്ക്	26
സഹതാപം	26
ക്കറിയുമോ	26
തന്നെയാണെന്ന്	26
ഡീൽ	26
കുട്ടികൾക്ക്	26
മരണപ്പെട്ടു	26
മോഡല്	26
ഗ്രഹം	26
തടവ്	26
തത്ത്സിയാന	26
ബലാത്സംഗം	26
പഠിപ്പിക്കും	26
അവരൊരു	26
സ്ഥലമില്ല	26
റെയൊപ്പം	26
കൈമാറ്റം	26
പറ്റാതെ	26
പഠിപ്പിക്കാന്	26
ആകുന്നത്	26
പറ്റിയും	26
റെക്കോർഡ്	26
കഞ്ചാവ്	26
വിളിച്ചാൽ	26
അകലെയാണ്	26
ശേഷമാണ്	26
മൈന്	26
മരുഭൂമിയിലെ	26
എനിക്കിതു	26
ഷിബു	26
എന്നെനിക്കറിയാം	26
വേണ്ടിയും	26
കഷ്ടമായിപ്പോയി	26
അവനറിയാം	26
ഹെക്ടര്	26
രസകരമായ	26
അവസ്ഥയിൽ	26
വൈകിട്ട്	26
മ്യൂസിക്	26
ജയിക്കാൻ	26
നമുക്കീ	26
ഈശോയെ	26
ശബ്ദവും	26
മിടുക്കന്	26
അതിലൊന്നും	26
മിണ്ടാതിരിയെടാ	26
കരയുന്നു	26
കാണാനാണ്	26
വച്ചോളൂ	26
കാര്യമേ	26
ഊണ്	26
അതവന്	26
താമസിക്കുന്നു	26
ക്കറിയില്ലേ	26
കൊണ്ടുപോകാന്	26
കൊടുത്തിരുന്നു	26
നമ്മളിനി	26
അഡ്രസ്സ്	26
os	26
കിടക്കാം	26
ത്ത്ഡേ	26
കണ്ടിട്ടേയില്ല	26
കൂടുതലൊന്നും	26
out	26
തോന്നുന്നേ	26
പ്രയോജനം	26
കാര്യമാക്കേണ്ട	26
കുട്ടികളോട്	26
റെത്	26
ഇത്രെയും	26
സലസ്	26
മര്യാദ	26
പട്ടാളക്കാരന്	26
ഉറങ്ങാം	26
നിന്നത്	26
പിടിക്കുക	26
നോക്കുകയാണോ	26
ഉറങ്ങൂ	26
മരുഭൂമി	26
കുടുംബത്തിന്റെ	26
കൂട്ടാന്	26
നടത്താൻ	26
കുറ്റമാണ്	26
നമ്മളാണ്	26
മുത്തശ്ശാ	26
ഭ്രാന്തുണ്ടോ	26
നിങ്ങളവനെ	26
അറിയാലോ	26
പറ്റുമെങ്കിൽ	26
എനിക്കതറിയാം	26
അംഗീകരിക്കാന്	26
ഡോമർ	26
പടി	26
എനിക്കതിന്	26
വിളിക്കട്ടെ	26
കാര്യമാക്കുന്നില്ല	26
ഫര്	26
കഴിഞ്ഞപ്പോള്	26
സ്പെഷ്യല്	26
അവനതു	26
വിളിക്കണോ	26
അങ്ങേയ്ക്ക്	26
ഒന്നാമത്തെ	26
സംസാരിക്കുന്ന	26
ഉദ്ദേശ്യം	26
പരിപാടികള്	26
പുതിയതായി	26
ഞാനെന്തെങ്കിലും	26
ഭാവിയിൽ	26
ഒന്നാന്തരം	26
സംസാരിക്കുമോ	26
നീയിപ്പോൾ	26
വക്കീൽ	26
മാറ്റവും	26
നല്ലതിന്	26
ആയതു	26
തുലയ്	26
കല്യാണത്തിന്	26
ഗന്	26
ആൻഡ്	26
മറിച്ചു	26
പട	26
സേന	26
ചൂടുണ്ട്	26
എനിക്കറിഞ്ഞൂടാ	26
നിൽക്കുക	26
വിര്	26
അംഗീകരിക്കുന്നു	26
മണിക്കൂറില്	26
തിരയുന്നത്	26
നോക്കെടാ	26
വർഷവും	26
തീരുമാനിച്ചത്	26
വരില്ലെന്ന്	26
ഏരിയ	26
ബന്ധവുമില്ല	26
കഴുകി	26
സിന്റെ	26
പറഞ്ഞതൊക്കെ	26
കാര്യമാക്കണ്ട	26
നിഴല്	26
വേണമെന്നില്ല	26
എനിക്കറിയാവുന്ന	26
മ്യുൺ	26
റിച്ച്	26
സംസാരിച്ചിട്ടില്ല	26
കാണുമെന്ന്	26
അടുക്കളയിൽ	26
പേടിക്കാനൊന്നുമില്ല	26
നേരെത്തെ	26
ശ്രദ്ധിക്കു	26
ആയിട്ടുണ്ട്	26
വരം	26
പുസ്തകങ്ങൾ	26
എന്ത്കൊണ്ട്	26
രാത്രിയാണ്	26
ത്ഥന	26
ഇന്ത്യയില്	26
എനിക്കാണ്	26
അടിയിൽ	26
എത്തിക്കാം	26
സ്നേഹിക്കുന്ന	26
രണ്ടുപേരെയും	25
സംഭവിച്ചാൽ	25
ഉഗ്രന്	25
മിഷേൽ	25
ഡംബെൽഡോർ	25
മാലിക്	25
സംസാരിക്കണമെന്ന്	25
രാജകുമാരൻ	25
മുഖംമൂടി	25
എത്തിയാല്	25
പ്രായമായി	25
ആത്മാവിന്	25
കയര്	25
കരച്ചിൽ	25
മോശപ്പെട്ട	25
വിട്ടിട്ട്	25
അവിടെയുണ്ടോ	25
രാജ്യത്തിനു	25
അറിയാമെന്ന്	25
ഇന്നാണ്	25
അവിടെന്ന്	25
പൊക്ക്	25
നിന്നോടും	25
അങ്ങേരെ	25
നില്ക്ക്	25
ക്കുമെന്ന്	25
കെട്ടിടത്തിന്	25
നടക്കുക	25
പരസ്യമായി	25
പദ്ധതികള്	25
കുന്ന	25
പുള്ളിക്ക്	25
ടൌണില്	25
കുട്ടികളാണ്	25
പൂട്ടി	25
കൊച്ച്	25
വിജയിക്കും	25
ദുഫ്രൈന്	25
ബോസ്റ്റണ്	25
ഓർമയുണ്ട്	25
പത്രത്തിൽ	25
അച്ഛനാണ്	25
കഴുത	25
ക്കുന്നോ	25
ഗ്രെഗ്	25
തടാകം	25
നോക്കുകയായിരുന്നു	25
നിന്നുമാണ്	25
അതുമായി	25
പോവുകയായിരുന്നു	25
വായിക്കാം	25
ജനനം	25
ഫെന്	25
ലെക്ടര്	25
അകന്നു	25
യാചിക്കുകയാണ്	25
കാണിക്കുന്നേ	25
my	25
നീയെവിടെയാണ്	25
നെഞ്ചില്	25
ലളിതമായ	25
ഓരോരോ	25
ഷോക്ക്	25
നല്ലതല്ലേ	25
ഞാനെന്തിന്	25
വരാത്തത്	25
മുട്ട്	25
ഗീതയുടെ	25
മ്മാണം	25
എല്ലാത്തിലും	25
ഇക്കാലത്ത്	25
പിടിക്കാനുള്ള	25
കാമുകി	25
കെയ്സര്	25
വരുത്തി	25
ചെറുപ്പത്തില്	25
രാജാവിനെ	25
എനിക്കെന്തു	25
പോലീസിന്റെ	25
ഇവടെ	25
രത്നം	25
യിലെ	25
ധരിച്ച്	25
ഇരിക്കുകയാണ്	25
സ്ത്രീക്ക്	25
ആരൊക്കെ	25
സീരിയല്	25
ആഗ്രഹിച്ചിരുന്നു	25
നിറച്ചു	25
കമ്പ്യൂട്ടർ	25
ഇറങ്ങും	25
കോസ്റ്റാ	25
വരി	25
തോന്നുന്ന	25
അതവളുടെ	25
അടക്ക്	25
പുറകിലേക്ക്	25
ആളുകളോട്	25
പ്ളീസ്	25
ഫാദർ	25
അത്രേം	25
ആയിരുന്നെങ്കിൽ	25
പൊട്ടിച്ചു	25
ജൂതാ	25
ഭർത്താവിന്റെ	25
തൊടാന്	25
കിട്ടാതെ	25
നോക്കിയാലും	25
നോക്കിക്കോളൂ	25
കമ്പ്യൂട്ടര്	25
പറഞ്ഞാ	25
നോം	25
തൂക്കി	25
ഇല്ലാതാക്കും	25
വയ്ക്കുക	25
പ്രവചനം	25
പറയില്ലേ	25
ചേട്ടൻ	25
വേണ്ടിയിരുന്നത്	25
കണ്ടിട്ടില്ലാത്ത	25
കാരെ	25
മരവിച്ചു	25
ആശംസകള്	25
മിഷന്	25
മരണത്തിലേക്ക്	25
വളരാന്	25
ഞാനെല്ലാം	25
സ്ഥലത്താണ്	25
വയ്ക്കും	25
ജീവിതത്തിലേക്ക്	25
ആയാല്	25
കൂള്	25
യോംഗോ	25
അന്നു	25
റെയോ	25
ഹോട്ടലിലേക്ക്	25
നാലാമത്തെ	25
പേപ്പർ	25
കാലിഫോര്	25
പറ്റിയില്ലല്ലോ	25
ത്തുന്നത്	25
ചിറകുകള്	25
ദൈവങ്ങള്	25
ആവശ്യങ്ങള്	25
അവളെവിടെ	25
എപ്പോളാണ്	25
അഭിമാനിക്കുന്നു	25
അവനില്	25
ഇക്കാര്യത്തില്	25
ചെയ്യുന്നുണ്ടോ	25
ചെയ്യുമായിരുന്നു	25
താത്പര്യമില്ല	25
നിങ്ങളെന്റെ	25
ഒരക്ഷരം	25
നിങ്ങളാരാ	25
സ്വീകരിച്ചു	25
കാരണങ്ങള്	25
മെക്സിക്കന്	25
ഹിക്കുന്നു	25
കിടക്കണം	25
സഹായിക്കുക	25
നീയവിടെ	25
ഉള്ളതെന്ന്	25
ളീ	25
മരിക്കുന്നതിനു	25
എവിടെക്കാണ്	25
എവിടേക്കാണ്	25
അവകാശങ്ങള്	25
നിന്നു്	25
കിലോമീറ്റർ	25
സ്ത്രീയും	25
ശരീരവും	25
മനപ്പൂര്	25
പ്രോസിക്യൂഷന്	25
മരത്തിന്	25
കാണുകയാണ്	25
ഉടുപ്പ്	25
ആൺകുട്ടി	25
പറയാതിരുന്നത്	25
ഭയപ്പെടുന്നു	25
വഴികൾ	25
ശരിയായില്ല	25
എന്നിവ	25
ക്ക	25
നശിപ്പിക്കാൻ	25
എനിക്കറിയില്ലാ	25
കണ്ടെത്തിയിരിക്കുന്നു	25
തൊഴിൽ	25
ഒറ്റയടിക്ക്	25
ഫയൽ	25
ഭൂതം	25
അങ്ങനെയാ	25
റിപോര്	25
പ്രദേശത്തെ	25
ആഭ്യന്തര	25
ദിയോ	25
സുഹ്	25
സ്നേപ്പ്	25
ത്തുക	25
നീഗ്രോ	25
അടുക്കളയില്	25
യുദ്ധത്തിന്റെ	25
അതുകൊണ്ട്	25
എന്റേതാണ്	25
ഫുവദ്	25
ഇതിനകം	25
പ്രയാസം	25
കിട്ടുന്നുണ്ട്	25
പേരിലാണ്	25
ഉണ്ടായിരുന്നല്ലോ	25
കളിക്കുന്നു	25
അദേഹം	25
കരുതുന്ന	25
ഷങ്ങളില്	25
പൊക്കി	25
അവളെന്റെ	25
തിരിച്ചറിയാൻ	25
യൂണിയന്	25
എഴുതാൻ	25
ഇന്നലത്തെ	25
ആദ്യത്തേത്	25
ഓക്സിജന്	25
ഈവാ	25
എഴുതണം	25
ഭാഗ്യമുണ്ട്	25
ശത്രുവിന്	25
ഉറപ്പുണ്ടോ	25
മാമ	25
പോവാണ്	25
വ്യാജ	25
കഴുത്തിന്	25
ചെറുപ്പക്കാരന്	25
കൊല്ലപ്പെട്ട	25
ഭാഗവും	25
യസ്സ്	25
കൂട്ടുകാരനെ	25
എല്ലാദിവസവും	25
ചെയ്തേനെ	25
നിരപരാധിയാണ്	25
തുറക്കും	25
സഹായത്തോടെ	25
അറിയിക്കുന്നു	25
നിലവിലുള്ള	25
വിശ്വസിക്കാം	25
തുടരട്ടെ	25
എല്ലാരേയും	25
സംസാരിക്കണ്ട	25
ഉറങ്ങിയോ	25
ച്ചര്	25
ലതിക	25
നമ്മോട്	25
അതിനകത്ത്	25
ട്രിപ്പ്	25
വിശപ്പില്ല	25
ഉപദ്രവിക്കില്ല	25
ചോദിക്കുകയാണ്	24
പ്രസ്താവന	24
നിറച്ച്	24
പുതുതായി	24
സമയ	24
വോ	24
ഇതുവരെയും	24
അടക്കാന്	24
വൈകിയത്	24
വില്ലീ	24
ജീവിച്ചത്	24
എനിക്കെന്തെങ്കിലും	24
താത്പര്യം	24
നിർത്താം	24
ഒളിഞ്ഞു	24
അവരെല്ലാവരും	24
വിഡ്ഢികള്	24
ആസൂത്രണം	24
ജനതയുടെ	24
എത്താറായി	24
ഒത്തുതീര്	24
എനിക്കറിഞ്ഞു	24
നിശബ്ദത	24
നിന്നെക്കാള്	24
വാങ്ങുന്നത്	24
വിവിധ	24
സംഭവിക്കുന്നു	24
പിറന്ന	24
അവനാ	24
നിയമത്തിന്	24
ഴാന്	24
ജനിച്ച	24
അല്ലിസണ്	24
സ്വിച്ച്	24
ഞാനാണോ	24
നിനക്കുവേണ്ടി	24
നീയെനിക്ക്	24
കഴിച്ചോളൂ	24
സംഭവിച്ചില്ല	24
രസമായിരിക്കും	24
ക്രൈം	24
ഭൂമിയിൽ	24
വാങ്ങിച്ചു	24
ഞാനുണ്ട്	24
നിയമപരമായി	24
ചരക്ക്	24
ചീസ്	24
പിന്തുടരൂ	24
അദ്ധ്യായം	24
ക്കല്	24
അറിയാമായിരുന്നോ	24
അരി	24
റിക്കി	24
ഞാനറിഞ്ഞു	24
നടാഷ	24
സാങ്കേതികമായി	24
നിങ്ങളെക്കുറിച്ച്	24
കരീം	24
സ്പീഡ്	24
പറയണേ	24
അവിടെയുണ്ടായിരുന്നു	24
ചെയാന്	24
ആകുന്നു	24
അഖില്ലിസ്	24
ഭിണിയാണ്	24
കിട്ടിയിരുന്നു	24
അവളത്	24
താരതമ്യം	24
ലാഡിസ്	24
കരുതിയിരുന്നത്	24
ഫോം	24
സെപ്റ്റംബര്	24
കളയുന്നത്	24
അതെപ്പോഴും	24
പ്രായമുള്ള	24
വഴിയെ	24
ഉരുളക്കിഴങ്ങ്	24
കിളവാ	24
ഉണ്ടാകാന്	24
പോരട്ടെ	24
നമ്മളിപ്പോൾ	24
ഇതെന്നെ	24
എടുക്കില്ല	24
രക്ഷിതാക്കള്	24
ഹൈങ്കൽ	24
ഉറങ്ങുന്നത്	24
നോക്കുന്ന	24
മറന്ന്	24
അപ്	24
കാട്ടിലെ	24
ധൃതി	24
വിചാരിക്കുന്നില്ല	24
ഹുസ്സൈന്	24
മാർച്ച്	24
തുടരുക	24
ഉള്ളോ	24
ഗണന	24
അതിന്റേതായ	24
ഇവൾക്ക്	24
പു	24
കാട്ടി	24
ചോദിച്ചോ	24
കിട്ടിപ്പോയ്	24
അവളു	24
അന്തരീക്ഷം	24
ഇവിടെയെത്തി	24
ഒരണ്ണം	24
കുഴിബോംബ്	24
ആലോചിക്കട്ടെ	24
ഉപയോഗിച്ച	24
പൊട്ടിത്തെറിക്കും	24
വിവാഹത്തിന്	24
എനിക്കെന്ത്	24
പരീക്ഷണം	24
ബാഡ്ജ്	24
ഞാനവരോട്	24
എത്തിയിട്ടില്ല	24
പ്രവൃത്തി	24
പൗണ്ട്	24
തുറക്കുന്നു	24
ഡിനെ	24
പെണ്ണും	24
അടിക്കും	24
തടസ്സം	24
ഞാനെത്തി	24
ധരിച്ചു	24
തോന്നല്	24
നിങ്ങളോടു	24
വിരലടയാളം	24
ഇഞ്ച്	24
ശ്രമിച്ച്	24
ഇവനാണ്	24
അകത്തുണ്ട്	24
പെങ്ങളെ	24
ഭയക്കുന്നു	24
പേടിയാകുന്നു	24
സ്വെൻ	24
തരു	24
റെയ്ഡ്	24
കൊല്ലാതെ	24
ഓള്	24
കടമ	24
ഒന്നുംതന്നെ	24
ഞങ്ങൾക്കറിയാം	24
വീട്ടിലാണ്	24
സെക്കൻഡ്	24
തിരക്കഥ	24
ശസ്ത്രക്രിയ	24
കേന്ദ്രം	24
സഹിക്കാൻ	24
സ്കൂളിലെ	24
മിഷേല്	24
ഭ്രാന്താണോ	24
മിറ്റ്	24
ഒന്നായി	24
രാത്രിയുടെ	24
ടേക്ക്	24
ക്കിന്	24
സൊസൈറ്റി	24
കണ്ടാലും	24
പുറത്തേക്കുള്ള	24
ചെയ്തെന്ന്	24
റഫറി	24
പോകാനാണ്	24
സംബന്ധിച്ച	24
ബഗീര	24
പപ്പയുടെ	24
ശരിയാക്കും	24
പറ്റുന്നുണ്ട്	24
സംസാരിക്കാമോ	24
ഇതാണു	24
പരാജയപ്പെട്ടു	24
സ്റ്റോറി	24
രാഷ്ട്രീയം	24
ക്കവിടെ	24
ബാപ്പു	24
എന്തെല്ലാം	24
അഭിമാനമുണ്ട്	24
സ്വപ്നത്തിൽ	24
ബഹുമാനപ്പെട്ട	24
ക്രിസ്തു	24
ഒറെസ്തിസ്	24
നെറ്റ്	24
ഹംസ	24
ഒത്തു	24
ത്തിക്കുന്നത്	24
ഇപ്പ്രാവശ്യം	24
ജനലിലൂടെ	24
ജ്ജിയന്	24
വേണ്ടിയായിരുന്നു	24
നിന്നെക്കൊണ്ട്	24
വിളിച്ചിട്ട്	24
വച്ചത്	24
ചോദിച്ച്	24
വാശി	24
സംഘടന	24
സഭയുടെ	24
ഹെന്	24
കുടിക്കുന്നത്	24
ത്തനങ്ങള്	24
നല്ലവനാണ്	24
പരിശോധിക്കൂ	24
ഓകേ	24
ഷ്	24
ശ്രമിച്ചിരുന്നു	24
വെസ്റ്റ്	24
കാരറ്റ്	24
എടുത്തോളാം	24
നിങ്ങളെന്നോട്	24
തലവേദന	24
തകർന്നു	24
ഒന്നേ	24
ഉച്ച	24
അതെനിക്കറിയില്ല	24
ജഗ്ഗു	24
കാറ്റിൽ	24
വാട്ട്നി	24
ഇവിടെയുണ്ടോ	24
ഞാനുമായി	24
കടമയാണ്	24
പോരാടുന്നത്	24
ജ്യൂസ്	24
ടോട്ടോ	24
രണ്ടാമത്	24
ഉയർന്ന	24
തയ്യാറാക്കി	24
മനസിലാക്കുന്നു	24
റഹ്മാന്	24
മാറാം	24
ജീവന്റെ	24
വിചിത്ര	24
പണത്തിന്	24
റിഗാന്	24
ഇന്നിവിടെ	24
സാധനങ്ങളും	24
ബിയർ	24
ഇരുന്നോളൂ	24
അഞ്ചാം	24
ഇഷ്ടപ്പെടുന്നില്ല	24
കുറേക്കൂടി	24
സേഫ്	24
അതുകഴിഞ്ഞ്	24
എയ്	24
മറ്റൊരാളെ	24
താമസിക്കാം	24
രേഖകളും	24
മണ്ണിൽ	24
പറഞ്ഞിരിക്കുന്നത്	24
പിന്നിലെ	24
സുരക്ഷിതരാണ്	24
കളിയാക്കുകയാണോ	24
ഇഷ്ടപ്പെട്ടോ	24
മുതലാളി	24
പറയുകയായിരുന്നു	24
വായിൽ	24
ok	23
ഇത്രക്ക്	23
ലേഡി	23
കളിക്കും	23
ജെപ്പ്	23
വന്നതിൽ	23
സംഭവിക്കുന്നതെന്ന്	23
വൃത്തിയായി	23
വരുമ്പോ	23
ഞങ്ങളൊരു	23
തിരിച്ചെത്തും	23
പോവല്ലേ	23
പോണു	23
സു	23
ആയാൽ	23
രക്ഷ	23
ചെയ്യുന്നോ	23
അഞ്ചോ	23
സുഖമില്ലേ	23
പാമ്പിനെ	23
തോന്നിയ	23
കണ്ടെത്തൂ	23
ജൂതന്	23
നടി	23
വരുത്തും	23
റെയൊക്കെ	23
ആത്മവിശ്വാസം	23
കിലോമീറ്റര്	23
വാറണ്ട്	23
ഇട്ടത്	23
തളർന്നു	23
എടുത്താൽ	23
ഇവയെ	23
കൊല്ലൂ	23
മേമർ	23
ഇഷ്ടമാണെന്ന്	23
വേണ്ടയോ	23
പന്നികള്	23
ഇൻ	23
ബെസ്റ്റ്	23
കയറ്റ്	23
സുരക്ഷിതനാണ്	23
ഉപേക്ഷിച്ചത്	23
അതാരാണ്	23
തോന്നൽ	23
മാന്യമായ	23
ആസ്വദിക്കൂ	23
തിരക്കുണ്ട്	23
സ്ഥലത്തു	23
മത്സ്യങ്ങള്	23
ജാക്ക്സണ്	23
ഇരുട്ടിൽ	23
അക്ഷരങ്ങള്	23
വയസ്സന്	23
അയക്കൂ	23
മകളാണ്	23
സ്വർണ്ണം	23
നിക്കൂ	23
സമയത്തിന്	23
എക്കാലവും	23
തൂങ്ങി	23
കോണി	23
വീഴ്ത്തുക	23
അതിപ്പോള്	23
ആകെയുള്ള	23
യേ	23
തന്നതാ	23
അവരെന്	23
വെളിയിൽ	23
സ്വീകരിക്കുന്നു	23
എന്റ	23
നടത്തുകയാണ്	23
മനസ്സിലായത്	23
ഒണോദി	23
ഞങ്ങളു	23
വരുന്നേ	23
ആയിരക്കണക്കിനു	23
തിന്നാം	23
മറ്റാരും	23
കൊള്ളാമായിരുന്നു	23
അച്ഛനെയും	23
ഉയരമുള്ള	23
ഇവരെല്ലാം	23
കയർ	23
ശാന്തരാവൂ	23
ശൈത്യകാലം	23
അവരാ	23
തനി	23
ഓരോന്നും	23
വടക്കോട്ട്	23
നിനക്കിനി	23
ചാങ്ങ്	23
തേന്	23
ഓർക്കാൻ	23
കാണാതായി	23
സഹ്റ	23
മാഡി	23
ശരീര	23
അടങ്ങി	23
ബഹുമാനിക്കുന്നു	23
നമുക്കവനെ	23
സമാധാനത്തോടെ	23
മാത്രമേയുള്ളു	23
കാവൽ	23
പ്രവർത്തനം	23
അവരൊന്നും	23
ദിവസങ്ങളിൽ	23
ഇനം	23
മറ്റാര്	23
എന്റെയും	23
അവളില്	23
ഉപയോഗിക്കണം	23
പുറപ്പെട്ടു	23
ശരിയായിരിക്കും	23
സംസാരിക്കേണ്ട	23
ഭ്രാന്തൻ	23
താടാ	23
കടക്കൂ	23
ചെയ്യാമെന്ന്	23
ഗൂ	23
മാറില്ല	23
നായെ	23
നാമത്തിൽ	23
വിഡ്ഢിയാണ്	23
പിയാനോ	23
കൊണ്ടുവന്ന	23
കൊലയാളിയെ	23
വ്യത്യസ്തമാണ്	23
കാര്യങ്ങളുണ്ട്	23
വയസ്	23
പോകയാണ്	23
റബ്ബര്	23
കാര്യമായ	23
സത്യമോ	23
അറിയിക്കാം	23
മുക്താര്	23
ചെയ്യാനോ	23
സുഹൃത്തുക്കളേ	23
ജീവനും	23
ഗുരുതരമായ	23
ഈവനിങ്ങ്	23
ഹൗസ്	23
റ്റ്സ്	23
ത്തം	23
റെഡിയാണ്	23
തെരുവിലെ	23
ആളുകളാണ്	23
ചിന്തിക്കണം	23
കൊണ്ടിരുന്നു	23
വാങ്ങൂ	23
ഷ്യര്	23
റുഡോള്	23
സംശയവുമില്ല	23
ചിന്തിച്ചത്	23
നടപടി	23
ഇമ്മാതിരി	23
ഉണ്ടായിരുന്നെങ്കിൽ	23
എയ്ഞ്ചൽ	23
പണത്തിന്റെ	23
പിറകോട്ടു	23
കമാണ്ടൻറ്റ്	23
കൊണ്ടേ	23
സിബിഐ	23
സ്ഥലത്തെ	23
മാരും	23
ഇരുന്നത്	23
കൊടുത്താൽ	23
ഉദ്ദേശിക്കുന്നില്ല	23
അയക്കാന്	23
ക്കിടയിലൂടെ	23
കാണണമായിരുന്നു	23
എയ്റിസ്	23
തുടങ്ങുന്ന	23
നടപടികള്	23
ഗുഹാമുഖത്ത്	23
മെയില്	23
കുറ്റവാളികള്	23
ദുസ്വപ്നം	23
മാറെടാ	23
കിട്ടൂ	23
ഇത്തരത്തിലുള്ള	23
കഷ്ടപ്പെട്ട്	23
പരിശോധിക്കണം	23
എന്തെന്കിലും	23
ശ്രീധർ	23
ക്കുള്ളതാണ്	23
വോട്ടു	23
ഒക്ടോബര്	23
തടിച്ച	23
കഴിഞ്ഞില്ലേ	23
കൂട്ടുകാരി	23
കരുതുന്നോ	23
അതോടൊപ്പം	23
മോഷ്ടിക്കാന്	23
ഡെപ്യൂട്ടി	23
കൂട്ടുകാരേ	23
ഡോനോവന്	23
ഹൊഗ്	23
കത്തുകൾ	23
കിംഗ്	23
ഭക്ഷണ	23
ഭാര്യയോട്	23
വിശ്വാസമാണ്	23
ചെയ്യണമെന്നു	23
ഇല്ലാതാക്കാന്	23
തോട്ടം	23
ഉറങ്ങും	23
ഞങ്ങളില്	23
സുഖി	23
ആന	23
സ്വീകരിക്കും	23
നിനക്കറിയാല്ലോ	23
ഉത്തരവാദി	23
ചൂച്ചാ	23
ചെയ്യുകയാ	23
ഡെലിവറി	23
പറയുന്നതിന്	23
ഉപയോഗിച്ചത്	23
ബുദ്ധിമുട്ടുള്ള	23
what	23
കേസുകള്	23
എന്തുകൊണ്ടാണെന്ന്	23
not	23
we	23
ലീഡര്	23
with	23
നിയമപരമായ	23
ആഗോള	23
ഇടയ്ക്ക്	23
പര്യമില്ല	23
തനിച്ചാണ്	23
തീറ്റ	23
ശാന്തമായ	23
മുത്തശ്ശീ	23
ദൂതന്	23
കന്ട്രോള്	23
സഹോദരീ	23
ബിഷപ്പ്	23
ഇതായിരുന്നു	23
ഉപേക്ഷിച്ച്	23
ഇതെന്തിനാ	23
തന്നെയായിരിക്കും	23
എന്നോടും	23
എന്തിനും	23
എപ്പോഴാണോ	23
പന്നീ	23
സാധ്യതയില്ല	23
വിദേശത്ത്	23
എനിക്കുള്ള	23
തന്നിട്ട്	23
തവണയും	23
തരിക	23
യോര്	23
ഇടാം	23
ചിന്തിക്കൂ	23
സിങ്ങ്	23
അവനെന്താണ്	23
ഇറങ്ങാന്	23
കിടക്കയില്	23
അസൂയ	23
ലൈബ്രറി	23
തന്നെയായാലും	23
റോജേഴ്സ്	23
കാട്ടിലേക്ക്	23
ഡിപ്പാര്	23
നില്ല്	23
വന്നില്ലെങ്കില്	23
രഹസ്യങ്ങൾ	23
കാര്യമല്ലേ	23
രസമുള്ള	23
നടത്തിയിട്ടുണ്ട്	23
വതം	23
എത്തിയല്ലോ	23
സോണി	23
കഷണം	23
ആയിരിക്കുമെന്ന്	23
ആശുപത്രിയിലേക്ക്	23
ബാക്കിയുള്ളൂ	23
മുറികള്	23
കര	23
വാക്കാണ്	23
നമുക്കെല്ലാവര്	23
നാറിയ	23
സിറ്റിയില്	23
വന്നെ	23
തെളിവും	23
എഡ്വാര്	23
പിരിച്ചു	23
നിൽക്കുകയാണ്	23
വജ്രം	23
ചങ്ങാതിമാരെ	23
ബ്രോ	23
തടവുകാരെ	23
തുടരുകയാണ്	23
പറയുന്നോ	23
സാധനമാണ്	23
ഭയാനകമായ	23
പേടിയുണ്ടോ	23
ഉറങ്ങണം	23
കഴിയില്ലല്ലോ	23
പുറകോട്ടു	23
വിഭവങ്ങള്	23
നിന്നെയാണ്	23
അനുവദിക്കും	23
പരിധി	23
വെക്കല്ലേ	23
കമ്മ്യൂണിസ്റ്റ്	23
അടിസ്ഥാനപരമായി	23
മ്മിക്കാന്	23
എനിക്കവിടെ	23
ഇഷ്ടപ്പെടുന്ന	23
ഒരിക്കലെങ്കിലും	22
അവനെന്	22
അങ്ങിനെയെങ്കില്	22
പതിനഞ്ച്	22
ഗുലാബ്	22
പൊട്ടിത്തെറി	22
അണ്ണാ	22
കാര്യമൊന്നുമല്ല	22
രണ്ടാള്	22
സൈകിള്	22
ജലത്തില്	22
അടുത്തുണ്ട്	22
പറ്റിച്ചു	22
കാഴ്ച്ച	22
വഴിയേ	22
തീർക്കാൻ	22
തമ്പുരാനേ	22
റം	22
കൊടുത്തിട്ട്	22
മാത്രമുള്ള	22
ലോകത്തിനു	22
വച്ചിട്ട്	22
നീയില്ലാതെ	22
വേണ്ടിയോ	22
പ്രതിരോധം	22
അയക്കാം	22
ചില്	22
ലണ്ടനിൽ	22
ഫാം	22
ഓടിക്കും	22
ശ്വാസമെടുക്ക്	22
ജൂണ്	22
പോക്കറ്റ്	22
കാലും	22
മില്ല്യൺ	22
പത്രങ്ങള്	22
പറയേണ്ടി	22
ആറുമാസം	22
നിന്നുകൊണ്ട്	22
ജാഗ്രത	22
വാൾട്ടർ	22
ദാരിദ്ര്യം	22
കൃത്യ	22
ആഫ്റ്റര്	22
മനസ്സിലാവുന്നുണ്ടോ	22
വരികയായിരുന്നു	22
ദാഹിക്കുന്നു	22
അതെന്ത്	22
ഷത്തേക്ക്	22
പുറത്താക്കും	22
അദ്ദേഹമാണ്	22
ശുഭയാത്ര	22
ചിത്രകാരന്	22
മ്മനി	22
സംശയമില്ല	22
തുറക്കാം	22
എന്തിനെക്കുറിച്ചാണ്	22
റിച്ചി	22
ചേർത്ത്	22
പഴങ്ങള്	22
സമ്മതമാണോ	22
അവളെയും	22
connie	22
അവരെവിടെ	22
പട്ടികള്	22
ഇഷ്ടപ്പെടുന്നത്	22
വിശ്വസിക്കാനാവുന്നില്ല	22
കതക്	22
മിടുക്കനാണ്	22
ചിന്തിക്കാൻ	22
കുഴപ്പങ്ങള്	22
ശാസ്ത്രം	22
ഇബ്രാഹിം	22
തുടങ്ങുകയായിരുന്നു	22
യഥാർഥ	22
ശരിക്കുമൊരു	22
നിയമങ്ങളും	22
ഉപയോഗിക്കുക	22
ആരോപണം	22
ഉപകരണങ്ങള്	22
ഒറ്റയ്ക്കു	22
മാസങ്ങളോളം	22
വിശ്വസിക്കാനേ	22
ബാക്കിയുള്ളവര്	22
അഭിനയം	22
ഷേർ	22
ഗ്രൂട്ട്	22
അറിയില്ലാ	22
സ്പോട്ട്	22
ഇതു്	22
സംഭവിച്ചിട്ടുണ്ട്	22
അങ്ങനെയൊന്നുമില്ല	22
വല്ലതുമുണ്ടോ	22
അത്ഭുതമാണ്	22
പൂവ്	22
ഒരടി	22
വെടിയൊച്ച	22
റെയൊരു	22
ഫൈനൽ	22
സാക്ഷിയെ	22
വാസുദേവ്	22
ശക്തനായ	22
യാത്രയില്	22
കുത്ത്	22
മുകള്	22
നേട്ടം	22
കിയ	22
ഹരേ	22
എന്നറിയാന്	22
നീന്തല്	22
വേദനിപ്പിച്ചു	22
ബ്ലേക്ക്	22
പിതാവിനെ	22
മാ	22
നഗരങ്ങള്	22
ശുദ്ധമായ	22
കാര്യമായിട്ട്	22
ഇറക്കി	22
ട്രിനിറ്റി	22
ആൾക്കാർ	22
പറയുകയല്ല	22
പറ്റിയുള്ള	22
തോന്നുന്നല്ലോ	22
ശ്രദ്ധയോടെ	22
സീറ്റില്	22
വിജയിച്ചിരിക്കുന്നു	22
ജോലിയുടെ	22
നാളുകള്	22
ഭാവിയില്	22
തിരക്കി	22
ടെന്നീസ്	22
അവളോടൊപ്പം	22
യൂണിറ്റ്	22
ഫെര്	22
പറഞ്ഞപ്പോള്	22
ട്സ്	22
ജയിക്കാന്	22
പാക്കറ്റ്	22
അങ്ങനെത്തന്നെ	22
അരികില്	22
സംശയമാണ്	22
തണുത്തു	22
കാളി	22
കൂപര്	22
മനസ്സിലാക്കും	22
പട്ടാളക്കാരനെ	22
തന്നോ	22
സ്നേഹവും	22
പഠിക്കുന്നു	22
ആത്മഹത്യാ	22
ഇരകള്	22
പാടുകള്	22
ഗോവിന്ദ	22
ഇവിടെയൊക്കെ	22
ബാബ	22
സിലെ	22
സമൂഹത്തിന്	22
ലോര്	22
ശ്രദ്ധിയ്ക്ക്	22
ക്കേണ്ട	22
വണ്ണം	22
ഉണ്ടായിരിക്കണം	22
വരുന്നതെന്ന്	22
വേണേല്	22
ഗജാനന്	22
പോക്കറ്റിൽ	22
ചിഹ്നം	22
ഹാളില്	22
എലിയെ	22
പകലും	22
ഗ്രീക്ക്	22
സ്വാധീനം	22
തയ്യാറാകൂ	22
ഉറപ്പുള്ള	22
അപകടത്തിൽ	22
ചെയ്യാ	22
മാസത്തില്	22
അയക്കും	22
നഷ്ടപ്പെടും	22
കിടപ്പ്	22
ക്യാമ്പില്	22
മരണത്തില്	22
കവി	22
ഒറ്റെര്	22
ജയിക്കണം	22
നേരിട്ടു	22
എണീറ്റ്	22
പ്ലേഗ്	22
ഇട്ടിട്ട്	22
മരിച്ചവര്	22
ചിക്കൻ	22
നാവ്	22
ജനത	22
പ്രശനം	22
സംരക്ഷിക്കണം	22
ബല്	22
ചെയ്തതിനു	22
ഹെൻറി	22
ശ്രമിക്കുക	22
സാധ്യമാണ്	22
മിക്കപ്പോഴും	22
തയ്യാറായോ	22
പിടിച്ചിട്ടുണ്ട്	22
കൂറ്	22
ആരാണീ	22
ആരോട്	22
സായാഹ്നം	22
കയറണം	22
കാറ്റഗറിയില്	22
ണമായ	22
ഇന്നേവരെ	22
വരുത്തണം	22
ക്ഷമിക്കണേ	22
ലെനാര്	22
ഞാനിങ്ങനെ	22
ജനല്	22
പണയം	22
കരയാന്	22
സാംസ്കാരിക	22
നീയൊന്ന്	22
താഴ്ന്ന	22
മാത്രമാണു	22
അവാര്	22
സ്വത്ത്	22
ത്തയുണ്ട്	22
അതിവേഗം	22
ഓട്ടം	22
നവംബര്	22
ഇവർക്ക്	22
ചായം	22
കഴിവുകള്	22
വെടിവച്ചു	22
അപരാധി	22
കൂട്ടിക്കൊണ്ടു	22
ചെയ്തതിന്	22
തുടങ്ങുകയാണ്	22
ഞാനതിനെ	22
പറയാനും	22
കേസിന്	22
താഴ്ത്തി	22
കേട്ടാൽ	22
തെറ്റിപ്പോയി	22
നിന്നാൽ	22
പലതവണ	22
കോളേജില്	22
അലെക്സ്	22
താനെന്താ	22
ആരാണെന്നു	22
കേൾക്കും	22
ഓടും	22
എന്തിനാടാ	22
കിട്ടിയല്ലോ	22
ഹാൻ	22
ചെയ്യാത്ത	22
ത്തുന്ന	22
ശരിയാക്കണം	22
നിമിഷത്തേക്ക്	22
വാതിലിനു	22
ക്രൂരമായ	22
പണത്തിനു	22
ആരോണ്	22
ഫ്ലയൂരി	22
സൂപ്പർ	22
കിടക്കയിൽ	22
ആരാടാ	22
കേട്ടൂ	22
സംസാരിക്കുമ്പോള്	22
നീയാകെ	22
ഓർക്കുന്നു	22
ലൈൻ	22
ഇസ്സി	22
കമിന്	22
പറ്റാത്തത്	22
അയക്കണം	22
കഴിഞ്ഞിരുന്നു	22
കാണണ്ട	22
ടൈപ്പുകള്	22
ഡേറ്റ്	22
റിമോട്ട്	22
മറഞ്ഞു	22
വെച്ചിട്ട്	22
എഴുന്നേൽക്കൂ	22
ബാഗില്	22
മണ്ടത്തരമാണ്	22
കറുമ്പന്	22
യിലേക്ക്	22
ഇന്ദു	22
ഇങ്ങനെയൊന്നും	22
സർക്യൂട്ട്	22
ഖാലിദ്	22
കണക്കു	22
എടുക്കുന്ന	22
കഴിക്കു	22
അപകടകാരിയാണ്	22
വളരുന്ന	22
ഷർട്ട്	22
ശരീരത്തിൽ	22
മണിക്കൂറും	22
ബാഗിൽ	22
മച്ചാനെ	22
നിങ്ങൾക്കറിയുമോ	22
ഒഴുകി	22
ലാസ്	22
ഒള്ളൂ	22
ജയിക്കട്ടെ	22
നീയൊന്നു	22
കൊന്നേനെ	22
സ്കോർ	22
റണി	22
നുണയന്	22
തുടങ്ങിയാൽ	22
വിലപ്പെട്ട	22
അധികാരമില്ല	22
മ്മം	21
സഹോദര	21
ശാന്തരാകൂ	21
ഷിമോണ്	21
ഓർക്കുന്നുണ്ടോ	21
പ്പെട്ട	21
ചെറുപ്പമായിരുന്നു	21
ഡേവ്	21
അറിയിക്കാന്	21
സാധിക്കുന്നില്ല	21
ഖുറാന്	21
ശക്തിയായി	21
വിഷയമാണ്	21
ഡ്സ്	21
പട്ടിയുടെ	21
വക്കീലാണ്	21
എന്നില്ല	21
സൊനിയർ	21
മനസ്സിലാകുന്നുണ്ടോ	21
എന്നതില്	21
തായോ	21
ആന്യ	21
വേട്ടക്കാരന്	21
മിൻ	21
എന്നതുകൊണ്ട്	21
മ്മയില്ലേ	21
ഇടത്	21
മരിക്കുകയാണ്	21
പായ്ക്ക്	21
എന്താകും	21
ക്കുകള്	21
സീലിയ	21
സ്കൂളിലേക്ക്	21
അപേക്ഷിക്കുകയാണ്	21
മരത്തില്	21
സൈക്കിൾ	21
വിജയത്തിന്	21
ദേവിയെ	21
തരണോ	21
നിനക്കു്	21
ഇതുതന്നെയാണ്	21
ബോട്ടിന്	21
പറഞ്ഞോളാം	21
അന്വേഷണ	21
കഠിന	21
അതിനൊക്കെ	21
വേണ്ടൂ	21
വിൽഫൊർഡ്	21
പോയതിനു	21
പരിപൂര്	21
ഹോള്	21
വിസ്കി	21
വീണ	21
ലാബില്	21
ആമേന്	21
അങ്ങിനെതന്നെ	21
ടയര്	21
കൂട്ടാളി	21
മുകളിലോട്ട്	21
കിട്ടിയെന്ന്	21
പറയുന്നതെല്ലാം	21
പുകവലി	21
ജൂള്	21
ചെയ്തില്ലേ	21
അപ്രത്യക്ഷമായി	21
ഈംസ്	21
ക്ഷീണിച്ചു	21
അറിഞ്ഞോ	21
കോടതിയുടെ	21
ക്യാപ്	21
വിശ്വാസമുണ്ട്	21
അവനെക്കുറിച്ച്	21
അവളോടു	21
കൊണ്ടിരിക്കും	21
പാടും	21
വിടുക	21
തിരിച്ചും	21
ആരുടെയോ	21
തോന്നിയിരുന്നു	21
കൊല്ലുന്ന	21
കണ്ടോളൂ	21
പഞ്ചസാര	21
നടന്	21
പോരാടി	21
ജബ്യാ	21
മ്മയുണ്ട്	21
പ്രദേശങ്ങളില്	21
ദുഃഖം	21
പ്രണയത്തിന്	21
രാജകുമാരന്	21
ഇരുമ്പ്	21
തുടങ്ങിയാല്	21
അവനിപ്പോള്	21
റൂത്ത്	21
ശ്രമിച്ചാല്	21
പോണേ	21
കേസിനെ	21
ബേസ്	21
ഉപേക്ഷിക്കാന്	21
ധാരണ	21
ഇവയെല്ലാം	21
മാക്ബെത്	21
കൊന്നിട്ടുണ്ട്	21
ശരിയാക്ക്	21
ജെഫ്	21
അദ്ദേഹവും	21
വിളിച്ചില്ല	21
ദുഷിച്ച	21
അമേരിക്കയിലേക്ക്	21
പൊയി	21
കളും	21
അയാളിപ്പോള്	21
മിലോഷ്	21
ഡിഫെന്	21
പാരിതോഷികം	21
എന്നുള്ളതാണ്	21
എപ്പഴാ	21
പഠിപ്പിക്കാം	21
നീയിതു	21
ആത്മാവിനു	21
എനിക്കുറപ്പാ	21
സിദ്ധാന്തം	21
നോക്കിക്കോളും	21
തെക്കേ	21
തോക്കു	21
സൂചിപ്പിക്കുന്നത്	21
വിക്ടർ	21
ആഗസ്റ്റ്	21
മെസ്സാല	21
ഹോസ്പിറ്റലിൽ	21
സമയത്തെ	21
പട്ടികളെ	21
പാടാണ്	21
അവശേഷിക്കുന്ന	21
സോളമൻ	21
ദൈവങ്ങളെ	21
ആശങ്ക	21
നിനക്കവിടെ	21
ദൈവത്തെയോർത്ത്	21
എണ്ണി	21
ക്ലാർക്ക്	21
എത്തിക്കഴിഞ്ഞു	21
കാത്തിരുന്ന്	21
സോളമന്	21
അന്വേഷിക്കുന്ന	21
കഴിഞ്ഞില്ലെങ്കില്	21
കഴിയുമായിരുന്നു	21
കെട്ട	21
ശീലം	21
വയര്	21
വരികയും	21
വയസ്സില്	21
വശത്തേക്ക്	21
വരികള്	21
എത്തിച്ചത്	21
സംസാരിക്കുക	21
പാക്ക്	21
മയില്	21
മരണവും	21
ഹെർമോണി	21
നിരസിച്ചു	21
എളുപ്പമുള്ള	21
അവസ്ഥയിലാണ്	21
വരുന്നതിന്	21
ഉണ്ട	21
നൈസ്	21
ചെയ്തതെല്ലാം	21
ഇനിയുള്ള	21
പാലും	21
വകുപ്പ്	21
തൊണ്ട	21
മുമ്പാണ്	21
അഴിക്ക്	21
കാറുകള്	21
വല്ലോം	21
രീതിയിലാണ്	21
നാണമില്ലേ	21
ക്രമം	21
മെന്റ്	21
സ്വാതന്ത്രം	21
ഉറപ്പിക്കാം	21
ജീവിക്കാം	21
നിങ്ങളുടെയും	21
ഒരാഴ്ച്ച	21
ശേഷി	21
ഗുരുത്വാകർഷണം	21
സൂര്യനെ	21
രംഗം	21
സമ്മതിക്കണം	21
തുടങ്ങിക്കഴിഞ്ഞു	21
sea	21
വയസ്സായിരുന്നു	21
ഗ്രാന്	21
ബുച്ച്	21
ഡിസംബര്	21
കാഷ്	21
കക്ഷിയുടെ	21
യാന്	21
പ്രധാനമായും	21
തോന്നുന്നോ	21
തുടച്ചു	21
സഞ്ചി	21
പിന്നെന്തിനാണ്	21
ചെയ്യാനായി	21
ആവാൻ	21
കമ്മിറ്റി	21
വിലക്ക്	21
be	21
ലീവ്	21
കുറച്ചേ	21
വലത്	21
ഉറക്കത്തില്	21
വരണോ	21
കൊണ്ടിരിക്കുന്നത്	21
വസന്തകാലം	21
സർക്കാർ	21
മുറിവുകൾ	21
ചേമ്പർ	21
കുറച്ചധികം	21
മതിപ്പ്	21
mr	21
പ്രായത്തിൽ	21
വികാരങ്ങള്	21
അതുകൊണ്ടാണോ	21
സിഗ്നൽ	21
രാജ്യമാണ്	21
പറഞ്ഞതുപോലെ	21
അന്തസ്സ്	21
കാലത്തോളം	21
പ്രതിയുടെ	21
ക്കുകയും	21
ചെയ്യാറുണ്ട്	21
കൂടെയുള്ള	21
മാതൃക	21
പറ്റിയാല്	21
ക്കെല്ലാവര്	21
ജീവിക്കാനുള്ള	21
ആരേയും	21
ഹൃദയത്തിൽ	21
പേടിക്കാതെ	21
സഹായിക്കട്ടെ	21
നീയെന്ത്	21
അയക്ക്	21
our	21
നിറമുള്ള	21
ക്രിസ്റ്റോഫ്	21
അതുകൊണ്ടെന്താ	21
എന്താവും	21
ഫോർ	21
കൊല്ലില്ല	21
പന്ത്രണ്ടു	21
സമ്മതിച്ചിട്ടുണ്ട്	21
അറ്റോര്	21
പ്രവേശനം	21
ജുങ്	21
ബാറിൽ	21
ഉമ്മുമ്മാ	21
കാണുന്നതാണ്	21
നല്ലതാണെന്ന്	21
മാറുകയാണ്	21
ഫിഡല്	21
തരുമെന്ന്	21
സ്നേഹിക്കും	21
നടക്കുമെന്ന്	21
പേർക്കും	21
കണ്ണുകളിൽ	21
മയുണ്ട്	21
ചിമ്പാന്	21
നടുക്ക്	21
അപ്പൻ	21
ശരിയായിരിക്കാം	21
ഉപരി	21
പറഞ്ഞാലോ	21
കേട്ടോളൂ	21
പോകുവാണോ	21
കുട്ടിയായിരുന്നു	21
ക്കറിയാമായിരുന്നു	21
ഉണങ്ങിയ	21
സൗകര്യം	21
പൂജ്യം	21
ത്താതെ	21
ഡബിൾ	21
കിന്	21
ശ്രമിക്കരുത്	21
ശാലിനി	21
സംശയമുണ്ട്	21
ക്യാന്	21
ന്നവര്	21
സംശയിക്കുന്നു	21
എന്റേതായ	21
ലഭിക്കില്ല	21
കട്ടര്	21
മസാജ്	21
കൊന്നോ	21
വല	21
മിറാണ്ടോ	21
അധികകാലം	21
ലൂക്കാസ്	21
ടയർ	21
ഡാഷ്	21
കാരണമുണ്ട്	21
കരുതിയ	21
വാങ്ങിയതാണ്	21
അടിക്കാൻ	21
ചാടൂ	21
കൊണ്ടുപോകുന്നത്	21
എല്ല്	21
വാങ്ങിയ	21
വെന്	21
കളയരുത്	21
നീയൊന്നും	21
വ്	21
fbi	21
ആൻഡി	21
ത്തകന്	21
ക്രേയ്ന്	21
യജമാനൻ	21
ബന്ധമുണ്ട്	21
വെച്ചിരിക്കുന്നത്	21
ഫാന്	21
കണ്ണുകളും	21
ബാധിക്കും	21
നിങ്ങളെന്	21
തുടക്കത്തില്	21
വയ്ക്കാൻ	21
സ്റ്റീവ്	21
പൊയ്കോ	21
re	21
ലഭിച്ചത്	21
നിരന്തരമായ	21
ഓവർ	21
കാണാമല്ലോ	21
ഞാനവളുടെ	21
ഇടാൻ	21
എന്താണവിടെ	21
സൂക്ഷ്മമായി	21
ഭാര്യയേയും	21
പോയപ്പോൾ	21
കീറി	21
അയച്ചതാണ്	21
പിടുത്തം	21
ഗംഭീരമായി	21
മകളും	21
അലക്സാണ്ടർ	21
നിരാശ	21
മുപ്പതു	21
റെകൂടെ	21
ക്ഷാമം	21
ഷേക്ക്	21
പാട്ടു	20
പെൺകുട്ടികളെ	20
അനുഭവിക്കും	20
എഫ്ബിഐ	20
കൊല്ലപ്പെടും	20
സമ്പാദ്യം	20
പൊക്കം	20
ഷത്തോളം	20
നാമം	20
സർക്കസ്	20
ഫു	20
ബില്ല്യൺ	20
ഗു	20
ഇവിടെന്നു	20
കൊള്ള	20
കിടിലം	20
താഴേക്കു	20
ഹാജർ	20
റോമില്	20
പ്രണയ	20
തടവുകാര്	20
എന്നൊന്നില്ല	20
ജെന്നീ	20
റോമിൽ	20
സിനിമാ	20
തോന്നിയോ	20
റെയാ	20
പെട്രോള്	20
ഇടവേള	20
അഹങ്കാരം	20
പതാക	20
തേൻ	20
വരന്	20
ലഭിച്ച	20
എന്നെക്കാളും	20
ട്ടുകള്	20
നടുവില്	20
ചെയ്യാനുള്ളത്	20
കൊന്നാല്	20
കൊടുത്തതാണ്	20
ഇല	20
കീഴെ	20
നിർഭാഗ്യവശാൽ	20
സെത്	20
കോഴിയെ	20
ഗ്രെനോയി	20
വരാറുണ്ട്	20
ത്താവിനു	20
ഇവോ	20
ബലാല്	20
ഇഷ്ടപ്പെട്ട	20
വിഡ്ഢിത്തമാണ്	20
ദൂരമുണ്ട്	20
ആണെന്നു	20
വെരി	20
കിടക്കുകയായിരുന്നു	20
കെട്ടു	20
നേതാവേ	20
ഭൂമിയിലേക്ക്	20
ഇരിക്കുമ്പോള്	20
ഹുട്ടു	20
ഷിപ്പ്	20
നീയവളെ	20
അബദ്ധം	20
സോഷ്യലിസ്റ്റ്	20
here	20
ബഹുമതി	20
മിനിസ്റ്റർ	20
പോൾ	20
മണിക്കൂറായി	20
ഇരു	20
ദീ	20
എനിക്കിഷ്ടമാണ്	20
ചോദിച്ചിരുന്നു	20
കോഫീ	20
വേഗതയില്	20
