මම	87914
මට	55753
ඒක	42619
එක	24500
ඕන	10518
ඔබ	7606
ඇය	5930
සහ	5368
තව	5070
කරන	5031
අර	4906
එකට	4636
වල	4590
වලට	4590
ඒකට	4452
ඔය	4141
අද	4122
උඹ	3771
ඔබට	3500
අය	3222
නම	3158
එය	2875
එකම	2519
යන	2412
කර	2147
බව	2094
ඊට	2013
බය	1987
ඇයට	1896
සමහර	1878
අමතක	1870
ඕක	1805
එතන	1768
ආදරය	1767
උබ	1753
ඇයව	1691
කට	1583
නරක	1556
අත	1529
උඹට	1480
ඉවර	1441
කරල	1362
කරනවද	1327
මතක	1315
ඉඩ	1314
කරනව	1300
අතර	1153
කළ	1123
එන	1119
උඩ	1037
සමග	1028
ඇත	1017
ඔබව	967
කල	963
නතර	929
පහර	912
කරදර	908
අපට	905
ලග	900
පරණ	891
අයට	865
වන	840
ආව	824
මත	824
ළඟ	814
උඩට	810
තවම	805
ගත	796
ඕනද	787
මහ	782
යනව	778
ඒව	761
උබට	750
බලය	750
the	741
you	733
දවස	712
බවට	679
ඔන	660
උන	639
යට	625
ඌව	620
වද	616
මතකද	590
රය	582
කලබල	578
අදහස	572
ඕනම	572
අප	560
එනව	555
යය	538
අතන	530
හදවත	522
ලඟ	519
මග	509
යනවද	509
අවසර	508
මරණය	495
දවසක	495
අතට	495
සමඟ	495
පහලට	494
උඹව	492
ලගට	486
වචන	473
එතනට	456
බල	442
ඔතන	436
එනවද	436
වයස	412
නගරය	409
පහල	409
ඌට	398
හදන	396
ඊලග	393
අයව	393
වසර	387
ලඟට	380
ඊළඟ	375
fbi	369
එකක	367
ආවරණය	351
තරහ	351
to	348
අහකට	343
බර	336
අගය	332
පණ	327
එකකට	318
එකද	313
it	310
අණ	306
of	305
තම	297
හතර	296
නව	292
රට	289
ආවද	286
ගමන	286
මරණ	284
මල	284
ආවම	282
ආදර	281
ජය	279
තද	274
උපකරණ	274
හට	270
ඒකද	267
me	264
and	258
in	257
ඉහල	257
ළඟට	255
බලන	251
එම	250
ඊලඟ	250
is	249
ඉර	249
එයට	248
ඉඳල	242
සදහටම	238
රමය	234
සහය	233
ඒකම	232
ආවට	229
එකඟ	229
රස	226
අහල	225
තරමට	224
ගහන	223
නරකම	222
පහළට	220
උස	220
කන	215
උබව	214
ණය	214
ඒවට	211
අරක	209
my	209
cia	208
මරල	208
මටම	201
මනස	201
මඟ	200
ඊලඟට	200
යකඩ	196
රම	194
ජලය	193
වයසක	192
will	191
රජය	191
කම	189
කවදද	189
බරපතල	188
වග	186
ගමට	185
ආස	185
අමතර	179
රහස	178
වරද	178
ලබන	178
මතකය	176
ළග	174
නගරයට	173
මරණයට	173
your	170
හවස	170
පහළ	170
වමට	169
this	168
සරල	168
වචනය	167
මමම	167
දවසට	165
පල	163
මව	162
හඬ	162
භය	162
යම	160
හද	158
වට	158
ගම	158
love	157
පමන	156
මමද	155
අහන	153
ගහ	152
පහත	152
බඩ	151
රහණය	151
අසරණ	150
ඇට	150
are	150
for	149
ඊලගට	147
උඹලට	147
chowllye	146
that	144
ඉහළ	142
john	142
හඩ	142
on	141
ඊළඟට	141
හදල	140
ඉදල	139
can	138
තරගය	137
dna	137
tv	136
ඉහලට	135
උණ	135
ඇඟ	134
ඈතට	134
ඕකට	132
fs	132
කවද	131
පරන	131
නගර	131
හය	130
පහ	130
මළ	129
ඉරණම	129
frodo	128
කහ	128
දවසකට	127
ඇද	127
ගඟ	127
එකග	126
දවසම	126
ඔයට	125
උප	125
what	125
ඊළගට	125
oh	125
ඕනවට	125
එකටම	124
වහල	124
බලල	123
ජල	123
සටන	122
තරඟ	122
තරග	122
අහස	120
ගඳ	118
ගහල	117
ගල	116
රජ	116
mr	114
තරඟය	113
කඩ	113
කරනවට	112
අපව	112
ගණනය	112
we	111
ලද	111
අවට	110
ළමයව	110
all	109
පමණ	108
ඈත	106
පන	106
වයසට	104
ඉවරද	104
ඒකක	103
බලනවද	102
රටට	101
මහත	101
නමට	101
හදවතට	100
no	99
ඒකකය	99
ඔක	99
මරන	98
so	98
be	98
don	97
උපකරණය	96
අවසරය	96
ළගට	96
by	96
උඹල	95
සහගත	95
ආසන	94
හම	92
රපට	91
රණ	91
නවතම	90
රමණය	89
හදනවද	89
රථය	89
not	89
ළමයට	88
අට	88
යටට	88
with	87
නහය	87
බලනව	87
රණය	87
go	86
ඇග	86
අහ	86
ඇඳට	85
ඉව	85
වස	85
oya	85
ඔතනම	84
ඇඳ	83
රහ	83
අමන	82
ඇදල	82
රහය	82
ආසම	81
අතරට	81
ඊළග	81
ළමය	81
පහකට	80
රථ	80
ඇගට	79
වහනව	79
ආවහම	77
ආදරයට	77
තරමටම	77
රථම	77
අවම	76
he	76
have	76
ආයතනය	75
හයකට	75
සහජ	75
mṇ	74
කටහඩ	74
one	73
ඉවතට	73
do	73
am	73
රජයට	72
සම	72
උඔ	71
රවය	70
charles	70
හවසට	69
ඕව	69
නරකද	69
ඇස	69
කපල	69
ඇඟට	69
gandalf	69
අසල	69
ඇප	69
if	69
වහ	68
ලඟම	68
මඩ	68
ගහනව	67
ඉඩම	67
us	67
ll	67
subject	67
come	66
ඇරල	66
him	66
හදනව	66
sam	66
ජනපද	66
ආවරණ	65
heart	65
now	65
දහය	65
lost	65
රබල	64
hey	64
යද	64
chitti	63
ඉඳලම	63
man	63
කරලද	63
there	63
like	63
please	63
උබල	62
game	62
හතරකට	62
නටන	62
අදට	61
යයට	61
ලමයව	61
ගඟට	61
get	61
අමතරව	60
රයට	60
ගමම	60
ලගම	60
ණයට	60
කනවද	59
දවසකම	58
අවනත	58
ඒත	58
යවන	58
යව	57
shaw	57
රහනය	57
at	57
කරවන	57
want	57
කනට	57
ධවල	57
when	57
ඔනද	57
අදම	57
යමය	56
කටට	56
කටහඬ	55
michael	55
ve	55
වම	55
අහනවද	55
සමය	55
her	55
අතනට	55
how	54
ඕකව	54
මකර	54
bye	54
සටනට	54
ගණන	53
එතනම	53
තරම	53
won	53
දණ	53
ඝන	53
let	53
මරනව	52
has	52
කඩල	52
උබලට	52
ඇර	52
දන	52
ඉහලම	52
take	52
බයද	51
දහ	51
ආභරණ	51
even	51
වටය	51
ජනපදය	51
වධ	51
වර	51
ගහනවද	51
they	50
තදට	50
nypd	50
ඉදලම	50
මටද	50
උමග	50
බලයට	50
දර	50
gps	49
උපත	49
එකටද	49
මනසට	49
අයද	49
level	49
උනහම	49
ok	49
re	49
මතට	49
පය	48
කමට	48
පථය	48
ඒකව	48
තරණය	48
ඉද	47
දහයකට	47
mŧ	47
අහසට	47
උට	47
කපන	47
as	47
සමගම	47
okay	47
fischer	47
සඳ	47
අග	47
sana	46
හත	46
ne	46
මහජන	46
ඔතනට	46
yn	46
here	45
යනවට	45
who	45
හඳ	45
රමයට	45
why	45
නහර	45
අජය	45
අහනව	44
saruman	44
කළබල	44
up	44
තලය	44
සත	43
life	43
time	43
ආය	43
බයට	43
from	43
out	43
ආගම	42
මරනය	42
ඉහළට	42
පදනම	42
ගද	42
බට	42
erik	41
උඩටම	41
පහට	41
but	41
ළඟටම	41
සහයක	40
චලනය	40
merry	40
බහ	40
dea	40
ඉගන	40
සටහන	40
she	40
යනය	40
තරගයට	40
ධන	40
selene	40
yeah	40
gil	39
පර	39
අතකට	39
make	39
ෂක	39
watney	39
ඉදලද	39
කඩන	39
stop	39
right	39
an	38
good	38
වලද	38
ආසද	38
thank	38
පස	38
was	38
give	37
පහතට	37
යයනය	37
ඉඳලද	37
ඊතල	37
කමකට	37
භට	37
oyaŧ	36
තරහව	36
අරයට	36
වසරකට	36
වරදට	36
ආසනය	36
ජන	36
අඩ	36
nash	36
ඵලකය	36
අල	36
aragorn	36
රව	36
අමතකද	35
dom	35
අහක	35
දඩයම	35
sauron	35
උයන	35
මතය	35
down	35
උපදවන	35
our	35
දමන	35
මහල	35
yes	35
හතකට	35
රසය	34
gondor	34
stacks	34
පත	34
never	34
උඹලව	34
cbi	34
baby	34
his	34
taha	34
යවල	34
ගලන	34
krn	34
rango	34
ආයතන	34
beans	34
cobb	34
ඉඳ	33
mordor	33
beauty	33
මර	33
hi	33
එකකම	33
see	33
පහක	33
කරලම	33
උසට	33
pam	33
ඇල	33
choong	33
රපටවල	33
අරයව	33
emp	33
hello	33
know	33
new	32
ඖෂධ	32
රපටය	32
සටනකට	32
රභවය	32
alicia	32
දස	32
අරය	32
ladyship	32
දළ	32
දත	31
නමය	31
charlie	31
වලම	31
ඔබම	31
ඇදට	31
just	31
කනව	31
may	31
පවසන	31
zamani	31
lj	31
හතරක	31
two	31
eyes	31
david	31
robot	31
professor	31
po	30
gollum	30
or	30
මරණව	30
over	30
dr	30
la	30
රථයකට	30
ගමනට	30
අනවසර	30
නවය	30
ep	30
mav	30
කසල	30
රටම	30
quinton	30
arthur	30
එල	29
ig	29
ලමය	29
where	29
යවනව	29
subtitle	29
say	29
දහයක	29
ඇණ	29
did	29
නගරයම	29
been	29
නමද	29
තඹ	29
eagle	29
pippin	29
ගණනක	29
ආවරනය	29
පට	28
hank	28
කරදරයක	28
එකකටම	28
bilbo	28
ඔබද	28
ඇඳල	28
ඔහ	28
අහවර	28
අදහසට	28
මරනවද	28
lena	28
lord	28
උඹද	28
ék	28
only	28
කරගත	27
මතකයට	27
රටක	27
ඒම	27
මහලට	27
cdc	27
යහපත	27
vip	27
උඩම	27
ඒමට	27
ඇම	27
nora	27
සපයන	27
wckd	27
හයක	27
ón	27
star	27
then	27
thanks	27
panda	27
three	27
ජනක	27
ළඟම	27
ඉට	27
against	27
එයව	27
font	27
ssc	27
sook	26
ඔබල	26
ඉවත	26
සහන	26
ලමයට	26
wing	26
any	26
උසම	26
mgé	26
world	26
about	26
sir	26
call	26
help	26
globodyne	26
off	26
yeong	26
සලකන	26
දඩ	26
ඇසට	25
උඹම	25
shire	25
mcallister	25
එකඟද	25
නවක	25
rv	25
පදවන	25
සරලවම	25
කවර	25
හරහට	25
shall	25
ඈතකට	25
into	25
බඩට	25
away	25
api	25
මනහර	25
තරමක	25
sol	25
පරතරය	25
නරකට	25
lp	25
ip	24
fitzie	24
bettina	24
oyagé	24
වලටද	24
පහන	24
house	24
ඇටය	24
ලඟද	24
way	24
ආයතනයට	24
cctv	24
සහයට	24
තදබදය	24
salas	24
මකල	24
zeus	24
ලගටම	24
sylvia	24
doctor	24
chun	24
leito	24
අටකට	23
තබන	23
ඔබලට	23
යටතට	23
king	23
whoa	23
red	23
දඩයමට	23
ධනය	23
nsa	23
perseus	23
ඉන	23
tat	23
කණට	23
පථයට	23
තර	23
nasa	23
mockingjay	23
back	23
rohan	22
knight	22
yours	22
අරගන	22
ගව	22
බරපතලව	22
මද	22
අඩන	22
ගස	22
පළ	22
අඬ	22
fox	22
එනවට	22
vaseegaran	22
ගහට	22
leave	22
අඹ	22
scb	22
without	22
ඒකකයට	22
ජනගහනය	22
ඕවට	22
බරපතළ	22
going	22
අවයව	22
ලට	22
baggins	22
තදබල	22
වනය	22
oz	22
දශක	21
එප	21
them	21
සරලව	21
ගන	21
sing	21
got	21
some	21
alpha	21
සද	21
ගහක	21
kill	21
dj	21
madge	21
ඕකම	21
අතපය	21
දරන	21
oogway	21
තල	21
tung	21
කරකර	21
mai	21
රළ	21
imf	21
එවන	21
jeremy	21
after	21
shit	21
හමන	21
day	21
උව	21
වසරකම	21
cd	21
creations	21
play	21
ඉහළම	21
අඬන	21
cm	20
elementary	20
වහනය	20
අම	20
air	20
අතරම	20
sms	20
ඈතක	20
seal	20
acp	20
එකවර	20
ඒකටම	20
එත	20
bender	20
වලටම	20
happy	20
chffffff	20
code	20
අසරන	20
එලවන	20
ඔනම	20
උනද	20
ඒවද	20
lear	20
ගලවල	20
think	20
වඳ	20
saito	19
පලට	19
en	19
atm	19
fall	19
ඉහලටම	19
අරකට	19
something	19
kraken	19
tell	19
very	19
ek	19
එවල	19
other	19
චලන	19
මරනයට	19
කඹ	19
ගණනකට	19
eywa	19
රකට	19
කරවනව	19
සරම	19
උපකරන	19
ශත	19
රග	19
pi	19
had	19
හඳට	19
heavy	19
dn	19
කලබලය	19
සවස	19
දහයට	19
එහම	19
usa	19
orca	19
ඇයද	19
පදය	19
ඉඩකඩ	19
නඟරය	19
mine	19
dvd	18
තරඟයට	18
උඩද	18
cheers	18
ගහකට	18
උඩහට	18
සමබර	18
avatar	18
ét	18
id	18
god	18
doing	18
caa	18
must	18
රථයට	18
අභය	18
hades	18
ah	18
de	18
ඉකමනට	18
ඉලගට	18
dead	18
well	18
vasee	18
ආයතනයක	18
පටක	18
khan	18
youth	17
රඟ	17
dc	17
කරට	17
mla	17
පරණම	17
kd	17
කලකට	17
mia	17
ඉරල	17
sméagol	17
රයක	17
seth	17
great	17
mind	17
ඔව	17
රභව	17
fade	17
robert	17
ජනපදයට	17
tj	17
බලතල	17
james	17
kiyl	17
pêt	17
weis	17
sunni	17
ළගම	17
අදහන	17
සමඟම	17
elizabeth	17
áló	17
අතටම	17
රමණ	17
kipps	16
අණට	16
water	16
උඔට	16
evernow	16
අතරද	16
momose	16
ලඟටම	16
these	16
ඉලග	16
උදය	16
ලගද	16
තවද	16
epic	16
keefe	16
ඒකටද	16
rpg	16
නල	16
johanssen	16
machine	16
gedr	16
revolution	16
card	16
වහලය	16
යවනවද	16
කඩය	16
place	16
girl	16
grenich	16
ඇඟම	16
අපතය	16
look	16
නට	16
පටය	16
ජලයට	16
ආපන	16
ඔයව	16
someone	16
marc	15
හරවල	15
un	15
hive	15
mon	15
කත	15
lee	15
දවසටම	15
උබලව	15
රවණ	15
පද	15
black	15
මවට	15
මක	15
හරහ	15
hansen	15
hot	15
ccpd	15
ready	15
humans	15
dark	15
ගලවන	15
oxenby	15
hand	15
raven	15
කරදරය	15
phone	15
තණ	15
mit	15
hathaway	15
හතරට	15
parcher	15
orc	15
shifu	15
ජනරජය	15
save	15
ආකර	15
arms	15
blackwell	15
අතවර	15
move	15
ඔබන	15
pm	15
කවරය	15
ti	15
ඇතට	15
senpai	15
city	15
walking	15
swat	15
hard	15
woman	15
river	15
කලහම	15
frank	15
රන	15
tree	15
made	15
එකගද	15
baiscopelk	15
human	15
නහයට	15
liberty	15
වයඹ	15
film	14
riŧr	14
හබ	14
nm	14
today	14
බරට	14
අසමසම	14
deep	14
උබම	14
ii	14
money	14
හදට	14
turn	14
understand	14
atf	14
isengard	14
sorry	14
top	14
sync	14
හතක	14
ඵල	14
apiŧ	14
උමගට	14
ntsb	14
ඇන	14
හර	14
udv	14
රභල	14
අතරමග	14
eya	14
arisen	14
keep	14
uh	14
sinhala	14
boromir	14
යජනක	14
කරගන	14
gimli	14
යස	14
green	14
henry	14
lannister	14
hans	14
home	14
suv	14
රයකට	14
isil	14
රභවකය	14
alex	14
blood	14
වරකට	14
අරගල	14
අහනවට	14
borel	14
mba	14
could	14
karr	14
dod	14
වරට	14
dieter	14
live	14
kn	14
නද	14
ven	14
ceo	14
සමරන	14
ඇපයට	13
පඩ	13
ඝණ	13
රනය	13
අධම	13
ෂණ	13
through	13
ගමක	13
රවලට	13
රටකට	13
eli	13
wheeler	13
sweet	13
sebastian	13
නර	13
ops	13
need	13
created	13
crazy	13
භරත	13
රමනය	13
ov	13
moment	13
win	13
ඒවල	13
එකවරම	13
දඟ	13
පනත	13
කඩනව	13
distance	13
phd	13
would	13
first	13
ඔට	13
wow	13
jake	13
දඟලන	13
කසළ	13
කස	13
නළ	13
තරහද	13
boy	13
තරහට	13
wilhemina	13
si	13
sea	13
එවට	13
union	13
zahir	13
toretto	13
name	13
night	13
subtitles	13
උර	12
run	12
dear	12
silver	12
ar	12
ursel	12
héyi	12
rakh	12
පරම	12
boat	12
ආහර	12
fire	12
zero	12
translation	12
උබද	12
අසලට	12
ඒය	12
ගණය	12
තලයට	12
හතරවන	12
helm	12
too	12
පථ	12
die	12
blue	12
වසඟ	12
moon	12
cut	12
jadalla	12
palmer	12
date	12
lpya	12
tharaka	12
අතපත	12
hamilton	12
né	12
reddington	12
always	12
වහනවද	12
අදරය	12
young	12
much	12
වයසද	12
මහපට	12
forever	12
jb	12
සටනක	12
birthday	12
ගමටම	12
හරවන	12
rivendell	12
අවසන	12
original	12
er	12
color	12
තන	12
ශතකය	12
කලද	12
කණ	12
rio	12
කරවල	12
size	12
ගනනය	12
පහලම	12
ආභරන	12
අන	12
care	12
සමයට	12
එවනව	11
were	11
ගගට	11
nice	11
නගන	11
හඬට	11
කරද	11
more	11
vs	11
bk	11
ඕකද	11
before	11
stay	11
වගයකට	11
ඔබවම	11
මලපහ	11
eyaŧ	11
ටම	11
හරකව	11
room	11
everything	11
dwarf	11
elrond	11
පහදල	11
පරය	11
මස	11
moria	11
pk	11
conner	11
නලය	11
කඹය	11
sure	11
lips	11
raymond	11
සසල	11
dragon	11
කරව	11
martin	11
five	11
එළ	11
possible	11
irs	11
ඒන	11
beautiful	11
රටවල	11
inside	11
වහන	11
කපනව	11
fun	11
සලකනවද	11
years	11
ආසනයට	11
ufo	11
ගණයට	11
රසට	11
desires	11
gên	11
reyes	11
ලප	11
around	11
වදය	11
රමයකට	11
seattle	11
mantis	11
නය	11
ibm	11
ළඟද	11
අඟවනව	11
uss	11
mrs	11
නටනව	11
අරව	11
hold	11
සමව	11
ආගමන	11
ඇයම	11
grs	11
අටට	11
every	11
අඩපන	11
kay	11
labeaux	11
clu	11
pius	11
marriage	11
browning	11
දහනය	11
people	11
théoden	11
අඩපණ	11
යමකට	11
ආහ	11
පහරට	11
al	11
delta	11
උපකරණයට	11
මන	10
rhaego	10
හයට	10
ඵක	10
සමනය	10
cynthia	10
ms	10
dsp	10
නළල	10
ball	10
නළය	10
face	10
catch	10
තදටම	10
ලපය	10
ණයවර	10
doesn	10
sky	10
millburn	10
vince	10
fifield	10
police	10
කව	10
faramir	10
නවයට	10
mri	10
damien	10
feel	10
dickham	10
many	10
ඔතනද	10
unit	10
kgb	10
වචනයට	10
සරලම	10
starts	10
tom	10
thing	10
general	10
mwa	10
cassie	10
key	10
pandas	10
ජප	10
ඉඩමට	10
arrow	10
බඳ	10
දඟර	10
roc	10
ksi	10
ඇමට	10
kiyn	10
වහලට	10
එළවන	10
ලටපට	10
පව	10
කරහම	10
ඒකකයක	10
අසළ	10
අගල	10
hoyagn	10
become	10
future	10
hero	10
mí	10
nyi	10
area	10
meet	10
කරවනවද	10
vitaly	10
හල	10
firestorm	10
papa	10
වක	10
tmj	10
බලනවට	10
උමඟ	10
අරකද	10
dgp	10
moab	10
didn	10
epa	10
should	10
බරපතලකම	10
english	10
නවයකට	10
ඉරණමට	10
ඉල	10
hee	10
සයනයට	10
උම	10
morning	10
එකඟව	10
ආදරයද	10
iit	10
සමතයකට	10
little	10
ජලනල	10
tyler	10
greta	10
scott	10
මහන	10
isildur	10
wong	10
hobbit	10
ghetto	10
අජයව	10
ng	10
lxj	10
ඔතල	9
santa	9
කඩයට	9
worry	9
men	9
ඇනල	9
looking	9
සතර	9
ඉරනම	9
still	9
පදමට	9
cross	9
oy	9
welcome	9
listen	9
ගග	9
elm	9
neytiri	9
පහලටම	9
losing	9
නටනවද	9
daily	9
antonio	9
chan	9
mama	9
vgé	9
සක	9
kohed	9
වත	9
ඔප	9
huh	9
venv	9
ඊතලය	9
shadid	9
again	9
last	9
ඕඕඕ	9
stars	9
fringe	9
නවයක	9
ගමකට	9
csi	9
fine	9
isn	9
මතයට	9
raw	9
pułuvn	9
crayne	9
ඒතන	9
dcp	9
argos	9
ඇයටම	9
facebook	9
youtube	9
nothing	9
aaron	9
ඈව	9
ගලට	9
william	9
දල	9
scada	9
news	9
ඉරට	9
work	9
ජලජ	9
gwang	9
sik	9
head	9
නගරයක	9
jenny	9
බවද	9
හරය	9
liz	9
dmv	9
canosa	9
දහසකට	9
උනට	9
උඔව	9
alexander	9
calling	9
ආලය	9
අඩනවද	9
kiv	9
lapd	9
find	9
lab	9
try	9
club	9
ඇණය	9
උපස	9
white	9
පළල	9
අතද	9
aird	9
epinephrine	9
tiyen	9
seoul	9
rdx	9
reach	9
උඹටම	9
ඒකකවල	9
රවල	9
lk	9
ඒවම	9
johnson	9
රල	9
next	9
අඬනව	9
වලහට	9
gru	9
arwen	9
mokk	9
minutes	9
joe	9
වඩ	9
යවලට	9
දනවන	9
tib	9
ගහනය	8
උමගක	8
fast	8
everyone	8
යනවල	8
times	8
ray	8
cooper	8
peter	8
tarik	8
pedro	8
රණවක	8
balthazar	8
බද	8
වමනය	8
death	8
අසහනය	8
තරල	8
own	8
හපල	8
km	8
ඔබටම	8
කලබලයට	8
hońdyi	8
පහව	8
වසරක	8
seven	8
kostmart	8
රචනය	8
end	8
does	8
lufthansa	8
keen	8
ac	8
bp	8
ඒවලට	8
පවට	8
ඔකට	8
kang	8
ගමනකට	8
රත	8
mord	8
office	8
rumpelstiltskin	8
na	8
මගට	8
şa	8
පහස	8
අහලම	8
ඈතම	8
දශකය	8
toruk	8
nat	8
gi	8
ගහලම	8
dale	8
which	8
sometimes	8
than	8
ushan	8
maurice	8
hannigan	8
york	8
යයද	8
ලබනවද	8
අයම	8
eight	8
නගරයකම	8
park	8
son	8
රසව	8
ඌම	8
èù	8
boyfriend	8
asap	8
ඔරව	8
පතන	8
power	8
ෂණය	8
jacob	8
දගලන	8
රසයට	8
ගතකරන	8
අමතනව	8
osiris	8
කද	8
ගඳගහන	8
අව	8
ඕනමද	8
oyage	8
rehman	8
ask	8
වරදකට	8
මතද	8
කළහම	8
lra	8
roman	8
සරළ	8
කබල	8
වටයට	8
seen	8
four	8
පටවන	8
ගයන	8
said	8
blindspot	8
හඳහන	8
medusa	8
rude	8
upside	8
round	8
excuse	8
rock	8
branson	8
වහලද	8
moira	8
හතට	8
bravo	8
orcs	8
email	8
put	8
ජනනය	8
tango	8
අගට	8
ducky	8
days	8
dude	8
street	8
best	8
dance	8
යහපතට	8
රහණයට	8
බලකර	8
subz	8
tomorrow	8
අදළ	8
සලකනව	8
number	8
holloway	8
spend	8
darling	8
දවසද	8
vickers	8
sols	8
gave	8
yourself	8
අටක	8
change	8
නගරයකට	8
lt	8
maccall	8
trakzer	8
සලසන	8
else	8
food	8
පතල	8
kilo	8
mountain	8
enough	8
speaking	8
අබ	8
fight	8
බස	8
ලබනව	8
strider	8
සටහනට	8
heroes	8
tsu	7
රසම	7
ඉණ	7
endocarditis	7
kenek	7
demolition	7
blessings	7
වලකට	7
coo	7
නගරවල	7
leah	7
hri	7
taken	7
libí	7
tears	7
brian	7
both	7
zone	7
ගනනකට	7
sexy	7
waist	7
waste	7
árk	7
phillipa	7
දගර	7
hasn	7
jeez	7
dream	7
fear	7
pramila	7
පච	7
එනබව	7
රමණයට	7
limping	7
අණසක	7
army	7
co	7
රකම	7
hońd	7
කරදරයට	7
ඌර	7
vđa	7
video	7
මලකඩ	7
ඉවසන	7
marna	7
උඩහ	7
vela	7
iv	7
sex	7
රහණ	7
පහකර	7
අරම	7
cvr	7
සහයකය	7
කවදටද	7
ඍණ	7
destroy	7
පහළම	7
jaime	7
kavinda	7
රහට	7
lotta	7
part	7
truther	7
krishan	7
lamp	7
ගලනව	7
bd	7
movies	7
carry	7
delete	7
samwise	7
nêtuv	7
naseri	7
prometheus	7
එලම	7
තරගයකට	7
acrisius	7
doc	7
ගහලද	7
ධජය	7
නඟරයට	7
stefano	7
ohom	7
දමනය	7
deyk	7
bln	7
ring	7
tey	7
echo	7
alt	7
ආදරයක	7
රක	7
di	7
bbm	7
mui	7
nv	7
bit	7
jfk	7
andy	7
battle	7
credit	7
gp	7
අපහස	7
garth	7
cl	7
iron	7
might	7
chef	7
janek	7
වයරය	7
alca	7
princeton	7
friend	7
මඳ	7
high	7
සමථයකට	7
under	7
ඔයල	7
nest	7
dare	7
lovely	7
louis	7
ජනගහණය	7
sei	7
පලකට	7
chance	7
bora	7
mistake	7
ලබල	7
flash	7
neilson	7
precious	7
act	7
each	7
guy	7
leviosa	7
drive	7
අපත	7
light	7
පසට	7
අපනයන	7
venva	7
පලස	7
තහනම	7
සර	7
hills	7
system	7
miss	7
six	7
ඕනකරන	7
esu	7
ජයගත	7
ඒකකයකටම	7
ඒට	7
girlhouse	7
කප	7
reborn	7
වළ	7
ණයද	7
අමතන	7
talking	7
coming	7
yashodha	7
අරයද	7
happened	7
done	7
eta	7
miles	7
jerome	7
walk	7
අදද	7
wrong	7
butter	7
මතන	7
engineering	7
monvd	7
dca	7
games	7
උපයන	7
වනචර	7
stiltskin	7
across	7
මතම	7
mark	7
ips	7
show	7
xavier	7
mad	7
එව	7
close	7
tiynv	7
daisy	7
bradshaw	7
merrimack	7
nva	7
srimal	7
athureliyage	7
kiss	7
click	7
gĝ	7
හතරම	7
boss	7
ynva	7
ලවණ	7
true	7
corrected	7
tkŧ	7
කතර	7
airways	7
කලය	6
lizzy	6
mms	6
ent	6
ඵලය	6
sa	6
පටන	6
rest	6
tang	6
champ	6
ya	6
අරන	6
later	6
ගසට	6
අවමග	6
mo	6
shoot	6
wars	6
episode	6
lov	6
rizvan	6
gto	6
බලබල	6
උසකට	6
clear	6
බලයම	6
පටවනව	6
mccandless	6
cent	6
big	6
කරණ	6
mehe	6
අමනය	6
cnn	6
research	6
uncle	6
letter	6
passions	6
ak	6
ww	6
kisses	6
ජයට	6
check	6
ahead	6
ebay	6
kayla	6
cordelia	6
while	6
ats	6
rosen	6
isr	6
giovanni	6
supunwe	6
their	6
lón	6
මහතට	6
magic	6
faith	6
because	6
sm	6
ඌරව	6
philippe	6
අසරණයට	6
talk	6
answer	6
leon	6
firecracker	6
karaboudjan	6
රටකම	6
hón	6
darwin	6
darpa	6
dên	6
ඔකව	6
iමම	6
ik	6
පනහක	6
යයන	6
wild	6
tiyn	6
te	6
alfred	6
nicholas	6
hendry	6
tide	6
dia	6
අඟර	6
rebelling	6
fortis	6
chandu	6
virginia	6
bonzo	6
selvi	6
ඇනය	6
told	6
mean	6
purnell	6
එකමද	6
limbo	6
මරණවද	6
easily	6
sheung	6
foshan	6
yaluva	6
tequila	6
hobbits	6
අයන	6
forget	6
ආසව	6
අයහපත	6
mactaggert	6
lola	6
වනයට	6
khaleesi	6
සමකය	6
යනට	6
wayward	6
bad	6
havenrock	6
october	6
ptsd	6
අවමය	6
benito	6
given	6
happen	6
පබසර	6
පමණට	6
අසන	6
attitude	6
molton	6
glen	6
old	6
rogue	6
derby	6
soniya	6
mm	6
touch	6
sun	6
useless	6
ආබරණ	6
icu	6
රටටම	6
cc	6
නගරයටම	6
emma	6
කලට	6
cris	6
queen	6
delivery	6
fra	6
නගරබද	6
grace	6
hmt	6
weyland	6
mi	6
child	6
sonia	6
person	6
blah	6
phenol	6
තමය	6
මරළ	6
bliss	6
නවසඳ	6
එකකටද	6
birth	6
apple	6
leaf	6
ඇගටම	6
north	6
aihara	6
ආනයන	6
කනවට	6
පතනව	6
sail	6
wilkes	6
eames	6
පහළටම	6
beat	6
paulson	6
බරපතලම	6
attack	6
wait	6
business	6
carter	6
ආගමට	6
එලව	6
captain	6
ආකරය	6
aflutter	6
වරය	6
slip	6
hobbs	6
passionate	6
hide	6
marsh	6
eel	6
වලල	6
යනඑක	6
legolas	6
alright	6
මරලම	6
car	6
holden	6
train	6
රථයක	6
cute	6
married	6
sulan	6
පරයට	6
හප	6
යයක	6
elderman	6
මහම	6
එයලට	6
engel	6
අඩනව	6
wife	6
ගණනයට	6
makto	6
silent	6
ආවරණයට	6
mode	6
ékŧ	6
omaticaya	6
georgia	6
වසග	6
started	6
හයවන	6
ජවය	6
getting	6
mehnaz	6
ගලව	6
ikran	6
plane	6
radio	6
goes	6
ජනරජයට	6
really	6
saint	6
el	6
detroit	6
ditu	6
maffei	6
cb	6
දහවල	6
රපටයට	6
reason	6
carla	6
සමගද	6
doom	6
hakmana	6
eyav	6
සකසන	6
bascombe	6
iq	6
ජනකය	6
seems	6
puluvn	6
කරදරයකට	6
whether	6
රවටන	6
faisal	6
හපන	6
quack	6
robots	6
හඩට	6
special	6
සල	6
වටකර	6
sound	6
since	6
november	6
dazzling	6
glory	6
ඇඟටම	6
කරණය	6
pa	6
rs	6
හදවතටම	6
lives	6
changes	6
අපතයට	6
යහන	6
වලහව	6
fema	6
කරදරවලට	6
anything	6
trying	6
atlantic	6
war	6
mnŧ	5
ඉරන	5
also	5
born	5
රණයකට	5
තකට	5
ආගමනය	5
slkuń	5
ed	5
කවය	5
සඵල	5
los	5
ai	5
totem	5
grima	5
tŧ	5
gt	5
storm	5
duvn	5
දහස	5
ගනන	5
සවල	5
curtis	5
ci	5
නටවන	5
bedroom	5
strike	5
request	5
ධජයට	5
aral	5
dé	5
ඇළ	5
mamma	5
තඔ	5
soon	5
lv	5
blitz	5
shut	5
එකව	5
ඉළග	5
smeagol	5
matter	5
බඳව	5
painted	5
mother	5
oyav	5
klin	5
seconds	5
kuńaŧuv	5
lead	5
hiŧiye	5
marlinspike	5
ආනයනය	5
snow	5
đébi	5
jane	5
tŧm	5
êt	5
එකකද	5
dubois	5
යකට	5
ඇහ	5
අයකර	5
අටවල	5
වරම	5
google	5
ඇබ	5
ehem	5
imperial	5
shen	5
taiyang	5
ඌන	5
priyantha	5
headquarters	5
සලකල	5
eroc	5
ia	5
orders	5
tvmt	5
bring	5
between	5
ගමනක	5
oops	5
edoras	5
destroyed	5
යටම	5
හලට	5
though	5
csu	5
cookie	5
රපටයක	5
watching	5
school	5
bed	5
children	5
එයල	5
nemé	5
පහම	5
දශම	5
yet	5
piper	5
නඟරයම	5
studio	5
stupid	5
fbl	5
tachyon	5
ඉවසල	5
බණ	5
officer	5
planet	5
tasty	5
ඉදගන	5
රහපල	5
බඹර	5
රටද	5
saw	5
pay	5
කටහඬට	5
රණයට	5
අපටම	5
instead	5
careful	5
අහගන	5
qrh	5
උණහම	5
පමනට	5
mueller	5
මරගද	5
south	5
acars	5
ඒකමද	5
corrections	5
lot	5
වලක	5
වසරවල	5
තරගයක	5
tinkle	5
scared	5
wo	5
trinkets	5
යත	5
boku	5
evidence	5
intelligence	5
සහනය	5
ඖෂධය	5
giving	5
wear	5
once	5
coboi	5
hope	5
සහගතව	5
රහයට	5
ශතකයට	5
maria	5
smiles	5
feet	5
රකරණ	5
එමක	5
fibonacci	5
died	5
knows	5
makes	5
fool	5
grenade	5
asis	5
circle	5
forward	5
ඉහත	5
easy	5
කසය	5
hadn	5
ඌටම	5
tomasso	5
කලවට	5
dominic	5
අතඇරල	5
spoon	5
fir	5
port	5
arm	5
මලට	5
myself	5
ගතකරල	5
daughter	5
evil	5
pen	5
රහනයට	5
archer	5
isi	5
road	5
ඉවතලන	5
ඝටනය	5
උවද	5
ගනනක	5
සරදමට	5
පනහ	5
té	5
wingardium	5
atc	5
බරද	5
lg	5
emotions	5
ෂම	5
මවන	5
isabelle	5
enemy	5
dumpling	5
ඇටද	5
scpd	5
gifford	5
looks	5
pamela	5
රහසද	5
electric	5
ඇදක	5
scc	5
suffer	5
ඉවරම	5
daddy	5
රමණයකට	5
gum	5
bonds	5
moonlit	5
golden	5
fiddler	5
break	5
lr	5
update	5
beloved	5
අසරණය	5
dismantle	5
ගතවන	5
අටවන	5
තරනය	5
marcus	5
escape	5
රජකම	5
මසකට	5
dog	5
piece	5
xbox	5
timpani	5
vé	5
තලල	5
ngo	5
පහරන	5
winterfell	5
colwyn	5
rti	5
dayton	5
උද	5
එනවල	5
ooh	5
bill	5
eng	5
web	5
eif	5
elvish	5
ලව	5
thought	5
ph	5
open	5
petrol	5
ඇළට	5
electricity	5
පණට	5
voice	5
අගනගරය	5
follow	5
swines	5
leung	5
robb	5
judge	5
ආදරයකට	5
kohomd	5
unstoppable	5
එතනද	5
මගද	5
being	5
kvud	5
බයම	5
pp	5
brown	5
මය	5
උල	5
usb	5
line	5
bay	5
chicago	5
ha	5
nt	5
living	5
command	5
translated	5
gift	5
coast	5
vlad	5
කරනවටද	5
eives	5
gregor	5
pack	5
super	5
doro	5
jenkins	5
taking	5
watch	5
veyi	5
ctrl	5
සමබරව	5
cold	5
උකස	5
larx	5
tywin	5
ගණ	5
marcee	5
hardy	5
රතම	5
gamgee	5
court	5
agent	5
rules	5
ranko	5
ඔතනටම	5
lux	5
harold	5
hazmat	5
මකරව	5
vec	5
අලවන	5
ressler	5
africom	5
uv	5
voila	5
යක	5
mount	5
සමට	5
ගගන	5
hear	5
pak	5
hok	5
poseidon	5
තරඟයකට	5
ngai	5
use	5
පටලව	5
its	5
andromeda	5
daniel	5
රඟහල	5
brain	5
lake	5
toc	5
beth	5
දහම	4
ඔයද	4
gasps	4
දමල	4
lazarus	4
eunarach	4
අඬනවද	4
glioblastoma	4
bransonට	4
fallen	4
dirt	4
එයටම	4
යයකට	4
මකරට	4
da	4
virgin	4
වඩන	4
paul	4
ely	4
පලන	4
සරළව	4
things	4
සමනළ	4
උමට	4
galactic	4
pit	4
carirïo	4
romnia	4
outside	4
model	4
ජයව	4
apu	4
පහරක	4
despairing	4
door	4
knights	4
katisha	4
andre	4
thunder	4
ir	4
bernd	4
nato	4
ඡය	4
acu	4
අමතකම	4
biermann	4
vfr	4
case	4
vicit	4
multiforme	4
gbm	4
ගලකට	4
century	4
ගලක	4
history	4
wybs	4
fetch	4
ගදර	4
helu	4
ජයටම	4
hang	4
තරහකට	4
පතනය	4
ohh	4
ariadne	4
filet	4
auspicious	4
music	4
cover	4
actually	4
learnt	4
quarrel	4
race	4
lovers	4
serious	4
හරවනව	4
praise	4
age	4
heat	4
filling	4
trapped	4
trouble	4
moving	4
falls	4
janny	4
send	4
isaac	4
problem	4
enjoy	4
attention	4
late	4
bucks	4
ends	4
earth	4
kormamin	4
quickly	4
engine	4
everybody	4
point	4
wrapped	4
pier	4
quarters	4
fentanyl	4
kendall	4
fad	4
visual	4
cards	4
border	4
depth	4
shines	4
minute	4
less	4
body	4
pain	4
waiting	4
රජකමට	4
faster	4
stranger	4
mgm	4
procession	4
wedding	4
already	4
speaks	4
damsel	4
most	4
closer	4
victory	4
einstein	4
neils	4
කවම	4
flood	4
හරක	4
job	4
ළමයද	4
ඇඳක	4
gpc	4
මරණයද	4
underhill	4
showing	4
කරනන	4
bank	4
took	4
ncr	4
bag	4
fortune	4
නටනවට	4
smith	4
adam	4
bree	4
begin	4
kim	4
guys	4
තදබදයක	4
කරකවනව	4
victoria	4
volturi	4
aro	4
double	4
නළලට	4
haj	4
khalakka	4
dothrae	4
ab	4
khal	4
create	4
rangoski	4
came	4
vardis	4
වඩකට	4
deal	4
landing	4
thrones	4
christmas	4
program	4
ass	4
responsible	4
dry	4
believe	4
killing	4
yusuf	4
ගගහ	4
start	4
waterfall	4
අරගලය	4
nature	4
busy	4
යහ	4
අවශය	4
අහළ	4
marry	4
brought	4
angeles	4
afraid	4
alice	4
lasts	4
ga	4
පවරන	4
මවනව	4
යනබව	4
airbender	4
file	4
sharing	4
downloading	4
අවයවය	4
awvr	4
toro	4
defcon	4
lindua	4
bold	4
fnbritannic	4
කවරයට	4
schmidt	4
ඔඉ	4
niner	4
jhoom	4
skjoldmø	4
dot	4
feelings	4
ඌද	4
mary	4
creation	4
working	4
evaluation	4
somewhere	4
making	4
හදවතකම	4
fix	4
alive	4
හපනවද	4
ගට	4
prius	4
whatever	4
moscow	4
cannot	4
mac	4
honor	4
tum	4
crossed	4
trial	4
land	4
tiger	4
ලත	4
රඡය	4
දඩය	4
සමකයට	4
md	4
රහක	4
herbal	4
hardware	4
මදය	4
කකට	4
අඟවල	4
පදනමට	4
මරණඑක	4
කඩයකට	4
rongaire	4
behind	4
රයද	4
ගතකල	4
අතක	4
claudia	4
sighs	4
jp	4
pg	4
vimukthi	4
shan	4
එලට	4
මරණවලට	4
පලකය	4
cpl	4
එයලව	4
chinese	4
වගයක	4
mව	4
නයට	4
මරවනව	4
පලනව	4
අගවන	4
hp	4
heimdall	4
science	4
නමයම	4
iiii	4
ඇරලද	4
බලට	4
හඟවන	4
cry	4
balorum	4
wonder	4
joel	4
උඩකට	4
anymore	4
played	4
shore	4
rush	4
shining	4
මලයව	4
rd	4
sec	4
ngri	4
cause	4
gay	4
අවහම	4
ලගක	4
හමබ	4
මරලද	4
අදර	4
advanced	4
නහ	4
ගමනම	4
සමහරවට	4
story	4
mtr	4
patriot	4
පතර	4
village	4
සමයක	4
poltava	4
anubis	4
පතලක	4
ජනපදයම	4
ආවරන	4
merrily	4
friends	4
chambers	4
udara	4
උඹවම	4
issy	4
ඈට	4
ravindrahansaka	4
උබලද	4
උය	4
හදවතම	4
pbc	4
සට	4
explain	4
එබ	4
record	4
දබරය	4
punch	4
කටම	4
gunasekara	4
කටටම	4
පම	4
සව	4
cool	4
eq	4
alohomora	4
eye	4
ළමයම	4
අගලකට	4
යනවග	4
valley	4
quick	4
heave	4
cs	4
ගවට	4
ඇබය	4
carlos	4
mackerel	4
ආහරයට	4
phantoman	4
පනහට	4
woods	4
prison	4
තදකර	4
කරකවල	4
driver	4
dvdrip	4
breeze	4
සගයව	4
flight	4
monsieur	4
psp	4
mill	4
tungට	4
congratulations	4
keefeව	4
hands	4
නමටද	4
කය	4
srt	4
කමක	4
අතම	4
අවර	4
jean	4
poker	4
chin	4
dinushka	4
lisa	4
වසරට	4
දමනව	4
rome	4
chow	4
set	4
උනව	4
county	4
cook	4
සකල	4
california	4
squirt	4
blanca	4
consolidator	4
පලනය	4
carlinville	4
ඉළගට	4
blam	4
ලගටද	4
rattlesnake	4
cfo	4
ad	4
van	4
කරනය	4
uav	4
blagn	4
etkoŧ	4
hpoyi	4
joseph	4
carmanto	4
සහයද	4
kena	4
සහයකයව	4
vk	4
තරලය	4
kisim	4
puṇci	4
vous	4
il	4
asiri	4
උයනවද	4
gpa	4
rêl	4
monaco	4
evian	4
තදබද	4
වසන	4
gcpd	4
ඕනකම	4
එලවල	4
ගඳට	4
łmyó	4
අජයට	4
වචනයක	4
tutiyi	4
ගණකය	4
íŧps	4
happens	4
pođ	4
chitchat	4
වටකරල	4
ඒවමද	4
nerve	4
loku	4
pvul	4
wrecker	4
අගයකරනව	4
tsa	4
හඳවත	4
slkuńk	4
upyagt	4
magnum	4
mék	4
උපකරනය	4
ඔබලව	4
spirit	4
pr	4
ahn	4
නමයකට	4
avul	4
ආදරබර	4
ehe	4
පරණද	4
මතල	4
ඕඩරය	4
එවනවද	4
drablow	4
ගණක	4
තරණ	4
thush	4
miller	4
schiaparelli	4
cell	4
ගමටද	4
dumb	4
ඇයවද	4
krnv	4
corvinus	4
shot	4
morgul	4
පලවන	4
corvinව	4
oliviaව	4
lida	4
fucking	4
cdcට	4
grenades	4
corvin	4
උපරණය	4
tachyonic	4
eva	4
අතරමඟ	4
අසලම	4
bub	4
pt	4
kowalski	4
weathervane	4
ගසන	4
du	4
ඔබය	4
poof	4
washington	4
රහන	4
osgiliath	4
vl	4
කඩනවද	4
කරනලද	4
step	4
constable	4
keckwick	4
සසඳල	4
val	4
bb	4
tie	4
යඹ	4
අගටම	4
anyway	4
තනන	4
nvt	4
සමරනව	4
band	4
yellow	4
ow	4
college	4
jerry	4
fixed	4
රචනයට	4
vtur	4
force	4
sé	4
කරදරවල	4
obig	4
ŧút	4
krnva	4
éomer	4
රවන	4
sherman	4
metnin	4
mp	4
nmk	4
cpa	4
hrt	4
කවදක	4
රයම	4
වරල	4
gender	4
êyi	4
shirley	4
ynඑක	4
bbc	4
đr	4
fair	4
nisa	4
hdn	4
වලහ	4
sher	4
dhs	4
pip	4
fangorn	4
digŧm	4
kvdavt	4
university	4
පයට	4
ft	3
ඒකල	3
ලවන	3
දරණ	3
destruction	3
bonsoir	3
සරළවම	3
hitn	3
rejected	3
asked	3
april	3
powers	3
leticia	3
resort	3
wake	3
sort	3
dspට	3
delhi	3
used	3
තරමකට	3
wearing	3
plaza	3
christian	3
danny	3
abruzzi	3
ඇදකට	3
lattes	3
භයනක	3
පදවනවද	3
bones	3
srilanka	3
prad	3
biy	3
වසය	3
අහසම	3
බතල	3
faa	3
තරගවල	3
miracle	3
එපමණද	3
freedom	3
ira	3
within	3
oss	3
ctf	3
මරනවට	3
clothes	3
ඔපය	3
bac	3
බලකරනව	3
bear	3
pal	3
angel	3
hanson	3
පහලද	3
suicide	3
තලනව	3
kmk	3
programming	3
බසරය	3
impossible	3
matty	3
ynv	3
කටද	3
nugget	3
par	3
ka	3
iove	3
එතට	3
අහර	3
kła	3
sora	3
capcom	3
shark	3
එකගව	3
ca	3
යටටම	3
මතත	3
thrown	3
ජනරජ	3
su	3
pis	3
et	3
හරඹ	3
blaustein	3
piercing	3
kotoba	3
mochas	3
dip	3
sp	3
honeybunny	3
nvd	3
cove	3
නමයක	3
අසහනයකටද	3
noburu	3
අදහසද	3
gen	3
daylight	3
zavodovski	3
apollo	3
gray	3
jpl	3
mercer	3
draco	3
security	3
bird	3
aur	3
කමද	3
තදබදයට	3
real	3
side	3
ex	3
raisinets	3
ins	3
hernan	3
පණය	3
oxygenator	3
compass	3
trapeze	3
fusco	3
මහළට	3
suit	3
රශන	3
බදය	3
වහලයට	3
dangerous	3
anyone	3
හවසම	3
exile	3
gold	3
bsf	3
favela	3
රමයම	3
approve	3
වරදක	3
potato	3
කරය	3
moneylife	3
gone	3
pyramid	3
birds	3
උකසට	3
බලගන	3
nyu	3
achilles	3
different	3
mêren	3
පරදවන	3
කටවහ	3
ඝනකම	3
දහයද	3
nvne	3
reclaimer	3
hips	3
mgen	3
chronicles	3
ඇදගන	3
casa	3
හයටම	3
gonna	3
soldiers	3
pén	3
casterly	3
ඇපය	3
ඌරට	3
mŧt	3
mahendi	3
dengue	3
eeg	3
තරඟවලට	3
pd	3
bran	3
අඟලකම	3
daler	3
mojo	3
others	3
dk	3
heard	3
දහන	3
mae	3
rsa	3
quietly	3
turns	3
apologize	3
tm	3
vitryi	3
kêmti	3
කඳ	3
china	3
bomb	3
apé	3
ගදගහන	3
අදමය	3
jra	3
group	3
krl	3
mokd	3
national	3
පවසනව	3
stark	3
අතලග	3
kol	3
තත	3
බක	3
මමය	3
erase	3
bé	3
feeling	3
built	3
එලවනවද	3
hêm	3
වළට	3
ley	3
tc	3
bonjour	3
station	3
endless	3
anit	3
twitter	3
india	3
bygul	3
ජරමර	3
උසද	3
miŧ	3
bjorn	3
row	3
ගගක	3
avulk	3
මළගමට	3
බරටම	3
dan	3
අසරණකම	3
ls	3
begun	3
හදහන	3
uné	3
vêđ	3
vlŧ	3
fighting	3
hours	3
whale	3
se	3
eyal	3
memory	3
romeo	3
ukmto	3
rhaesheseres	3
wilma	3
යතන	3
witches	3
නමම	3
ied	3
plaît	3
hen	3
neck	3
difficult	3
මවද	3
optimum	3
හලල	3
iz	3
ගහගන	3
maan	3
ntv	3
ayin	3
අවශ	3
quarnyx	3
තරහවට	3
ps	3
michelle	3
උමඟට	3
bee	3
eat	3
post	3
වලය	3
crowned	3
maker	3
සලකනවට	3
අඹරන	3
mountains	3
bmc	3
fault	3
ආවරණයකට	3
coeur	3
brisé	3
château	3
strip	3
blanc	3
audi	3
law	3
jk	3
den	3
sos	3
පලල	3
artificial	3
oncologist	3
sat	3
env	3
ehenm	3
දශකයට	3
kp	3
lgn	3
කටක	3
cpu	3
basic	3
wanted	3
සරවන	3
tênk	3
ආගමක	3
wasn	3
කඩනවට	3
mosquito	3
gihin	3
such	3
vêđk	3
uŧ	3
limpinski	3
knowhere	3
උභට	3
uawc	3
tma	3
joffrey	3
mé	3
dad	3
hêmóm	3
ta	3
pycelle	3
free	3
jazz	3
කලහ	3
jacques	3
aside	3
දගලනවද	3
riverlands	3
britt	3
amazing	3
ralph	3
sensei	3
ramrod	3
straightened	3
notre	3
dame	3
vietnam	3
max	3
riddle	3
sending	3
invitations	3
lawrence	3
feast	3
nelec	3
චර	3
doe	3
herman	3
christ	3
sultry	3
වටහ	3
nazi	3
cargo	3
pruitt	3
mischievously	3
withdraw	3
hunchback	3
sensuously	3
um	3
argo	3
gbmlr	3
matched	3
burn	3
නලයක	3
dawned	3
signal	3
හපනව	3
ඕයට	3
palanquin	3
express	3
umm	3
acpව	3
seeing	3
passionately	3
reimann	3
blowing	3
happiness	3
exuberant	3
chases	3
isbn	3
දනනව	3
හබල	3
torture	3
carnegie	3
vicky	3
manhattan	3
kakinada	3
marked	3
kaikalur	3
prayers	3
temple	3
lfyou	3
ganesh	3
nor	3
kanipakam	3
function	3
average	3
kotappakonda	3
evening	3
simhadri	3
beam	3
venkateshwara	3
astrologer	3
philosophy	3
dreams	3
long	3
drown	3
ancestors	3
නතරකරන	3
delicacy	3
horoscopes	3
කවනව	3
engulfed	3
දණගහනව	3
chain	3
third	3
entering	3
romance	3
ford	3
ssr	3
youthful	3
bored	3
odds	3
attending	3
loved	3
studying	3
books	3
netflix	3
enthusiasm	3
dogs	3
neighbour	3
hears	3
dizzy	3
curves	3
rains	3
souls	3
appeared	3
skipping	3
elapsed	3
මකන	3
swimming	3
leap	3
everyday	3
consider	3
mischievous	3
spectator	3
clouds	3
lines	3
decency	3
alladin	3
fathom	3
swinging	3
waves	3
hanuman	3
symbol	3
bears	3
flag	3
seetharamaraju	3
beta	3
locke	3
ඔයලට	3
prowess	3
chariot	3
situation	3
accordingly	3
learn	3
shine	3
ගලවනවද	3
bund	3
godavari	3
gush	3
tvs	3
රබ	3
descend	3
december	3
reaches	3
fans	3
hail	3
amongst	3
greats	3
struggle	3
shrunk	3
warriors	3
spiritedly	3
flowing	3
රඳවනය	3
battlefield	3
determination	3
crises	3
surf	3
mariana	3
sown	3
seeds	3
youthfulness	3
livingston	3
sari	3
using	3
bait	3
iphone	3
ischemia	3
trance	3
hid	3
elves	3
රබලම	3
funny	3
greetings	3
madam	3
වහළය	3
supplying	3
soda	3
narammala	3
සය	3
වරදම	3
crept	3
displaying	3
hidden	3
eivish	3
තක	3
growing	3
st	3
drawn	3
crosses	3
dni	3
throwing	3
whirlpool	3
zip	3
oxford	3
zeta	3
castles	3
artery	3
dwarves	3
paddle	3
female	3
wish	3
refuse	3
fated	3
eirond	3
lesabre	3
idea	3
gushing	3
waters	3
sailing	3
gianna	3
pony	3
බලකරල	3
steal	3
lfl	3
kind	3
scoundrel	3
plower	3
crowning	3
samuel	3
aaa	3
meredith	3
astrodynamics	3
එලටම	3
dady	3
cash	3
azazel	3
vision	3
iris	3
bob	3
mommy	3
villa	3
westmont	3
හරයට	3
damn	3
aware	3
ld	3
avenida	3
ඔරවන	3
versailles	3
cecause	3
ජර	3
iteration	3
breathe	3
relax	3
lts	3
lavene	3
කඩක	3
feds	3
අරකව	3
පථයක	3
percocet	3
threat	3
fisher	3
mobile	3
fill	3
form	3
mists	3
empire	3
block	3
girlfriend	3
wafers	3
owen	3
අරඹ	3
found	3
howard	3
අවසරද	3
hoton	3
තරණයට	3
dwp	3
pulitzer	3
jasmine	3
මහතද	3
atlanta	3
උපයනවද	3
zulu	3
tahiti	3
season	3
fyi	3
චපල	3
අභ	3
ncis	3
වසඟයට	3
යනමඟ	3
ryan	3
කලක	3
පනතට	3
allen	3
ආකරයට	3
gia	3
ofthe	3
රහසන	3
ගහනවට	3
vi	3
valkyrie	3
amy	3
titanic	3
rose	3
sanentur	3
vulnera	3
sectumsempra	3
rosa	3
ocenic	3
ඒකකට	3
ළගද	3
යපනය	3
කටවහනව	3
නගල	3
කරදරයකද	3
ch	3
කළද	3
යටද	3
teddy	3
ඇඟපත	3
seti	3
norad	3
subs	3
calm	3
athjahakar	3
වනයක	3
comes	3
bottle	3
together	3
mayday	3
cadillac	3
ursus	3
රජනක	3
chatni	3
aunty	3
girls	3
pete	3
ආද	3
chowk	3
chandni	3
callie	3
vow	3
same	3
eh	3
thomas	3
vibrators	3
ferris	3
visit	3
shikama	3
control	3
chip	3
passion	3
monica	3
bowl	3
brides	3
screen	3
shyness	3
අවසරපත	3
abode	3
ගණනට	3
toe	3
dowry	3
knot	3
tune	3
rule	3
bachelorhood	3
words	3
මඟට	3
flowers	3
බලලම	3
engaged	3
කතරක	3
හරව	3
උපකරණයකට	3
තදකරල	3
sadaruwan	3
devaka	3
lucy	3
composed	3
gazpacho	3
particle	3
මඩට	3
goodbye	3
ascension	3
agency	3
nine	3
තරඟයක	3
ඉඹ	3
spectre	3
shearwaters	3
pilot	3
අපතයව	3
kruger	3
goodnight	3
nikki	3
djamel	3
සඟවන	3
නහරවල	3
දගල	3
babies	3
royal	3
isla	3
action	3
sight	3
කරම	3
safe	3
අඟ	3
gun	3
samhain	3
flick	3
swish	3
hum	3
සලස	3
another	3
sets	3
වනගත	3
පටකය	3
hawlwadig	3
sniper	3
ඉහළටම	3
උරල	3
hunger	3
utv	3
බහට	3
negative	3
shovelhead	3
clock	3
second	3
උතසහ	3
රවනය	3
failure	3
havok	3
fish	3
treasure	3
කලබව	3
gas	3
dss	3
western	3
sobs	3
roll	3
trésor	3
avalanche	3
අතනද	3
herotruther	3
steve	3
hełidrv	3
අහලපහල	3
highness	3
scope	3
iay	3
loser	3
fm	3
wolfie	3
pinochet	3
kortus	3
enter	3
schafer	3
බලකරන	3
dinner	3
රටටද	3
bul	3
concrete	3
gisela	3
korean	3
marshall	3
eyŧ	3
gé	3
quil	3
howdy	3
jedidiah	3
eytukan	3
kia	3
palgrove	3
sister	3
spoons	3
ඇටයට	3
gavŧ	3
anybody	3
tommy	3
erm	3
player	3
homey	3
crown	3
page	3
stuart	3
kitt	3
exploit	3
අගයට	3
eric	3
ඉවරකරන	3
මජ	3
hop	3
meriadoc	3
pie	3
va	3
barbara	3
apes	3
alora	3
dorothea	3
missing	3
උයනව	3
othello	3
ෂටලය	3
ඇසකට	3
paďk	3
සරඹ	3
victor	3
marx	3
යසනය	3
tnt	3
රභ	3
රඳවල	3
oogways	3
tn	3
language	3
උයල	3
simon	3
comin	3
mickey	3
penises	3
lunuwilage	3
රථමව	3
සපල	3
ingen	3
rue	3
toys	3
කවදම	3
මළල	3
woow	3
ki	3
hindi	3
ඒමත	3
spy	3
ආචරණය	3
haldir	3
terry	3
kiyld	3
ඔනවට	3
hotel	3
උගසට	3
tamil	3
mokut	3
brego	3
worth	3
kmc	3
වටයකට	3
null	3
ankles	3
tim	3
switch	3
felicia	3
wolf	3
rh	3
favor	3
lêp	3
rapid	3
sheep	3
ccpn	3
හදලද	3
nlv	3
තදබදයකට	3
අඟවන	3
nd	3
hewa	3
schuster	3
united	3
asp	3
kimbulek	3
පදවනව	3
රණයක	3
marl	3
mystique	3
peanut	3
බමන	3
lx	3
අපගත	3
gl	3
යයව	3
iso	3
ccr	3
latest	3
asperger	3
එළලන	3
viper	3
fairy	3
තරගයකම	3
settle	3
emily	3
වසගකර	3
මගක	3
වරයට	3
banshee	3
patou	3
muhuń	3
අතරටම	3
ඔබමද	3
grave	3
සදහට	3
iii	3
ඇරලවනවද	3
රවනව	3
protect	3
aye	3
february	3
rabanne	3
මලල	3
dekŧ	3
පතය	3
ගනණය	3
cueing	3
syndrome	3
products	3
කපනවද	3
royce	3
denzel	3
වරක	3
houston	3
ලමයද	3
housekeepers	3
රහද	3
margaritas	3
අසබඩ	3
ekk	3
better	3
wiseberger	3
lpy	3
zee	3
full	3
paluyi	3
නලව	3
freddy	3
international	3
eyalv	3
aki	3
tub	3
ds	3
clearwater	3
secret	3
මළගම	2
යවශය	2
cbs	2
operation	2
ඇරලවල	2
gođk	2
ber	2
error	2
හටද	2
ජජජ	2
abu	2
nêhêné	2
sugar	2
catcher	2
philanthropist	2
precession	2
haleth	2
ŧut	2
roulette	2
රජනන	2
decided	2
tea	2
poo	2
cheer	2
රහම	2
naş	2
nanny	2
heterochromia	2
buco	2
anchovy	2
chaipiyoji	2
heartbeat	2
caddyshack	2
helicopter	2
licorice	2
island	2
වචනවල	2
eyeballing	2
පහරම	2
lumos	2
boulevard	2
අණකට	2
raid	2
සඳහටම	2
example	2
stupefy	2
kinks	2
class	2
brothers	2
ඉඹල	2
haven	2
stalingrad	2
french	2
telegram	2
කටහඬකට	2
composée	2
dkuńŧ	2
foie	2
gras	2
diy	2
patootie	2
rat	2
කදට	2
swallow	2
oyster	2
butthole	2
අසලටම	2
යබව	2
herr	2
kentucky	2
gesell	2
locker	2
florida	2
බඩකට	2
ඊටම	2
gods	2
බයකට	2
cnsa	2
ආභරණය	2
ඉමත	2
rolex	2
ඔඹ	2
එවලද	2
කවනවද	2
ළඟක	2
kpg	2
උරණ	2
held	2
harry	2
mghêruń	2
dying	2
avat	2
düsseldorf	2
front	2
pta	2
අගයකරන	2
cxwwedfxzs	2
අරඹන	2
floor	2
thirty	2
මලම	2
jackpot	2
ace	2
pick	2
ave	2
blackmail	2
වනනව	2
vandervoort	2
training	2
flush	2
බළ	2
උවමන	2
බලද	2
ignition	2
wafer	2
connection	2
extraordinary	2
individual	2
ඉඟ	2
රටවලට	2
aj	2
easton	2
දහමට	2
test	2
yep	2
lucky	2
ආආ	2
brains	2
shrugs	2
tomahawk	2
husband	2
hendryට	2
percy	2
frost	2
preflight	2
hellfire	2
sitting	2
leroy	2
sense	2
trek	2
yt	2
reservoir	2
secretary	2
information	2
howart	2
nikm	2
battles	2
බලපත	2
bro	2
philanderer	2
පහද	2
වගට	2
impressed	2
family	2
මඔ	2
නහයකට	2
නරඹන	2
cpr	2
tron	2
san	2
oak	2
keeping	2
fred	2
kardashians	2
assure	2
crythin	2
douche	2
tony	2
අපවහන	2
යලයට	2
තකන	2
hiv	2
quinta	2
juvenile	2
saffar	2
කසන	2
රඳවන	2
ssbi	2
raju	2
shopping	2
monster	2
crewe	2
florence	2
sydney	2
enemies	2
pegasus	2
gets	2
dysreflexia	2
whimpering	2
minas	2
වවන	2
muck	2
hovel	2
djinns	2
maidenhead	2
shitting	2
herself	2
planitia	2
titan	2
charon	2
eusebios	2
acidalia	2
mombasa	2
ඵලක	2
එකර	2
subete	2
sheinkopf	2
kokoro	2
cojones	2
nico	2
dwi	2
liege	2
kimi	2
leslie	2
පළකල	2
ඔකම	2
nikita	2
admirari	2
cambay	2
භයද	2
සරදම	2
භයටද	2
trapeza	2
වචනයකටම	2
rod	2
mattress	2
තරගකරන	2
ásm	2
search	2
කළහ	2
quinn	2
kambay	2
පහරකට	2
nalsar	2
linc	2
blinding	2
morrow	2
inhaler	2
nazgul	2
kelly	2
sisler	2
bego	2
olympus	2
marmara	2
bumper	2
kocchi	2
muite	2
per	2
ficus	2
ඇතක	2
fur	2
paper	2
yatta	2
cube	2
වනන	2
reverse	2
cookies	2
rick	2
kpv	2
proven	2
tech	2
hurricanoes	2
paradox	2
getoff	2
jd	2
dwight	2
dvr	2
සභ	2
sanford	2
රබවය	2
warren	2
whose	2
බවය	2
ice	2
ofloxacin	2
අවශයය	2
shouldn	2
feedback	2
ekek	2
string	2
egao	2
beginners	2
nannen	2
tatte	2
iezuini	2
itsumademo	2
kienai	2
tarinai	2
sonent	2
bukiyouna	2
hibi	2
futari	2
hatsukoi	2
හරකට	2
අදහනවද	2
unabomber	2
methinks	2
smurf	2
dawn	2
loco	2
ts	2
dawg	2
නසන	2
pin	2
කථනය	2
කථන	2
address	2
zigbee	2
sn	2
lapua	2
අපල	2
උපතට	2
වයබ	2
ඉසසරහට	2
sevdaliza	2
adhd	2
boris	2
කරනඑක	2
trampoline	2
kêmtiyi	2
ආයතනයකට	2
creatio	2
laughs	2
ump	2
han	2
picture	2
අතලඟ	2
neméd	2
hurtl	2
osso	2
බලඝනය	2
gate	2
hell	2
xvid	2
farkle	2
රළපහර	2
sampath	2
keystone	2
cleveland	2
සමකල	2
keystoneවල	2
වදවන	2
central	2
එකන	2
barbargos	2
sforza	2
edmundi	2
exio	2
capisci	2
lorenzo	2
giovanniව	2
confidantiere	2
barbarigos	2
isengardවල	2
anzono	2
sant	2
lineage	2
ihop	2
creed	2
yoo	2
cattleya	2
dragons	2
envy	2
recon	2
spaghetti	2
tale	2
cruiser	2
chantelle	2
ඔත	2
රදවන	2
andretti	2
vicodin	2
assassin	2
පකය	2
chamber	2
fifi	2
නමකට	2
region	2
මලද	2
owis	2
දක	2
අවශයද	2
මකද	2
anderstand	2
dra	2
හසල	2
තරනක	2
නරථනයට	2
schweitzer	2
vaksbondsman	2
license	2
idfl	2
subscrew	2
execue	2
giant	2
crew	2
ඒඅ	2
trust	2
giants	2
පරද	2
වනසල	2
යසනයක	2
ascii	2
එතනබව	2
fergus	2
නවන	2
ඉඩමක	2
tu	2
honey	2
walakumbura	2
sandamali	2
copyright	2
standing	2
අගනගරයට	2
emails	2
ඹද	2
nem	2
butchers	2
රඟමඩල	2
මසට	2
lou	2
roger	2
traffic	2
sell	2
දනවද	2
ඉරනය	2
පටවල	2
president	2
twenty	2
එයම	2
tough	2
දහයටම	2
nassau	2
ආදරයම	2
ඝනය	2
අපහට	2
ආශය	2
dingle	2
entire	2
schnitzel	2
devil	2
subtitled	2
dharshana	2
nishantha	2
kurt	2
kampuchea	2
bone	2
rico	2
krom	2
sars	2
mers	2
ben	2
නඟරවල	2
sanctum	2
mall	2
cruise	2
වසයකට	2
problems	2
hollowayට	2
achieve	2
ඊය	2
අමනයව	2
ඔමට	2
corn	2
යයනයට	2
ඔම	2
nûmenor	2
modor	2
maman	2
biggest	2
trigeminal	2
යනයට	2
gandalfට	2
tail	2
larde	2
osveta	2
delishus	2
vamos	2
berlin	2
oppenheimer	2
september	2
බලකරලම	2
worker	2
ranasinghe	2
lgyi	2
ආවරණයක	2
chinthaka	2
praneeth	2
brother	2
lpyó	2
balrog	2
maine	2
corners	2
දශමය	2
stills	2
labs	2
රමවලට	2
හතටම	2
latigos	2
gentlemen	2
orpheum	2
verdacp	2
dos	2
cock	2
dammit	2
isles	2
ramp	2
blanquita	2
went	2
marnas	2
sox	2
breuer	2
rte	2
alert	2
vigenere	2
extreme	2
cipher	2
corne	2
පතට	2
දහසය	2
familiar	2
mail	2
gibson	2
gamling	2
dig	2
eyalŧ	2
තපස	2
පනහකට	2
falling	2
rna	2
helven	2
දහසක	2
background	2
darn	2
උපයල	2
ඖෂද	2
grade	2
monva	2
ugh	2
අලය	2
entered	2
bkgmmon	2
rapunzel	2
medpod	2
කරදරද	2
bindiya	2
cracker	2
keeps	2
dabbur	2
zann	2
avsr	2
එකමත	2
overslept	2
හඞ	2
champagne	2
sig	2
eowyn	2
presence	2
පදවනවට	2
vis	2
journey	2
වදන	2
ibuprofen	2
accede	2
colonia	2
soul	2
dignidad	2
stand	2
vcr	2
ඒකග	2
අඩකට	2
ඔඉත	2
ලනගට	2
harvard	2
shalowitz	2
vin	2
hpl	2
hamid	2
klé	2
thingy	2
elsmore	2
galadriel	2
වචනවලට	2
preston	2
කතව	2
knicks	2
lêhês	2
උඹබ	2
caradhras	2
ino	2
femoral	2
balin	2
mahana	2
mithril	2
ski	2
jumper	2
බම	2
ios	2
තටම	2
bare	2
athelas	2
බන	2
bon	2
itiṇ	2
revires	2
තරගවලට	2
සමරණ	2
banville	2
පලද	2
morse	2
තවත	2
ෂණයට	2
ross	2
rachel	2
shannara	2
overcome	2
williams	2
twilight	2
ගමනද	2
මබ	2
pên	2
පරජය	2
vlige	2
kkulé	2
sameer	2
ඉහළයනව	2
කබලට	2
hackathon	2
mandira	2
wall	2
bitcoin	2
ආනට	2
අරයම	2
සපන	2
muslim	2
ආන	2
බරම	2
revirar	2
රසද	2
eothain	2
ln	2
newage	2
sevaiyyan	2
byvela	2
නගරයකටම	2
බවටද	2
buckland	2
jivtun	2
cbl	2
වමද	2
toby	2
atr	2
đó	2
සපථ	2
shampo	2
ආරකෂක	2
අවටද	2
මහළ	2
බබ	2
assay	2
bv	2
todd	2
macarthur	2
ipad	2
pca	2
රටව	2
delicious	2
ravel	2
wouldn	2
pasta	2
vn	2
පඹයට	2
computer	2
ඉරද	2
hêpuv	2
maggot	2
male	2
walmart	2
prancing	2
brooklyn	2
éothain	2
buubh	2
baggin	2
hoo	2
දම	2
disorder	2
dessert	2
lokken	2
freda	2
theodred	2
serior	2
raj	2
apatura	2
mta	2
brandybuck	2
rosie	2
santino	2
bagginses	2
ephinephrine	2
නක	2
බළල	2
burman	2
center	2
cassian	2
rum	2
clyde	2
heaven	2
වසද	2
lpyŧ	2
catwalk	2
නඩය	2
poindexter	2
ලපයට	2
deck	2
counts	2
sweep	2
වහලම	2
near	2
grou	2
පසකට	2
physics	2
verhamont	2
cole	2
russia	2
හඑට	2
soviet	2
ඉඩක	2
pea	2
කරත	2
සපයනව	2
සරසන	2
magneto	2
laced	2
fingers	2
jumps	2
lazy	2
pond	2
weighed	2
එලවනවට	2
elan	2
යවරයට	2
icbm	2
රගන	2
නන	2
රවණය	2
intel	2
අවද	2
loudspeaker	2
jamaica	2
approach	2
interpol	2
භයට	2
corner	2
හදහනට	2
ඔචර	2
indeed	2
alley	2
ඟග	2
බලගණය	2
කවච	2
blackjack	2
loading	2
සහයකයද	2
dock	2
සදන	2
අනගතය	2
element	2
මටමද	2
මඟකට	2
ttr	2
chances	2
සමයම	2
උරගල	2
oceanic	2
furious	2
ගතකරනව	2
උපකරණයකම	2
එබට	2
lye	2
නවවන	2
corsini	2
ඒනවද	2
කච	2
bond	2
හරයටම	2
නවත	2
healthy	2
ඟඳ	2
arathorn	2
emmett	2
months	2
teach	2
ladies	2
muerta	2
snip	2
eunuchy	2
lights	2
වමටද	2
trop	2
est	2
emerald	2
instagram	2
whitetip	2
rainbow	2
sammy	2
false	2
playing	2
ඔයම	2
sidewinder	2
pleasure	2
එද	2
එකකයට	2
අහලද	2
බරපත	2
cirque	2
baitfish	2
මනසකටම	2
පළලට	2
defibrillators	2
frigates	2
පහළවකට	2
ලඟකට	2
mola	2
gm	2
gipper	2
london	2
hemorrhoid	2
kraut	2
හලනවද	2
monkfish	2
dior	2
vampyroteuthis	2
beretta	2
gmt	2
පණත	2
scad	2
butterfly	2
රමන	2
ඔඉට	2
අතටද	2
portland	2
pager	2
රථවලට	2
flagstaff	2
hearts	2
boundaries	2
experienced	2
jennet	2
scorpion	2
march	2
cque	2
those	2
ella	2
sooner	2
track	2
frankenstein	2
fed	2
rollin	2
maritimus	2
අඟවනවට	2
අරගත	2
වහළ	2
forgive	2
austen	2
jhamak	2
event	2
heathman	2
keystar	2
hit	2
seem	2
nail	2
මතකයකට	2
ana	2
uđŧ	2
ordained	2
pairs	2
ආබරණය	2
අදහසම	2
thousand	2
බඳට	2
ෂටලයට	2
disdain	2
ලක	2
මලළ	2
speak	2
sd	2
kiya	2
ආයතනවලට	2
එළවනව	2
lu	2
ofmy	2
stolen	2
nay	2
admits	2
ctu	2
glance	2
steals	2
peeps	2
thread	2
silken	2
bridesmaid	2
đoj	2
zorda	2
කසපහර	2
tamaak	2
path	2
bombay	2
lizව	2
අකට	2
අසරණන	2
rabbit	2
කටහඩද	2
සරදමකට	2
explosives	2
ඉලඟට	2
එළම	2
ඹබ	2
මනබ	2
බරපතළද	2
සමනලයට	2
දඩයමකට	2
speed	2
lets	2
xට	2
entrance	2
ló	2
caria	2
exactly	2
bozo	2
helma	2
teams	2
jekyll	2
stevenson	2
ආයනය	2
ground	2
leviosar	2
betty	2
famous	2
halloween	2
dildos	2
syber	2
wishes	2
company	2
medication	2
space	2
delusional	2
හතරකම	2
rukhsar	2
sociopath	2
ආආආ	2
sachin	2
sketch	2
ties	2
තමට	2
hardwar	2
cum	2
achis	2
උබලම	2
ගහණය	2
ඒයට	2
හදව	2
ටය	2
අඩල	2
තරගක	2
knew	2
dropped	2
fund	2
දව	2
bloop	2
අසම	2
zoom	2
උදරය	2
තලයකට	2
empty	2
targaryen	2
ඟඟ	2
fly	2
ජනගහන	2
නටල	2
උරග	2
cersei	2
klassifieds	2
kansas	2
lz	2
sherloque	2
dancer	2
niymyi	2
according	2
හදවල	2
නමයට	2
පටයට	2
matara	2
එයද	2
ඕවද	2
đk	2
kick	2
පටවනවට	2
domani	2
afis	2
salary	2
advance	2
slkun	2
oyaŧm	2
accept	2
knute	2
bite	2
ban	2
ජනමත	2
ďan	2
dhinka	2
disturb	2
වළලල	2
due	2
ඉලපත	2
mulin	2
උපකරණයක	2
ඉලඇට	2
dvsk	2
along	2
mance	2
êy	2
slkuńŧ	2
chicken	2
kóńy	2
බටය	2
lakshmi	2
amos	2
cv	2
varé	2
jory	2
como	2
අයටම	2
grow	2
නරත	2
tuvé	2
machines	2
breaking	2
රවට	2
ඉකමනටම	2
nelson	2
anger	2
බලයද	2
dkin	2
kpc	2
ඉකමණට	2
අරග	2
යයම	2
bn	2
ඇඳගනද	2
arṇ	2
obsession	2
called	2
rhyme	2
audio	2
krgn	2
guiding	2
hubert	2
fat	2
lens	2
witness	2
thousands	2
pms	2
ඇඳකට	2
grey	2
fpga	2
අඔ	2
pronto	2
වටහල	2
iguana	2
කඳට	2
oyalŧ	2
sacrifice	2
monad	2
ඕඕ	2
උදව	2
bivryost	2
able	2
murder	2
limit	2
kapoor	2
stacksට	2
හතම	2
holiday	2
status	2
bringing	2
heads	2
paz	2
spinning	2
similar	2
සඳට	2
canoli	2
necklace	2
karvachauth	2
knee	2
නමයටම	2
felt	2
potosí	2
omnicorp	2
ජනපධය	2
chika	2
ektuvela	2
kunaŧuv	2
lgt	2
vtavk	2
hh	2
brandt	2
pap	2
gauguin	2
clegane	2
method	2
verstand	2
drummond	2
අඩනවට	2
master	2
holmes	2
මහර	2
cassiopeia	2
හමට	2
පණම	2
deductionist	2
meester	2
බයකරනවද	2
කඩවල	2
ඕකමද	2
doré	2
robotics	2
අදහසකට	2
district	2
franz	2
අණකර	2
almost	2
êdl	2
දවසකටම	2
ussr	2
forest	2
serving	2
vazhak	2
anha	2
lbadun	2
ward	2
risk	2
ês	2
drogo	2
kŧu	2
caesarean	2
govipl	2
goulash	2
eliyŧ	2
උබටම	2
nko	2
deliver	2
diha	2
dêm	2
footloose	2
syrio	2
wabash	2
aster	2
borgmann	2
septa	2
carey	2
monkey	2
ජනපධ	2
lysa	2
monvhri	2
achievement	2
dothrak	2
vaes	2
එඅ	2
uhh	2
belong	2
grabs	2
mudun	2
nagar	2
zombies	2
nrkm	2
angelique	2
kkulk	2
tunk	2
nêti	2
tachyons	2
shuai	2
important	2
hêmóŧm	2
dun	2
êti	2
මඩමකට	2
tuti	2
cooi	2
accident	2
ravi	2
tuval	2
eggnog	2
demands	2
ias	2
ආධරක	2
kissed	2
buddy	2
හඩපටය	2
hodyi	2
past	2
least	2
either	2
ané	2
hirvela	2
ucla	2
néd	2
බහක	2
ók	2
nidhs	2
දතකට	2
pn	2
අලසකම	2
upload	2
charge	2
hour	2
rebel	2
kńdu	2
ram	2
avŧ	2
තබනවද	2
vêđiy	2
country	2
කථනයට	2
රසරය	2
පහකටම	2
emr	2
අමග	2
යකරන	2
tam	2
jong	2
smaven	2
ඇසක	2
additional	2
මඩම	2
tiyagn	2
tsahik	2
beating	2
destructive	2
jarhead	2
ymu	2
stinky	2
අවරය	2
changing	2
rto	2
choi	2
rc	2
ecr	2
gamma	2
policemen	2
shuffleboard	2
eyagé	2
ධජ	2
rollerskate	2
itself	2
sérm	2
මරණයකම	2
above	2
completely	2
jjajangmyeon	2
උසක	2
kadhal	2
section	2
beatles	2
galilee	2
ඉණට	2
ආදහනය	2
උමබට	2
අවටම	2
qb	2
බලපතල	2
pirates	2
caribbean	2
broken	2
තලයක	2
රගමනය	2
option	2
left	2
wpc	2
ජඩ	2
dismantled	2
unobtanium	2
උඩක	2
jeong	2
atrmṇ	2
glock	2
tonight	2
යනන	2
éva	2
tides	2
අයවම	2
comming	2
diwali	2
මගඇර	2
අරවට	2
යවලම	2
shef	2
suspect	2
hdmc	2
hatred	2
නග	2
helov	2
sixteen	2
sta	2
nenat	2
bsc	2
elja	2
cr	2
word	2
quaritch	2
programs	2
immediately	2
filled	2
calls	2
vinaś	2
hurry	2
palace	2
nicu	2
guard	2
killer	2
koc	2
rama	2
gsw	2
enva	2
celebrate	2
වචනයකම	2
ඇරලවන	2
tmun	2
mul	2
ra	2
ohév	2
cho	2
cheque	2
grand	2
ên	2
trifectaඑක	2
womb	2
commissioner	2
adventure	2
arn	2
ඕප	2
moat	2
නඟර	2
berí	2
fda	2
faced	2
america	2
winter	2
insert	2
nda	2
soldier	2
eln	2
හදවතක	2
cds	2
දවන	2
bam	2
horn	2
mat	2
bunny	2
svr	2
whole	2
එපමණ	2
ආධර	2
inferno	2
troubleshoot	2
ain	2
ටයරය	2
disco	2
ටයර	2
áv	2
අපතයද	2
කමල	2
truth	2
kashmir	2
grande	2
මරණයම	2
අවගණනයට	2
watkins	2
legends	2
vav	2
පවරනව	2
indian	2
alut	2
ඉවට	2
gn	2
සගවන	2
sin	2
treated	2
lek	2
rjd	2
lamb	2
taxi	2
lying	2
yossarian	2
vgém	2
සමහ	2
වසලයට	2
pail	2
තළල	2
මනසකට	2
upset	2
stream	2
ŧik	2
kaly	2
මරණවට	2
hjorr	2
ŧikk	2
සමඟද	2
ec	2
amtk	2
generator	2
රජයද	2
ගරන	2
ඔකද	2
applied	2
crap	2
අඟවනවද	2
wants	2
රවටනවද	2
ආයතනයකටම	2
thinking	2
kyon	2
ehapêt	2
divert	2
rhys	2
beach	2
ten	2
hain	2
vu	2
aapke	2
සයනගත	2
liber	2
alone	2
kabhi	2
යකරණය	2
oppresso	2
mccartney	2
movie	2
deja	2
engeyum	2
oreo	2
ඍන	2
idf	2
කරනද	2
rathod	2
quarter	2
quell	2
billion	2
ගතකර	2
sad	2
avoid	2
ඟට	2
කඩයක	2
ncic	2
උගත	2
ජලයද	2
sls	2
camera	2
phu	2
krgen	2
සටහනක	2
commander	2
ඇතලට	2
ékt	2
drop	2
planned	2
අරයල	2
ඇදන	2
unot	2
sít	2
vicap	2
ඉනන	2
ඒතට	2
kaleŧ	2
aspergillus	2
අමකත	2
further	2
ඕනකමට	2
kids	2
shorty	2
joes	2
ඉලය	2
points	2
bêrivenv	2
ඒකය	2
riders	2
reading	2
edema	2
පඨක	2
steven	2
සරළම	2
gao	2
apart	2
que	2
kneef	2
grant	2
rebecca	2
bmw	2
quint	2
lsu	2
තට	2
hammer	2
ccs	2
diaz	2
fia	2
sera	2
nostrovia	2
lawyer	2
universe	2
මවනවද	2
low	2
auriga	2
ipit	2
foxtrot	2
janeiro	2
horse	2
ගඟබඩ	2
core	2
belly	2
huge	2
venuven	2
juice	2
coffee	2
scarletti	2
කපලම	2
lbj	2
goa	2
total	2
අචල	2
daniels	2
ted	2
neves	2
blunt	2
throw	2
illinois	2
officers	2
curse	2
wabarakatuh	2
ඉවරවන	2
rain	2
trauma	2
kunaŧu	2
legendary	2
following	2
σσσσ	2
peak	2
සදහම	2
letty	2
nebraska	2
parker	2
මනන	2
subzlk	2
ඇහට	2
yaa	2
cy	2
ava	2
ඔසවන	2
සබඳකම	2
media	2
eagles	2
candy	2
අරගලයට	2
boop	2
මනනද	2
piඑක	2
taught	2
alaikum	2
pretty	2
beyond	2
assalamu	2
flies	2
tread	2
වෂ	2
es	2
රශනය	2
millions	2
karaoke	2
fsb	2
crimson	2
pictures	2
greeting	2
walled	2
sleepover	2
conteh	2
බත	2
සපයල	2
ඇඩ	2
cocktail	2
keith	2
බවකට	2
having	2
bentley	2
month	2
companies	2
සමහරඅයට	2
brandon	2
stephen	2
nêd	2
shh	2
senior	2
telling	2
ouch	2
sas	2
idiot	2
chung	2
wheel	2
minister	2
ryójnvt	2
අගර	2
අදසහ	2
kinlaw	2
suite	2
මමට	2
pressure	2
mustn	2
සයන	2
oui	2
scream	2
neural	2
public	2
maricruz	2
delgado	2
fernando	2
cop	2
අහළක	2
led	2
schema	2
app	2
vanessaට	2
zbz	2
tokyo	2
software	2
gutter	2
pop	2
davis	2
hector	2
dough	2
වහගන	2
ඉහට	2
හවසකම	2
arigatou	2
siraj	2
යප	2
far	2
latour	2
එහ	2
brigade	2
velavk	2
නරකටම	2
raynaud	2
cntrl	2
හලන	2
busan	2
manner	2
pizza	2
crooked	2
ktx	2
chevy	2
sighing	2
භලගට	2
georgetown	2
cheval	2
magnate	2
පවර	2
commands	2
sala	2
smart	2
ගණනන	2
joke	2
garment	2
bella	2
ho	2
daytonට	2
dainty	2
ඇගම	2
ගනකට	2
හගවන	2
ආනමල	2
ගලනය	2
tatp	2
ආසනයක	2
confused	2
cpm	2
vuńa	2
dêkl	2
count	2
rta	2
වඩවන	2
èûõ	2
ගලවනව	2
එපවටම	2
මරනන	2
dave	2
jaeger	2
timms	2
leila	2
යයකටම	2
අටහ	2
පලයනව	2
casino	2
score	2
lose	2
ජව	2
ûáý	2
neroflurax	2
labor	2
තබ	2
ri	2
drakenkrijger	2
lataka	2
carlo	2
පදවගන	2
වතර	2
kara	2
chemo	2
නලයට	2
සවන	2
උඩටද	2
icom	2
ma	2
හස	2
victim	2
megan	2
අදවන	2
ජනගහණ	2
maryi	2
ළගටම	2
chato	2
suvd	2
nova	2
සදහ	2
shang	2
tic	1
preacher	1
seniorita	1
පහරමම	1
එකටඑක	1
pow	1
peel	1
ආයතනද	1
බහකට	1
gajani	1
swear	1
sajida	1
craft	1
sakharine	1
mahmood	1
දවසය	1
rewind	1
ඵඛම	1
denoff	1
පතව	1
novak	1
trez	1
ඵය	1
ඵකදවසකට	1
dawes	1
ඇඟකට	1
motivation	1
ipl	1
mackalak	1
අකරණ	1
azhar	1
ආකරෂණය	1
වසල	1
carp	1
pastry	1
lmran	1
රහණයකම	1
ඵකට	1
forces	1
barnaby	1
ගමනයට	1
hindu	1
alcohol	1
qaeda	1
qaida	1
capitante	1
righteous	1
kbc	1
lure	1
whoopee	1
satisfied	1
saviour	1
lompoc	1
රපටව	1
khushi	1
සමඟය	1
taggart	1
vegetable	1
chandler	1
favelas	1
zoo	1
moonlight	1
crescent	1
දහවලම	1
omar	1
නටලද	1
බයඋන	1
gham	1
simplex	1
impregnable	1
පටල	1
ජනපදයක	1
dearie	1
addeitiff	1
doa	1
කලදවස	1
එකලග	1
රකශ	1
maiden	1
damned	1
tarrow	1
නලල	1
කරනවල	1
sateme	1
ඔසවනව	1
සළඹ	1
miaට	1
zo	1
අනන	1
ගමද	1
ඕකටම	1
allowance	1
මච	1
repair	1
seals	1
prithee	1
හදවක	1
nisss	1
lzale	1
unhand	1
mer	1
samples	1
numero	1
groping	1
අමතකවන	1
gsp	1
escuzzi	1
සටලයකට	1
පවරණ	1
burp	1
johnව	1
southex	1
fit	1
zakidernes	1
shoreline	1
වහලව	1
lem	1
ආසවට	1
shuggair	1
එනනව	1
werthingtons	1
වදමල	1
කරනටක	1
icuc	1
veriscript	1
පටව	1
වයසම	1
අමතකකරල	1
රප	1
මටඔයට	1
ඉහ	1
manchester	1
කටකට	1
සටකපට	1
llc	1
amg	1
වඳකරල	1
fellas	1
ccd	1
skjoldmøernes	1
බලයටද	1
එවද	1
zaal	1
fo	1
dumas	1
dapa	1
niagara	1
gilmore	1
රශනයට	1
නඳ	1
edx	1
තරගට	1
උඔලට	1
ෂර	1
ඵකම	1
ecoutez	1
mii	1
රහසක	1
charger	1
homeland	1
කලත	1
koi	1
brennan	1
මටඒක	1
නතරකල	1
caucasians	1
jerichoට	1
benedicts	1
හමනවද	1
myriad	1
echocardiogram	1
oxygen	1
automaton	1
jenna	1
luke	1
helen	1
සමඟට	1
services	1
චහ	1
atlantica	1
ජනයට	1
miamiවල	1
canadians	1
sarah	1
sideshow	1
dodge	1
joão	1
maple	1
elliot	1
gaya	1
leblon	1
alemeida	1
ළඟකම	1
below	1
ironclad	1
ahem	1
තමඉ	1
ඉවරඉ	1
leblonවල	1
dspව	1
pad	1
බඹසර	1
ඔඹට	1
jannyට	1
guvna	1
dismissed	1
lorica	1
frs	1
ෂටල	1
dreamland	1
අවරණය	1
paradigm	1
rioවල	1
adrenaline	1
උහ	1
squamata	1
flipped	1
wayne	1
cliches	1
ඒබව	1
essentials	1
සදවසක	1
vts	1
hasina	1
ephinephrin	1
elena	1
hipaa	1
cardiothoracic	1
dextrose	1
ඇපකර	1
ගබඩවල	1
zakir	1
සළකල	1
vegas	1
borscht	1
léger	1
touffe	1
දඟලල	1
ඔයලව	1
ඉහවහ	1
agi	1
දමනවට	1
changed	1
hughes	1
ba	1
pup	1
singh	1
surface	1
madridවලට	1
accelerator	1
becky	1
puppy	1
නළලටම	1
chamallow	1
values	1
dynamic	1
massive	1
theater	1
මචන	1
zizi	1
doggie	1
රබළ	1
pendergrass	1
reed	1
anisakis	1
sikh	1
ecuador	1
graft	1
රෂණ	1
එලඹ	1
luther	1
ludwig	1
bypass	1
tac	1
ඵකද	1
අමත	1
torettoද	1
skjoldmøer	1
පවසනවද	1
bunkering	1
mph	1
azuna	1
excelsior	1
රබව	1
scenarios	1
fonseca	1
mex	1
ඉබලම	1
tex	1
santos	1
pearce	1
අවදනයට	1
terro	1
kitty	1
cabg	1
මරණයටද	1
wonders	1
අධමයට	1
රබලද	1
hallelujah	1
panero	1
community	1
trapezi	1
ඈගට	1
juvie	1
crackalak	1
coronary	1
tracy	1
tej	1
rua	1
nicoව	1
අතකම	1
pathak	1
කබරය	1
කනග	1
kong	1
weiss	1
අතගහන	1
hong	1
bali	1
pedanko	1
රසජනක	1
treating	1
imran	1
øj	1
melvin	1
mix	1
foods	1
කලඹන	1
source	1
stripes	1
යයවන	1
ewannam	1
කවලද	1
annie	1
crunchy	1
ඇඟවලටම	1
deposits	1
ඇගමත	1
මසටද	1
omega	1
khalasar	1
වඑ	1
ගනවනව	1
khals	1
uබ	1
aii	1
saja	1
mccoy	1
fin	1
ඝනකය	1
වලලල	1
jcmg	1
mordecai	1
barren	1
තමරට	1
ලබලද	1
oats	1
céline	1
stryker	1
eyrie	1
hannah	1
shawshank	1
zvezda	1
vroz	1
kurd	1
සයනය	1
haz	1
laughing	1
redemption	1
vale	1
montana	1
stock	1
හඬන	1
cupcake	1
creamy	1
jolin	1
devils	1
dany	1
kensho	1
lensherr	1
gromeko	1
vallarta	1
milt	1
souis	1
ciear	1
au	1
benjen	1
knife	1
බලතලවල	1
taquitos	1
ja	1
rounded	1
ath	1
telgnet	1
rambo	1
නරඹනවද	1
experimented	1
jakar	1
eliminated	1
wang	1
shafki	1
lew	1
mysterious	1
fits	1
gordy	1
hah	1
meant	1
rayderට	1
sonar	1
chiricahuas	1
puerto	1
taste	1
mtv	1
ඇගවලට	1
vezh	1
cerebro	1
oid	1
throats	1
මනවද	1
vicar	1
arakh	1
ufb	1
suckio	1
tawakof	1
richmond	1
hoofs	1
පලටද	1
shori	1
haker	1
bull	1
summers	1
lensher	1
dorne	1
burned	1
ඔල	1
azisa	1
robin	1
daisey	1
daenerys	1
kammuneh	1
linzට	1
capitan	1
tag	1
francis	1
බලනනව	1
guten	1
legs	1
grew	1
siapper	1
argentina	1
cola	1
bitburger	1
affin	1
hammed	1
baratheon	1
finest	1
mori	1
suits	1
ඒයටපහර	1
stefon	1
munem	1
anr	1
islands	1
sats	1
mccone	1
klaus	1
ඇතකට	1
recreational	1
rek	1
lockheed	1
zala	1
firikhnharen	1
sexier	1
hoshora	1
luxury	1
qadisiyyah	1
mahrazhi	1
chimps	1
vekha	1
aqovi	1
queenට	1
drag	1
nevakhi	1
ඒයල	1
goldfish	1
ifa	1
mhar	1
tiny	1
rhae	1
හරස	1
lannisterට	1
miami	1
renly	1
පලවල	1
layer	1
kings	1
අඩසද	1
කබ	1
ඔඅබ	1
කවචයක	1
billy	1
රමණයම	1
among	1
ammeni	1
results	1
paparazzi	1
produce	1
ghraib	1
methods	1
රකනවද	1
yorker	1
සනසනව	1
commissary	1
malvolio	1
බබලනව	1
abilities	1
පදයට	1
willie	1
jim	1
අණකළ	1
පලක	1
atihi	1
lady	1
brandy	1
dondarrion	1
bitter	1
giannelli	1
beric	1
qora	1
plumb	1
graham	1
tully	1
langley	1
riverland	1
westeros	1
pint	1
barristan	1
ecu	1
dion	1
selmy	1
කතන	1
මනට	1
ඉලනව	1
gianfranco	1
semua	1
omong	1
guacamole	1
ethic	1
pickied	1
xanax	1
eternal	1
kerblamo	1
biruté	1
eggs	1
galdikas	1
darkness	1
පහටම	1
kilaguni	1
තයනවද	1
ඊලඟගට	1
යනගත	1
calvary	1
rj	1
pieces	1
access	1
flaps	1
wills	1
siding	1
mane	1
drain	1
biood	1
අතටඅත	1
booger	1
canadian	1
cunt	1
independence	1
nevski	1
sinclar	1
රයජනක	1
පටළ	1
ඔජ	1
tall	1
කටවහනවද	1
duncan	1
geiger	1
ser	1
waffle	1
hrmc	1
උපකරනවල	1
එනමග	1
counter	1
antietam	1
camp	1
truly	1
chitiins	1
aaaaaaaah	1
aw	1
refried	1
roy	1
safari	1
hairston	1
අහලපහලක	1
ez	1
mignon	1
boseefus	1
avඑක	1
dolarhyde	1
lucyට	1
russki	1
marco	1
steam	1
snail	1
agia	1
johannes	1
දරණවද	1
bright	1
laying	1
සස	1
cඑක	1
donuts	1
අගලක	1
බz	1
murphy	1
george	1
fe	1
අසට	1
steganography	1
jesse	1
nyet	1
දඟම	1
වචනකටම	1
venti	1
boudin	1
mud	1
එළවළ	1
maester	1
ඕත	1
delanay	1
lonergan	1
ගමනටම	1
spla	1
magnolia	1
trunk	1
brownට	1
අඩවනවද	1
terrace	1
noir	1
ඉවරටම	1
උඔම	1
කටවහරට	1
stegaonographically	1
maybelle	1
sector	1
බබළන	1
kremlin	1
හරසර	1
ඩබල	1
revoir	1
meningkat	1
warning	1
දසරථ	1
අහසද	1
cuba	1
éjervae	1
year	1
armivolkoff	1
comrades	1
juggs	1
ජනපදට	1
anchorage	1
dagger	1
whoosh	1
hunt	1
හමගහනව	1
hernandez	1
reacted	1
terming	1
unleashing	1
tricky	1
early	1
spanish	1
දසත	1
lcd	1
lannisters	1
ezekiel	1
starks	1
kosong	1
hola	1
chaps	1
පරශයක	1
gaudencio	1
tylerව	1
jaimeට	1
ටයරයකම	1
stan	1
උභය	1
ජලචර	1
catelyn	1
tyrion	1
mañana	1
meter	1
meme	1
තටමන	1
american	1
අටම	1
zalo	1
vos	1
fields	1
gratzi	1
thermal	1
hash	1
reports	1
panic	1
thira	1
wide	1
qoyi	1
patens	1
britney	1
spartina	1
tries	1
tame	1
foot	1
coiiard	1
fairable	1
rise	1
gah	1
ආහම	1
greens	1
qoy	1
යයටම	1
generation	1
kash	1
ink	1
පබල	1
spears	1
disse	1
spit	1
widespread	1
lraය	1
අවදනම	1
nuclear	1
acharoe	1
පටලවන	1
chare	1
gotten	1
jesus	1
ishish	1
talget	1
zhey	1
lupone	1
dozgosores	1
hyde	1
capable	1
pray	1
annakhas	1
whaoooo	1
wahhh	1
skipper	1
whaah	1
hooo	1
රකරණය	1
grits	1
dolan	1
iඒක	1
arachnoid	1
canon	1
tunadi	1
quoth	1
nevermore	1
diplomaticosද	1
gaydar	1
banchan	1
බරපල	1
brb	1
arnold	1
cocky	1
mcblockerson	1
poong	1
hrද	1
dicklaus	1
bubba	1
twatson	1
mascot	1
sma	1
couples	1
testosterone	1
levels	1
inew	1
smegma	1
von	1
jack	1
chuck	1
drugstore	1
hongseong	1
කලනය	1
මකලඩ	1
මටට	1
අවතරණ	1
උසස	1
bwiවල	1
yonyeara	1
lushe	1
පටයකම	1
oros	1
තලයම	1
alati	1
landgraf	1
සහනයකට	1
nprඅහනවද	1
iඔබ	1
ආපණ	1
suvඑක	1
පරහද	1
hilfingered	1
mitt	1
deokkbokki	1
ticket	1
romney	1
ඵලකයට	1
cheese	1
slamඑකට	1
buttercup	1
parton	1
viagra	1
rpm	1
අඟල	1
herzog	1
werner	1
sirius	1
devourer	1
gza	1
rza	1
mockingjayට	1
freemason	1
fitzsimmons	1
ol	1
brilliant	1
bastet	1
dirty	1
bastard	1
moe	1
miny	1
meeny	1
eeny	1
raekwon	1
marshe	1
sවල	1
avox	1
dolly	1
lighting	1
optimizerඑක	1
malibu	1
nonggo	1
jin	1
yoon	1
ken	1
edward	1
කහල	1
kyo	1
jizzumhands	1
hovercraft	1
tae	1
boker	1
tov	1
boiling	1
sweatpantsද	1
hghඑක	1
වනචරයට	1
alf	1
මරණයටම	1
heavensbee	1
lang	1
ජලධරයට	1
pinot	1
ඵලකට	1
එළය	1
ඕනච	1
circenses	1
howie	1
milton	1
hoodlums	1
holograms	1
local	1
princess	1
bride	1
afterlife	1
ian	1
hydrostatic	1
joker	1
maestro	1
expecto	1
මඅය	1
patronum	1
complete	1
දසවසරකට	1
escudo	1
fetida	1
eisenia	1
komodo	1
madagascar	1
resurreccion	1
මටඇයව	1
උණබට	1
kimo	1
vito	1
modern	1
depicts	1
sunsilk	1
gesture	1
daza	1
expensive	1
nunchuckmeisje	1
rather	1
dq	1
buikstoot	1
beide	1
panem	1
duidq	1
එනවනම	1
kanten	1
astma	1
තබය	1
yoga	1
ඔඕ	1
රයකටද	1
අසහන	1
wendy	1
ඟහන	1
ඒනව	1
mu	1
ángel	1
mnemonic	1
pneumonia	1
ants	1
කරවලද	1
skuas	1
නටනඑක	1
එවනවට	1
රමව	1
අජ	1
poncet	1
ජලපහර	1
පරවල	1
වරදකටම	1
greatest	1
දඟලනව	1
medtech	1
මහවත	1
ආයතත	1
doj	1
කටවහන	1
සහහගත	1
හලක	1
zhal	1
yenola	1
verana	1
housewives	1
horizons	1
කරඋඩ	1
tern	1
ගසද	1
gnome	1
tsunami	1
psychopannychia	1
ගසකම	1
fernandina	1
euphoria	1
musculus	1
seagoing	1
iguanas	1
snares	1
රජනනය	1
mus	1
geez	1
phasianidae	1
ලබලම	1
පරයටන	1
දඟලවන	1
buller	1
albatross	1
මගබලනව	1
මහලටද	1
mkb	1
seashells	1
යනගමන	1
terns	1
වලලන	1
nigga	1
cups	1
nitro	1
uබට	1
කමරය	1
pockets	1
ecg	1
vamoose	1
ඉරනමද	1
ඝනක	1
අඹරණ	1
ආරද	1
brim	1
යනයකල	1
frown	1
තරහයන	1
සහතක	1
රඹයට	1
අවතර	1
jungle	1
cat	1
chase	1
අතඇල	1
ගනවද	1
hundred	1
esther	1
grandma	1
flitting	1
blast	1
cares	1
mermaid	1
arsenio	1
organic	1
cca	1
ඒකකයම	1
ගගණ	1
වමතට	1
පහලටද	1
guide	1
ways	1
spider	1
bity	1
wanting	1
ity	1
gomorrah	1
decide	1
unabashedly	1
sodom	1
shaffer	1
bruchschnauser	1
heh	1
señor	1
sí	1
thursby	1
floyd	1
hopper	1
ගවස	1
fancy	1
thawne	1
අවසනයට	1
becomes	1
cognizant	1
ආට	1
phoenix	1
ඉවරකරල	1
proud	1
loud	1
cast	1
eb	1
පදයය	1
sql	1
ඇගවන	1
ඉඩමද	1
අනට	1
රණශ	1
ඉවතර	1
රමණවල	1
vikings	1
වටලල	1
spell	1
gaullists	1
sac	1
paella	1
කළයක	1
මඑ	1
hf	1
අමරත	1
සරසනවට	1
bow	1
sciencieshowcase	1
සරසනවද	1
oykubuyuk	1
jiffy	1
synced	1
tais	1
bombing	1
spree	1
madush	1
ඊඟ	1
isuru	1
sluts	1
උබමද	1
දරනවද	1
ළමයවමද	1
ආගමකට	1
warring	1
scold	1
vgp	1
sktm	1
disobeys	1
වසස	1
vrs	1
pendant	1
confident	1
එලබ	1
සතයකට	1
කඩහඩ	1
තජමහල	1
plo	1
හදද	1
බරව	1
trammps	1
somebody	1
කකල	1
lapidary	1
අයටද	1
sසමග	1
pigeon	1
iඒ	1
තතවය	1
ඈම	1
rookieistake	1
referring	1
aka	1
groans	1
haldor	1
pelo	1
temos	1
carpathians	1
asbjorn	1
hieratic	1
asbjørn	1
branch	1
waverider	1
omg	1
suspension	1
extraterrestrial	1
hakuna	1
matata	1
seafoamද	1
දගලල	1
pistachioද	1
එහක	1
sandberg	1
bjalke	1
scimitar	1
bengtsson	1
nsaඑක	1
ecstasy	1
cocksure	1
gunnar	1
bergius	1
ove	1
frisbees	1
ඥන	1
exixtence	1
reflecting	1
fjords	1
ipadඑකට	1
biostimulant	1
අරයටද	1
පටගත	1
dew	1
tad	1
boldly	1
paths	1
stacksව	1
vineyard	1
martins	1
tessie	1
shakana	1
ire	1
tweet	1
venediktov	1
oooooh	1
perry	1
katy	1
colleen	1
pepper	1
නහරය	1
vein	1
clenched	1
bumbs	1
fists	1
punches	1
reign	1
throbbing	1
clemend	1
වළලන	1
macalester	1
බලපතලව	1
dreyfuss	1
තරහක	1
sellars	1
facilities	1
implant	1
vallon	1
tendonitis	1
corduroys	1
antoine	1
sake	1
ළප	1
checked	1
dreyfus	1
ඊයම	1
උදහස	1
රවමය	1
ආරක	1
අතරමට	1
ශව	1
ksiඑකට	1
changa	1
රභවයට	1
imax	1
අතරමද	1
mentor	1
jombie	1
llm	1
aසහ	1
ichristian	1
nyo	1
mcdonnell	1
douglas	1
blowtorch	1
laqui	1
dejala	1
quixote	1
embria	1
trum	1
අඬදබර	1
ei	1
sureño	1
barium	1
ඉවරමද	1
stepfather	1
pc	1
තරලයට	1
cuteness	1
soiuba	1
besuqueas	1
stat	1
බරපතලද	1
lsd	1
itengo	1
info	1
රණකට	1
nro	1
fermenting	1
marisule	1
corno	1
cosby	1
arremetas	1
lupus	1
poderte	1
dorita	1
playroom	1
legalese	1
pestarieas	1
compariera	1
snipes	1
inos	1
sigmfica	1
contoured	1
pequeno	1
jcomo	1
rodeos	1
romanceo	1
එකඟවම	1
licked	1
desvestiste	1
postaneado	1
sacaria	1
පමණද	1
compahera	1
කරමත	1
පරහට	1
නවයකම	1
පරතර	1
මතයක	1
strangelove	1
wargames	1
රජයම	1
sheena	1
heptapod	1
pod	1
hepta	1
strings	1
heptapods	1
sequel	1
berkeley	1
exolinguistics	1
childress	1
glades	1
burrito	1
xenolinguistics	1
ivy	1
krasnoyarsk	1
ගලපන	1
පනවන	1
astrolinguistics	1
kubo	1
chlamydia	1
racketball	1
පනට	1
උඩකද	1
අවමනය	1
මණස	1
ඇදරය	1
bursae	1
tamarïo	1
cojible	1
blanquitas	1
puppies	1
mirense	1
rook	1
azalea	1
උයනට	1
iggy	1
luv	1
reeves	1
හදකට	1
keanu	1
quieri	1
fatter	1
jporque	1
naoer	1
naiar	1
bupongo	1
maquma	1
metaphor	1
fluttering	1
dormiste	1
spano	1
doblate	1
joye	1
lanzartodas	1
ihanna	1
mcgwire	1
ensehamos	1
discapacitado	1
goodwing	1
rm	1
tiffanny	1
esparïol	1
prudish	1
claro	1
correction	1
mio	1
acompanarla	1
nihos	1
transvestite	1
nike	1
nirios	1
ublicano	1
uedo	1
gaga	1
saiga	1
pequerïo	1
espariol	1
hunched	1
mckinneys	1
වහලක	1
උරගයට	1
ඒවලම	1
කවල	1
වයර	1
හඩවන	1
පමණටම	1
මහතම	1
නහරයක	1
කරකවන	1
enseho	1
lenten	1
pyro	1
iduele	1
pequeho	1
django	1
nyongo	1
lupita	1
dijango	1
sono	1
kanye	1
aborrezco	1
odies	1
gosling	1
inada	1
susjuegos	1
mayona	1
muevas	1
nightstand	1
lei	1
ilevar	1
lami	1
iperra	1
pro	1
macbook	1
tque	1
musically	1
apurabas	1
sextuplets	1
retrasandote	1
racehorse	1
cote	1
bl	1
irse	1
incluso	1
jakes	1
obtenera	1
mancjaba	1
lestoy	1
stras	1
madre	1
tsabes	1
sexti	1
necesitas	1
alcaceltzer	1
dreary	1
revire	1
රබලතම	1
ආර	1
uena	1
revirando	1
verdac	1
jcuidado	1
sehor	1
quicras	1
engarïa	1
oiaon	1
quest	1
stepparents	1
ginecblogo	1
lindy	1
twerking	1
ලඟටද	1
nudist	1
mirate	1
everone	1
ankh	1
obliviator	1
delorean	1
urinated	1
idios	1
prévert	1
gavisti	1
single	1
සජලනය	1
jr	1
තකම	1
freud	1
teen	1
රබලවම	1
චලයන	1
cfp	1
හඬකටම	1
sigmund	1
stephanie	1
කරදමන	1
guillaume	1
backflip	1
adder	1
shanghai	1
paulsonට	1
bienvenue	1
messieurs	1
mesdames	1
danielsට	1
calarts	1
phil	1
fivend	1
wifi	1
vp	1
mis	1
austin	1
queens	1
ccu	1
kmart	1
yankee	1
partial	1
goose	1
matching	1
intrepid	1
newark	1
පථවලට	1
strategies	1
padres	1
electrolocation	1
රමද	1
flower	1
වලර	1
trips	1
වමනයට	1
reddecker	1
distortion	1
කලම	1
dreamcatcher	1
ඊඨ	1
limits	1
promethium	1
lan	1
wie	1
beaux	1
brisket	1
evacuur	1
entertainment	1
වයරයද	1
shivu	1
skazy	1
ඇපවලට	1
dazy	1
hammocks	1
welwaar	1
nietus	1
blinked	1
රණවලට	1
hoy	1
welus	1
smooch	1
wuxi	1
picked	1
headline	1
වචනම	1
jombies	1
eager	1
aol	1
හලනය	1
ayer	1
stekelvarken	1
entertainments	1
බඩම	1
generaal	1
des	1
ecole	1
muellers	1
dumplingwedstrijd	1
වළඳන	1
ss	1
dikmaak	1
auschwitz	1
urn	1
eckhart	1
lax	1
rhinos	1
crossbow	1
reinman	1
dolfijns	1
ධනයටද	1
peed	1
ආදරයටද	1
chrysanthemums	1
බයටම	1
beast	1
දහයම	1
අඹර	1
බලනද	1
brooks	1
investigation	1
airbus	1
fac	1
manchurian	1
basketball	1
pao	1
forensic	1
midway	1
aubervilliers	1
ආඅ	1
priyatha	1
හටම	1
kleber	1
caesars	1
macchiato	1
duris	1
vincent	1
තරකර	1
breakdown	1
lacoste	1
whities	1
tighty	1
fink	1
atticus	1
carnac	1
brickton	1
cfl	1
reiki	1
appropriate	1
රඟහලට	1
uber	1
කවන	1
binumeric	1
ගඟටම	1
බලයකටද	1
කරවනය	1
wintour	1
anna	1
tesla	1
heights	1
brave	1
අතව	1
kung	1
noel	1
mancha	1
crystal	1
markovia	1
tux	1
adler	1
stella	1
grotowski	1
naydel	1
gaslight	1
mein	1
fbw	1
cisco	1
uds	1
රරවම	1
පහලය	1
sci	1
පළවන	1
cif	1
nod	1
සවටකර	1
වහලටය	1
ඊලතය	1
defense	1
administrative	1
යර	1
නවතන	1
mrap	1
හයද	1
දඟලනවට	1
aorion	1
cdob	1
staff	1
response	1
global	1
nautilus	1
ඇටයක	1
benghazi	1
තලවලට	1
gw	1
හතද	1
යඩට	1
අගලට	1
උපරකරණ	1
අවනතව	1
viscacha	1
ducks	1
goldeneye	1
ඝනද	1
සරබර	1
marmot	1
හරබයට	1
leopards	1
apb	1
තවන	1
jttf	1
fedex	1
patriots	1
pat	1
යනවටද	1
මරණට	1
marksmanship	1
වහළට	1
keygens	1
claymore	1
sonogram	1
දනට	1
leftovers	1
කරවරය	1
squawk	1
eberson	1
fiery	1
lino	1
casimir	1
සමහරකට	1
sur	1
caltech	1
electrical	1
stanford	1
laude	1
magna	1
dweeb	1
nerd	1
geek	1
යගත	1
bio	1
fever	1
යහනයට	1
processor	1
condolences	1
xenons	1
inn	1
desert	1
contact	1
baccarat	1
ago	1
ණයවලට	1
උපකරණයකටම	1
ridgemont	1
backdoor	1
industries	1
montoya	1
tal	1
keijman	1
කටවහල	1
mamoud	1
mom	1
merguez	1
ඉනවද	1
ලගකද	1
bodies	1
බදට	1
solution	1
cherish	1
tumbling	1
crashing	1
fate	1
glad	1
දඩයමටද	1
talkin	1
glue	1
checkin	1
babe	1
bidding	1
sigh	1
ffa	1
capito	1
terrible	1
grateful	1
sc	1
pv	1
asembly	1
ජයහණය	1
කඩකල	1
රණයයට	1
ards	1
රතයකට	1
ඉලඟ	1
travel	1
රභලව	1
benazir	1
twins	1
cheyenne	1
dining	1
tharinduudayangaperera	1
gobble	1
wealthiest	1
roving	1
folk	1
transponder	1
relay	1
අටමගල	1
raptors	1
meats	1
වණ	1
mess	1
butto	1
zodiac	1
ඒකකවලට	1
pelham	1
කටහට	1
altogether	1
handset	1
conference	1
කරග	1
දළසටහන	1
hdfc	1
trace	1
bhutto	1
dcpට	1
stmt	1
උබu	1
ඒඑකට	1
csr	1
ගගහනවද	1
මතයම	1
vකරදර	1
meeting	1
ආරකශවට	1
කනක	1
eamcet	1
කහනව	1
අවණත	1
ඔතනව	1
drank	1
ආබන	1
නරකව	1
අවය	1
උබය	1
locals	1
eමක	1
travelling	1
mඅම	1
join	1
aegolius	1
ඇගපත	1
කදය	1
inland	1
named	1
main	1
evacuate	1
personnel	1
awfully	1
incredible	1
initiating	1
serial	1
battleship	1
chasey	1
albs	1
believing	1
amigos	1
ඉසට	1
බයටද	1
යටමහලක	1
මබය	1
හඅම	1
එපට	1
principally	1
documents	1
isp	1
girlhouseඒකට	1
girlhouseඊට	1
window	1
rear	1
scares	1
knox	1
girlhouseඑක	1
boogie	1
skanky	1
සවනත	1
lift	1
op	1
sag	1
nyspin	1
බසර	1
dresses	1
නහට	1
fort	1
seclorum	1
ordo	1
novus	1
berry	1
ඵලග	1
lteration	1
cillin	1
mycin	1
causeway	1
ගමනකටම	1
ysa	1
දවසකද	1
drowned	1
marshes	1
reynolds	1
harvest	1
bobble	1
nocturna	1
hominus	1
health	1
collins	1
cuneiform	1
සසදනවද	1
සලබ	1
කරමයක	1
needs	1
රගතව	1
වනසලම	1
abs	1
tps	1
අසරණයව	1
firm	1
legal	1
ළබන	1
papers	1
exposition	1
dac	1
rf	1
broderick	1
matthew	1
os	1
rpl	1
tells	1
leaving	1
ළඟකද	1
until	1
හඬපටය	1
paperwork	1
quite	1
substantial	1
ratio	1
ඒකලන	1
amount	1
telephone	1
අමරතව	1
මරණයකට	1
අතයට	1
අටද	1
hef	1
firefighter	1
කලලය	1
ඉඳම	1
පඹ	1
සකසනව	1
ඔසවනය	1
wallace	1
කටහඬවල	1
බගල	1
dhoom	1
යකම	1
tuesday	1
wastegate	1
ching	1
අණද	1
ගලවගන	1
නටවනවද	1
පළලකටද	1
mumbai	1
ඉහලමහල	1
ඔඋඹ	1
යකරනම	1
mucus	1
වහනයට	1
bpa	1
කටවහගන	1
osa	1
wrecking	1
ඉහළතම	1
martian	1
රමහනය	1
සදහද	1
තමග	1
රජණනය	1
static	1
jackass	1
service	1
majesty	1
margaux	1
cryostasisඑකට	1
කරනනද	1
cutters	1
hornets	1
ebola	1
hunter	1
භරයට	1
brea	1
මදනය	1
හතරකටම	1
සඟවනවද	1
ඒවටද	1
armour	1
සහනයට	1
cryotech	1
klcc	1
අබව	1
උඅබ	1
mission	1
උඅ	1
නගරයව	1
කටහ	1
නගරයල	1
arrival	1
asim	1
donovan	1
theo	1
brah	1
kingsley	1
ඒතරමටම	1
mullins	1
nicole	1
වඩසටහන	1
cus	1
imltho	1
humble	1
opinion	1
irsට	1
ddb	1
pacri	1
habitat	1
humanity	1
ආමරය	1
starting	1
burgundy	1
දතට	1
වචනද	1
ඒකඩ	1
ගකට	1
මකවල	1
වටයක	1
nrag	1
jsoc	1
බහකටද	1
අටකටම	1
adios	1
devo	1
grazie	1
signora	1
benelli	1
tapered	1
requiell	1
sommelier	1
suppresselin	1
buick	1
ndrangheta	1
පටවලද	1
උත	1
රවකටම	1
නවම	1
jfkට	1
තමහර	1
නපදයට	1
striped	1
හදනඑක	1
christine	1
ආනතව	1
අවවදය	1
රයය	1
කළලය	1
එනම	1
සහගතද	1
refusal	1
plastics	1
teetor	1
teetics	1
betrayal	1
ever	1
gorn	1
replace	1
certain	1
warcraft	1
planetary	1
result	1
wanna	1
අකරදර	1
potsdmer	1
හතරටම	1
xanadu	1
ආයතනයකම	1
ටද	1
sold	1
sorted	1
tactical	1
seraphim	1
genghis	1
bern	1
paint	1
chred	1
iaude	1
summa	1
myspace	1
maxim	1
forrest	1
rov	1
draw	1
