to	1654275
sa	1198397
je	1183588
si	968583
som	954001
na	745748
že	741592
čo	628354
nie	557181
ako	423659
tak	345850
ale	344010
by	341184
mi	284968
tu	276477
do	259494
ja	254413
sme	251376
ste	231970
áno	227116
len	211456
ma	202890
už	185412
aby	184760
dobre	175688
ho	173306
keď	172803
ak	163119
ty	158878
ti	158865
za	156301
ťa	141859
bol	140877
pre	138461
sú	135832
tam	135412
prečo	134484
niečo	132204
toto	128486
no	125833
teraz	123820
aj	122313
hej	121500
mám	116660
byť	113743
ich	108163
bude	101959
ju	100295
takže	98007
ten	97086
všetko	96247
tom	93534
nič	92885
vás	92692
kde	91404
kto	89330
po	87185
bolo	86267
bola	86083
ešte	86038
vám	85676
toho	84581
alebo	82230
jej	81474
má	81367
môj	80462
jeho	80265
myslím	79806
máš	77699
viem	77253
vieš	76025
mňa	74707
poriadku	74210
tým	73707
veľmi	73232
mal	71918
prosím	71769
potom	71534
nikdy	71518
možno	70802
od	70189
nás	69733
ani	69363
so	67006
povedal	66152
chcem	64003
neviem	63521
mu	63489
ďakujem	60573
ísť	59735
vy	59210
naozaj	58169
stále	57241
teba	56997
pretože	56491
viac	54761
chceš	54632
oh	54464
povedať	53275
nám	52683
ahoj	52375
on	52153
pred	52056
máme	51788
boli	51685
moja	48820
musím	47847
tie	47743
vo	47718
sem	47179
môžem	46542
dnes	46424
budem	45828
ktorý	45568
niekto	45220
práve	44995
pane	44560
mali	44126
pán	43286
poďme	43234
všetci	42801
pozri	42665
myslíš	42270
či	42186
mať	41061
nemôžem	41054
čas	40751
asi	40185
ktoré	40070
keby	40049
veľa	39547
vždy	39491
tiež	39200
moje	39025
poď	38788
mala	38663
stalo	38544
trochu	38494
my	38407
ľudia	38356
tomu	38152
pri	38133
deň	37762
máte	37569
tú	37514
musíme	36980
iba	36602
tvoj	36419
rád	36314
bože	36184
otec	36064
tento	35979
tá	35936
jeden	35936
bez	35806
chcel	35458
mohol	35138
jasné	35021
veci	34825
zo	34714
robiť	34652
ide	34602
dobrý	34524
budeš	34163
ok	33824
mnou	33775
môže	33622
viete	33141
kým	33061
mne	32912
až	32895
presne	32261
môžeš	32186
život	32167
ľudí	32155
dosť	31978
vážne	31942
preto	31384
dobré	31380
späť	31236
všetky	31032
tebou	30999
urobiť	30298
deje	30077
robíš	30068
vedieť	30019
prepáč	29893
vďaka	29822
však	29732
musíš	29679
povedala	29607
ona	29457
budeme	29381
nikto	29093
kvôli	29090
lebo	28686
domov	28610
teda	28549
pravdu	28272
vec	28002
nech	27627
hneď	27537
im	27536
každý	26907
svoje	26825
myslel	26821
než	26813
kedy	26716
pár	26655
tvoja	26412
prepáčte	26385
nechcem	26290
rokov	26241
choď	25858
povedz	25770
potrebujem	25556
daj	25438
miesto	25400
nemám	25345
svoju	25318
videl	25267
samozrejme	25267
raz	24961
chce	24770
takto	24567
také	24458
mohli	24213
preč	24102
noc	24097
ním	24072
nejaké	24071
idem	23994
spolu	23991
vlastne	23873
problém	23863
musí	23840
žiadne	23812
počkaj	23527
chcete	23441
vôbec	23280
lepšie	23244
vidieť	23158
môžeme	23018
urobil	22906
tvoje	22841
tebe	22713
dostať	22712
prišiel	22455
peniaze	22394
hovoriť	22389
kurva	22347
vyzerá	22081
ktorá	22053
mama	22024
dlho	21876
kam	21870
niekedy	21783
von	21536
príliš	21501
nich	21232
sám	21109
celý	21100
úplne	21054
tej	21049
rada	20923
určite	20736
nuž	20704
môžete	20548
pod	20495
ráno	20439
fajn	20433
váš	20424
seba	20405
pomôcť	20403
večer	20386
aký	20269
nebude	20224
dieťa	20108
cez	20044
deti	19940
niekoho	19834
všetkých	19795
aké	19723
majú	19672
mojej	19648
tých	19626
rýchlo	19571
pravda	19555
taký	19550
istý	19367
znamená	19289
môjho	19265
tieto	19260
koľko	19217
predtým	19196
medzi	19171
dať	19153
tejto	19104
čom	19024
chcela	18802
neho	18792
muž	18766
meno	18714
ideme	18664
dievča	18622
budú	18594
dva	18486
tri	18413
nebol	18346
nejaký	18306
svoj	18205
podľa	18159
mohla	18150
žena	18112
nájsť	18067
pani	17966
vaše	17910
budete	17760
ľúto	17546
pozrite	17409
veď	17223
zajtra	17138
moju	17114
hovorí	17095
ktorú	17069
správne	17043
túto	16992
hore	16845
dostal	16799
super	16724
ďalej	16676
naše	16672
vedel	16668
tomto	16649
náš	16607
chvíľu	16578
dal	16562
vidím	16547
prácu	16527
prestaň	16376
proste	16356
vie	16352
okej	16335
jedno	16307
mami	16283
pohode	16266
dole	16261
myslíte	16162
aspoň	16106
vaša	16095
nej	16084
táto	16062
jedna	16057
pomoc	15971
oni	15937
robí	15843
poviem	15821
nemôžeš	15775
dve	15744
ku	15729
skôr	15657
človek	15454
ktorí	15349
radšej	14988
doktor	14980
zlé	14863
nechaj	14794
páči	14783
myslela	14729
pozor	14683
auto	14674
nami	14670
dúfam	14669
skoro	14593
čože	14520
ňou	14511
nemá	14461
proti	14460
nemal	14432
neskôr	14332
jednu	14278
iné	14275
odtiaľto	14192
hovorím	14165
zabiť	14147
nad	14147
hovoril	14078
prvý	14031
vami	13984
svojho	13926
musíte	13775
milujem	13765
počul	13755
zdá	13581
skvelé	13518
dobrá	13486
doma	13439
znova	13340
koho	13300
hovoríš	13247
fakt	13213
och	13141
dvere	12975
zlatko	12970
minút	12853
sebe	12838
nebolo	12794
našiel	12739
chlap	12711
počúvaj	12669
musieť	12609
pekla	12551
nebudem	12522
okolo	12513
riti	12505
zabil	12475
matka	12454
uh	12445
mŕtvy	12435
videla	12415
dvaja	12384
príde	12357
nemôže	12351
veľký	12348
vidíš	12289
času	12274
prišli	12168
tohto	12135
ideš	12116
našli	12084
tvoju	12041
uvidíme	12020
číslo	12011
celé	11995
sama	11986
haló	11968
dom	11906
čokoľvek	11830
nemáš	11826
práca	11823
musel	11820
jedného	11762
vrátiť	11748
buď	11742
potrebujeme	11702
taká	11700
nápad	11697
otca	11681
slečna	11672
celkom	11659
nemyslím	11656
cítim	11652
zbraň	11633
života	11514
nebola	11474
svet	11467
noci	11452
vonku	11417
spraviť	11356
prišla	11355
moc	11325
pokiaľ	11230
skutočne	11205
svete	11180
žiadny	11178
svojej	11173
zlato	11159
včera	11131
dám	11118
malý	11049
pekne	11018
koniec	11015
the	11000
ruky	10962
dôvod	10959
práce	10949
co	10949
rok	10929
volá	10926
počkať	10914
ňu	10904
odísť	10902
nechať	10865
tí	10848
stane	10840
dnu	10833
inak	10830
prísť	10828
ťažké	10770
ceste	10750
zatiaľ	10733
vtedy	10706
najlepšie	10647
sebou	10631
problémy	10570
pocit	10567
prípade	10567
celú	10533
možné	10522
povedali	10513
iste	10495
znovu	10442
dajte	10440
páni	10408
predsa	10355
dobrú	10312
chlapec	10290
roky	10279
čím	10256
istá	10243
ach	10241
dokonca	10170
videli	10167
žiť	10164
poďte	10128
niekde	10127
ďalší	10125
iný	10107
vieme	10091
syn	10086
spôsob	10073
nemáme	10061
toľko	10058
poznám	10017
ňom	9964
priateľ	9953
nemôžeme	9953
týždeň	9927
pozrieť	9903
brat	9867
boh	9863
nový	9837
spravil	9821
chlapci	9802
sakra	9771
robíte	9762
zle	9724
tvojej	9701
naša	9681
akoby	9631
robím	9617
pekné	9604
pôjdem	9572
cestu	9557
ženy	9424
zase	9413
znie	9377
hodín	9366
nimi	9362
oci	9358
oči	9354
dá	9301
okrem	9293
chápem	9287
pripravený	9228
chceli	9226
konečne	9224
telo	9212
aká	9156
mieste	9154
ano	9143
mojom	9133
potrebuje	9109
mojich	9103
veľké	9099
domu	9086
priamo	9063
človeče	8977
počas	8967
počkajte	8948
nechceš	8918
jediný	8896
kapitán	8865
týchto	8833
rozumiem	8792
zdravím	8783
môžu	8762
slovo	8760
urobila	8759
mohlo	8733
smrť	8730
nové	8721
krát	8710
príbeh	8706
robil	8705
srdce	8695
chcú	8694
jednoducho	8685
hlavu	8631
drž	8627
muža	8622
porozprávať	8581
choďte	8550
prípad	8545
plán	8535
mimo	8529
nepovedal	8515
vedela	8501
isté	8486
neskoro	8457
povedzte	8454
tvojho	8410
dostali	8407
pravdepodobne	8392
vašu	8387
vecí	8381
svojich	8378
nechcel	8343
živote	8323
ďalšie	8316
ze	8313
hrať	8312
john	8309
rodina	8308
ženu	8305
kámo	8277
dôležité	8258
dolárov	8219
nejakú	8219
týmto	8186
smrti	8178
myslí	8167
vziať	8144
ticho	8102
dni	8098
dome	8092
šancu	8067
jo	8067
veriť	8048
sestra	8041
starý	8039
päť	7978
nevieš	7978
loď	7970
odkiaľ	7962
malé	7961
mrzí	7943
našej	7933
ďaleko	7916
new	7889
úžasné	7887
nemohol	7873
nevidel	7845
okay	7842
obaja	7827
šťastie	7814
všetkým	7791
dvoch	7777
nemali	7771
žiadna	7760
dní	7744
nemala	7724
potrebovať	7720
jedlo	7707
zostať	7696
ktorého	7658
sam	7658
zmysel	7638
rovnako	7629
rokmi	7616
malo	7596
čoskoro	7573
snažím	7534
nechajte	7516
you	7493
treba	7489
hodiny	7472
vyzeráš	7443
potrebuješ	7424
ocko	7421
strane	7421
dňa	7417
dala	7413
yeah	7413
nechal	7394
jediná	7333
zomrel	7330
pracovať	7314
madam	7303
priatelia	7296
oveľa	7295
urobím	7282
časť	7272
ruku	7266
počuť	7264
zastaviť	7258
telefón	7242
vašej	7240
nikoho	7211
krv	7204
najprv	7195
nevedel	7171
najlepší	7166
našich	7153
takmer	7143
čau	7105
zem	7072
dostala	7071
chyba	7064
ktorých	7038
začal	7028
nemusíš	7024
mesta	7020
opäť	7011
urobili	7010
ktorej	7008
aha	7004
stačí	7001
správy	6990
práci	6990
charlie	6987
láska	6953
išiel	6947
mesto	6941
jack	6917
strach	6909
zlý	6896
volám	6890
čase	6859
školy	6845
chceme	6832
začať	6823
kamoš	6787
našla	6786
neboj	6785
tvár	6773
moji	6761
počula	6755
syna	6744
zavolať	6734
niekoľko	6729
nevie	6695
zemi	6691
povieš	6658
rodinu	6652
našu	6649
pamätáš	6641
polícia	6637
nemôžete	6633
roku	6626
naspäť	6624
pôjdeme	6573
štyri	6533
poznáš	6524
odišiel	6499
sveta	6494
robia	6489
chlape	6475
rozprávať	6463
párty	6463
spať	6448
pekný	6391
veľká	6389
verím	6385
nerob	6382
skutočnosti	6376
meste	6376
nemáte	6357
zbrane	6343
dali	6343
auta	6342
cesty	6339
uveriť	6330
zistiť	6330
nechce	6318
nakoniec	6314
chlapče	6312
ono	6271
mysli	6253
dcéra	6223
pána	6215
všade	6209
tou	6163
vzal	6152
zavolám	6147
dievčatá	6141
blízko	6140
volal	6138
chcieť	6131
nášho	6119
akú	6098
vypadni	6097
myslieť	6068
šťastný	6053
vášho	6041
naposledy	6038
vidíte	6020
šiel	6019
odkedy	6015
radi	6010
neboli	6008
vedeli	5999
chlapík	5990
možnosť	5990
ah	5984
hovorila	5975
tím	5962
stať	5931
každého	5905
vnútri	5897
hlavy	5896
nejde	5891
cesta	5886
hodinu	5881
prvé	5855
vrátim	5851
jasne	5848
menej	5839
nehovor	5830
peňazí	5820
nebudeš	5808
čakať	5806
urob	5784
žiaden	5783
um	5769
odtiaľ	5754
muži	5750
vrátil	5731
škole	5722
pol	5720
malá	5710
hovoríte	5708
večeru	5706
musela	5700
nejako	5698
okamžite	5695
sex	5686
mojou	5684
poslal	5679
prvá	5675
záleží	5674
miesta	5671
druhý	5661
odo	5649
snažil	5632
iného	5631
michael	5616
ne	5612
sľubujem	5607
ha	5606
hovoria	5594
šéf	5590
žije	5581
skvelý	5580
čoho	5574
zachrániť	5573
šesť	5567
hovor	5552
hubu	5543
stratil	5526
nikomu	5511
rovno	5508
dostane	5495
dolu	5490
predstaviť	5486
rodičia	5485
správu	5484
musia	5483
človeka	5477
výborne	5471
byt	5470
stretnúť	5470
bež	5463
spoločnosť	5459
zomrieť	5453
poriadne	5447
posledný	5444
vezmi	5426
ta	5425
rodiny	5424
posledné	5413
strašne	5411
vráť	5405
stojí	5398
chlapa	5392
jediné	5379
hmm	5370
odpoveď	5367
nohy	5360
dámy	5348
náhodou	5339
ľuďom	5338
každú	5333
joe	5332
film	5320
zostaň	5308
agent	5302
cítiš	5301
dávno	5300
ver	5295
spoločné	5286
otázka	5279
začína	5262
manžel	5260
vravel	5259
jednej	5258
nevadí	5257
napríklad	5253
svojom	5230
právo	5228
chlapi	5220
čaká	5215
počuj	5212
počúvajte	5196
bojovať	5186
rande	5176
informácie	5174
mesiac	5137
držať	5136
zmeniť	5133
mužov	5126
chodiť	5125
ukáž	5122
dostanem	5119
zobrať	5118
zabili	5106
tými	5102
nažive	5096
pohyb	5071
drahá	5057
tvojom	5049
aute	5039
milé	5029
zabudol	5029
môcť	5026
použiť	5023
blázon	5023
zavolaj	5020
často	5011
stará	4972
brata	4969
existuje	4967
hey	4965
dostaneme	4964
šťastia	4964
vlasy	4939
povie	4932
bezpečí	4932
funguje	4932
and	4922
celá	4918
druhej	4905
stretnutie	4903
pripravená	4897
mimochodom	4893
žiadnu	4892
pôjde	4879
ukázať	4877
boha	4875
nejaká	4865
snáď	4848
divné	4846
cítiť	4845
neverím	4841
čerta	4836
nechcela	4836
mesiacov	4828
ostatní	4823
prisahám	4813
navždy	4810
pokoj	4797
desať	4794
museli	4793
urobíme	4776
horšie	4766
prestať	4762
nezáleží	4751
priateľov	4747
srandu	4743
slová	4735
jesť	4723
zvláštne	4722
keďže	4714
sami	4707
preboha	4706
najskôr	4702
robíme	4698
všetkom	4697
peter	4695
pozrime	4691
hovorili	4690
tvojich	4678
vezmem	4677
zober	4672
šaty	4671
nedá	4666
pokračovať	4651
nerozumiem	4651
trošku	4641
chvíľku	4638
otcom	4623
získať	4617
ospravedlňujem	4610
poznáte	4601
začali	4587
ktorým	4580
starosti	4576
počuješ	4574
nemu	4561
mojím	4558
hm	4546
priateľa	4545
otvor	4545
lepší	4543
sarah	4539
maj	4531
počuli	4529
títo	4517
dáš	4517
kávu	4512
pracuje	4512
stretol	4506
wow	4499
rozhodne	4488
ked	4486
ťažko	4481
vrah	4479
niekým	4477
prídem	4476
vedia	4475
spoločnosti	4469
nájdeme	4468
dáva	4465
pamätám	4465
pomaly	4464
ktorom	4462
stáť	4461
preklad	4445
týždne	4439
hlavne	4433
nevieme	4429
druh	4429
takú	4425
prestaňte	4420
nepovedala	4413
nemajú	4408
idiot	4405
pomôž	4404
krvi	4403
svetlo	4393
mŕtva	4392
vitajte	4391
správa	4389
obávam	4388
niektoré	4386
prejsť	4386
posledná	4383
jednoduché	4377
miláčik	4376
otázky	4374
zrazu	4371
mysleli	4371
systém	4369
nájdem	4366
zvyšok	4361
spravila	4360
bohu	4349
trocha	4348
frank	4346
nemohla	4341
robili	4339
nebudeme	4334
pozerať	4334
mike	4334
hlave	4314
sen	4308
vráti	4296
bolí	4290
skončil	4289
výber	4287
kúpiť	4282
pracujem	4281
šanca	4273
vody	4269
niekomu	4265
pracoval	4257
vlastné	4255
začala	4248
krásne	4246
chýba	4242
obchod	4242
minulý	4239
prichádza	4237
spôsobom	4235
mnoho	4230
hra	4223
vraví	4218
zbohom	4215
hlas	4204
takéto	4201
vydrž	4192
niektorí	4185
hľadať	4183
mladý	4175
pôjdeš	4172
nemocnice	4167
vodu	4154
išla	4139
kráľ	4124
moment	4124
vedľa	4122
snaží	4119
zrejme	4116
pomôže	4115
otázku	4111
zabijem	4101
idú	4101
zachránil	4101
patrí	4099
pekná	4098
izbe	4097
nechápem	4092
osoba	4089
dokáže	4082
stal	4077
zomrela	4077
vašich	4073
nabudúce	4057
potrebujete	4049
skús	4044
stretli	4040
smiešne	4028
dcéru	4023
veľkú	4017
namiesto	4014
miestnosti	4012
dôkaz	4006
dáme	4002
pomohol	4000
jedným	3999
ľahké	3995
chápeš	3992
najviac	3987
yorku	3982
pomôžte	3982
názor	3977
osobne	3971
normálne	3969
rozumieš	3969
menom	3967
tony	3966
myslia	3966
svojim	3963
mesiace	3958
mojim	3955
neexistuje	3955
vzťah	3953
posledných	3939
fbi	3939
skutočný	3934
zistil	3930
otcovi	3928
robila	3928
tisíc	3922
sekúnd	3922
zaujímavé	3921
pes	3921
kúsok	3920
ľúbim	3920
chlapca	3915
obed	3909
prachy	3898
komu	3891
očividne	3887
odišla	3886
izby	3884
pripravení	3882
rade	3882
neurobil	3877
dovoliť	3874
napriek	3871
hovno	3870
cenu	3869
nechám	3852
postele	3838
spýtať	3822
mame	3817
nepáči	3811
nevidím	3809
zabudni	3809
george	3805
james	3802
list	3800
niekam	3796
lode	3789
prvýkrát	3784
stavím	3782
ben	3780
rozhodol	3780
nevedela	3779
skutočné	3777
dostaneš	3774
zobral	3771
rozdiel	3768
môžme	3765
vina	3764
zopár	3764
šťastná	3762
čomu	3757
svojou	3757
väčšina	3755
počúvať	3743
nepotrebujem	3741
ďalších	3740
ježiši	3734
budúcnosť	3734
mobil	3731
nebuď	3730
stopy	3728
políciu	3727
znamenať	3721
mamu	3711
novú	3708
ďakujeme	3705
beriem	3704
dobe	3702
tajomstvo	3697
pomôžem	3693
priateľka	3685
pivo	3685
zadok	3682
detektív	3682
it	3681
sadni	3679
krok	3677
bojím	3676
stretneme	3660
išli	3651
kamarát	3647
ženou	3643
dobu	3642
vysvetliť	3642
bolesť	3642
nikam	3637
knihu	3629
kúpil	3624
gibbs	3623
neviete	3623
ľuďmi	3622
dokážem	3616
poručík	3613
neznamená	3607
prezident	3601
strýko	3591
vravím	3591
idete	3591
dokážeš	3583
tamto	3579
cítil	3579
rozhodnutie	3577
nestalo	3569
súčasťou	3568
záujem	3562
zaujíma	3556
vianoce	3553
henry	3553
načo	3551
ostatné	3549
nemyslíš	3541
milý	3537
nechala	3535
ďalšiu	3524
nedokážem	3521
opýtať	3508
dean	3505
odkaz	3502
predpokladám	3495
silu	3494
zoznam	3493
poslať	3488
nevidela	3487
akože	3485
zabije	3481
troch	3478
môjmu	3474
detí	3471
skvelá	3471
počujem	3469
drahý	3468
volala	3467
skončí	3466
láskavosť	3464
oboch	3457
in	3457
začiatku	3455
hru	3451
david	3446
zavolal	3444
don	3443
staré	3440
urobíš	3437
najlepšia	3433
volať	3431
voda	3429
vraždy	3428
walter	3426
druhú	3426
baby	3424
kedysi	3419
ďalšia	3417
tadiaľto	3415
smerom	3412
opatrne	3404
zničiť	3399
ryan	3395
veliteľ	3389
alex	3389
sedieť	3388
sedem	3386
vojna	3382
podarilo	3382
stoj	3382
dávaj	3378
konci	3377
časti	3374
tomuto	3374
matku	3370
úprimne	3365
miliónov	3364
zomrie	3363
sledovať	3357
schopný	3357
of	3352
pravidlá	3350
typ	3348
miluje	3348
šialené	3344
paul	3339
nového	3337
claire	3334
konca	3334
bill	3332
prekvapenie	3332
city	3332
kľúč	3331
hrozné	3329
hry	3319
iných	3313
pusti	3311
ktokoľvek	3309
očí	3309
málo	3304
mozog	3303
všetkého	3301
občas	3295
celom	3295
škoda	3294
vraj	3294
hlava	3292
otvoriť	3290
posteli	3290
nejakého	3289
jimmy	3284
rodine	3282
ukážem	3282
vašom	3279
zábava	3277
prídu	3275
hoci	3274
pokoji	3273
nemožné	3272
kľud	3270
tváre	3270
začne	3268
nová	3265
nebudú	3262
napísal	3261
lásku	3255
napadlo	3251
záznamy	3248
našom	3245
vidíme	3243
pochopiť	3240
knihy	3236
spravili	3235
hľadám	3234
fotky	3226
neznášam	3223
signál	3222
potreboval	3221
nemocnici	3211
dlhšie	3208
celej	3208
skončila	3201
nezaujíma	3199
voláš	3192
rozhovor	3189
urobí	3187
ostatných	3186
zabila	3186
chybu	3183
malú	3182
podstate	3181
skúsiť	3177
uz	3173
nemohli	3170
svojím	3169
su	3168
postarám	3167
nechcete	3166
lodi	3166
dokopy	3165
nestane	3164
tvoji	3163
me	3163
fungovať	3163
nemôžu	3162
darí	3159
darček	3158
tvojou	3151
plukovník	3151
dvoma	3147
seržant	3145
bob	3139
dohodu	3134
šéfe	3130
poslednej	3129
prístup	3128
policajt	3126
drogy	3125
richard	3122
dokázal	3115
vojny	3113
každom	3113
ľahko	3112
hádam	3110
topánky	3109
obeť	3107
vzali	3103
cieľ	3101
nebezpečné	3100
väzenia	3099
rokoch	3094
osem	3091
nieje	3090
sekundu	3089
inú	3089
problémov	3087
držte	3085
tela	3081
vlastnú	3078
ohľadom	3072
kevin	3070
stačilo	3070
rýchlejšie	3066
druhé	3059
trvať	3058
víkend	3057
lieky	3056
vzala	3056
jake	3054
la	3052
ihneď	3047
šla	3046
dna	3046
stratili	3046
chodí	3045
prídeš	3043
lietadlo	3040
pozornosť	3039
ulici	3036
priniesol	3031
skončili	3027
pokračuj	3023
vlastný	3019
uprostred	3016
doktora	3015
mužom	3012
mary	3009
rozkaz	3008
báť	3007
chalani	3000
každé	2997
týka	2993
pohľad	2988
dvakrát	2982
príležitosť	2981
kancelárie	2978
naučil	2974
cestou	2971
druhá	2968
titulky	2967
čakal	2959
osud	2955
jednom	2954
bližšie	2949
ostať	2948
vzduchu	2947
zmenil	2947
potrebujú	2947
manžela	2944
chorý	2940
generál	2937
pozriem	2929
bastard	2928
hovoríme	2927
upokoj	2926
profesor	2923
kľúče	2921
ukradol	2920
taktiež	2920
narodeniny	2914
životy	2912
tommy	2911
niet	2910
požiadal	2903
psa	2899
spravím	2899
vzadu	2898
vtipné	2895
ježiš	2894
izbu	2894
povolenie	2890
gratulujem	2889
nepoznám	2888
opustiť	2888
rodičov	2886
naši	2880
rovnaké	2876
začiatok	2876
buďte	2874
vyzerať	2874
huh	2873
skvele	2871
krajine	2871
stranu	2871
nevideli	2865
netuším	2865
útok	2862
uvidíš	2862
dávať	2857
súd	2856
oheň	2855
nemyslel	2855
budúcnosti	2855
strany	2855
vraždu	2847
show	2846
pustite	2845
dôkazy	2844
zvyčajne	2839
krásna	2834
budúci	2832
alan	2828
ublížiť	2824
danny	2821
nim	2821
zlá	2821
vtip	2820
matky	2819
nick	2816
srdca	2811
trvalo	2811
neuveriteľné	2808
will	2806
veku	2803
sranda	2802
stôl	2801
mŕtvi	2798
test	2795
svojmu	2793
zavolajte	2792
stala	2792
naučiť	2791
udržať	2787
vyhral	2786
zabudla	2778
jim	2777
vybrať	2776
vrátila	2776
boj	2775
zdravie	2774
úžasný	2774
dovnútra	2773
minulosti	2762
minulú	2762
nenávidím	2761
nepočul	2761
večera	2760
poviete	2756
kate	2755
chris	2750
nemusíte	2744
pripraviť	2743
zas	2741
každá	2741
vravela	2739
uvidím	2738
vezmite	2738
rukách	2738
čaj	2738
amy	2735
nemusí	2729
video	2726
dievčatko	2725
krajiny	2724
začalo	2724
silný	2714
platí	2712
sklapni	2708
nádherné	2704
brať	2704
plný	2702
bolesti	2701
poslali	2699
páčiť	2696
zápas	2695
harry	2691
decko	2691
teší	2691
oblasti	2691
šli	2690
týždňov	2689
snažila	2688
sestru	2677
chuť	2677
vedie	2674
fotku	2673
jane	2666
vitaj	2663
nádej	2663
prešiel	2661
dlhý	2661
pieseň	2660
kriste	2659
väzení	2658
druhého	2656
lásky	2647
klamal	2635
pozná	2634
bobby	2634
matt	2633
dovidenia	2633
iným	2632
išlo	2632
zaplatiť	2628
kus	2627
žene	2627
milovať	2621
kedykoľvek	2620
dar	2620
súhlasím	2619
stratila	2618
vybral	2616
plné	2614
miluješ	2609
schopnosti	2608
hlúpy	2605
obete	2605
mená	2604
navzájom	2604
mozgu	2603
absolútne	2598
kim	2594
navyše	2594
decká	2593
doktorka	2593
hlúpe	2591
traja	2590
nechali	2588
hrozne	2588
zbaviť	2587
otázok	2587
účet	2582
zákon	2579
vstávaj	2578
rob	2576
abby	2576
plány	2576
nik	2575
poznal	2575
nehoda	2573
drink	2572
ničoho	2555
dopekla	2555
pohni	2549
stretla	2548
chytiť	2545
nebudete	2544
zmizol	2541
dáte	2540
dokázať	2539
whoa	2539
nefunguje	2537
cítila	2537
píše	2535
žiadnom	2533
sľúbil	2531
stav	2529
lee	2527
školu	2526
jednou	2522
duch	2520
otvorené	2520
prsteň	2518
priateľom	2517
minúty	2516
zeme	2516
povedzme	2516
otče	2514
zvládnem	2510
slnko	2509
otvorte	2508
nechoď	2506
akým	2505
rose	2504
začneme	2504
naňho	2496
ukázal	2495
obe	2493
doteraz	2489
chrániť	2488
potrebné	2487
eddie	2478
miloval	2477
sila	2469
veríš	2464
zastav	2463
mark	2461
program	2453
kancelárii	2452
odchádzam	2449
vyzerám	2449
iná	2446
niečom	2445
nájde	2444
chalan	2442
akurát	2440
utiecť	2440
bojíš	2439
dovoľte	2432
zabudnúť	2432
ray	2426
debil	2426
dôvodu	2426
tehotná	2424
stratiť	2422
adresu	2418
záznam	2418
let	2417
vzhľadom	2415
raňajky	2414
množstvo	2412
perfektné	2412
zistili	2411
billy	2410
chrbát	2410
voči	2407
odišli	2407
teta	2406
býva	2402
spojenie	2397
liek	2393
hľadal	2391
hrdina	2391
stáva	2390
zohnať	2387
snažíš	2385
postarať	2385
skončiť	2382
mladá	2381
anna	2380
sexy	2378
vojnu	2375
dávam	2375
izba	2370
nebojte	2369
všetkými	2366
tvojím	2365
nemusím	2365
spoločne	2362
hrá	2358
pripravte	2354
zadku	2354
hajzel	2353
unavený	2350
dostanete	2350
piť	2346
vojne	2345
obavy	2345
čítať	2343
činu	2342
doriti	2341
takého	2340
obchodu	2339
poslednú	2337
skupina	2336
hádať	2334
dalo	2332
pláne	2330
vyhrať	2329
zima	2326
zvieratá	2321
pokojne	2320
metrov	2316
šou	2315
zvuk	2314
budovy	2314
riaditeľ	2312
castle	2303
sily	2302
hľadá	2301
vyriešiť	2300
vypadnúť	2299
policajti	2298
sestry	2298
kód	2296
čísla	2296
škola	2296
neustále	2296
strašné	2295
čisté	2294
klamať	2293
dušu	2292
tentokrát	2291
dopredu	2289
páčilo	2289
ozaj	2288
žil	2287
mam	2287
výsledky	2284
nájdi	2284
rovnaký	2282
vláda	2278
vojak	2277
obraz	2277
momentálne	2274
tvojim	2273
kniha	2273
stole	2269
radu	2269
sedí	2266
zuby	2262
rúk	2258
kamery	2257
kontrolu	2257
použil	2255
vzduch	2254
parku	2253
preložil	2252
dovoľ	2252
mene	2251
hudbu	2250
vypadnite	2249
rady	2248
došlo	2246
milá	2245
navštíviť	2243
snažiť	2241
vyzerajú	2239
myseľ	2238
pýtal	2237
pokračujte	2237
majster	2234
odteraz	2233
touto	2232
neprišiel	2232
postaviť	2232
synak	2231
manželka	2230
johnny	2228
výlet	2227
rachel	2224
čítal	2223
nôž	2222
hral	2222
podobné	2221
takí	2218
not	2214
sny	2214
šlo	2214
jazyk	2213
nejdem	2213
úlohu	2211
preco	2209
mcgee	2207
zostal	2206
víno	2204
ktorou	2203
sračky	2202
poďakovať	2202
zviera	2202
mŕtvych	2201
strednej	2201
nedávno	2200
nieco	2200
ruke	2199
pomocou	2195
steve	2195
hľadáme	2193
de	2192
krku	2191
clark	2191
zastavte	2189
dáma	2189
minútu	2189
chlapov	2187
volajú	2186
hladný	2181
inde	2178
stave	2178
drží	2176
pravý	2174
pokus	2170
zostaňte	2167
daniel	2166
časom	2165
nájdeš	2164
učiť	2162
verte	2162
energie	2162
dôstojník	2162
ehm	2159
mamou	2157
nedáva	2156
nos	2155
ruka	2154
niečoho	2152
that	2151
jedla	2150
ústa	2149
max	2147
oblečenie	2146
zostane	2146
fér	2144
rozprával	2144
svojimi	2140
špeciálne	2139
žiadam	2138
vrátime	2138
skontrolovať	2138
priveľa	2138
kontakt	2137
dozadu	2137
hlboko	2137
nepoviem	2136
sotva	2135
právnik	2133
žien	2133
adam	2132
odvtedy	2132
rozhodla	2131
časy	2131
tvrdí	2131
rozprávaš	2130
hocičo	2129
zač	2129
zaujímalo	2129
spomínam	2128
poslala	2128
bezpečné	2128
nevyzerá	2128
nevedia	2126
zasa	2125
služby	2124
vráťte	2124
predať	2123
dokončiť	2123
správny	2122
tímu	2121
polovicu	2119
martin	2119
ahojte	2116
minulosť	2113
pripravené	2112
počujete	2112
nosiť	2111
opustil	2110
díky	2110
požiadať	2109
starať	2107
prvom	2106
kráľovná	2104
získal	2103
osobné	2100
myšlienky	2096
mäso	2094
úprimný	2093
vrátili	2093
ospravedlňte	2091
zastavil	2091
trvá	2091
očami	2090
vražda	2088
isto	2086
priniesť	2086
krásny	2086
piatok	2084
prvej	2084
majte	2083
zmení	2083
nepamätám	2083
čakám	2082
spoznávam	2081
okno	2078
york	2078
hudba	2077
nezabudni	2075
tancovať	2073
niečím	2072
spomienky	2072
bál	2071
zavri	2071
urobte	2070
takýto	2069
rozhodli	2066
radosť	2066
úžasná	2065
začínam	2065
rozumiete	2063
robert	2062
starého	2059
kráľa	2057
dan	2057
situácia	2056
hlupák	2055
tlak	2055
zločin	2054
dňami	2052
možnosti	2051
zadarmo	2049
pozrel	2048
volali	2047
veciach	2045
vraha	2044
ták	2043
každej	2042
vaši	2041
čistý	2041
zoberiem	2040
prišlo	2039
kitty	2035
usa	2035
starých	2034
zodpovednosť	2032
každopádne	2031
muselo	2027
povedané	2021
hlavou	2020
boja	2020
chlapcov	2019
mesiacmi	2018
stop	2018
lily	2015
prežiť	2010
al	2009
bezpečnosť	2009
spravíme	2008
veril	2008
ctihodnosť	2006
avšak	2003
zistila	2001
nechceme	1999
práva	1993
vlak	1992
vrátiš	1989
hrdý	1988
sledoval	1987
necítim	1983
palube	1983
celého	1981
prajem	1980
zobrali	1979
svadbu	1978
moj	1977
bratia	1976
hotovo	1975
pýtam	1975
ukľudni	1974
san	1974
nikde	1972
stroj	1972
prešli	1971
eric	1969
oko	1968
väčšinou	1968
dobrí	1965
matkou	1962
kontrolou	1959
tvrdo	1959
pracuješ	1958
malého	1957
napísať	1954
prvú	1953
týmito	1950
bežte	1950
myslíme	1947
milióny	1945
každému	1944
sprav	1943
pochopil	1941
zbláznil	1941
bare	1941
plánu	1940
manželstvo	1938
našim	1937
nohu	1936
tvojmu	1934
chodil	1933
rozprávali	1932
chorá	1930
chvíli	1929
druhom	1928
pohovoriť	1928
skutočná	1927
nejdeš	1927
emma	1926
netreba	1926
polož	1925
šerif	1923
spievať	1922
ospravedlniť	1920
obchode	1918
väčší	1918
vyšetrovanie	1916
našou	1913
priznať	1910
srdci	1910
vyzeral	1908
počítač	1906
nehovorím	1905
miestnosť	1903
poznať	1902
riť	1901
čierny	1901
používať	1899
nielen	1898
ženatý	1898
priviedol	1897
dočkať	1897
dovtedy	1896
dobro	1896
cítite	1893
porozprávame	1891
učiteľ	1889
vašim	1889
pochybujem	1887
zničil	1887
čakajú	1886
zábavné	1886
vyzeralo	1884
strávil	1884
koláč	1883
au	1882
čiže	1882
chlapíka	1882
armáda	1881
jednotky	1880
pitie	1880
hviezda	1880
opatrný	1879
baviť	1878
pozerám	1877
poznáme	1875
gule	1874
záležitosť	1874
zoberte	1873
doby	1873
sadnite	1872
nejakej	1872
este	1869
chuck	1868
vašou	1868
prestal	1868
tvári	1868
skurvený	1867
akonáhle	1867
nepovieš	1866
vzdať	1864
svetlá	1863
berie	1862
go	1859
riadne	1859
silná	1855
ľutujem	1853
bytu	1853
kameň	1853
viesť	1851
vysoko	1851
pomohla	1851
potrebovala	1849
chýbať	1848
spomínaš	1847
uvedomil	1847
byte	1847
krk	1847
bomba	1846
všimol	1846
odpovede	1845
matke	1843
mojimi	1842
náhoda	1841
presvedčiť	1839
akého	1839
samé	1838
dohoda	1838
zostáva	1838
bohužiaľ	1838
vidí	1837
ochranu	1834
nejak	1833
krajina	1832
rozkazy	1831
kelly	1831
is	1830
dokázali	1829
zariadenie	1825
pustiť	1825
prsty	1824
výsosť	1824
nejakých	1823
park	1823
priateľku	1823
nervózny	1822
kopu	1822
strieľať	1821
sean	1820
jenny	1820
sto	1819
pánom	1818
väčšie	1817
hoteli	1817
oddelenie	1815
kvety	1814
ooh	1813
písať	1813
žijem	1813
chápete	1812
čudné	1812
veľkého	1810
pardon	1810
veličenstvo	1809
pohár	1808
objavil	1808
mier	1807
trápi	1807
roka	1805
dave	1805
nezabil	1804
zlatíčko	1803
sleduj	1801
uistiť	1800
ponuku	1800
prichádzajú	1800
uvidíte	1800
vrátane	1799
pracovala	1798
nemalo	1798
prdele	1797
rukami	1796
elena	1796
panebože	1796
zmenila	1796
mm	1796
unavená	1795
pošlem	1795
pomáha	1795
nádherná	1793
pýtať	1793
žijú	1793
duše	1792
deväť	1792
plus	1791
takých	1791
telá	1788
justin	1787
partner	1785
česť	1785
najväčší	1784
emily	1784
skupiny	1784
rozhodnúť	1782
narodil	1782
nehýb	1781
totálne	1779
testy	1779
míľ	1778
posteľ	1776
smrťou	1775
zomreli	1774
paráda	1773
brácho	1771
platiť	1770
dúfal	1769
pôjdete	1768
zázrak	1767
tele	1766
pohnúť	1763
nejakým	1763
meč	1762
brian	1762
nepríde	1762
znamenie	1761
nerád	1761
luke	1760
dcéry	1760
nesmie	1759
agentka	1759
hviezdy	1757
oficiálne	1755
milión	1755
vravíš	1754
pokým	1753
pridať	1752
lucy	1751
zabijú	1751
jeff	1751
počúvam	1751
jedine	1750
základe	1750
zaplatil	1748
správnu	1746
prídeme	1746
thomas	1745
major	1745
najlepších	1744
zodpovedný	1744
priestor	1743
ou	1742
autá	1741
síce	1739
najhoršie	1739
situáciu	1739
vyzeráte	1735
okolí	1735
ľudské	1734
cíti	1734
gay	1733
končí	1732
dverami	1731
velmi	1731
nemyslela	1731
ktorými	1728
zjavne	1728
šialený	1727
nových	1726
kľudne	1725
noviny	1725
prijať	1725
stál	1721
princezná	1720
biely	1719
dostanú	1718
zostanem	1717
používa	1717
nájdete	1714
hodinky	1714
autom	1714
rany	1714
rad	1713
sadnúť	1713
pozeráš	1712
snažíme	1711
známy	1709
nohavice	1707
uvidí	1707
opitý	1706
ryby	1705
dostaň	1705
zmenilo	1705
charles	1704
veľkým	1702
viacej	1701
santa	1701
zavolala	1701
hlúpa	1699
nic	1698
srdiečko	1697
triedy	1697
mŕtveho	1696
chloe	1694
nerobte	1693
necháš	1692
existujú	1688
snažia	1687
návštevu	1687
príkaz	1686
ted	1686
proces	1685
lady	1685
peklo	1685
reč	1685
vojaci	1684
mora	1682
vyhodiť	1680
podarí	1680
tohoto	1677
rodinou	1677
ulice	1676
energiu	1676
dajú	1675
odpovedať	1675
pozeral	1674
house	1674
vzťahu	1672
prípadu	1671
amerike	1670
využiť	1670
takým	1669
nazdar	1669
sexi	1668
deťmi	1668
vietor	1667
najmenej	1666
pamätáte	1665
blíži	1664
street	1664
predo	1664
karty	1664
trest	1663
stráviť	1662
prvého	1662
zabi	1662
chyby	1661
trik	1659
your	1659
zranený	1658
odtlačky	1657
útoku	1657
pomohli	1656
papiere	1656
ďalšieho	1655
hlavný	1654
zmenili	1654
pravá	1654
naraz	1654
stali	1654
inej	1654
novej	1653
tanec	1653
naštvaný	1651
leto	1650
we	1650
príď	1649
louis	1649
ducha	1648
krajinu	1647
prines	1647
dostatočne	1645
voláte	1644
ukázalo	1642
úsmev	1642
zozname	1642
napraviť	1641
lístky	1640
priniesla	1639
pravidlo	1639
poschodí	1638
alice	1638
susan	1638
začnem	1638
ospravedlnenie	1637
vytvoriť	1634
pracovali	1633
rozum	1632
skúste	1632
kopec	1631
riešenie	1631
skončilo	1631
projekt	1626
opraviť	1624
koňa	1624
veru	1620
priateľmi	1619
sudca	1619
mna	1619
slnka	1618
trápne	1617
pamätaj	1617
telefóne	1615
obrovské	1615
minútku	1613
reči	1613
čakala	1612
uhm	1612
slov	1612
omnoho	1611
zomriem	1611
vesmíru	1610
snažili	1610
zmena	1610
zdalo	1609
voľný	1609
dieťaťa	1609
hre	1609
all	1609
držal	1608
bar	1608
braček	1608
andy	1607
spí	1606
normálny	1605
william	1605
spoznal	1604
denne	1604
skúsim	1604
prežil	1603
obrovský	1602
prácou	1601
osamote	1600
predstavu	1600
zmizni	1600
nerobím	1599
odvahu	1598
love	1598
ukáže	1596
nechceli	1596
dýchať	1595
hotel	1594
ktorému	1594
nenechám	1593
článok	1592
zdroj	1592
planéte	1591
planéty	1591
silné	1591
lisa	1589
spal	1588
rôzne	1587
potrebovali	1587
pravé	1586
východ	1586
kdekoľvek	1582
nemusel	1582
žiješ	1582
očiach	1581
utiekol	1581
potešením	1580
väčšinu	1580
ib	1579
spraví	1579
nádherný	1578
synu	1578
oblasť	1576
suka	1576
stojte	1576
všetku	1575
nedovolím	1574
meškám	1574
dlhé	1573
necháme	1572
zaneprázdnený	1572
živý	1572
mr	1571
smutné	1570
ustúpte	1570
návrh	1570
rôznych	1569
istí	1567
ochrániť	1564
for	1563
scott	1562
iní	1559
riskovať	1558
správať	1557
tati	1557
dohodli	1557
veľkej	1556
vlastnej	1556
nato	1555
princ	1555
stálo	1553
jay	1553
nedostal	1553
vodou	1552
hľadáš	1551
dík	1551
dočerta	1550
hranice	1549
lese	1549
podporu	1548
právnika	1548
banky	1547
majetok	1547
mamy	1547
starší	1546
pozval	1545
sľub	1545
dôležitý	1544
stanici	1542
premýšľal	1542
systému	1542
spravíš	1541
stefan	1540
ed	1540
situácii	1540
inšpektor	1539
predstav	1539
van	1539
spadol	1539
šťastné	1539
chyť	1538
vojakov	1537
štýl	1537
spoznať	1536
spomenúť	1536
chlapom	1536
otoč	1536
dobrých	1536
prinesiem	1534
ohľadu	1534
stanicu	1534
stovky	1533
príbehu	1533
chytili	1533
zbraní	1533
nemusíme	1533
dlhú	1532
jackson	1532
pocity	1531
pomôžeš	1530
cena	1529
naďalej	1529
náladu	1528
zmluvu	1528
amen	1528
odíď	1527
prešla	1526
príbehy	1524
kúpila	1522
carl	1521
hodiť	1521
karen	1521
neba	1520
cieľom	1520
pánovi	1519
vezmeme	1518
patrick	1518
rána	1517
kuchyni	1516
zlom	1515
tajomstvá	1514
mmm	1511
verí	1511
pete	1511
pozeraj	1511
joey	1510
životom	1510
schopnosť	1509
jerry	1509
vode	1509
plakať	1509
zostali	1509
robin	1507
triede	1506
mužovi	1506
nemyslíte	1505
nepôjde	1504
elizabeth	1504
bála	1503
akej	1503
mŕtve	1503
všetok	1502
damon	1502
dobrého	1501
môžte	1501
červené	1501
zvláštny	1500
nervy	1500
pošlite	1497
grace	1497
tréner	1497
osobu	1496
nevedeli	1495
oslavu	1495
chytil	1495
zrovna	1494
rozpráva	1493
re	1492
nechcú	1492
tim	1491
milovala	1491
človekom	1489
klameš	1489
svetla	1487
spojiť	1487
lietadla	1487
strachu	1487
nájdite	1486
simon	1486
vyššie	1486
jednotka	1486
bývať	1485
teplo	1485
oblek	1485
nájdu	1484
čosi	1483
lož	1481
polovica	1481
začni	1481
prekvapený	1480
inom	1479
kúzlo	1478
voľno	1478
zaslúži	1478
klame	1477
ničom	1476
žartuješ	1476
blbosť	1476
pokúsil	1476
nechápeš	1476
posaďte	1476
ochotný	1475
sobotu	1475
správanie	1474
nesmieš	1474
biele	1474
slobodu	1473
neurobila	1473
listy	1472
tv	1472
úspech	1472
more	1472
blbec	1472
pravdou	1471
nenašli	1470
vezme	1470
kone	1469
nechutné	1469
vas	1469
zmizla	1468
klubu	1468
klamala	1467
okuliare	1467
predstierať	1467
úžasne	1466
prezidenta	1466
pripomína	1465
rohu	1464
young	1464
rukou	1463
nevidíš	1462
ujsť	1462
ovládať	1461
odchádza	1460
známky	1458
nerobí	1458
strom	1456
polície	1456
zmenu	1456
nepoznáš	1456
zostala	1456
voľba	1454
autobus	1454
kameru	1454
hank	1454
vírus	1453
napísala	1452
tušenie	1452
pomáhať	1452
hľadajú	1451
zvládneš	1450
ostrov	1450
man	1448
napísané	1448
zachránila	1448
opustila	1447
týždňami	1441
odchádzame	1440
ukážte	1439
hľadáte	1439
záchod	1439
los	1438
vsetko	1438
spomenul	1438
zabitý	1437
podaj	1436
cool	1436
udrel	1436
ukradnúť	1436
prejde	1436
význam	1433
mlieko	1433
ponúknuť	1433
prečítať	1433
operáciu	1433
minule	1433
budove	1432
utekaj	1431
zdvihni	1427
podozrivý	1427
našťastie	1427
páčia	1427
kartu	1427
odídem	1426
nedokáže	1425
ľahšie	1425
čakali	1424
hotela	1424
biznis	1423
anjel	1423
lístok	1422
tretí	1421
ncis	1420
jed	1420
sir	1420
urobíte	1419
génius	1419
nevinný	1419
rozmýšľal	1418
vydržte	1418
tesne	1417
počkám	1415
priviesť	1414
filme	1414
začnú	1413
bum	1413
dlhá	1413
nespravil	1412
cia	1411
strata	1411
kosti	1409
poschodie	1409
pondelok	1407
každým	1407
úst	1405
predaj	1404
náhle	1404
hrozný	1402
doba	1402
schopná	1402
spravodlivosť	1401
tajné	1401
vraveli	1400
jackie	1400
čias	1399
rýchle	1399
se	1399
bod	1397
karl	1396
duša	1395
mel	1394
sedel	1393
zábavu	1392
armády	1392
kretén	1391
mnohých	1391
ťažký	1391
nedal	1391
potrvá	1390
nahnevaný	1389
priateľu	1389
plná	1388
vaším	1388
inokedy	1388
žijeme	1387
tvárou	1386
klamár	1386
zomrieš	1385
molly	1385
vyzdvihnúť	1383
bratom	1383
tentoraz	1382
želám	1381
ostaň	1380
smiem	1380
filmy	1380
predal	1379
anglicky	1378
zistíme	1377
starej	1377
miest	1376
takisto	1375
pamätať	1374
tyler	1374
zobrala	1374
sústrediť	1373
chystá	1372
poraziť	1371
veselé	1370
bránu	1370
deťom	1370
dverí	1369
vytvoril	1369
vysvetlenie	1368
dávajte	1367
zakaždým	1367
annie	1367
počujte	1367
nutné	1367
výraz	1366
spolupracovať	1364
zastrelil	1364
papier	1364
kamaráti	1363
klube	1362
žili	1361
štyroch	1361
žeby	1359
chvíle	1359
stopu	1358
spýtal	1358
synom	1357
zostalo	1357
phil	1357
niektorých	1356
jamie	1356
pamäť	1356
zlodej	1355
josh	1355
posaď	1355
uši	1354
umenie	1354
prežili	1353
jason	1353
jedná	1353
pozerá	1351
kamera	1351
dojem	1350
prekliaty	1348
stačiť	1347
skúsenosti	1347
doslova	1347
mení	1347
pýtaš	1345
chrbtom	1345
nedotýkaj	1344
isteže	1344
všetkému	1343
dvomi	1343
skúšal	1343
naopak	1342
berieš	1342
netráp	1342
myšlienka	1341
nepomôže	1341
teším	1341
miestach	1340
vodca	1340
michelle	1339
kúsky	1338
strana	1337
zmeny	1337
boku	1337
pošli	1336
zobuď	1336
dr	1335
frasier	1334
red	1334
hrali	1333
láske	1332
dôvodov	1332
večierok	1332
dýchaj	1332
lepšia	1331
stan	1331
spojených	1331
hádaj	1330
ženská	1330
talent	1329
zjesť	1329
akokoľvek	1327
spala	1327
zachránili	1326
party	1326
požičať	1326
nepozeraj	1325
ostatnými	1325
vták	1325
centre	1325
riadiť	1324
hľadali	1324
podobne	1324
schopní	1322
zvedavý	1322
what	1322
ron	1321
stene	1321
nikým	1321
vypadá	1321
nehovoril	1321
nestačí	1321
zahrať	1321
ameriky	1320
dôležitá	1320
sally	1320
končím	1319
nepovedali	1319
kričať	1319
harvey	1319
chodím	1318
vlády	1318
steny	1317
alkohol	1317
sorry	1317
vezmeš	1316
dokážeme	1316
smrdí	1316
katie	1315
bojí	1315
hotový	1315
kopa	1313
vtáka	1313
čierna	1312
vpred	1312
všakže	1311
niles	1311
jess	1310
pohreb	1309
vybrala	1308
julia	1307
dostalo	1307
ničomu	1307
nate	1305
kolená	1305
detaily	1305
čakáme	1305
výskum	1304
šťastní	1304
žila	1303
zmiznúť	1303
odpovedz	1301
nedostane	1301
bombu	1301
týždňa	1300
sk	1300
chodili	1300
naučila	1300
hladná	1300
lietať	1300
pracujeme	1299
svedok	1299
nehovorte	1299
policajtov	1298
nebojím	1297
akcie	1297
vyhrali	1297
nezdá	1296
štátov	1296
bonnie	1296
rock	1296
dofrasa	1296
vracia	1295
merlin	1295
naším	1295
ukazuje	1294
lord	1293
nenapadlo	1293
eh	1293
problémom	1292
ukončiť	1291
zlo	1291
kilometrov	1289
bohom	1288
poslednom	1288
pacient	1287
nedokázal	1287
zbraňou	1287
utekať	1286
predstavenie	1284
nebezpečný	1283
vravia	1283
be	1282
bývalý	1282
dokážu	1282
postavil	1281
operácia	1281
hodil	1281
diabol	1280
prídete	1280
vážim	1279
lekár	1279
katherine	1279
he	1278
ostatným	1278
filmu	1278
klub	1277
sladké	1277
vlastných	1277
zástupca	1276
dinozzo	1276
zatknutý	1276
nepotrebujeme	1276
libier	1275
kamarátka	1275
príjemné	1274
vybrali	1274
rozhodnutia	1273
sever	1272
moci	1272
hotové	1272
výpoveď	1270
rick	1270
tričko	1270
vydať	1269
fantastické	1268
nepočula	1268
caroline	1267
malej	1267
svadba	1267
takom	1267
vyskúšať	1266
smiech	1265
nepotrebuješ	1265
rýchlosť	1263
vyber	1262
dohromady	1262
nohami	1262
strážnik	1262
pracujete	1261
opakujem	1261
planétu	1261
hnev	1261
tuto	1260
záležitosti	1260
skupinu	1260
šance	1260
jemu	1260
dúfajme	1258
nepôjdem	1258
nevráti	1257
donna	1257
povieme	1257
pozíciu	1255
vydatá	1254
vieru	1253
odchod	1253
čierne	1252
akom	1252
úroveň	1251
malých	1250
priprav	1250
dievčaťom	1249
neurobím	1248
chutí	1248
nepriateľ	1248
telefonát	1247
bezpečnosti	1247
drahé	1247
obyčajný	1246
požiadala	1246
ránko	1245
veríte	1245
vypnúť	1245
pozrieme	1245
vyhodili	1245
žiadosť	1245
holly	1244
súde	1244
vam	1243
kôň	1243
dozvedel	1242
porozprávam	1241
misia	1239
nemôžme	1239
potešenie	1239
dajme	1239
dokázala	1238
vyjde	1238
zistí	1237
vína	1237
hlúposť	1237
pravdaže	1236
polícii	1236
lenže	1236
získali	1234
zaplatím	1234
vlastného	1234
pokračuje	1234
účty	1233
poňatia	1233
blair	1233
nahlas	1232
býval	1232
chodíš	1231
riziko	1231
víťazstvo	1231
baru	1230
nazval	1230
pritom	1229
chodila	1229
službu	1228
zároveň	1227
zabudli	1227
pláži	1226
chýbaš	1226
preložila	1225
kiežby	1225
samého	1225
čeliť	1224
nehovorí	1224
tuším	1223
rádio	1222
pomohlo	1222
poznali	1221
našimi	1221
klobúk	1219
farby	1219
cením	1218
vyhodil	1218
leo	1218
zlého	1217
dakujem	1217
zlatý	1217
vegas	1217
vysvetlím	1216
prasa	1216
spokojný	1216
vysoký	1215
vyzerala	1215
chýbal	1215
zásoby	1214
laura	1213
naštvaná	1212
zastavili	1211
momente	1211
načase	1211
čakáš	1211
čítala	1210
maria	1209
čistá	1209
pohárik	1208
kariéru	1208
letisko	1208
detektívka	1207
dobrým	1206
noha	1206
vytiahol	1206
dieru	1206
beth	1206
šéfa	1206
nezmysel	1205
falošné	1205
nedeľu	1205
povedia	1204
zistím	1204
pracujú	1204
penny	1204
nesprávne	1204
poklad	1203
vyšiel	1203
da	1202
firmy	1201
svedkov	1201
ponáhľaj	1199
vinný	1198
novinách	1198
chudák	1198
okolností	1198
doľava	1198
vydržať	1197
bezpečne	1197
vplyv	1196
neveríš	1196
kiež	1196
dych	1196
ukradli	1195
láskou	1195
misiu	1195
ukázala	1195
bezpečnostné	1195
milujú	1195
zbožňujem	1194
ušiel	1194
can	1194
novým	1193
marcus	1193
umrieť	1193
km	1191
jones	1190
vadiť	1190
chodia	1190
hráš	1190
zvládnuť	1190
julie	1189
dokážete	1188
nora	1187
brániť	1187
ber	1185
včas	1184
smutný	1183
premýšľať	1183
nas	1182
čisto	1182
knihe	1182
partnera	1181
štetka	1181
vecami	1181
manželku	1180
dievčat	1180
zabíjať	1180
takej	1180
uhni	1180
dôležitejšie	1179
diery	1178
fľašu	1178
šek	1178
dosiahnuť	1178
roger	1178
jen	1178
inému	1177
tašku	1177
správna	1176
pomoci	1176
starosť	1176
fungovalo	1176
blízkosti	1175
vášmu	1174
boji	1173
ľad	1173
rakovinu	1173
zavolá	1172
nachádza	1172
prakticky	1171
naň	1171
budova	1171
sara	1170
podmienky	1170
inými	1170
nejakom	1169
piče	1169
mačka	1168
bežať	1168
verejnosti	1167
tadeto	1167
extra	1167
múdry	1166
lois	1165
pusť	1165
nevadilo	1164
hotová	1164
bratranec	1163
začnite	1161
divný	1161
veľkom	1161
bohatý	1160
istú	1159
casey	1159
veľkých	1158
úteku	1158
dcérou	1158
firma	1157
peniazmi	1155
vesmíre	1155
úrad	1155
schôdzku	1154
rokom	1154
vypočuť	1154
zabíja	1154
doprava	1154
stanice	1154
beckettová	1152
povinnosť	1152
stretnutia	1151
ostrove	1151
rory	1151
červená	1151
with	1151
navrhujem	1151
vzrušujúce	1151
kurz	1150
anne	1150
dostatok	1150
zastreliť	1149
dávajú	1149
otvoril	1149
svadbe	1148
búrka	1148
mas	1147
kang	1147
sleduje	1146
budovu	1145
vybaviť	1145
prsia	1145
novom	1145
nanešťastie	1145
životov	1145
armádu	1144
tae	1143
večeri	1143
divne	1142
poznala	1142
vesmír	1142
black	1142
up	1142
zostaneš	1141
telefónu	1141
fotka	1141
johna	1141
leží	1138
kúpim	1138
pojeb	1138
larry	1138
tisíce	1138
nebi	1138
nerobil	1137
zabudnite	1137
medzitým	1137
kapitána	1136
chlapcom	1136
rebecca	1135
andrew	1135
svetu	1135
neprišla	1135
nasledovať	1134
crane	1134
bratovi	1133
vhodné	1133
big	1133
futbal	1133
nenechaj	1133
plyn	1133
know	1132
hannah	1132
starú	1132
vstaň	1131
bojoval	1131
objaví	1131
nášmu	1130
sieť	1130
kostola	1130
stenu	1129
prineste	1129
zabiješ	1129
pokúsim	1128
udalosti	1128
mieri	1128
nápady	1128
informácií	1127
nerozumieš	1127
audrey	1127
stráže	1127
nedokážeš	1127
žiadnych	1126
kamoši	1126
motor	1126
počasie	1126
pochádza	1126
nosí	1125
armáde	1125
pevne	1124
odíde	1124
oproti	1124
aah	1124
domova	1124
pozvať	1123
cťou	1123
najal	1122
pomyslel	1122
biť	1122
úloha	1122
mysle	1122
jedinú	1122
trhu	1122
počet	1122
taxík	1120
centrum	1120
vymyslel	1120
bejby	1119
pomóc	1119
informáciu	1119
synovi	1119
zavolali	1119
slovami	1118
zvierat	1118
prach	1118
oco	1118
zvládneme	1118
pacientov	1117
šoférovať	1117
piatich	1117
bývam	1116
držím	1116
vinu	1116
bravo	1116
rana	1116
pole	1116
podvod	1116
samovraždu	1115
londýne	1113
rozprávala	1113
vysokú	1113
nohách	1113
brány	1112
nepriateľov	1112
lesa	1112
objavili	1112
operácie	1111
kancelária	1110
červený	1110
el	1110
totiž	1110
pokúšal	1110
dostaňte	1110
rodičom	1110
prirodzene	1109
názov	1109
domáce	1109
novinky	1109
pekle	1108
tretej	1108
kabát	1108
ľuďoch	1106
zrušiť	1106
blbý	1105
jeremy	1105
ináč	1105
catherine	1105
odpusť	1104
perfektný	1104
použi	1104
svedka	1104
zavrieť	1104
dňoch	1103
zatknúť	1103
bezo	1102
londýna	1102
chod	1102
klient	1102
dokonalý	1100
istotu	1100
nepočujem	1100
nedeje	1099
chvíľa	1099
záchranu	1099
maggie	1099
cely	1098
nespomínam	1098
carrie	1098
hovorte	1098
úmysle	1098
one	1098
dotknúť	1098
rozmýšľam	1097
nastúp	1097
mýliš	1097
toby	1096
posledného	1095
vypni	1094
min	1094
priniesli	1093
dohodnuté	1092
slabý	1092
pištoľ	1092
dedko	1092
šialená	1091
pasca	1091
pôjdu	1091
rozprávam	1091
this	1091
amerika	1090
dovolenku	1090
zákona	1089
chlapovi	1088
súčasť	1088
taylor	1088
podpísať	1087
upokojte	1086
vyžaduje	1086
zlú	1085
bla	1084
zvlášť	1084
hlavné	1084
urobia	1084
dvadsať	1084
hlásenie	1083
odídeš	1083
mitch	1083
most	1083
koľkokrát	1083
dôveru	1082
bozk	1082
agenti	1082
najmä	1082
súdu	1081
gary	1081
výsledok	1081
nestojí	1080
nádhera	1080
bordel	1079
spomaľ	1079
utorok	1078
napadol	1078
návrat	1078
spôsobil	1078
prst	1078
mat	1078
kontrolovať	1077
tma	1077
spoznala	1077
zvykol	1077
takúto	1076
agenta	1076
hluk	1076
jednoduchšie	1076
otázkou	1075
okna	1075
prestala	1074
monštrum	1074
zbabelec	1074
viedol	1073
take	1073
sestrou	1072
snažíte	1072
ulicu	1071
situácie	1071
špeciálny	1071
zájsť	1071
použili	1071
robotu	1071
dverách	1070
rozišli	1070
plnú	1070
mladé	1069
angeles	1069
ponuka	1069
tromi	1069
úlohy	1068
káva	1067
dylan	1067
strede	1067
skrátka	1067
chystám	1066
zadrž	1066
doug	1066
vecou	1066
nedostaneš	1066
začnime	1066
skrýva	1065
dobrej	1065
nervózna	1065
skočiť	1065
ponúkol	1065
kráľom	1065
psov	1063
bolieť	1063
oddelenia	1063
zatkli	1062
arthur	1061
infarkt	1061
kokot	1061
taky	1061
veľkou	1060
vek	1060
hostí	1060
úder	1060
zdravý	1060
zlaté	1060
zničí	1059
radosťou	1059
charlotte	1059
tvrdý	1058
nešiel	1058
postav	1058
storočia	1058
hlad	1058
verila	1058
naveky	1058
tadiaľ	1057
prosim	1056
zabrániť	1056
skvelo	1055
rýchly	1055
krava	1053
angela	1052
neďaleko	1051
rešpekt	1051
alibi	1051
kyle	1051
joo	1051
uvedomila	1051
jediným	1050
niečomu	1050
žiadneho	1050
kara	1049
nechá	1049
stránku	1049
spánku	1049
paige	1049
vľavo	1048
babka	1048
slobodný	1047
dcére	1047
zmizli	1047
hodinou	1046
pýtala	1046
hrozná	1046
hľadala	1045
druhu	1045
nebezpečenstve	1045
hong	1044
živého	1043
vedúci	1043
omyl	1043
vyšlo	1043
znamenalo	1043
štvrtok	1043
linda	1042
štyria	1042
položiť	1040
potichu	1040
mária	1039
pan	1039
počúvaš	1039
prestali	1039
varovať	1039
vyspať	1039
mesiaca	1038
dátum	1038
nepríjemné	1038
daphne	1038
zlých	1038
presvedčený	1038
stojím	1037
vlaku	1037
prázdne	1037
neveril	1037
jennifer	1036
súťaž	1036
sekundy	1035
obľúbený	1035
nebo	1035
vražde	1035
podiel	1034
osoby	1034
nočná	1034
dokonalé	1034
vrátia	1033
premýšľam	1033
psy	1033
adresa	1032
hodí	1032
greg	1032
zasraný	1032
nezabudnite	1031
plávať	1031
posily	1031
nenašiel	1030
kontakte	1029
vstúpiť	1029
fanúšik	1029
ellen	1028
stôp	1028
počkáme	1028
nádeje	1028
vďačný	1027
zdroje	1027
skvelú	1027
známe	1026
sľúbila	1026
fred	1025
sľúb	1025
materiál	1024
ll	1024
komplikované	1024
zničili	1024
vyjsť	1023
šéfka	1023
ničím	1023
zariadiť	1022
poobede	1022
ťažšie	1021
minútami	1021
han	1021
jazdiť	1020
dával	1020
farba	1020
nahnevaná	1020
hodinami	1020
uvidel	1019
out	1019
vajcia	1019
smutná	1018
vrchol	1018
rodney	1018
postará	1017
stredu	1017
prinesie	1017
obrázok	1017
ostane	1016
prdel	1016
ethan	1016
vlastní	1016
spýtaj	1015
zaujímať	1015
hrajú	1015
vytvorili	1014
plne	1014
jak	1014
vies	1014
používajú	1013
konkrétne	1013
najesť	1012
pozorne	1012
väčšiu	1012
ľudská	1012
večnosť	1012
stromy	1012
pilot	1011
pozrela	1011
skurvysyn	1010
sestre	1010
nemocnica	1010
obliecť	1009
smiať	1009
krídla	1009
vytiahnuť	1009
priebehu	1009
kávy	1008
ďalšej	1008
zmätený	1008
súhlasiť	1007
histórii	1007
em	1007
centra	1005
vypadnime	1005
prvých	1005
odstrániť	1005
výborné	1005
rieky	1004
vojsť	1004
sviňa	1004
takýchto	1004
korekcia	1004
nehýbte	1003
nádherne	1003
spôsoby	1002
úrovni	1000
varovanie	1000
choroba	1000
približne	1000
pauzu	1000
zásah	999
priateľky	999
tvojimi	998
podozrenie	998
popravde	998
heslo	998
privádza	998
dávaš	997
koncert	997
príklad	997
letisku	997
myslim	997
riešiť	997
loptu	997
spôsobiť	997
sledovali	997
pobozkať	996
čakaj	996
marty	995
vošiel	995
kostole	995
jacob	995
brána	995
členom	994
stopa	994
sledujte	994
začneš	994
dôkazov	993
veľkosť	993
dúfala	993
vstup	993
akékoľvek	993
eun	993
dispozícii	993
duchov	992
baba	992
firmu	992
den	992
zomrieme	992
motív	991
lietadle	991
nepotrebuje	991
hodnotu	991
ľutovať	991
sendvič	990
stanica	990
dne	990
hory	990
banda	989
bomby	989
stretnutí	988
mýlil	988
stupňov	988
stephen	988
skrývať	987
súhlasil	987
niekoľkých	987
cas	987
starosta	987
palubu	986
wayne	986
stratený	986
krása	985
úlohou	985
vysvetľuje	985
vyhnúť	984
dôchodku	984
nemysli	984
mamka	983
pizzu	983
spravodlivosti	982
kamene	981
srdcom	981
americký	981
skrz	981
rovnakú	981
mladí	981
vzdal	980
okamih	980
zlomil	979
senátor	978
obvykle	978
jordan	977
vpravo	977
veria	977
st	975
prítomnosť	975
umrel	975
kožu	975
planéta	974
vnútra	974
victor	974
najvyšší	974
obzvlášť	974
jae	974
najväčšia	973
ublížil	972
vyhrala	972
fuk	971
pohnite	971
zaberie	971
dovolil	971
dnešok	971
nečakal	970
plno	970
ostáva	970
tabletky	970
nadšený	969
pamätajte	969
neni	969
uniesli	968
úbohé	968
barry	968
polnoci	968
spoznali	967
jednému	967
teória	967
pacienta	967
väčšia	966
slova	966
vyše	966
ci	965
služba	965
farbu	965
slzy	965
bratov	964
bojovník	964
prebrať	963
mladých	963
are	962
skupine	962
pravú	961
obdobie	961
odmietol	961
zložité	960
áut	960
spadla	960
spýtam	960
nočné	960
hrdá	960
ranu	960
vymeniť	960
nehodu	959
zámok	959
chvíľou	959
štát	959
scenár	959
krvou	959
olivia	958
policajta	958
reštaurácie	958
telefónne	958
akosi	958
hrám	958
výhľad	957
vela	957
priateľovi	957
úvahy	956
ukradla	956
trh	956
uvedomuješ	956
správach	955
členov	955
carol	955
miles	955
roy	955
nevšimol	955
učil	954
tovar	954
zastaví	954
model	954
juh	954
vyraziť	953
syr	953
seriem	953
pustil	953
nevyhnutné	953
kom	953
yoon	953
priznal	952
verili	952
konať	951
obetí	951
les	950
istom	950
nanič	950
sústreď	950
sexuálne	950
úbohý	950
odchádzaš	950
chlieb	949
démon	949
zobudil	949
hee	948
perfektne	948
zabite	948
dôvody	948
skurvené	948
gwen	948
nepriateľa	948
povedat	947
člen	947
dievčaťa	947
eva	946
helen	946
prehliadku	946
domom	945
harper	945
ricky	945
trieda	944
mačky	944
padaj	944
obrovská	944
bruce	944
technicky	944
kosť	943
pridaj	943
just	943
zarobiť	943
pripadá	943
dokumenty	943
obľúbená	943
internet	942
dohody	942
nam	942
wendy	942
stála	941
postavili	941
jedinou	941
vysokej	941
neuveriteľne	941
nedám	941
nepozná	941
akí	940
happy	940
wilson	940
povinnosti	939
jednoznačne	939
chyťte	939
hlasy	938
kamaráta	938
venovať	937
západ	937
prechádza	937
prípady	937
akcia	936
písal	936
prekliate	936
prináša	935
manželom	934
drobné	934
chces	934
ťah	934
bytosti	933
úprimná	933
ťažká	933
pravidiel	933
krátko	933
hodina	933
pozície	933
kňaz	932
nedostatok	932
opakovať	931
zákony	931
existovať	931
kuchyne	931
obávať	931
vidia	930
ľudskej	930
mori	929
beží	929
jin	929
roz	929
násilie	929
vystrašený	929
veľkosti	929
zaslúžiš	928
vymyslieť	927
stránky	927
väzenie	927
nastal	927
začínajú	927
prstov	927
spojené	926
vzťahy	926
horí	926
zavraždený	926
pozdrav	926
vystopovať	925
predávať	925
derek	925
zariadenia	925
eli	925
rovnakej	925
spôsobuje	924
silou	924
diera	924
programu	924
tiez	923
junior	923
chýbala	923
jedol	923
nenávidí	923
medveď	922
oliver	922
jesse	922
američania	921
starec	921
pero	920
zmizne	920
úplný	919
ďalším	918
soo	917
dohodnúť	917
labáku	917
scotty	917
terry	917
dobrom	917
hýbať	917
west	916
dediny	916
marie	915
podme	915
vynikajúce	915
pokúsiť	914
nevrátim	914
percent	914
zamestnancov	914
istej	914
spoločného	914
ledva	913
smith	913
dookola	913
zoženiem	912
podať	912
výbuch	912
mnohí	912
rodičmi	912
okná	911
nula	911
howard	911
dážď	911
krátky	911
trikrát	911
obvinenia	910
vravíte	910
doktorom	910
starí	910
jonathan	910
sprostý	910
modré	909
zábavy	908
južnej	908
zbytočné	908
ustúp	908
najhorší	908
utiekla	908
strechu	908
nedáš	907
pripravil	907
mieru	907
doktorovi	907
girl	907
uži	907
zbláznila	907
basy	907
serena	906
paríži	906
čarodejnica	906
mamička	906
univerzite	906
postaraj	906
potreby	906
nebezpečenstvo	905
príďte	905
štátu	905
ženami	905
strýka	904
dieťaťom	904
subtitles	904
skúsil	903
dones	903
útek	903
sedím	902
king	901
pulz	901
prázdny	901
pôsobivé	901
osobný	900
priateľstvo	900
hráč	900
životu	900
vlastným	899
snov	899
nancy	899
sandy	898
skutočnosť	898
znelo	898
nazýva	898
krista	898
prejav	897
martha	897
odpad	896
človeku	896
kamoško	895
zlí	895
pas	895
ukázali	895
čaute	894
ziva	894
mäsa	893
bojovali	893
blahoželám	893
slávny	893
but	893
druhy	893
urážky	893
peknú	893
reštaurácii	892
guľka	892
nezvyčajné	892
minister	892
zmysle	892
závisí	892
stoja	891
potuchy	891
napokon	891
nedostaneme	891
zaujímavý	890
nathan	889
zamilovaný	889
tym	889
stráž	889
ludia	889
udalosť	889
múdre	889
vedomie	888
denník	888
walt	888
vyšetrovania	888
požiar	888
nepamätáš	888
kroky	888
narazil	887
body	887
hanba	887
kamarátov	886
sestrička	886
time	886
nedostanem	886
mulder	886
obeťou	885
pýta	885
pozvala	884
naokolo	883
svadby	883
popoludnie	883
nablízku	883
rieke	883
kolo	883
zisti	882
očakávať	882
nešlo	882
get	882
ved	882
priateľkou	881
tréning	881
všimla	881
posiela	881
časoch	880
poznámky	880
hrala	880
poplach	880
silnejšie	880
internete	879
nepovie	879
walker	879
duchovia	879
svätý	878
penis	878
kozy	878
počúval	878
berte	878
rozlúčiť	878
položte	878
žiadni	878
ostal	877
skontroluj	877
mac	877
zjedol	877
najdôležitejšie	877
cestovať	877
ryba	877
srať	877
vyčistiť	876
never	876
božemôj	876
zbraňami	876
had	876
dôverovať	876
šéfom	876
zatvorené	875
službe	875
vydala	875
odpustiť	875
slečnu	874
vedenie	874
absurdné	874
manažér	874
stretnem	874
podpis	874
dennis	874
rovnaká	873
pohľadu	872
like	872
odznova	872
skok	871
predstavujem	871
milosť	871
schodoch	871
píš	871
podozrivého	871
lov	871
žalúdok	870
síl	870
zábavný	870
odíďte	870
kúpili	870
obľúbené	869
dopadne	869
betty	869
chystáš	869
alarm	869
zohnal	869
vysoká	868
slúžiť	868
nezabudnem	868
starká	868
následky	868
prestávku	867
energia	867
bohovia	867
nezmení	867
krvácanie	867
prežitie	866
bytosť	865
neger	865
zdvihnúť	865
postup	864
vysoké	864
porno	864
pery	864
patty	864
trávu	864
lodí	864
minulých	864
drevo	863
tábor	863
nejakí	863
tajnosti	863
narodila	863
minimálne	862
zničila	862
dovi	862
kura	862
mapu	862
cele	862
niekoľkými	861
oboje	861
platia	861
skutočnú	861
symbol	860
akých	860
rozumel	860
žiada	859
robte	858
falošný	858
nepôjdeš	858
tlač	858
odmenu	858
preňho	858
straty	858
hocikto	857
prekvapená	857
oznámiť	857
edward	857
kôli	856
doktori	856
umenia	856
drog	856
klienta	856
výročie	856
majiteľ	856
dedo	856
vlk	855
opatrná	855
pohotovosť	855
chaos	855
sladký	854
linke	854
predstavte	854
viera	853
ist	853
silnejší	852
neporiadok	852
jessica	852
misie	852
popoludní	851
ceny	851
šialenstvo	850
činy	850
úradu	850
kontroly	850
svedkom	850
bavili	850
podrž	849
základňu	849
balík	849
biela	848
dana	848
dlh	848
postaral	848
voľné	848
patria	848
naživo	848
zradca	848
dozvedieť	848
bral	848
nemusela	847
malým	847
nemaj	847
odznak	846
rolu	846
tému	846
nesedí	845
tajný	845
obchody	845
dnešný	845
bitka	845
postoj	845
artuš	844
súkromný	843
sophie	843
posadnutý	843
dokonale	843
šampanské	843
herec	843
držia	842
odlož	842
chorobu	841
najlepšieho	841
pomáhal	841
volaj	841
druhým	841
tip	841
xena	840
paríža	840
údaje	840
žiadať	840
bláznivé	840
častiach	839
zemou	839
donesiem	838
zbytočne	838
zmrzlinu	838
niesom	838
skryť	837
strávila	837
fakty	836
nehode	836
berú	836
telke	836
píšem	835
menší	835
chlapcovi	835
zoe	835
tvrdia	834
extrémne	834
súdny	834
neurobili	834
vážny	833
piatimi	833
zlez	833
výkon	833
zaplatí	832
horúce	832
vychádza	832
cooper	832
carter	832
poznajú	832
určité	832
zničený	831
pil	831
zostaneme	831
pusu	831
lepšiu	830
nejdeme	830
malom	830
cítili	829
slečny	829
opustili	829
žartujem	829
pozerala	828
trpezlivosť	828
zabitie	828
emócie	828
nestrieľajte	828
hoď	827
strih	827
obyčajne	827
ex	827
francúzska	827
zvládol	827
vrecku	827
zvuky	826
rukavice	826
telku	826
heather	826
ibaže	826
chrbte	826
hotovosti	825
vyhrá	825
legálne	825
viny	825
takomto	825
kópiu	825
dielo	825
veda	825
vzorky	825
očakáva	825
najlepšiu	825
vole	824
russell	824
páčil	824
strašidelné	824
fíha	823
pozornosti	822
zastavím	822
vážení	822
pustili	822
ležať	822
idioti	822
tíme	822
kože	822
vládu	822
obvinený	821
začíname	821
takáto	821
mladého	820
francúzsky	820
ocka	820
guľku	820
hodine	820
miami	819
nechajme	819
súhlas	819
scénu	819
užite	819
nesmieme	818
otvorený	818
pochopila	818
zamknuté	818
diane	817
starostlivosť	817
padáka	816
smer	816
dňom	815
severnej	815
stojíš	815
informovať	815
špinavé	815
frajer	814
prehral	814
výborný	814
ktovie	814
oka	814
čurák	814
barb	813
pravdy	813
base	813
opýtal	813
vajíčka	813
barney	813
predstava	812
rozmýšľala	812
naviac	812
rovnakom	811
poriadny	811
kráľovstvo	811
kecy	811
prestane	811
osamelý	811
darčeky	811
bavíme	811
nenávidieť	811
ľudstvo	810
kanceláriu	810
umyť	810
roboty	810
piesne	810
inam	810
hlavná	810
skurvená	809
zastavila	809
variť	809
dopadlo	808
získala	808
tetovanie	808
tábora	808
nepočuli	808
sammy	808
pochybnosti	807
susedia	807
šialene	807
zranenia	807
neprišli	807
snaž	806
správaš	806
michaela	806
bastardi	806
streche	806
objavila	806
telom	806
načas	805
zomrú	804
te	804
zub	804
mladší	803
hodinách	803
televízii	803
cass	803
otočiť	803
berieme	802
dovolíte	802
there	802
lúpež	802
legenda	802
titul	802
pokúšam	801
slepý	801
míle	801
bieleho	800
tretia	800
leon	800
todd	800
gonna	800
premýšľala	799
letieť	799
pláž	798
kusy	798
spustiť	797
zradil	797
božie	797
modrá	797
odídeme	796
megan	796
príjemný	796
pásku	796
podpísal	796
milióna	795
nepodarilo	795
poriadok	795
termín	795
rameno	795
dvore	794
súkromné	794
zažil	794
zožeň	794
priviedla	794
zabilo	793
menia	793
prinútiť	793
krádež	793
oceňujem	793
záhrade	792
zvnútra	792
vyrovnať	792
vhodný	792
desivé	792
carlos	792
sanitku	791
páľ	791
prepínam	791
right	791
prekrásne	790
potvrdiť	790
firme	790
tme	790
sne	790
lano	790
neber	790
atlantis	790
vajce	789
možností	789
vtipný	789
najväčšie	789
cigarety	789
študent	789
preukaz	789
fajčiť	789
hráme	788
nebezpečná	788
vystrašená	788
banke	788
akciu	788
who	788
nenechajte	787
prázdna	787
samovražda	787
chicago	787
prijali	787
obrany	787
volanie	786
ohľadne	786
hranicu	786
pyšný	786
odpustenie	785
zomiera	785
zločinu	785
záznamov	785
ľudský	785
jednotku	785
ovocie	785
domy	784
piatej	784
žiadal	784
oddelení	784
margaret	784
prvým	783
priveďte	783
tieň	783
čoraz	783
páčiš	783
nerada	783
novín	782
zaplatili	782
lane	782
skontrolujte	782
babiek	782
vašimi	781
nenávisť	781
počítať	781
adrian	781
obleč	781
vlasov	781
mágia	781
objednal	781
humor	781
použila	780
hýb	780
spomenula	780
držíš	780
živé	779
kruh	779
najlepším	779
masku	779
naučili	778
akýkoľvek	778
now	778
whisky	778
chytrý	778
obrovskú	777
vystúpenie	777
bývaš	777
opatrní	776
pochopili	776
žehnaj	776
zakázané	776
jar	776
vtáky	776
oddýchnuť	776
učiteľka	776
klientov	776
zoberieme	776
putá	775
tretie	775
rakovina	775
hrob	775
vonia	774
vrážd	774
turné	774
skúšku	773
nina	773
necítil	772
mužmi	772
strávili	772
zničené	772
vincent	772
presný	771
dovolením	771
posral	771
vyhlásenie	771
každých	771
necháte	771
tvrdil	771
troma	771
pýtate	771
nepoznal	770
ve	770
najbližšie	769
všetkej	769
postaráme	769
divadlo	768
prial	768
miestom	768
dost	768
randy	768
lekára	767
kontrola	767
kníh	767
ruby	767
známa	766
sneh	766
bývala	766
uisťujem	766
takze	766
skončím	766
čin	766
lucifer	766
tisícky	765
najavo	765
nohe	765
starým	765
priveď	765
sexu	765
podnik	765
vlny	765
choré	764
banka	764
bodov	764
zničená	764
samú	764
svetom	764
nestretol	763
rastie	763
starom	763
vyrastal	763
nepáčilo	763
ignorovať	763
trpieť	763
národ	763
ježiša	763
obrázky	763
ľahnúť	762
šikovný	762
taxi	762
vybavenie	762
veríme	762
vpredu	761
identifikovať	761
systémy	761
kolega	760
kelu	760
kufor	760
vraciam	760
sledujú	760
zachráň	759
was	759
povrch	759
prípadov	759
bitky	759
výške	758
utrpenie	757
dospelý	757
zábery	757
históriu	757
stale	757
zaslúžil	757
ross	757
žijete	757
stromu	757
štvrť	756
uniesol	756
agentov	756
šálku	756
pomôžete	756
slobodná	756
odvoz	756
ohňa	756
peňaženku	755
kašli	755
pokrok	755
romantické	755
neuvidím	754
pozeráte	754
pasce	754
obom	754
hotovosť	754
when	753
alexander	753
uzavrieť	753
ostala	753
skúšky	752
študentov	752
policajný	752
nezastaví	752
predáva	752
pohotovosti	751
leslie	751
systéme	750
voľby	750
dvanásť	750
znak	750
padol	750
výstrel	749
nepodarí	749
woo	749
neznie	749
udrieť	748
nesmiete	748
sklo	748
opak	748
teóriu	748
opitá	747
priezvisko	747
zmrd	747
šalát	747
jednoduchý	746
zvedavá	746
choroby	746
prežila	746
volajte	745
gps	745
ľud	745
predstavil	745
tučný	745
čaju	744
zoznamu	744
kostým	744
znieť	744
upír	744
príležitosti	743
šoku	743
štít	743
menšie	743
malí	743
prístroj	743
choi	743
pozerali	743
platím	743
modrý	743
prejdeme	743
vyjadriť	742
vstúpte	742
dúfať	742
bacha	742
plat	742
ji	742
jersey	742
prinajmenšom	742
verzia	742
robit	742
verejnosť	742
fuj	741
slušne	741
amerických	741
mrcha	741
hriechy	741
lou	741
zapletený	741
ľudstva	741
motory	741
tess	740
strážiť	740
seth	740
ples	739
já	739
paula	739
uniknúť	739
tardis	739
shh	739
mo	738
evan	738
škody	738
poradiť	738
šťastne	738
they	738
zlatá	738
napiť	738
got	738
ospravedlň	738
odchode	738
meniť	737
saul	737
prešlo	737
iraku	737
prádlo	736
silno	736
histórie	736
kostol	736
odporné	736
beriete	736
hale	736
kina	735
bráne	735
záchvat	735
dostáva	735
najradšej	735
dusanho	735
sračka	735
modliť	734
menu	734
hned	734
zvládne	734
súboj	734
testov	734
seo	734
vodič	733
skúška	733
skočil	733
dolár	733
doniesol	733
mozno	733
štyrmi	732
oslava	732
šiestej	732
opýtaj	732
umelec	732
dáta	732
milujeme	732
múdra	732
prijal	732
karta	731
detstva	731
lovec	731
tortu	731
utajení	731
pošle	730
zistíš	730
presvedčil	730
nepatrí	730
všetka	730
blbé	729
prd	729
opovažuješ	729
liečbu	729
washington	729
pozdraviť	728
zlomené	728
netušil	728
guľky	728
strelec	728
nedostala	728
chytia	728
pamäti	728
nižšie	727
problému	727
vstať	727
šok	727
študovať	727
začínaš	727
nedostali	727
cigaretu	727
anjeli	726
uvoľniť	726
slabosť	726
nepoznáte	725
have	725
kričí	725
podvodník	725
varoval	725
zanechal	724
svätého	724
história	724
obvinenie	724
amanda	724
rodinné	723
air	723
užiť	723
pýtali	723
páčila	723
kruhu	723
zbytok	723
väzeň	723
rozmýšľať	723
bokom	722
príchod	722
pripojiť	722
diabla	722
nemuseli	722
generácie	721
priestoru	721
ochranka	721
rozvod	721
tajná	721
napíšem	721
pesničku	721
držala	720
rozprávame	720
pozreli	719
zavoláš	719
ženské	719
uliciach	719
sláva	719
pozvanie	719
fotografie	718
letí	718
súvisí	718
ana	718
odhaliť	718
počuje	718
psi	718
boží	718
očakával	718
osobnosť	717
núti	717
bohov	717
čiernu	717
opýtam	717
robota	717
opica	716
prví	716
album	715
smiešny	715
lži	715
okamihu	715
mesiaci	715
najrýchlejšie	714
dozvie	714
skončíš	714
chodbe	714
celým	714
strašný	714
siete	714
skontroloval	714
katastrofa	714
jazda	714
uznať	714
reakcia	713
prísne	713
skutočného	713
čerstvé	713
takou	713
záujme	713
najhoršia	712
sukin	712
pozícii	712
zákaz	711
benny	711
manželky	710
otvorili	710
skončíme	710
neurobíš	710
bo	710
štúdia	710
lance	710
postava	710
zoberie	709
držali	709
lacey	709
jebať	709
star	709
niektorý	708
forme	708
predseda	708
april	708
vydávať	708
strašná	708
prežije	708
bicykel	707
dieťaťu	707
prostredie	707
jasný	707
spomínate	707
odviesť	707
monsieur	707
aaron	707
tábore	707
bojuje	707
uvidia	706
členovia	706
sľúbiť	706
dozvedeli	706
spíš	706
telefóny	706
cirkev	706
cirkvi	705
teddy	705
slabé	705
ford	705
pridal	705
sklamaný	705
želanie	704
navrhol	704
vrchole	704
prieskum	704
netrápi	704
vedomý	704
zaspať	703
nedorozumenie	703
tlačiť	703
nezačínaj	703
posádka	703
mýlim	703
jedlom	703
silách	703
nedala	703
hudby	702
hračka	702
hlavnej	702
nechoďte	702
porovnaní	702
hlúposti	702
uniesť	702
dale	702
frankie	702
johnson	701
prekonať	701
prúd	701
dobrovoľne	701
bezpečnostný	701
uhnite	701
upokojiť	700
hlbšie	700
pravej	700
smola	700
poli	700
cindy	700
otvorím	699
skúsime	699
policajtom	699
benzín	699
riaditeľa	699
zmiznite	698
kráľovnú	698
hrdinu	698
trápiť	698
stavu	698
nenájdeme	698
nebyť	698
všimli	698
henryho	698
popri	698
vôle	698
spis	698
prospech	698
jang	697
nepriatelia	697
povrchu	697
mačku	697
nechápete	697
spravte	696
pozerajú	696
posádky	696
blízky	696
nebuďte	695
manželia	695
nemohlo	695
jediného	695
zrak	694
nejakou	694
sráč	694
erik	694
prestaneš	694
obetovať	694
bežné	694
stáli	694
oblečený	694
sheppard	693
pás	693
rozprávate	693
štart	693
teplé	693
zákazníkov	692
spisovateľ	692
podeliť	692
prírody	692
opice	692
kočka	692
rozlúčku	692
petra	692
dym	692
obranu	692
preteky	691
európe	691
slušný	691
tiger	691
chýbajú	691
sračiek	691
steven	691
policajné	690
pokojný	690
sledujem	690
očakávam	690
zaneprázdnená	690
lincoln	690
cassie	690
kamoša	690
večne	689
nehody	689
pátranie	689
dôvodom	689
pozemok	689
študenti	689
bunky	689
zoo	689
cole	688
dedine	688
velenie	688
centov	688
ozvem	688
pokúša	688
svedkovia	688
stávajú	688
tajne	687
joy	687
nenechal	687
dokončil	687
vôľa	686
uisti	686
summer	686
doklady	686
skúsme	686
blesk	686
umiera	685
srdcia	685
poskytnúť	685
guvernér	685
smútok	685
dodávku	685
tuná	685
pokaziť	684
hľadanie	684
zúfalo	684
leonard	684
priznávam	684
sedíš	684
ľe	684
vyrástol	684
nikita	684
oženil	684
ulica	684
návštevy	684
dokým	683
kampaň	683
nepýtaj	683
uvoľni	683
povesť	683
poliš	683
svetle	683
anglicka	683
častejšie	683
pokazil	682
nevyšlo	682
zabaviť	682
ministerstvo	682
jean	682
zachráni	681
zato	681
vracať	681
takejto	681
ukradnuté	680
polievku	680
kryť	680
padne	680
štvrti	680
voľná	680
zobudiť	680
asistent	680
krik	679
ann	679
come	679
nazad	679
panna	679
online	679
položil	678
klaus	678
owen	678
porota	678
hrozba	678
nazvať	678
obsahuje	678
výnimočný	677
manželovi	677
huby	677
jedenie	677
obidve	677
bingo	676
raj	676
kvoli	676
pomer	676
odpor	676
nesmierne	675
čln	675
vyzerali	675
ôsmej	675
požičal	675
see	675
brad	675
kľude	675
yo	674
expert	674
reality	674
vysielanie	674
vedomí	674
spáchal	674
pobreží	673
čakajte	673
sklamal	673
peniazoch	673
amber	673
vypnite	673
ruth	673
hýbte	673
olej	672
rozdeliť	672
presunúť	672
nevyzeráš	672
zombie	672
prípadoch	671
vchod	671
užitočné	671
vyšla	671
prezidentom	671
gaius	671
políciou	670
ciele	670
le	670
osobou	670
nehovorila	670
pohádali	670
náboje	669
vzorku	669
zadržte	669
zlomiť	669
nahý	669
maya	669
nastane	669
liečiť	669
neskutočne	669
výšku	668
prechádzať	668
mágiu	668
staral	668
mickey	668
dong	668
príkazy	667
afrike	667
odmietnuť	667
song	667
cukor	667
gauči	667
vráťme	667
vrátite	667
prečítal	667
namierené	667
jednoduchá	667
zločinec	667
ostanem	666
šibe	666
logan	666
susedov	666
špinavý	666
nuda	666
zvládli	665
zastrelili	665
pomerne	665
umrela	665
jung	665
manželkou	665
čakáte	665
lucas	664
zmluvy	664
voláme	664
hrdlo	664
viery	664
misii	664
nevinných	664
nicole	664
štúdiu	664
vidno	664
odveďte	663
desí	663
obrazy	663
dav	663
zvykla	663
podstatné	663
napadli	663
spôsobilo	663
uvedomujem	663
rádiu	663
nevolaj	663
neexistujú	663
piči	663
predstavuje	663
kamkoľvek	663
zomrelo	663
sloboda	662
klamstvo	662
vyriešime	662
pomôžeme	662
ostali	662
pomstu	662
prednosť	662
zelené	662
princa	661
londýn	661
mýlite	661
neplač	661
kreslo	661
jazdu	661
trénovať	660
svedčiť	660
rozumieť	660
zlým	660
smeruje	659
morgan	659
názvom	659
mesiacom	659
dokonalá	659
zlyhal	659
sledovala	659
guy	659
územie	659
pi	658
zavoláme	658
bishop	658
anglicku	658
liz	658
úplná	658
džús	658
behom	658
využil	658
chicagu	658
personál	657
hriech	657
spoľahnúť	657
odovzdať	657
značku	657
vedú	656
rozsudok	656
dievčaťu	656
christian	656
zadkom	656
vodcu	656
melanie	656
brown	655
kľúčom	655
výnimočné	655
bojíte	655
pravde	655
cvičenie	655
jemne	655
zozadu	655
stratené	655
milovali	654
prázdniny	654
rodinný	654
loďou	654
font	654
liam	654
pešo	654
hlúpo	654
miller	654
dokument	654
politika	653
rukojemníkov	653
psom	653
stratí	653
east	653
zaplatíš	653
vypočuj	653
stola	652
neskončí	652
nešla	652
palmer	652
programe	652
pizza	652
dámu	652
zločiny	652
ponožky	652
prekliata	652
naučím	651
prirodzené	651
sklade	651
chystal	651
časťou	650
milí	650
marshall	650
dovolíš	650
náhrdelník	650
triky	649
nedotýkajte	649
hodnoty	649
počítača	649
slovíčko	649
poprosím	649
normálna	649
blázni	649
liekov	649
obidvaja	648
francúzsku	648
paríž	648
porazil	648
vadilo	648
vnútorné	648
balíček	647
ashley	647
babička	647
šampión	647
miliardy	647
prevziať	647
veciam	647
otvorená	647
príšera	647
vystrašiť	647
oslavovať	646
horúco	646
schovať	646
dverám	646
únos	646
neodídem	646
vyšli	646
melissa	646
mimoriadne	645
výbuchu	645
neznáša	645
nevidí	645
vozidlo	645
žiadnej	645
skúšala	645
admirál	645
koláčiky	644
erin	644
back	644
nevrátil	644
dick	644
urobit	643
požehnanie	643
ktory	643
posielam	643
varujem	643
ukazujú	643
siedmej	643
zbavil	643
poliši	643
allison	642
klamali	642
echo	642
štátoch	642
doc	642
ostalo	642
vari	642
postupne	642
predovšetkým	641
koža	641
brucho	641
životné	641
minul	641
niekym	641
ľudskú	641
americkej	641
záležalo	640
zaspal	640
päsť	640
otočte	640
blake	640
celou	640
wau	640
dane	640
dochádza	640
angie	640
from	640
somár	640
nadšená	640
základňa	640
príjem	640
zložiť	640
smrad	639
lete	639
prípadom	639
odmietla	639
tvrdé	639
sexe	639
vadí	639
ali	638
hosť	638
žiaľ	638
neverí	638
vysvetli	638
rakety	638
teplota	638
vylez	637
bábätko	637
zbláznili	637
priviedli	637
halo	637
hlavného	637
starostlivosti	637
zvláštna	637
spánok	637
ženám	637
víťaz	636
pomsta	636
nicky	636
lekciu	636
alkoholu	636
trpí	636
výťah	636
okolnosti	636
šiestich	636
jedz	636
slobody	636
odložiť	636
nemožno	635
vybavím	635
prebieha	635
vypiť	635
dýcha	635
neskončil	634
garáži	634
šofér	634
spomínal	634
otcov	634
kohokoľvek	634
pobozkal	634
miss	634
jacka	634
albert	634
kúp	634
zistia	634
udri	634
oscar	633
bláznivý	633
spúšť	633
dokiaľ	633
dovolené	633
prosiť	633
nevesta	633
trafil	633
spieva	632
white	632
recept	632
zamiloval	632
pošleme	632
ľadu	632
tamten	631
slepá	631
poškodenie	631
značky	631
horší	631
načasovanie	631
vyliečiť	631
vysvetlil	631
zla	631
rusi	630
spôsobila	630
riley	630
zabíjanie	630
ucho	630
vystrašil	630
zopakovať	630
dvom	630
krabice	629
americké	629
nezabudol	629
stretneš	629
prechádzku	629
odrazu	629
sharon	629
staráš	629
obťažovať	629
dosiahol	629
verziu	629
zavraždil	629
musim	629
sedela	629
well	629
veľvyslanec	629
tašky	628
slobode	628
nožom	628
anthony	628
vykonať	627
nezavolal	627
základne	627
súkromie	627
vďačná	627
otvorí	627
komisár	627
oceán	627
nikki	626
ukľudnite	626
zmeškal	626
timmy	626
nerozumiete	625
pustím	625
nenávidíš	625
neublíži	625
oklamať	625
miliárd	625
avenue	624
chrbta	624
chlapček	624
milo	624
šiestimi	624
zistite	623
druhov	623
zhlboka	623
klára	623
ruším	623
stroje	623
niekom	623
down	623
joseph	623
nemci	623
tušenia	623
odviezť	623
nakupovať	622
dávku	622
sid	622
vlasmi	621
meškať	621
učí	621
prvou	621
tlakom	621
stiahnuť	621
times	621
metre	620
zlyhanie	620
team	620
výťahu	620
kanál	620
bezvedomí	620
dočinenia	620
fešák	619
pozemku	619
nepýtal	619
natoľko	619
nelegálne	619
košeľu	619
takýmto	619
vrahom	619
správal	619
kolegovia	619
poprosiť	619
preniesť	619
hodila	619
mexiku	618
charlieho	618
červenú	618
zabijeme	618
krvný	618
partneri	618
hviezdu	617
stvoril	617
druhému	617
súradnice	617
nepriateľom	617
drew	617
svaly	616
manželstva	616
dospelí	616
barbara	616
stránka	616
druhých	616
pošlú	615
majetku	615
farme	615
získame	615
zlej	615
učím	615
čítanie	615
nespravila	614
procesu	614
váhu	614
mitchell	614
požiadali	614
voz	614
vedec	614
alison	614
kyslík	614
ian	614
kira	613
she	613
čítam	613
operácii	613
pointa	613
podniku	613
napíš	613
nepoviete	613
navštívil	613
donútil	613
pľúca	612
pivnici	612
chicaga	612
ovláda	612
here	612
krátke	612
otvorila	612
sladká	612
ľudských	612
právnikom	611
spýtala	611
stretávať	611
používal	611
američan	611
vkus	611
súdiť	611
doniesť	611
pretoze	611
chutné	611
policajnej	611
zaslúžim	611
green	610
pád	610
riadi	610
sviečky	610
maličký	610
nijako	610
gordon	610
color	610
neil	610
perfektná	610
river	610
padá	609
svetovej	609
diana	609
pohovor	609
br	609
autobusu	609
vydal	608
priznaj	608
zmätená	608
zmätok	608
návšteva	608
teplý	608
dievčatami	608
základni	608
jediní	608
kričal	608
moon	607
priznanie	607
obchodník	607
poznávam	607
druhou	607
nohou	607
tiel	607
lewis	607
prostriedky	607
spálni	607
nenájdeš	607
pohodlie	606
prinútil	606
babylon	606
oblohe	606
pomôžu	606
identitu	606
kráľovi	606
way	606
odmena	606
pomáham	606
dialo	606
little	606
dobrou	605
jazere	605
vybuchne	605
mate	605
vraždou	605
disk	605
bielych	605
predchádzajúcich	605
skoč	605
starký	605
asistentka	605
vedci	604
súhlasila	604
veža	604
koncom	604
lepším	604
nosil	604
zlož	604
urobme	604
univerzity	604
vlastnou	604
obrátiť	604
chalana	604
dieloch	604
strelil	603
monk	603
robot	603
hanbiť	603
univerzitu	603
vskutku	603
došli	602
experiment	602
tracy	602
odhoď	602
telefonáty	602
uteká	602
myšlienku	602
dotkol	602
ksicht	602
fyzicky	602
gauč	602
názoru	602
cm	601
nedostanete	601
vydrží	601
nerobila	601
správe	601
nevidíte	601
svätá	601
obviniť	601
bitku	601
kontaktovať	601
zlata	601
ralph	600
náročné	600
daisy	600
nesúhlasím	600
prepustený	600
nepovedz	600
diamanty	600
ľahni	600
zaplatila	600
technológia	600
vojenský	600
travis	599
nesmiem	599
spi	599
ktore	599
žart	599
čarodejnice	599
zdravé	599
najväčších	599
problémoch	599
dieťatko	598
kurt	598
bodu	598
svedomie	598
sused	598
viktor	598
pobozkaj	598
tráviť	598
zelená	598
nedovoľ	598
pokúsi	597
dnešného	597
dôstojníka	597
overiť	597
užívať	597
halloween	597
kamoška	597
pripomenúť	597
akcii	597
neurobí	597
výborná	597
zapni	596
ľudu	596
manny	596
čestný	596
zobudila	596
neveríte	596
mnohými	596
tunel	596
zadné	596
isť	596
vhodná	596
dozvedela	596
zabijak	595
lauren	595
hotoví	595
skúsenosť	595
vysvetľovať	595
pochýb	595
hovory	595
stoličku	595
dee	595
cudzinec	595
bella	595
koláče	595
mory	595
horách	594
staršia	594
výzva	594
čiernej	594
zrkadlo	594
radosti	594
veliteľa	594
omar	594
gang	594
road	594
hurá	593
dnešné	593
vytvára	593
postavte	593
vediet	593
vzdialenosť	592
detektíva	592
mobilu	592
zomriete	592
farmu	592
celých	592
názory	591
rozkošné	591
gi	591
metra	591
generála	591
nudné	591
ospravedlníte	591
dôjde	591
narodeninám	591
objednať	590
zrejmé	590
mexika	590
týpek	590
bridget	590
odpovedal	590
noah	590
dokola	590
hill	590
prezliecť	590
príšery	590
hostia	590
kuse	590
pozrieš	590
spojení	590
bode	590
začnete	589
úspešný	589
blue	589
dnešnej	589
parkovisku	589
zadnej	589
neprídeš	589
regina	589
onak	589
nerobia	588
letu	588
vlastnom	588
porozprávaj	588
rozumieme	588
rozhovory	588
samo	588
franklin	587
živá	587
použijem	587
oz	587
lena	587
kúpeľni	587
kapitánka	587
craig	586
bije	586
zaujímavá	586
grant	586
protokol	586
necítiš	585
roman	585
hlavným	585
živí	585
blízki	585
prehovoriť	585
tragédia	585
ťahať	584
at	584
am	584
stranou	584
neukázal	584
plánuje	584
použijeme	584
gangu	584
pohrebe	583
marco	583
rozbil	583
využíva	583
oknom	583
zmluva	583
mno	583
sue	583
väzňov	583
slúžil	583
osudu	583
hračky	583
zavraždili	583
nosíš	583
roh	583
walden	582
božia	582
lekári	582
desiatimi	582
stone	582
dobrodružstvo	582
reštaurácia	582
naliehavé	582
zápase	582
prípitok	582
ohh	581
umieram	581
pľúc	581
značka	581
alfa	581
juhu	581
blok	581
šperky	581
technológie	580
tina	580
topánok	580
kufrík	580
vopred	580
long	580
príčina	580
použité	580
spali	579
sprostá	579
jednotke	579
mena	578
bezpečia	578
parker	578
pozitívne	578
incident	578
osobe	578
privediem	578
zatvor	578
statočný	578
boy	577
sústrasť	577
ony	577
pristane	577
dosiahli	577
vtipy	577
obede	577
nateraz	577
natalie	576
prostredníctvom	576
odlišné	576
zástupcu	576
neter	576
nemusia	576
počúva	576
nasledujte	575
interview	575
vytiahni	575
zvykli	575
zabezpečiť	575
myslite	575
upírov	575
nedokázala	574
christine	574
postavy	574
dneska	574
podlahu	574
prekrásna	574
papiera	574
počítači	574
bundu	574
nepribližuj	574
gun	574
údajne	574
netvor	573
komandér	573
polohu	573
koberec	573
nenájde	573
vsetci	573
klebety	573
vrecka	573
ničí	573
krásnu	573
filmov	573
strán	572
rešpektovať	572
babu	572
kruté	572
philip	572
chlapíkom	572
týždňom	572
gina	572
cítia	571
skúseností	571
európy	571
skontrolujem	571
zabralo	571
povinnosťou	571
vstúpil	571
veľkými	571
odpovedzte	571
ducky	570
dodávka	570
nenávidel	570
kurvy	570
skladu	570
odveziem	570
hviezd	570
rýchlosti	569
podozrivých	569
rýchlosťou	569
ušla	569
herečka	569
prečítaj	569
sna	569
obrad	569
pokúsili	569
neopustím	569
rozprávajú	569
reštauráciu	569
istým	569
pomstiť	569
národnej	569
stolom	569
žid	569
časopis	568
prisahal	568
onedlho	568
dosah	568
podlahe	568
šialenec	568
nepoznáme	568
hello	568
mocný	568
báli	568
ken	567
strieľaj	567
korisť	567
určiť	567
neublížil	567
zadky	567
pochopíš	567
pat	567
nedajú	567
orgány	567
dunhamová	567
if	567
pam	566
akúkoľvek	566
naznačuje	566
rybu	566
čítaš	566
dovolenke	566
otecko	566
skúšať	566
bolelo	566
vyhodila	566
prítomnosti	566
uteč	566
louise	565
pije	565
pozerajte	565
stratím	565
as	565
nosím	565
harold	565
nasa	565
nezvládnem	565
vďakabohu	565
vyšetrovaní	564
diego	564
vyberte	564
akou	564
nestretli	564
ronnie	564
sladkosti	564
day	564
vypadol	564
kompliment	564
kurevsky	564
vlastnými	564
záber	564
inou	563
okolie	563
isaac	563
uvádza	563
plače	563
hnusné	563
ochranku	563
otočil	563
podozrivé	563
starám	563
vstávať	563
obleku	562
gus	562
predali	562
dodávky	562
nepotrebujete	562
babi	562
nosa	562
ukážeš	562
miestny	562
napätie	561
dvor	561
riadny	561
kompletne	561
pokazilo	561
zavreli	561
bežal	561
kenny	561
oženiť	561
pravdivé	561
vince	560
odomňa	560
krabicu	560
cestách	560
preveriť	560
mckay	560
bláznivá	559
toma	559
šport	559
connor	559
padám	559
hladu	559
sydney	559
padáme	559
sung	559
kolko	559
stretne	558
vojenské	558
ozvite	558
hýbe	558
mojho	558
jasná	558
cestovanie	558
negatívne	558
uistite	558
kapela	558
shin	558
porozprávajme	558
mŕtvoly	558
chase	558
strácame	558
hnúť	558
patríš	557
plakala	557
vyhovuje	557
poradí	557
popol	557
podobá	557
púšti	557
ochotná	557
privedie	557
jebem	557
island	557
zapnúť	556
napísali	556
afriky	556
kráľovnej	556
snoch	556
whoo	556
potvrdenie	555
inštinkt	555
sedia	555
hráte	555
šup	555
ponáhľajte	555
tichý	555
faktom	555
nechajú	555
ospravedlňovať	554
stránke	554
tvrdá	554
špeciálna	554
kamier	554
lacné	554
obdivujem	554
joan	554
bitke	554
poštu	554
skóre	554
domnievam	554
ponáhľať	554
oplátku	554
kuchyňa	554
dlhy	554
odsúdený	553
sľúbili	553
collins	553
vyhrážal	553
nedali	553
ba	553
nepôjdeme	553
spím	553
možem	553
autu	553
nechty	553
edgar	553
zamilovaná	553
sprchu	553
neuvidíš	553
šatách	553
správ	552
ostrova	552
fungujú	552
uvedomiť	552
kostí	552
kradnúť	552
nezmenilo	552
námietka	551
nástroje	551
vine	551
postrelený	551
pohybu	551
fascinujúce	551
týždni	551
strácam	550
vystúpiť	550
démonov	550
bezpečný	550
top	550
upratať	550
plot	550
ovládanie	550
stratu	550
piva	550
sedeli	550
niesť	550
sťažovať	549
večere	549
sledovanie	549
loviť	549
adama	549
vzdávam	549
jethro	549
zostanú	549
nepochybujem	549
klamstvá	549
rámci	549
rekord	549
obnoviť	549
chovať	549
uniformu	549
mia	548
reagan	548
prezidentka	548
študoval	548
nenávidia	548
koni	548
ow	548
barbie	548
používam	548
dokazuje	548
pohov	548
naplno	548
zistíte	547
tváriť	547
informácia	547
deviatej	547
rohom	547
tucet	547
judy	547
základné	547
kliatba	547
spoločný	547
zbadal	547
vysporiadať	547
ľavá	547
pozrie	546
výšky	546
evelyn	546
čudne	546
presné	546
nástroj	546
riaditeľka	546
vrahovia	546
hľadaní	546
vynikajúci	546
dostávam	546
hocikedy	545
funkcie	545
dalej	545
fotke	545
francis	545
prokurátor	545
ochránil	545
tvar	545
pravidelne	545
horúčku	545
hliadka	545
fotiek	545
incidentu	545
stojíme	545
čierneho	544
zoznámiť	544
útokom	544
profil	544
utekal	544
nesie	544
prstom	544
uzavretý	544
veže	544
zbaliť	544
agentom	544
vanessa	544
diere	544
zdvihnite	543
wallace	543
presťahovať	543
zranená	543
bezpečnejšie	543
smeje	543
otrok	543
tridsať	543
reálne	543
prdeli	543
snívalo	543
stres	542
chodíme	542
vytiahli	542
uväznený	542
potvrdil	542
paris	542
dezert	542
odniesť	542
postrelili	542
drogami	542
vzdelanie	542
hnevu	541
desiatnik	541
judith	541
soľ	541
použitie	541
pohybe	541
mesiacoch	541
zelený	540
vôľu	540
stupeň	540
sklad	540
štvrtej	540
dosahu	540
zložte	540
nenecháš	540
jamesa	540
štedrý	539
porušil	539
shane	539
mozem	539
obyčajná	539
zranil	539
poručíčka	539
učiteľa	539
zaoberať	539
čele	539
zázraky	539
plánoval	539
how	539
splniť	539
blbosti	538
banku	538
priamy	538
koncov	538
američanov	538
baví	538
side	538
mŕtvolu	538
lake	538
prachu	538
pracovné	537
heh	537
šťastnú	537
finále	537
ostaňte	537
davis	537
vyrobil	537
nejakému	536
rozhovoru	536
ročný	536
nezmysly	536
night	536
sonny	536
pasci	536
wade	536
získam	536
šerifa	536
zlomila	535
skočím	535
bok	535
kupovať	535
kontakty	535
čerstvý	535
nahor	535
úcte	535
kamarátky	535
zisk	535
seriál	534
pokúsila	534
hora	534
oceánu	534
zodpovedná	534
hranie	534
oddiel	534
lietadlá	534
znaky	534
ústach	533
litrov	533
gabriel	533
magor	533
tanier	533
šajnu	533
nerobíš	533
zhruba	533
zranenie	533
nezabúdaj	533
nefungovalo	533
požiadavky	533
world	532
meškáš	532
kapitola	532
divu	532
inštrukcie	532
vlna	532
jedia	532
hraj	531
úbohá	531
nosom	531
nenúť	531
náklad	531
sudcu	531
čiernom	531
dívať	531
nádor	531
verejné	531
smolu	530
mapa	530
zbav	530
strieľal	530
kufri	530
nedokážeme	530
nedovolí	530
paľbu	530
istého	530
cvičiť	530
pôvodne	530
studené	530
špión	530
jill	530
hit	530
súdom	530
dlžím	529
connie	529
podal	529
odvážny	529
účel	529
dobry	529
slabá	529
stráca	529
dovolať	529
nájom	529
ozbrojený	529
zastavíme	529
becky	528
tuna	528
divná	527
príznaky	527
trevor	527
technológiu	527
urobilo	527
ellie	527
chránil	527
hrdinovia	527
plnej	527
hrubý	527
nevhodné	527
nenašla	527
sľubuješ	527
chystáte	527
ohrození	527
alexis	527
spomienok	526
vlastná	526
vášeň	526
zarobil	526
freddie	526
rozrušená	526
prepustili	526
look	526
prenos	525
hrobu	525
ďaľší	525
spálne	525
ľudom	525
prejdem	525
výsluch	525
potrebu	525
tvrdohlavý	525
výhodu	525
vypil	525
hunt	524
utiekli	524
americká	524
pochovať	524
mŕtvola	524
bábika	524
zďaleka	524
papa	524
povolenia	524
reklamu	524
odpočívať	524
neklamem	524
preber	524
moru	523
sára	523
obyvateľov	523
objekt	523
scéna	523
zaútočiť	523
poradca	523
dodať	523
christopher	523
earl	522
odpočinúť	522
boss	522
rieka	522
tato	522
láskavý	522
beach	522
spokojná	521
stvorenie	521
východe	521
zvyknutý	521
realita	521
vyrobiť	521
pripravila	521
účes	521
mierne	521
ori	521
chystáme	521
dobytok	521
palce	521
oba	520
nemyslí	520
vďakyvzdanie	520
fľaše	520
nábytok	520
opatrenia	520
reportér	520
reverend	520
chan	520
nápoj	520
nicki	519
storočí	519
taške	519
potenciál	519
náčelník	519
kíl	519
prebral	519
spoločnú	519
plačeš	519
maslo	519
meg	519
zoberieš	519
chvost	519
staviť	518
malou	518
chýb	518
stromov	518
sveter	518
žiadame	518
matthew	518
pohybovať	518
laboratória	518
partnerom	517
nohavičky	517
projektu	517
golf	517
zápasu	517
polovice	516
nehovorili	516
zavrite	516
mason	516
mágie	516
colin	516
med	516
vládne	516
tučná	516
úplnú	516
súbor	516
falls	516
vtákov	516
prezradiť	516
raymond	516
úprimnú	515
chlapcami	515
postavenie	515
palivo	515
ľavej	515
stanú	515
val	515
vyzleč	515
vrchu	515
vyskúšaj	514
gloria	514
zložky	514
zvládla	514
tradícia	514
zvážiť	514
vyhrám	514
tesné	514
použite	514
postavu	514
hrudi	514
nicholas	514
krytie	514
jazero	514
lepšieho	513
pozriete	513
pohyby	513
ponúka	513
az	513
vravieť	513
hlavnú	513
teórie	513
chcelo	513
williams	513
slávu	513
krabici	513
plakal	513
poistenie	513
bloku	513
dokončím	512
hôr	512
eleanor	512
omylom	512
minúť	512
východu	512
hier	512
zažili	512
výmenu	512
uličke	512
publikum	512
samuel	512
want	512
viedla	512
vymazať	512
zdraví	512
duši	512
ihrisku	511
narodenia	511
novinka	511
zubami	511
obyčajné	511
vau	511
kráčať	511
kravy	511
stratíme	511
plášť	511
piješ	511
súdruh	511
ľudského	511
skúšali	510
blbá	510
chytím	510
príšerné	510
synov	510
detské	510
janet	510
nelson	510
horúca	510
nešťastie	510
spýtajte	510
sile	510
zraniť	510
kúpeľne	510
kopať	509
najať	509
duck	509
ďalšom	509
obáv	509
napadne	509
chladničke	509
bena	509
zariadim	509
eve	509
pečeň	509
lovci	509
pripravili	509
spisy	508
vyrobené	508
ockovi	508
vidiet	508
pevnosť	508
zastrelený	508
mars	508
pozícia	508
ponúkam	508
novou	508
zvýšiť	508
bazén	508
podrobnosti	508
možeš	508
svinstvo	508
túžby	508
violet	508
kódy	508
šťastným	508
ťažkosti	508
us	508
predstavoval	508
neklam	508
nočnú	508
novinár	508
účelom	507
kravina	507
sračku	507
padla	507
odtlačok	507
maximálne	507
úplné	507
prekliatu	507
bicykli	507
príroda	507
keith	507
dúfame	507
poslanie	507
nočný	507
kráska	506
núdze	506
kóme	506
washingtone	506
yeon	506
udalostí	506
vdaka	506
scullyová	506
desiatej	506
vozík	506
hrdinom	506
šiat	506
tade	506
citlivý	506
vôňa	506
narazili	505
snehu	505
večierku	505
alicia	505
good	505
získa	505
epizóda	505
zemiaky	505
bud	505
zabávať	505
ochraňovať	505
bang	504
las	504
myš	504
komunikovať	504
záujmy	504
crowley	504
dočasne	504
nahá	504
vymenil	504
debbie	504
prízvuk	504
zničenie	503
židia	503
chráni	503
ugh	503
zack	503
obviňovať	503
strednú	503
párkrát	503
nasleduje	502
ústup	502
najďalej	502
súkromí	502
používali	502
úspechu	502
toaletu	502
smeješ	502
hádzať	502
neuvedomil	502
lekárske	502
škótsku	502
spoluprácu	502
horúci	502
viniť	501
scény	501
dorazili	501
hammer	501
troy	501
správnej	501
predpokladať	501
tipujem	501
reagovať	501
čokoládu	501
desiatich	501
zložil	501
súhlasí	501
násilia	501
nájdené	500
monica	500
jazera	500
chalanov	500
may	500
nedokážu	500
dejú	500
začo	500
správca	500
perry	500
necítila	500
vydáva	500
tretieho	500
kdeže	500
umrie	499
každou	499
hneváš	499
rýchla	499
samantha	499
allen	499
dreva	499
záver	499
divoké	499
ochotní	499
bývali	499
rieku	499
skutočným	499
synovec	499
odchádzať	499
mandy	499
vplyvom	499
chleba	498
zlodeji	498
staneš	498
minuli	498
bohatstvo	498
pobyt	498
spravia	498
mestom	498
naschvál	498
kríž	498
skurvenú	498
akceptovať	498
ra	497
zastrelím	497
utekajte	497
laboratórium	497
linku	497
anjelov	497
záchode	497
joea	497
buddy	497
an	497
náklady	497
tonyho	497
skurvene	497
efekt	497
sako	496
pesnička	496
blázna	496
dohodneme	496
diať	496
maličká	496
ivan	496
zážitok	496
bell	496
zamerať	496
stella	496
časovanie	495
prechádzam	495
frasa	495
nesnaž	495
nepochopil	495
dlžíš	495
donnie	495
pokračujeme	495
srandy	495
cukru	495
spomaliť	495
zostanete	495
zábavná	495
životný	495
vyspal	495
hitler	495
nepočúvaš	495
slnku	494
patril	494
kristove	494
séria	494
zrazil	494
donútiť	494
spod	494
hlasnejšie	494
súhlasíš	494
zašiel	494
aktivity	494
prikázal	494
prec	494
nevinná	494
calvin	494
erica	494
najkrajšie	493
škaredé	493
odtialto	493
nechci	493
box	493
právnici	493
hi	492
zločincov	492
zálohu	492
vzdala	492
stratíš	492
chytila	492
došiel	492
plánuješ	492
dýchanie	492
hnusný	492
posunúť	492
prechádzal	492
dávali	492
peniazom	492
téma	492
znamenajú	491
mnohé	491
zaplatené	491
zavraždená	491
úkryt	491
verejne	491
ahh	491
strome	491
odídete	491
stanley	491
prístave	491
konkurz	490
predmet	490
zaživa	490
piesku	490
priala	490
halucinácie	490
masáž	490
cha	490
túžba	490
benjamin	490
vzhľad	490
dorazil	489
výhody	489
zhora	489
joon	489
cruz	489
pohybuje	489
počítače	489
točí	489
supergirl	489
finn	489
nasledujúcich	489
bazéne	489
chlapíkovi	489
čítali	488
vic	488
ihrisko	488
postrelil	488
strela	488
masky	488
pozorovať	488
vojaka	488
kariéra	488
miestnych	488
voľna	488
spravíte	487
kamošov	487
vypršal	487
neverila	487
vláde	487
reakciu	487
rastliny	487
nezabila	487
nezaujímajú	487
lorelai	487
mýlila	487
vyrieši	487
rozrušený	487
slúži	487
fox	487
íst	487
odporúčam	487
vedy	486
nedalo	486
bývalá	486
prekvapiť	486
oňho	486
fort	486
excelencia	486
obchodné	486
živých	486
bojujeme	486
pamätá	486
hodím	486
knižnici	486
finančné	486
odmieta	486
krváca	486
poručíka	485
chladno	485
rasy	485
temnoty	485
viacero	485
harris	485
spája	485
nevrav	485
malcolm	485
odkazy	484
období	484
autobusom	484
kristus	484
puto	484
naomi	484
dačo	484
zápach	484
odídu	484
dvojičky	484
pravdepodobné	484
príčinou	483
zabíjajú	483
skúšam	483
bratranca	483
najbližších	483
samých	483
závod	483
liečba	483
strážca	483
neopúšťaj	483
zabití	483
hye	483
kašlem	483
zariadil	483
profesora	483
nevestu	483
nezvestný	482
mien	482
grand	482
jasno	482
hajzli	482
nosia	482
sleduješ	482
riskantné	482
darebák	482
sníva	482
ozvi	482
bay	482
zelenú	481
nazývajú	481
špinavá	481
štáte	481
knižnice	481
zákonom	481
svieti	480
zdrojov	480
mlč	480
hovna	480
bohatí	480
osláviť	480
pokope	480
zime	480
dannyho	480
vobec	479
zožeňte	479
kokaín	479
zachce	479
garibaldi	479
odchádzajú	479
ochutnať	479
písala	479
dovolila	479
jedny	479
bojovníci	478
marca	478
victoria	478
spomeň	478
opustí	478
upíri	478
predpokladal	478
rozchod	478
nemecku	478
ríma	478
nenechá	478
správnom	477
nezomrel	477
odhad	477
dno	477
ročník	477
španielsky	477
terapiu	477
zóny	477
priblížiť	476
kapitánom	476
nahradiť	476
fanúšikov	476
milujete	476
mor	476
slnečné	476
zdarma	476
veky	476
ozajstný	476
ochrana	476
kadiaľ	476
detail	476
člena	476
diskutovať	476
neberiem	475
kope	475
spôsobí	475
stratená	475
nešli	475
démoni	475
strčiť	475
pomyslela	475
poistku	475
ročne	475
hrad	475
svadobný	475
willie	475
jan	475
pst	475
spojili	474
uvedomujete	474
opravil	474
pozeráme	474
mimozemšťania	474
behať	474
spanie	474
doktorov	474
carla	474
náboženstvo	474
kryte	474
diamant	474
zúfalý	474
hádajte	474
plač	474
miestne	474
štve	474
minulého	473
zrušil	473
dedičstvo	473
drsné	473
zjedz	473
jaj	473
koži	473
neskutočné	473
buďme	473
stolu	473
uvoľnite	473
posadnutá	473
nepočúvaj	473
zachráňte	473
príbuzných	473
okne	473
tvrdíte	473
týždenne	473
advokát	473
podobný	472
štvrtý	472
meredith	472
rasa	472
aw	472
vsetky	472
nolan	472
ned	472
troška	472
podla	472
sprosté	472
niekoľkokrát	472
krásy	472
nudný	471
stupňa	471
toľkých	471
uvidela	471
tlačí	471
vytvorila	471
špeciálnu	471
bojujú	471
jedli	471
vianočný	471
netýka	471
zivot	471
jem	471
hádali	471
nespravím	470
súčasnosti	470
pablo	470
účtu	470
chvíľočku	470
vrahov	470
plánovali	470
ľúbi	470
znieš	470
anglicko	469
tajnej	469
elliot	469
ukryť	469
porušenie	469
hosťa	469
hrdí	469
nerobili	469
kráľovnou	469
nepochybne	469
krém	469
práčke	469
nevolal	469
píšeš	469
wall	469
nazvala	469
odmietam	469
skaly	469
vypi	468
produkt	468
strechy	468
zámku	468
mlieka	468
odporný	468
nezabije	468
podporovať	468
zmizlo	468
astrid	468
oblečená	468
rozumeli	468
útoky	468
odhoďte	468
kariéry	468
hráčov	468
ulíc	468
ohni	468
tommyho	468
nemôžte	468
tatko	467
väzby	467
terorista	467
tvrdiť	467
vládnuť	467
bielom	467
osamelá	467
autobuse	467
vrece	467
základ	467
svedectvo	467
založil	467
skúsili	467
pokúšala	466
pôdu	466
maddie	466
nôh	466
polovici	466
skutoční	466
prave	466
trón	466
zapáliť	466
nerobíme	466
modlím	466
spustil	466
pozvali	466
hmyz	466
bojové	466
chlapíci	465
narodili	465
klesá	465
vyhráva	465
bielu	465
namuras	465
davida	465
stena	465
pardón	465
bojuj	465
rozkošný	465
ležal	465
výskumu	464
uniká	464
hliadky	464
priestore	464
kópie	464
píšu	464
právnikov	464
bojovníkov	464
tímy	464
text	464
nastúpte	464
schody	463
rituál	463
mick	463
chelsea	463
franka	463
synovia	463
hodili	463
skryté	463
sušienky	463
zabijete	463
dedina	463
ponúkli	463
občan	463
prichádzať	462
hluchý	462
podviedol	462
kúzla	462
policajná	462
báseň	462
prekvapenia	462
pripravuje	462
jazykom	462
našlo	462
rešpektujem	462
bezpečnostnej	462
nazdravie	462
klamárka	462
nečakala	462
zjedla	462
streľba	462
únik	462
milovaný	462
kúpeľ	462
kalifornii	462
rod	461
nákladiak	461
krutý	461
zimu	461
dawn	461
nemozem	461
stanem	461
zrkadla	461
pásky	461
vezmú	461
miery	461
zamestnanci	461
viedli	461
zachovať	461
studená	460
ministerstva	460
oslobodiť	460
sun	460
pa	460
patrím	460
prachov	460
vypol	460
stlač	460
nakopem	460
dopustiť	460
jablko	459
oslave	459
hot	459
zbrani	459
trval	459
rytier	459
tráva	459
dostávame	459
štáty	459
netušila	459
mapy	459
sesternica	459
severe	458
filmoch	458
vstal	458
rozumu	458
zahráme	458
neuveriteľný	458
cti	458
napoly	458
ľudmi	458
námorník	458
hrozbou	458
nepoznala	458
kravatu	458
pršať	458
najväčšiu	458
zničím	458
posádku	457
hlupáci	457
zadržať	457
premyslieť	457
televíziu	457
umierajú	457
nesmú	457
nešťastný	457
založiť	457
pýtajú	457
nespal	456
kamarátom	456
priateľke	456
sníval	456
agnes	456
vystrelil	456
patrilo	456
snívať	456
niečim	456
brendan	456
nejdete	456
hrozí	456
myslis	456
vzdaj	455
rozbiť	455
sexuálny	455
sprche	455
palec	455
metódy	455
life	455
streľbu	455
väzňa	455
chief	455
pristáť	454
majstra	454
vybavené	454
lennox	454
rýb	454
belle	454
obdobia	454
nemienim	454
odolať	454
vôli	454
osobnosti	454
stiahol	454
udrela	454
vzácne	454
výmenou	454
doctor	454
zhodu	453
dávala	453
zbor	453
spred	453
naháňať	453
ivy	453
nehraj	453
chodíte	453
ohromený	453
trpel	453
návšteve	453
zahŕňa	453
hviezdou	453
hlboké	453
bishopová	453
pokusy	453
bree	453
dlhujem	453
nechodí	453
vezmete	453
problem	453
lev	453
požiadam	452
tmy	452
duke	452
deťoch	452
stvorenia	452
zachytil	452
útočisko	452
schránky	452
vzor	452
bezpečnostných	452
elektrické	452
nedotkol	452
ohňom	452
hranici	452
skupinou	452
prístavu	452
uistil	452
naučíš	452
hľadiska	452
mozgy	452
jeong	451
súcit	451
čiaru	451
ludi	451
jednať	451
potvrdzujem	451
obsah	451
policajnú	451
znížiť	451
brenda	451
pracovný	451
ukážeme	451
objaviť	451
ii	451
necíti	451
dvd	451
otis	451
nože	451
nevyjde	451
rush	451
er	450
antonio	450
prosil	450
skúsila	450
stávke	450
vrtuľník	450
dôležitú	450
najali	450
off	449
felix	449
tréningu	449
cenné	449
chápať	449
dodávke	449
rosie	449
tón	449
teplotu	449
jeseň	449
kráľovstva	449
budu	449
zavreté	449
sedenie	449
nevydržím	449
nahlásiť	448
prší	448
zapojiť	448
nemení	448
šéfovi	448
zranení	448
rozumie	448
yes	448
prstami	448
rozprávaj	448
činenia	448
blokov	448
vošla	448
vedomosti	448
hector	448
pripravím	448
staršie	448
čiernych	447
porozprával	447
azda	447
zastreľ	447
bránou	447
lenny	447
bratu	447
rozruch	447
zdvihol	447
zboru	447
vyriešili	447
dávame	447
modlitby	447
oblečené	447
štíty	447
háčik	447
strieľa	447
pijem	447
koncu	447
vážna	446
zabrať	446
zachytili	446
rovnakého	446
verný	446
poho	446
nazvali	446
nenájdem	446
zapamätať	446
účinky	446
pódiu	446
staraj	446
typické	446
suteréne	446
hnevať	446
kat	446
vedenia	446
krysa	445
otravovať	445
rodín	445
kirk	445
televízor	445
gabriella	445
vyrástla	445
stráži	445
ringu	445
nebaví	445
reklamy	445
irene	445
jaskyne	445
vyjednávať	445
postarajte	445
prichádzam	445
ohromné	445
najväčším	445
obyvatelia	445
hrozbu	445
pozhovárať	445
značí	445
men	444
south	444
delennová	444
preskúmať	444
vlámal	444
hop	444
dúfali	444
nešťastná	444
vojenskej	444
zúčastniť	444
vytiahnite	444
skákať	444
joyce	443
zaútočil	443
vítam	443
lubom	443
spomienka	443
paláca	443
medvede	443
otvára	443
louisa	443
porucha	443
súrne	443
scéne	443
neobvyklé	443
zdravia	443
washingtonu	443
výsledkom	443
creek	443
formy	442
končiť	442
opicu	442
pokecať	442
domovom	442
neodchádzaj	442
vysielačku	442
neopováž	442
trochou	442
palacinky	442
predávajú	442
najlepšom	442
línie	442
neprídem	442
taška	442
vyriešil	442
zdať	442
texase	442
klientom	442
zaútočili	442
hranolky	441
poháre	441
emocionálne	441
sledujeme	441
strácať	441
akéhokoľvek	441
uzavreli	441
kabelku	441
morgana	441
otvorenie	441
apartmán	441
dary	441
zviesť	440
úžasnú	440
forma	440
posratý	440
zákazník	440
abbs	440
boris	440
budes	440
teoreticky	440
riadenie	440
neklamal	439
satelit	439
druhýkrát	439
clay	439
súkromná	439
zvoní	439
nehovoriac	439
arnold	439
duchom	439
nevšimla	439
linka	439
väzbe	439
známych	439
zach	439
nechávam	438
medveďa	438
neprejde	438
vporiadku	438
boom	438
slušné	438
ake	438
amelia	438
zišli	438
gene	438
hunter	438
cieľa	438
páry	438
diel	437
pastor	437
najväčšou	437
súhlasili	437
kauciu	437
zdravotné	437
zažila	437
učili	437
duncan	437
továreň	437
pacienti	437
delta	437
vymysleli	437
fúzy	437
ruska	437
lola	437
čarodejník	437
pravého	437
ženskú	437
jimmyho	437
závislý	437
kamarátmi	436
theo	436
doláre	436
festival	436
