të	671720
në	224659
do	203680
nuk	201903
është	196218
më	182438
po	167754
që	163738
një	156661
dhe	154309
për	152553
me	140379
se	110137
unë	91729
ta	89468
ti	83776
jo	82999
ka	82929
mirë	74145
te	73616
mund	72351
çfarë	71341
nga	65653
ju	64790
si	64570
duhet	64246
ne	59954
kjo	59866
kam	57605
këtë	55649
shumë	55614
por	55284
ai	54793
jam	49311
di	48929
këtu	48617
je	47501
ke	44567
atë	43784
mos	39637
ajo	39554
tani	39100
ishte	38449
vetëm	33993
nëse	32758
ku	31866
kur	28832
janë	28548
dua	27974
mua	27330
edhe	27329
ata	25903
rregull	25854
kemi	25320
sa	24467
gjithë	24302
na	24257
ty	24006
pse	23409
duke	23349
apo	20009
oh	19992
gjë	19951
eshte	19299
tij	18884
ky	18648
diçka	18346
jemi	18283
parë	18256
pak	17739
bëj	17522
im	17454
keq	17184
kush	17131
faleminderit	16929
jetë	16723
qe	16270
lutem	16024
tjetër	16007
bërë	15786
hej	15685
para	15482
nje	15442
vjen	15313
dy	15285
pra	15240
per	15150
mendoj	15110
kështu	14612
atje	14492
jeni	14491
kanë	14218
sepse	14160
them	14124
keni	14026
së	13822
tek	13539
bën	13460
time	13453
vërtetë	13193
pa	12873
ime	12836
ja	12608
duket	12323
eja	12254
asgjë	11997
ndonjë	11958
gjitha	11381
disa	11371
shkojmë	11313
pas	11277
ndoshta	11268
shiko	11200
kohë	11193
bukur	10999
çdo	10910
zotëri	10845
këto	10732
tim	10628
ashtu	10467
qenë	10255
kurrë	10186
dreqin	10163
tënde	9999
njeri	9838
ma	9762
mendon	9588
prit	9569
ato	9524
atëherë	9509
kishte	9507
zot	9484
ose	9400
marrë	9300
tuaj	8975
aty	8747
tyre	8672
thotë	8663
saj	8653
jashtë	8634
kaq	8558
shkoj	8533
une	8446
shtëpi	8345
deri	8316
hajde	8209
isha	8158
prej	8030
ia	8028
aq	7995
sikur	7994
bëjmë	7968
ditë	7882
gati	7764
gjithçka	7704
punë	7674
as	7630
tha	7601
jote	7550
çka	7539
shoh	7529
yt	7505
vdekur	7497
brenda	7443
vend	7442
le	7417
pastaj	7384
fundit	7378
thjesht	7354
shko	7255
akoma	7235
herë	7220
kisha	7165
vërtet	7110
tënd	7104
bësh	6880
mire	6880
fal	6870
dikush	6854
sigurisht	6817
epo	6773
dreq	6714
drejtë	6705
zoti	6693
asnjë	6558
sot	6547
dashur	6541
njerëz	6541
ndodh	6506
nevojë	6464
njerëzit	6429
shpejt	6414
poshtë	6390
juaj	6340
pëlqen	6298
cfare	6259
besoj	6254
marr	6153
gjithmonë	6123
madh	6085
thënë	6001
kete	5963
doja	5959
mjaft	5921
tonë	5874
jep	5846
the	5813
përse	5802
gjatë	5790
fund	5784
gjëra	5736
vogël	5736
sigurt	5732
madhe	5708
veten	5602
shkon	5562
babi	5554
thuaj	5542
thashë	5533
jesh	5493
mi	5422
tre	5419
përsëri	5372
thua	5263
merr	5257
ketu	5193
shoku	5136
ende	5126
shume	5099
ndodhi	5016
djema	4991
vonë	4944
mbi	4915
bëhet	4899
babai	4897
ardhur	4884
ketë	4862
bëjë	4828
tu	4818
ishe	4810
sapo	4805
askush	4782
falni	4781
zemër	4744
dëgjo	4718
dëshiron	4696
jetën	4672
dini	4633
mia	4621
ishin	4610
re	4606
jem	4564
kujdes	4493
kuptoj	4476
problem	4469
pasur	4416
thuash	4415
ok	4407
fare	4386
fëmijë	4329
ate	4328
koha	4215
bëni	4208
mënyrë	4206
mundem	4117
ndonjëherë	4117
cili	4077
gjërat	4063
përshëndetje	4059
vajza	4056
mami	4033
flas	4005
kësaj	4003
jepi	4000
rreth	3966
sonte	3941
tua	3923
larg	3912
ri	3853
doni	3795
vetë	3778
kaluar	3648
paratë	3629
mendova	3622
ikim	3552
minuta	3550
vetem	3543
nesër	3523
gjej	3520
fat	3517
këta	3508
ndodhur	3507
djalë	3504
vjet	3498
ca	3484
kupton	3462
puna	3461
flet	3461
duhej	3439
mend	3426
dot	3415
siç	3409
kishe	3401
gjetur	3317
vajzë	3310
lart	3299
jap	3286
orë	3285
dija	3267
dakord	3264
shkuar	3251
bëjnë	3244
djali	3236
natën	3219
lidhje	3211
vështirë	3210
humbur	3204
rri	3194
gjithashtu	3193
atij	3143
shikoni	3130
gjallë	3120
shikon	3110
nese	3107
flasim	3106
mori	3095
menduar	3082
dëgjuar	3081
dikë	3072
tillë	3056
emrin	3055
keqe	3042
frikë	3036
duart	3032
ndihmë	3025
merre	3023
vrarë	3012
pjesë	3003
bëra	2992
kesh	2975
përpara	2971
jane	2968
tregoj	2966
mes	2959
lumtur	2930
bëje	2926
shkosh	2925
bëri	2922
tërë	2920
menjëherë	2914
fakt	2913
shkoni	2911
asaj	2905
tona	2901
sigurtë	2889
bëre	2871
erdhi	2847
ik	2843
bashkë	2843
ndihmoj	2826
çmendur	2825
kthehem	2824
lëviz	2813
fjalë	2811
pyetje	2810
shihemi	2781
punën	2768
shohim	2758
pashë	2750
ide	2747
mundësi	2747
tjera	2725
afër	2724
vjetër	2723
fëmijët	2719
vij	2715
dreqi	2715
eshtë	2710
makinë	2708
mira	2700
derisa	2692
njeriu	2690
baba	2669
cila	2668
kërkon	2667
mbrapa	2663
vete	2663
sytë	2660
mbaj	2645
vendin	2640
lë	2639
prandaj	2626
kujtohet	2625
marrim	2623
kërkoj	2615
rrugë	2600
shpresoj	2598
mbase	2571
fortë	2562
nën	2561
shtëpinë	2553
mundur	2551
zonja	2543
ndalo	2534
lehtë	2528
jonë	2525
njoh	2515
mendoja	2510
cfarë	2510
burrë	2488
gjithe	2486
duan	2482
dukesh	2481
meje	2478
vesh	2477
dollarë	2464
sheh	2461
tuaja	2457
gruaja	2447
pasi	2446
mëngjes	2445
pesë	2437
qetësohu	2435
bir	2435
drejt	2435
merrni	2433
gabim	2432
tepër	2413
shpejtë	2413
grua	2404
ndodhë	2402
shikoj	2394
emri	2391
din	2373
sy	2353
hë	2346
vite	2345
mundesh	2341
prapa	2336
mban	2335
armë	2335
vijë	2326
ejani	2321
vras	2316
lartë	2314
thonë	2310
mik	2306
kthehu	2292
marrësh	2282
plako	2275
dorë	2274
vijnë	2272
bëja	2265
muaj	2262
tung	2261
lloj	2258
mendoni	2258
jenë	2256
qetë	2250
dicka	2246
vdes	2244
vëlla	2240
këtej	2239
jeta	2232
dashuri	2217
folur	2215
botë	2212
lënë	2200
prisni	2200
atyre	2194
shikoje	2189
shkojë	2181
rëndësi	2174
kundër	2171
thoni	2171
katër	2168
pari	2165
javë	2163
dimë	2157
gje	2154
vazhdo	2149
ishim	2147
njeh	2143
punon	2133
vendi	2128
lër	2124
shpirt	2116
ulu	2110
arsye	2108
dhënë	2106
shtëpia	2104
lirë	2103
teje	2102
qoftë	2094
ben	2093
qytet	2091
donte	2085
gjejmë	2085
vish	2082
thjeshtë	2079
zotit	2075
mallkuar	2063
pres	2062
qënë	2039
ah	2036
djalosh	2030
ynë	2024
nëna	2020
duhen	2017
tashmë	2017
ana	2016
trego	2014
ditën	1996
rrugën	1990
kuptova	1989
ha	1978
kem	1958
lëre	1954
ujë	1949
largohu	1946
mbaje	1940
kërkuar	1939
kohe	1936
diku	1936
bë	1929
bashku	1926
zgjuar	1921
tjerët	1919
kthehet	1907
idiot	1906
kokën	1904
seriozisht	1901
bënë	1889
mbylle	1886
dalë	1886
duam	1883
cilën	1882
mirupafshim	1875
ndryshe	1869
saktë	1868
dëgjoj	1862
problemi	1861
nëpër	1857
intereson	1853
gjeta	1853
zonjë	1848
dal	1845
ej	1839
gjëja	1835
mora	1835
makina	1834
vë	1828
vdiq	1827
moment	1827
dëgjoni	1806
njohur	1799
natë	1789
budalla	1787
doktor	1783
kthyer	1782
gabuar	1779
çuditshme	1778
dil	1775
jete	1774
alo	1773
kohën	1772
vajzën	1772
kë	1770
rëndësishme	1766
bej	1765
hapur	1765
nesh	1760
fjalën	1756
dëgjon	1739
qëndro	1738
uh	1730
dytë	1725
kishin	1725
pyes	1723
pare	1720
bere	1720
mrekullueshme	1720
sime	1712
derën	1711
dakort	1711
makinën	1703
qartë	1701
njëri	1701
erdha	1697
iu	1694
tjerë	1691
sjell	1681
miku	1679
shkoi	1679
kishim	1679
shohësh	1679
mu	1679
jetës	1678
hape	1675
iki	1672
shkak	1671
ec	1666
vënë	1666
minutë	1666
more	1664
njerëzve	1657
policia	1654
dalim	1653
burg	1652
dhomën	1651
shaka	1650
pret	1649
prapë	1648
djalin	1645
tanë	1644
siguri	1640
tjeter	1632
ndaj	1627
mamaja	1626
juve	1624
hap	1615
shkojnë	1608
dish	1599
bënte	1599
dinë	1591
forca	1588
botën	1586
punuar	1585
fillim	1585
tokë	1585
neve	1583
gëzuar	1581
quhet	1580
beson	1580
telefon	1577
doje	1576
kapiten	1573
histori	1573
gjashtë	1569
sërish	1568
la	1557
paktën	1555
cilin	1554
emër	1553
mësuar	1551
keshtu	1546
vetmja	1545
duhur	1540
familjen	1539
patjetër	1537
kalon	1536
farë	1535
rruga	1534
treguar	1530
del	1529
njëherë	1528
kthehemi	1527
gruan	1527
këtij	1525
ra	1520
pikërisht	1517
erdhe	1498
mbyllur	1496
ditur	1495
filluar	1492
zënë	1492
ora	1491
pije	1489
shef	1484
natyrisht	1478
probleme	1477
përveç	1475
don	1474
shpejti	1469
vit	1466
ndal	1464
luftë	1461
burri	1459
mbaruar	1453
dita	1452
shkollë	1450
dorën	1449
xhon	1447
tamam	1447
bie	1445
jeton	1442
mbetur	1439
gjak	1438
vendosur	1437
rrugës	1437
pune	1436
bëhesh	1435
vetme	1434
dhomë	1432
gjesh	1432
ndërsa	1430
punoj	1428
gjithëve	1428
fol	1426
kane	1420
you	1418
zotërinj	1415
lëvizni	1415
to	1414
sipas	1413
familja	1413
cdo	1410
dëgjova	1409
vëllai	1407
pjesën	1392
këmbë	1392
duash	1392
bota	1390
lojë	1389
dha	1388
falemnderit	1386
pastër	1379
babait	1373
vërtetën	1366
nder	1365
mendjen	1364
ndihmo	1363
familje	1361
ndonje	1359
gjeni	1357
rritur	1356
shum	1351
betohem	1351
ndihem	1344
gjithnjë	1343
kokë	1343
ikur	1338
gëzohem	1332
dije	1331
rast	1328
gojën	1323
asgje	1319
tipi	1312
çfarëdo	1310
xhek	1310
armën	1309
mrekulli	1306
premtoj	1304
zjarr	1303
bardhë	1303
marrin	1301
erë	1298
mundet	1295
sjellë	1294
vjeç	1294
kujt	1288
asnjëherë	1287
ore	1286
mëdha	1285
herën	1284
njëjtën	1283
herët	1283
milion	1282
presim	1280
pritur	1275
shqetëso	1271
znj	1270
fantastike	1267
pëlqejnë	1266
mënyra	1266
bast	1265
pranë	1264
here	1263
qesharake	1261
ndihmojë	1260
kohës	1259
urrej	1259
pe	1254
anën	1253
vendos	1253
cilat	1252
takuar	1250
kthehesh	1248
faji	1247
vajzat	1247
ngadalë	1245
nënë	1242
prindërit	1242
qenka	1241
idenë	1240
vetmi	1238
polic	1235
ushqim	1233
keto	1231
pi	1229
frymë	1228
vrau	1227
tash	1223
mama	1221
pjesa	1214
vdekje	1211
vet	1205
tmerrshme	1204
rrezik	1203
takim	1203
dhoma	1202
vrasin	1199
botës	1198
imja	1197
përdor	1194
lejo	1193
kudo	1187
mundemi	1186
dje	1184
shkojme	1181
prek	1181
mendja	1180
mbaroi	1180
vini	1179
madje	1174
thoja	1168
doli	1167
lini	1160
cilët	1159
jepni	1158
fillojmë	1155
mbrëmë	1154
shihni	1153
fillon	1147
dëshironi	1144
ndihesh	1144
mbreti	1143
besim	1143
anije	1142
person	1142
ftohtë	1138
vitin	1136
themi	1136
veçantë	1131
fjala	1130
telashe	1128
vërteta	1128
pothuajse	1126
thash	1125
tregon	1125
lodhur	1123
luaj	1122
reja	1122
mut	1121
numër	1119
zoteri	1119
dite	1118
veshur	1117
qejf	1117
kuptim	1112
shok	1108
babain	1107
gjithsesi	1107
ki	1107
jetoj	1104
urime	1104
mbajtur	1104
tallesh	1103
ua	1102
ulur	1101
sekonda	1100
ndryshuar	1098
djemtë	1095
lidhur	1093
qepe	1092
vertete	1092
spital	1091
martuar	1089
motra	1088
dinte	1086
beso	1083
fshehur	1079
djall	1076
ngrënë	1073
dhjetë	1073
plan	1073
gjendje	1072
kafe	1070
lejoni	1069
orën	1068
plotë	1067
kape	1067
dalësh	1067
fundi	1065
trap	1064
seks	1060
shtatë	1058
thuaji	1056
armët	1052
plot	1052
fituar	1051
sesa	1051
sëmurë	1050
quajnë	1050
përktheu	1049
hera	1049
përmes	1047
mijë	1046
dërguar	1046
qen	1046
tende	1046
mendo	1044
bëhem	1044
zemra	1043
mbani	1042
qyteti	1041
japësh	1041
kap	1039
çkemi	1035
miq	1034
meqë	1030
thoshte	1030
rënë	1028
pikë	1028
kuptove	1027
jush	1027
arsyeja	1026
shkruar	1025
zë	1025
vetes	1023
darkë	1022
pirë	1021
takohemi	1021
ndihmoni	1019
urdhëro	1018
këmbët	1018
heq	1009
pirdhu	1007
ndihmosh	1006
pranoj	1005
këtyre	1005
miqtë	1005
vjedhur	1004
harruar	1004
kënaqësi	1003
nju	1002
shokë	1001
mesazh	1001
bukura	999
fytyrën	997
kaloj	997
tom	997
fort	994
flasësh	991
krisht	989
shikosh	989
qene	988
tregosh	987
kapur	986
ndihmuar	985
pëlqente	983
dilni	980
përgjithmonë	980
fytyrë	979
seksi	978
biri	977
vrapo	977
paguaj	977
dikur	976
qytetit	975
familjes	975
goxha	974
ndodhet	967
parasysh	966
qëndroni	966
hey	963
shokët	962
zgjidhje	962
vije	960
shqetësuar	960
vazhdon	960
trupin	959
shkëlqyeshëm	958
kuptoni	957
futur	957
arritur	956
nxjerr	955
ndjej	954
thanë	952
jezus	949
asnje	948
takoj	947
filloi	947
gjithcka	945
thërras	942
pamundur	941
pushim	940
kuptuar	939
lindur	937
falje	936
thyer	935
dëgjove	932
shpëtuar	932
çfare	931
vertet	931
disi	930
un	929
sipër	928
shtepi	926
zotin	925
vdekjes	924
jashte	923
mbash	922
sidoqoftë	920
punës	920
çështje	919
tutje	919
sekondë	918
harroje	917
zemrën	916
thellë	916
mungon	916
gjete	915
vrasësh	915
kan	915
dera	914
festë	914
vazhdoni	913
shefi	913
shenjë	913
ndryshme	913
vazhdojmë	910
iku	907
ndjek	907
përdorur	905
duken	903
shkëlqyer	903
anë	902
burra	902
tilla	901
rrezikshme	900
shtëpisë	900
nxito	899
huh	898
ekziston	897
vrasës	897
telefonin	896
beje	895
mjafton	894
filloj	894
aspak	893
fle	892
gonna	892
vrasje	891
tëra	891
mendojnë	890
mendje	890
numri	889
shohin	887
kuqe	882
vdesin	882
at	882
qytetin	880
kujdesem	878
gjaku	877
mbrojtur	877
marrëveshje	877
çmenduri	876
kot	875
qeshur	875
ishit	875
jetuar	875
djem	874
paguar	873
andej	872
vrasë	872
frikësuar	871
borxh	869
mbushur	868
dërgoj	867
japim	866
plani	866
qëndron	865
shpesh	865
atehere	864
ëmbël	861
ndihmon	861
funksionon	860
nënën	860
gjeje	857
dyja	856
kapa	856
ndaloni	855
përpiqem	855
nxehtë	854
tetë	853
kenë	852
luajtur	851
foto	851
pyet	849
dukej	849
krejt	848
jot	848
mrekullueshëm	847
ndyrë	847
paj	846
vlen	844
merrem	844
ndihmën	841
numrin	841
tip	841
hedh	840
jack	838
brënda	838
lëmë	837
john	836
momentin	836
zi	836
vret	835
ska	835
lësh	834
flokët	833
ndaluar	832
dhimbje	831
dikujt	831
interesante	831
zakonisht	830
vinte	828
jan	828
mundohem	828
gjumë	828
prap	826
tregoni	826
bejme	824
hyr	824
çarli	823
lëvizje	823
rëndë	822
pabesueshme	821
vogla	819
desha	815
gjysmë	815
dëshirë	814
largohem	814
tretë	812
harro	812
dashuria	811
vdesësh	807
perse	807
natës	802
diqka	801
imi	799
fotografi	799
dukem	799
kalojmë	799
flisni	799
zhdukur	799
besosh	798
thote	796
dhuratë	796
uluni	795
lufta	794
sem	794
burrat	794
lexuar	794
ferr	794
kontroll	792
luan	792
plotësisht	791
ule	791
it	789
policinë	789
njeriun	787
nevojitet	785
lajme	783
çfar	782
kamë	782
dobët	780
grup	779
mbarë	778
policisë	777
dashura	777
mezi	776
qëndroj	775
përgjigje	774
pusho	774
kurre	773
quajtur	773
saktësisht	769
kujton	768
besoni	767
tjeta	765
askujt	765
kuptosh	765
tend	765
ikni	763
hajë	762
fjalët	758
kërkojmë	758
uritur	758
largohesh	757
cka	755
shkatërruar	754
largohemi	754
jotja	754
çoj	753
telefonoj	753
gjënë	752
super	752
ikësh	751
bob	750
aksident	749
përndryshe	748
rregulloj	746
vdekja	746
shkova	746
dëshiroj	746
dhemb	745
udhëtim	745
marre	745
falë	741
ëndërr	741
bëhen	739
sara	738
mendosh	737
ngrihu	735
bëhu	734
vitet	734
amerikan	734
fjetur	733
goditje	731
and	731
gjith	729
metra	729
desh	728
përreth	728
qafe	727
qetësi	727
vija	727
sekret	727
vdekjen	725
tju	724
luftuar	722
rregullat	722
nevojshme	722
mbyll	720
dreqit	720
zgjohu	720
paqe	718
gratë	718
duhesh	718
përpjekur	717
tri	715
piter	714
jua	714
mbajë	714
kënaqur	714
bëmë	711
biznes	711
flasin	710
mendoje	710
blerë	710
presin	710
besh	709
gatshëm	708
kthej	707
trupi	707
letër	706
njeriut	706
mjeshtër	705
rrish	704
frenk	704
personale	703
përket	702
shtrat	702
rrobat	699
midis	699
koka	699
president	698
thatë	698
kuti	698
largohuni	697
meri	697
kurse	697
kthye	697
gjetëm	696
veç	696
milje	696
kafshë	695
humba	694
beni	693
fiton	692
çuditshëm	692
ndërkohë	691
presidenti	689
fuqi	689
patur	688
personi	688
sigurisë	687
uji	687
shikojmë	686
vogel	686
xhoni	686
turp	685
tomi	685
historinë	684
fut	683
krijuar	683
hotel	680
lëvizim	680
film	679
merri	679
përfshirë	679
shikuar	678
ushtar	678
amerikane	677
largohet	675
javën	675
zgjedhur	675
gjuaj	673
jamë	673
leje	673
agjenti	673
um	672
zonjusha	672
besohet	672
shenjtë	671
mesa	671
kushdo	669
kurr	669
gjera	669
njerëzore	669
hyrë	667
frank	665
mbahu	665
lejoj	664
humb	663
vrave	663
interesuar	662
mbrëmje	661
yeah	661
rrini	660
bushtër	660
lamtumirë	660
vitesh	659
vende	659
zezë	658
momenti	658
gjejë	658
mirën	656
sulm	655
bushtre	655
tregoi	654
vdesë	653
kërkojnë	653
miri	652
larguar	651
sukses	651
era	650
arrij	649
punët	648
or	648
femër	647
fati	647
absolutisht	646
majtas	645
shkolla	645
hapi	645
shumica	644
kthehuni	644
mbetet	644
përfunduar	643
krenar	643
rehat	640
dielli	640
qëndrosh	640
tungjatjeta	639
tjetrin	639
kryesore	639
poshte	639
rrotull	638
majtë	638
ardhmen	638
ndodhte	638
rreshter	636
verë	636
lëshoje	635
zgjedhje	635
policët	635
lënduar	634
bobi	634
pelqen	634
duar	633
mënyrën	633
ajër	633
xhorxh	632
solli	632
varet	632
shembull	632
pamje	631
këqija	631
ndjehem	631
kontrolloj	630
normale	630
dëgjosh	630
gjeneral	629
fëmija	629
blu	629
viti	628
de	628
toka	628
tingëllon	627
bastard	625
shkruaj	625
kapiteni	624
kame	624
provuar	622
ditës	621
kujdesu	621
mish	621
jepja	621
ndeshje	620
veri	618
thirrur	618
thuhet	616
vendosi	616
ardhshme	616
djaloshi	616
erdhët	615
veta	614
vi	614
dehur	614
nëntë	614
prova	614
gruas	613
oficer	612
shohë	612
shpirtin	611
fajin	611
luftës	610
agjent	610
vitit	610
mija	610
copë	609
djathtë	609
goditur	609
eh	607
new	607
perseri	607
quhem	607
papritur	606
ditët	606
derë	606
lësho	605
majkëll	605
hero	605
dyshim	605
shans	603
fëmijën	603
ler	603
kthehen	603
marrtë	602
njerez	601
thashe	601
zyra	601
japin	601
vdesim	600
provoj	600
gjen	600
mësoj	600
shkonte	600
fëmijëve	598
tipin	597
hidhe	596
gjeti	596
mbaroj	595
përsosur	595
nisemi	595
askënd	595
ndryshim	595
paska	594
planet	594
sinqerisht	594
paske	594
megjithatë	593
blej	593
detyrë	592
librin	592
drejtuar	592
viteve	591
mjaftueshme	591
historia	590
shpirti	590
ditëlindjen	590
jasht	589
këndshme	589
kuq	589
gjejnë	588
zyrën	587
gjeja	587
qenke	586
tone	586
skuadra	585
askund	585
njësoj	585
drejte	584
libër	584
serioze	584
hedhur	583
loja	583
shikoja	583
rrezikshëm	582
dalin	582
thosha	582
bill	581
hiqe	581
telefoni	580
ndjekur	580
fitoj	580
tv	579
ari	579
nisur	578
thuaje	578
mbajnë	577
huaj	577
meriton	577
xho	576
erdhën	576
hequr	576
zhurmë	575
jetosh	575
ndjen	575
shkurtër	572
nisu	572
mjaftueshëm	571
tjetri	571
nate	570
qëllim	570
majk	570
ikën	570
burrin	570
ndërtuar	569
përdorim	569
ngushtë	568
mbajmë	568
jetojnë	567
kërkoni	567
fillimi	566
mir	564
milionë	564
prapanicën	563
fytyra	563
prisja	562
kamera	561
futu	561
kujdeset	560
japë	560
paul	560
shkoje	559
fillo	558
sekrete	558
mërzitur	558
flasë	556
pata	556
djalit	555
vrasim	554
gjithmone	554
mirëmëngjes	554
çast	554
sherif	554
vone	553
david	553
adam	553
fuqishëm	553
sam	551
vjetra	551
mark	551
nevoje	551
gjakun	550
kurth	550
njëjta	550
këngë	550
ndarë	550
egër	550
ndalu	550
tokën	549
çelësat	549
secili	548
vendose	548
përtej	548
nënës	548
degjo	548
njëjtë	547
mamanë	547
shkoja	547
vajze	547
dashuruar	547
paksa	546
gjepura	544
merrja	543
profesor	543
kolonel	543
of	543
mbanë	543
billi	542
krye	541
fuqinë	541
uau	540
gjysëm	540
ecën	540
lisa	540
bar	540
direkt	539
kurvë	539
xhimi	539
mbaron	538
domethënë	538
lumtë	538
kaloni	538
shkollën	537
makinës	537
jeten	537
roje	537
rëndësishëm	536
drita	536
brengos	536
zonjushë	535
arrijmë	535
zbuluar	535
kalosh	535
muzikë	534
qka	534
sesi	533
avion	533
gjate	533
kishit	533
shitur	533
hamë	533
ndaloj	533
joe	533
mesme	532
preferuar	531
shfaqje	531
drogë	531
deni	531
dole	531
fute	530
bazë	530
qeni	530
rritet	530
ish	530
nxjerrë	529
prishur	529
vlerë	528
kontrolluar	528
ideja	528
vranë	528
ndihma	527
takova	527
hmm	527
provoje	527
detyra	527
zjarri	526
merak	526
polici	526
rruge	526
femra	525
thirrje	525
vazhdoj	525
mbret	525
urdhër	523
qëlluar	523
çon	523
qeveria	522
rinj	522
mundeni	522
rroba	521
qesh	521
behet	521
henri	521
in	520
bënim	520
shenja	520
bravo	519
drejtim	519
kohët	518
zërin	518
hajdeni	517
ktheve	517
hyj	517
jetojmë	517
kompania	517
qëndruar	516
forcat	515
nevoja	515
merrte	514
letra	514
motër	513
punojnë	512
doktori	511
dritat	511
personalisht	511
dritë	510
nata	510
maks	510
ushtri	509
djathtas	509
aftë	509
birrë	508
madhëria	508
mençur	507
vrava	507
krahun	507
dijë	507
ushtria	506
plak	506
vajzës	506
lshte	506
rastin	505
vogëlushe	504
besuar	504
thene	504
çantën	504
lojën	504
përgjigjet	503
morën	503
ishull	503
qëndrojmë	503
ktheva	502
paguan	502
speciale	502
babanë	501
paris	501
njerezit	501
sill	501
kaloi	501
gënjen	499
that	498
burgu	498
shkollës	498
trup	497
martin	497
sigurte	497
kushton	497
guxon	496
përkryer	496
ndërmend	496
trupat	496
lajm	496
sinqertë	496
cigare	495
vendit	494
mijëra	493
harroj	493
kontrollin	493
shoqe	493
prish	493
marrje	493
luajmë	493
sistemi	493
dërgoi	492
dora	492
qindra	492
gjerat	492
shkërdhatë	492
gjysma	491
dhashë	491
tmerrshëm	491
on	491
mësosh	490
biseduar	489
humbi	489
charlie	489
toni	488
motrën	488
fus	487
hip	487
festa	487
fitosh	486
dore	486
flesh	485
hash	485
vriste	485
kërkoi	485
respekt	485
errët	484
sillni	484
zjarrit	484
kapim	483
anglisht	482
gjendet	482
kalojë	482
ushqimin	481
vëllain	481
rregulluar	481
butë	481
atëhere	480
juaja	480
plagosur	480
zotri	480
lere	480
formë	479
lexoj	478
merreni	478
luftën	477
shkruan	477
kryer	477
shtetit	477
quaj	477
ndodhin	477
falas	476
pafshim	476
femije	475
dollar	475
forcë	475
kompani	475
mbijetuar	473
grupi	473
këmbën	473
perpara	473
shpëtoj	472
xhaxha	472
mirëmëngjesi	472
hyni	472
shokun	471
humbas	471
gojë	471
fshehtë	471
lëri	471
dyve	471
dyqan	470
paparë	470
gjuhën	470
fillojë	470
pyetur	470
harrova	469
flisja	468
kris	468
mbrapsht	467
lashë	466
planifikuar	466
dritën	466
arrin	465
ngjyrë	465
listë	465
krahët	465
thërret	464
lejon	464
morëm	464
ndryshon	464
taksi	464
takon	464
anija	464
park	463
ushqimi	463
shi	462
telefonatë	462
situatë	462
dola	462
kryesor	462
pika	462
kërkova	461
vrit	461
shishe	461
njëra	461
ndalosh	461
xhiro	460
top	460
njihni	460
qëndrojë	460
pafajshëm	460
shihja	459
pati	459
mendojmë	459
zgjedh	459
maskara	458
tren	458
vendet	458
okay	458
lufte	457
ça	457
përgatitur	457
jork	457
drekë	456
neser	456
bllokuar	456
fbi	455
djalli	455
qendër	455
urdhëron	454
zgjidh	454
kapi	454
solla	454
zonë	454
edi	453
këndshëm	453
futemi	453
provo	453
pranuar	453
tavolinë	453
tregojnë	452
sistemin	452
lule	452
zemer	451
luash	451
qiell	451
vetmuar	451
pemë	451
qetësohuni	450
urren	450
qejfi	450
ujit	449
hyn	449
dush	448
jet	448
trurin	448
toger	448
nderuar	448
radio	447
shpifur	447
zonën	447
femrat	447
ngritur	447
përpiqet	446
hir	446
leviz	446
reale	446
detyruar	445
përgjegjës	445
fatin	445
dhënat	445
siguruar	445
mundësinë	444
vënd	444
ckemi	444
donin	444
bër	444
homer	444
ndjekin	444
humbje	443
nik	443
futem	442
punojmë	442
katin	442
rrimë	442
njerzit	441
anijen	441
ngrohtë	441
vëllezërit	441
tregojë	441
ati	441
mbretit	440
këndej	440
informacion	440
jave	440
gjyshja	440
lajmet	439
shpi	439
qëllo	439
drejtën	439
hiq	438
ndokush	438
truri	437
qëllimi	437
zyrë	437
ndjenja	437
uroj	437
filloni	437
avokat	436
gjakut	436
thirr	436
dyert	436
gjumi	436
shtruar	435
punosh	435
komandant	435
ndjehesh	435
shije	435
dr	435
burgosur	435
bëhemi	434
menyre	434
pëlqeu	434
nja	434
gjetën	434
zemëruar	434
babin	434
video	433
emrat	433
afrohet	433
makine	433
shoqëri	432
topin	432
deshiron	431
mision	431
largua	431
ashpër	431
vazhdimisht	431
mirëmbrëma	431
mbas	431
sille	430
qfar	430
uri	430
ngjan	430
bisedë	430
presësh	430
zjarrin	430
gjysmën	430
besojnë	429
gjyshi	428
vendim	428
pyetja	428
kalojnë	428
tej	428
errësirë	428
tjerat	428
be	428
tregoja	427
miliona	427
telefono	427
gra	426
karl	426
thikë	426
fola	426
bosh	426
vra	426
zhduk	426
los	425
futet	425
mëngjesit	425
kërkim	424
yte	424
sonë	424
kali	424
besimin	423
akull	423
ndiqni	423
pash	423
libri	422
merret	422
cmendur	421
heqim	421
private	421
detektiv	421
vrimë	420
ardhshëm	420
mbuluar	420
bashkuar	419
quan	419
gjëje	419
kate	419
munda	419
goditi	419
mbroj	418
bashkuara	418
mësim	418
nqs	417
prerë	417
pyeta	417
york	417
njëjtin	417
shoqja	417
naten	416
shpjegoj	416
solle	415
boll	415
harroni	415
perfekte	415
vlerësoj	415
ruaj	415
zt	414
vrasjen	414
xhejk	413
jame	413
mor	413
çmim	413
shëmtuar	412
aeroplan	412
hani	412
shikojnë	411
tokës	411
niki	411
dashurinë	410
provë	409
amerikë	409
hiqi	409
san	409
banjo	409
paguash	408
skenë	408
yti	408
çaj	408
duk	408
james	408
arrestuar	408
mamasë	408
qëlloj	407
përsëris	407
bindur	407
mike	407
kini	407
trashë	407
mbylli	407
qenin	406
rojet	405
skot	405
ndaloje	405
mendim	405
bënin	405
gjer	405
kontakt	405
shih	404
falenderoj	404
hari	404
kujtova	403
ndihmojmë	403
ftuar	403
vegjël	403
mbledhur	403
thoje	402
paç	402
sikurse	402
shpresë	401
sidomos	400
kostum	400
pestë	400
krishtlindjet	400
planin	400
vdiste	400
idiote	400
përbindësh	399
famshëm	399
diellit	399
armatosur	399
bisedojmë	399
dru	399
saqë	399
uou	398
mbarojë	398
treni	398
ecim	398
sic	397
gjurmë	397
malli	397
plus	397
mamin	397
mirëdita	397
krevat	396
pershendetje	396
tregova	396
ngaqë	396
skuadër	395
serioz	395
besojmë	395
bëhej	395
kalo	395
luani	395
ulët	395
bien	395
internet	394
nxjerrim	394
dërgon	394
vendosim	394
pyll	394
mundësia	394
bombë	394
situata	393
listën	393
policë	393
argëtuese	393
linjë	392
heqësh	392
puthje	392
krejtësisht	392
caktuar	392
timen	392
mbrojtje	391
ndryshojë	391
përdorësh	391
moshën	391
hapa	391
sigurimit	391
qaj	391
persona	390
ktheje	390
njoha	390
ushtarake	390
nxitoni	390
vetja	390
plumb	390
michael	389
ndezur	389
mbretëresha	389
provojmë	388
luftojmë	388
kohësh	388
kërkoja	388
njejtë	388
ruajtur	388
li	387
ndiq	387
pëlqejë	387
provosh	387
kesaj	385
erik	385
up	385
arma	385
ndryshoj	384
vie	384
shtatzënë	384
çështja	384
eci	384
takosh	384
parat	384
mëdhenj	383
kontrolloni	383
vrasësi	383
hedhim	383
tërheq	383
mahnitshme	383
tregove	382
rrëmujë	382
ngjitur	382
pakës	382
mbytur	381
ndjekim	381
trupit	381
erdhëm	381
normal	380
gjyshe	380
keta	380
ndërtesë	380
kthe	380
banka	379
aleks	378
ndihme	378
godite	378
kevin	378
çohu	378
fliste	377
ushtarët	377
nervoz	377
ëndrra	377
al	376
çantë	376
zhduku	376
fundjavë	376
vëmendjen	375
ndyrësirë	375
peshk	375
ndjenjë	375
pyete	375
supozoj	374
përdorin	374
robert	374
magji	373
tërhequr	373
sigurohu	373
kërkosh	372
hysh	372
vetën	372
jepini	372
këpucët	372
ndalojmë	371
ushtarë	371
rrugët	371
bëtë	371
frikshme	371
syve	370
mikun	370
afërt	370
fitojmë	370
ndalojë	370
letrat	370
keqja	369
thirre	369
sjellur	369
dhëmbët	369
prekur	369
njërin	369
kërko	368
nganjëherë	368
djale	368
duroj	368
vrite	368
no	368
pushime	368
pëlqej	368
kodi	367
kujtoj	366
vijmë	366
nxirre	366
kalova	366
lindje	366
betejë	366
dërgojmë	365
sinkronizoi	365
quhesh	365
jug	365
paku	364
vëllezër	364
artë	364
lutemi	364
qelbësirë	364
krim	363
ngecur	363
frikacak	363
lejohet	362
gishtin	362
frike	362
kthesh	362
qëndrojnë	361
numrat	361
budallaqe	361
bejne	361
ikë	361
qendra	360
armiku	360
gjithandej	359
kusht	359
lëvizur	359
puth	359
shikojeni	359
paguajnë	359
dysheme	359
beri	359
këte	359
gotë	358
shpëtoi	358
asnjeri	358
sjellësh	357
pranon	357
kapin	357
vërdallë	357
xhim	356
hajdut	356
pasdite	356
fillova	356
rregulla	356
fitore	356
mendove	356
misioni	356
radhë	355
kontrollit	355
zëri	355
mundohet	355
festën	355
hapeni	355
fushë	355
kamion	355
afer	355
shkuan	355
fuqishme	355
siguroj	354
panjohur	354
pastruar	354
arritëm	354
kontrollo	354
freskët	354
londër	353
humbet	353
flokë	353
shpëtosh	353
parave	353
faqe	353
veriut	353
van	353
takuam	353
qfarë	352
ndihmoje	352
shqetësoni	352
morra	352
djegur	352
bjerë	352
dine	352
futesh	351
publik	351
përpiqesh	351
filmi	350
patë	350
shtyp	350
ligji	350
qfare	350
rasti	350
cilit	350
nëpërmjet	350
lloji	350
gënjyer	350
dritarja	349
viktor	349
energji	349
fajtor	349
ve	349
problemet	348
ulem	348
vogëlush	348
premtuar	348
surprizë	348
linda	348
ama	347
fole	347
foli	347
daniel	347
nderin	346
ndjesë	346
fshat	346
hapni	346
zona	346
merresh	346
pish	346
mace	346
braktisur	346
dolëm	345
komplet	345
vrisni	345
sotme	345
mbarova	345
martohesh	345
ecni	345
sulmuar	344
ndalon	344
ndonjëri	343
frika	343
çmimi	343
shes	343
sinjal	343
munduar	343
he	343
drejta	343
jetojë	342
luftoj	342
gjërave	342
përgjigju	342
ecur	342
parker	342
johnny	342
bart	342
kafshët	342
funksionojë	342
mashkull	342
ted	341
vjetësh	341
jona	341
dhurata	341
mërzit	341
gënjeshtër	340
pengon	340
is	340
shkojm	340
dalje	340
ujin	340
ekipi	340
perëndia	339
zakonshme	339
besoja	339
xhejms	338
rreguii	338
kapeni	338
kujdesesh	338
fillosh	338
vendosa	338
shën	337
njohim	337
arriti	337
gjenerali	336
orës	336
zero	336
deshe	336
krimit	336
munguar	336
partner	336
donim	335
hënën	335
qëlloni	335
dërgoni	335
përfundoj	335
stacioni	334
shpejtësi	334
shpatën	334
lëreni	334
nick	334
shikojë	334
oliver	333
mëshirë	333
hua	333
mbante	333
vëmendje	333
hyjmë	333
përfundon	332
çështjen	332
biznesi	332
babit	332
magjike	332
qofte	332
vrisja	332
sistem	332
kishë	331
fillojnë	331
thyej	331
elena	331
bomba	331
qëlloi	331
rrallë	330
xhoi	330
tjerëve	330
pozicion	330
shpëtojë	330
yll	330
vdiqën	330
ushtarak	330
budallallëk	329
bukuri	329
luftëtar	329
kurve	329
plazh	329
shenjat	329
ndjeva	329
hyjë	329
bari	328
shh	328
prapanicë	328
çmimin	328
vjeçe	328
presion	328
mesazhin	328
vrare	328
ikin	328
banjë	328
ajrore	327
përfundojë	327
ji	327
humbe	327
vjedh	327
popullit	326
kuptojnë	326
shtesë	326
çelësin	326
sillesh	326
suaj	326
pastroj	325
futi	325
dukeni	325
ndodhe	325
koke	325
km	325
shpata	324
adhuroj	324
lërë	324
zbrit	324
pate	324
objektivi	324
ngre	323
biznesin	323
sjellshëm	323
vegas	323
filluan	323
makinat	323
mur	323
largo	322
mësues	322
pavarësisht	322
vraponi	322
jugut	322
come	322
viktima	322
zezak	322
mbaji	322
mbrenda	322
lutëm	322
bile	321
detit	321
ulesh	321
vëllait	321
padyshim	320
mendojë	320
prezantoj	320
punonte	320
shpresojmë	320
informacione	319
porta	319
bote	319
gënjeshtar	319
special	319
kundra	319
faieminderit	319
kilometra	318
rob	318
gjithmon	318
kujdesshëm	318
dërgo	318
hapësirë	317
morri	317
guxim	317
znjsh	317
veturë	316
ndihet	316
vonuar	316
ardhmja	316
vazhdosh	316
bankë	316
radha	315
pini	315
koti	315
kampion	315
dalur	315
dejvid	315
aeroport	315
ditësh	315
vjeçare	314
dhëna	314
ushtrinë	314
pëlqyer	314
thirri	314
stiv	314
mendonte	313
asnjëri	313
bazuar	313
vura	313
shpatë	312
marrëzi	312
hanë	312
zemrës	312
mundshme	312
tërësisht	312
humbëm	311
veçse	311
krah	311
gjurmët	311
largohen	311
veçanërisht	311
dejv	311
rei	311
perfekt	311
qesharak	311
mjeshtri	311
shtrenjtë	311
copa	310
dëgjojmë	310
njihja	310
jetët	310
përballë	310
mal	310
my	310
populli	310
ngjarje	309
punoni	309
gishtat	309
shteti	309
ndërtesa	309
kënd	309
pritni	309
ul	309
dëgjojnë	309
ndihmojnë	309
shpresa	309
telefonoi	308
dyshoj	308
punen	308
arrish	308
klub	308
gjuhë	308
drogës	308
sigurimi	308
fuqia	308
shpëtove	308
shba	308
mmm	307
thuaju	307
sillet	307
lufton	307
minutash	307
hakmarrje	307
ndjerë	307
kuptojë	307
takimin	306
çelësi	306
bisedoj	306
sigurinë	306
mbajeni	306
kriminel	306
rregullojmë	306
verdhë	306
përfundoi	306
respektin	306
drejtimin	306
arme	306
mbretin	306
presidentin	305
mary	305
çojmë	305
qenit	305
ndjenjat	305
kopje	305
zhduket	305
fustan	305
man	305
majë	304
fakti	304
dritare	304
ndeshjen	304
arrita	304
amerika	304
ligjit	303
tregojmë	303
shkaku	303
përbashkët	303
shpif	303
det	303
zog	302
regull	302
varur	302
sjellje	302
urdhëroni	302
maria	302
përgjegjësi	302
mbaruam	302
mamit	301
kuzeji	301
hapet	301
vëllau	301
vonesë	301
ishulli	301
ligjin	301
alan	301
drejtori	301
thuani	300
gabimi	300
këpucë	300
situatën	300
dënuar	300
vendosni	300
provoni	300
programin	300
çdokush	300
vodhi	299
tomas	299
fjale	299
ekip	299
dij	299
kolegj	299
garë	299
përgjigjen	299
vdis	299
toke	298
raste	298
hyrje	298
ngelur	298
thot	297
lejuar	297
ktheheni	297
ngjyra	297
loje	297
vezë	297
mbrojtjen	297
pantallonat	297
kinez	296
ëndrrat	296
pjese	296
autobus	296
martesë	295
whoa	295
mengjes	295
vdekurit	295
xhaxhai	295
dashurin	295
bëhuni	295
qielli	295
kokat	295
shfaqjen	295
grupin	295
hapim	295
poashtu	294
humbim	294
godet	294
lirinë	294
ofroj	294
gallatë	293
ngase	293
fëlliqur	293
faqen	293
veshin	293
shkallët	293
max	293
shtrirë	293
shëndoshë	293
dyqani	293
mundi	293
gjuajtje	293
telefonit	293
pajisje	292
pyesja	292
vetura	292
fëlliqësirë	292
tru	292
librat	292
pyeti	292
marresh	292
artur	292
dëshira	292
madhështore	292
njohin	292
lëvizin	292
baza	292
rregulle	292
vështira	292
burrit	291
dëm	291
mundohesh	291
martohem	291
mbledhje	290
lakuriq	290
thuajse	290
sherifi	290
jepte	290
dike	290
largoje	290
përpoqa	289
shkove	289
libra	289
mendimet	289
plumba	289
lëshoni	289
lëng	289
rrethuar	289
tallem	288
dihet	288
veshtire	288
bekuar	288
kompanisë	288
shërbim	288
fitova	287
fike	287
kaluarën	287
parajsë	287
zakonshëm	287
all	287
lagje	287
jone	287
gjyq	287
get	287
xheik	287
gurë	287
djal	287
shpresoja	286
luftosh	286
droge	286
ooh	286
gjunjë	286
vajzave	286
ndonjehere	286
drejton	285
gjumit	285
deti	285
tja	285
vazhdojë	285
marrëveshja	285
sëmundje	285
ndalur	285
iutem	285
filmin	285
bera	285
kodin	284
leni	284
dashurisë	284
hodhi	284
spitali	284
kokës	284
dyshuar	284
muajsh	284
hedhësh	284
andi	284
arrijë	283
jene	283
fitove	283
kuajt	283
mbush	283
amin	283
parate	283
udhëtimi	283
kamerën	283
leri	282
llogari	282
gjalle	282
degjuar	282
operacion	282
adresën	281
lehte	281
skuadrën	281
vjeter	281
tregoje	280
forcën	280
fatkeqësisht	280
menduam	280
njëjti	280
krenare	280
munden	280
kalë	280
katërt	280
teksa	280
gënjeshtra	280
thërrasin	280
dëgjuat	280
muajin	280
verbër	279
princeshë	279
lidhja	279
hije	279
muri	278
sigurohem	278
zgjedhja	278
qumësht	278
kontrollon	278
hong	278
we	278
fundin	278
plaku	278
ajde	278
mbyllet	277
bukuroshe	277
aktualisht	277
zotat	277
vësh	277
mjeku	277
kthejmë	277
çojë	277
okej	277
zonje	277
shkolle	277
nderi	277
filma	276
përshtati	276
sjellin	276
barry	276
red	276
bileta	276
perëndim	276
armëve	276
ngrije	275
emra	275
interesant	275
lidh	275
besimi	275
lëndoj	275
muti	275
hapësh	275
dijeni	275
ndiej	275
këmba	275
brendshme	275
gur	275
hei	275
bythën	275
munde	274
muzika	274
realitet	274
sjellim	274
fsheh	274
televizor	274
fitojë	274
departamenti	274
budallenj	273
derr	273
lumit	273
dëgjojë	273
punojë	273
kujdesur	273
përdorni	273
pritje	273
momente	273
gomar	272
dolli	272
martohet	272
mënyre	272
dëgjoje	272
gabime	272
lokal	272
quajmë	272
merremi	272
kamerat	272
kërkojë	272
qentë	271
ndershëm	271
hyri	271
gradë	271
cfar	271
atëher	271
kuzhinë	271
zoi	271
karrige	271
pamë	271
ndryshojnë	270
shkallë	270
mishi	270
princi	270
gjuajtur	270
diç	270
shikonte	270
zeza	270
dale	269
amerikanët	269
shpëtojmë	269
shkatërroj	269
avokati	269
kërkove	269
gashi	269
anash	269
mashtrues	269
kaluara	268
veprim	268
shqetësohesh	268
ngritu	268
han	268
vazhdojnë	268
humbasim	268
vendimi	268
syte	268
familjet	268
mbaja	268
nr	268
kontrolli	268
blesh	268
aftësi	268
eli	267
fshihet	267
mendoi	267
goja	267
ndajmë	267
fotot	267
dhimbjen	267
kontrollojmë	267
unaza	267
prindërve	267
faktin	266
lindjes	266
tjetra	266
roi	266
shkaktuar	266
faj	266
dashurën	266
trupa	266
lëshuar	266
pashe	266
historisë	266
shqetëson	265
çmuar	265
burgosurit	265
plane	265
kompaninë	265
përdori	265
tjetrën	265
paguani	265
merrje	265
majmun	265
kuptojmë	265
jetoni	265
pronari	264
nis	264
shëtitje	264
pimë	264
godas	264
pasme	264
përgjigjem	264
takimi	264
dërgojnë	264
kalove	264
luftojnë	264
dhanë	264
bashke	264
kuptuat	264
arrite	263
unazën	263
dinin	263
shkop	263
dag	263
çanta	263
nxjerrësh	263
djaloshin	263
qeverisë	263
minute	262
trishtuar	262
lidhjen	262
what	262
kutinë	262
mashtrim	262
fiks	262
kërce	262
quhej	262
shijshme	262
mënd	262
mëson	262
pit	262
gjithqka	262
qendro	261
rradhë	261
veshët	261
vella	261
program	261
çuar	261
wow	261
klasë	261
imagjinoj	261
duhan	261
uashington	261
pushuar	261
shitje	261
komandanti	260
kërcim	260
martesa	259
rezultatet	259
gënjej	259
shtet	259
varkë	259
sekond	259
shikim	259
kombëtare	259
faktikisht	259
varrosur	259
komplikuar	259
çudi	259
publike	258
derek	258
përpoq	258
dhomës	258
ndër	258
mundohu	258
vallë	258
largë	258
marshall	257
përfundimisht	257
forta	257
bela	257
aah	257
ndihmoja	257
perëndi	257
anijes	257
pranosh	257
përmendur	257
mbarojmë	257
prift	257
birra	257
posi	257
lejen	257
gisht	257
vdisni	257
test	257
pako	256
shkonim	256
aftësitë	256
premten	256
ulemi	256
tille	256
shkurt	256
frikën	256
lexosh	256
pazakontë	256
thomas	256
falur	256
stuhi	255
diell	255
rritje	255
ecësh	255
flakë	255
shet	255
sheqer	255
kontrollosh	255
krishtlindje	255
kohen	255
shefin	255
mbrojtjes	254
partneri	254
ndryshimi	254
alex	254
ushtrisë	254
apartament	254
hi	254
nejse	254
kung	253
detyrat	253
avioni	253
silleni	253
ekzistojnë	253
pë	253
simpson	253
karli	253
godit	253
brus	253
kërcënim	253
semi	253
dinim	253
gjasa	253
thikën	253
lumi	252
simon	252
njohëm	252
ika	252
muzikën	252
mërzitshme	252
mbrojë	252
sekreti	251
njëfarë	251
infektuar	251
mallkim	251
ngrihet	251
udhëtimin	251
your	251
vizitë	251
përsipër	251
shfaqet	250
hartë	250
pistoletën	250
poshtër	250
krishtit	250
tërhiqe	250
mjaftë	250
dështuar	249
so	249
amerikës	249
stacion	249
provat	249
dëshmi	249
vrasësit	249
vinin	249
telefonuar	249
bodrum	249
kamp	249
mjek	249
not	248
darka	248
kod	248
shpinën	248
emili	248
vera	248
zgjasë	248
stacionin	248
trurit	248
elektrike	248
ekipin	248
negative	248
ballë	248
imzot	248
robin	247
studiuar	247
takojë	247
tavolina	247
mendimi	247
përpiqemi	247
yjet	247
lexon	247
sinjalin	247
pistë	247
presidentit	247
lajmëroj	247
botërore	246
xhosh	246
ani	246
kërkonte	246
nxirr	246
largoj	246
privat	246
celular	246
shërbimin	246
ajri	246
sulmi	245
mëngjesin	245
pension	245
orët	245
vuri	245
hoteli	245
lëvizë	245
zbuloj	245
tregim	245
drejtat	245
lija	245
ulet	245
unazë	245
festojmë	245
budallallëqe	245
mbron	245
shohesh	245
vjedhje	244
largoheni	244
zbres	244
bukë	244
fermë	244
vajzen	244
one	243
miat	243
shtëna	243
pasuri	243
mundova	243
ndihmonte	243
brajan	243
anët	242
pulë	242
uilli	242
lajmi	242
urdhërat	242
dojë	242
fredi	242
emi	242
liri	242
çoje	242
amerikanë	242
ndale	242
kujtimet	242
lëshoj	242
xheni	242
cia	242
varfër	242
kati	242
inatosur	242
dosje	242
presë	242
qetesohu	241
akullore	241
niset	241
arrijnë	241
thërrasim	241
lezetshëm	241
gjersa	241
detyrën	240
zgjidhur	240
hyrja	240
ditëve	240
this	240
tia	240
vjeçar	240
hodha	240
hapin	240
gjejme	240
kaluam	240
kthen	239
fli	239
harry	239
smith	239
portën	239
shpërblim	239
vrima	239
kotë	239
fantastik	239
tavolinën	239
pluhur	239
përgjigjesh	238
shërbyer	238
ou	238
kët	238
shpejte	238
bobby	238
rrahur	238
jeshile	238
dhome	238
përpiqu	237
forte	237
lili	237
rriten	237
hëna	237
princesha	237
këshillë	237
lord	237
premto	237
rresht	237
takoja	236
kalin	236
gjysh	236
nivelin	236
madhi	236
falënderoj	236
kryetari	235
zuri	235
mësova	235
bukurosh	235
gara	235
ndez	235
eliot	235
orësh	235
njëzet	235
çelës	235
rolin	235
rrëmbyer	235
darkën	235
diten	235
mbrojtës	234
cilen	234
dilte	234
fluturim	234
topi	234
dëshpëruar	234
mashtruar	234
veshje	234
lesh	234
familjare	234
bija	234
përpjekje	234
raport	233
plas	233
qëllosh	233
rrugen	233
marrur	233
vrasja	233
kerkon	233
shfaqja	233
ofertë	233
ndryshëm	233
fitoi	233
chris	233
rrijë	232
mësojmë	232
shërbimi	232
syrin	232
timin	232
arratisur	232
beteja	232
erën	232
harrove	232
el	232
rus	232
kompjuter	232
drejtoj	232
çift	232
uiski	232
off	232
misionin	232
zyrtarisht	232
go	231
stop	231
jetonte	231
pjekur	231
krisur	231
merren	231
bene	231
tipat	231
eduard	231
harrosh	231
mbrëma	231
magjistar	231
futa	231
javës	231
falësh	231
zgjidhja	231
shiqo	231
papritmas	231
pranoje	231
ngatërruar	230
secilin	230
natyra	230
lojës	230
ço	230
trenin	230
kim	230
thërrasësh	230
vendimin	230
grupit	230
qete	230
jezu	230
ndryshoi	230
zotërinjë	230
dan	230
kujdesemi	230
nevoj	230
mbledh	230
mundesi	230
fushën	229
përdoret	229
uill	229
ura	229
mesazhe	229
këdo	229
martesën	229
tashme	229
luajnë	229
regjistruar	229
trajnuar	229
pantallona	228
qelbur	228
rrinë	228
ngadal	228
palë	228
dërgova	228
fshati	228
derës	228
programi	228
femijet	228
fantazmë	228
fluturimi	228
mendimin	228
buzëqeshje	228
marxh	228
sarah	228
grusht	227
shikoji	227
ndalet	227
përdore	227
pushoni	227
planit	226
ditëlindja	226
njejtën	226
shofer	226
organizuar	226
gordon	226
thone	226
krahë	226
peng	226
mbyllim	226
gjithkush	225
pjesët	225
përdorë	225
birin	225
liruar	225
riçard	225
krishti	225
njëqind	225
nelson	225
tuat	225
patate	225
rastësisht	225
veturën	225
major	225
fotografitë	225
uleni	225
shteteve	224
ketej	224
biznesit	224
gjendja	224
peter	224
krahu	224
henry	224
lindja	224
problemin	224
kërcej	224
kler	224
miki	224
klientët	224
vendosësh	223
fshatin	223
stërvitje	223
ike	223
oficeri	223
hidhi	223
motrës	223
tufë	223
can	223
donë	223
hy	223
priste	223
ruse	223
kulla	223
përpiqen	223
ned	223
shfaq	223
energjisë	223
kal	222
drejtor	222
ëh	222
just	222
anijet	222
fëmijës	222
zgjodhi	222
zgjidhim	222
fluturon	222
plagë	222
ndihmoi	221
përshtypje	221
flisnim	221
restorant	221
shkuam	221
hesht	221
çosh	221
lire	221
prite	220
ktheni	220
nivel	220
preferoj	220
shtype	220
burrave	220
biletat	220
larta	220
djemve	220
marrëveshjen	220
rrofsh	220
shkatërron	220
ecin	219
gjuan	219
larte	219
mësojë	219
avash	219
numra	219
pikën	219
hundën	219
ështe	219
besnik	219
eni	219
shtrihu	219
fantazma	218
zyrtare	218
egziston	218
will	218
bi	218
amanda	218
makinen	218
përderisa	218
pistoletë	218
kaloje	218
jepet	218
luftoni	217
gatshme	217
totalisht	217
kerkoj	217
haje	217
beja	217
njejta	217
jake	217
hutuar	217
supozohet	217
xherri	217
kontrolloje	217
armiqtë	217
dorës	217
drejtësisë	217
sendi	216
shihte	216
gjarpër	216
dime	216
dosjen	216
hënë	216
frymën	216
moti	216
pyesni	216
kushtet	216
big	216
like	216
ngutu	216
apartamentin	216
letrën	216
rik	216
megjithëse	216
diskutojmë	216
përshtatshme	216
dëgjoja	216
djallit	216
ali	216
lulet	216
titrat	215
urgjente	215
fusha	215
holla	215
bleva	215
bazën	215
helikopter	215
heroi	215
lezetshme	215
bash	215
prisje	215
mirëpritur	215
kajl	215
nxirrni	214
tjetrit	214
robot	214
shumti	214
mësoi	214
personal	214
robi	214
humbjen	214
gaz	214
dhimbja	214
zgjova	214
steve	214
ngarkuar	214
kuptuam	214
emocionuar	214
sjelle	214
paguajmë	214
markus	214
pista	214
shpëtova	213
armik	213
perktheu	213
pozicionin	213
frenki	213
pajisjet	213
kg	213
patëm	213
argëtim	213
kthim	212
zonjën	212
danny	212
shqetësohem	212
stërvitur	212
klasën	212
niveli	212
mahnitëse	212
mbrosh	212
zbulojmë	212
deshi	212
hana	212
garantoj	211
greg	211
got	211
imë	211
telefonata	211
jashtëzakonshme	211
premtova	211
ton	211
tregtare	211
diego	211
harrojmë	211
shtypur	211
menjehere	211
shtunën	211
njërën	211
gjelbër	211
luftëtarët	210
zyre	210
lufto	210
shkatërrojë	210
shtetet	210
pajtohem	210
megan	210
tërhiquni	210
alarm	210
ndryshosh	210
hyre	210
djathë	210
syri	210
morre	210
romantike	210
lene	210
ushqimit	210
megi	210
funksionoi	210
rusët	210
flisje	210
çikago	210
lindi	210
jemë	209
çati	209
burre	209
linja	209
fuqitë	209
magjik	209
verës	209
shtëpitë	209
luajë	209
operacioni	209
logan	209
plumbat	209
pagesë	209
kah	209
gjendjen	209
gjetët	208
kineze	208
shkruash	208
dhomat	208
roxher	208
vure	208
inspektor	208
përvojë	208
qarte	208
hiqni	208
tregonte	208
vdisja	208
syzet	207
gjejeni	207
parët	207
posht	207
qafën	207
drejtësi	207
mbarove	207
gjata	207
shtepia	207
pazar	207
moj	207
jashtme	207
mbahuni	206
telefonosh	206
revolen	206
studio	206
humbasësh	206
rradha	206
gjykatës	206
donit	206
kapele	206
qëlloje	206
ardhme	206
tijë	206
humor	206
terrorist	206
telefonon	206
trim	206
ryan	206
ishullin	206
for	206
nevojiten	206
qira	206
popullin	206
qetësohesh	205
djeg	205
shihe	205
buzëqesh	205
afro	205
kuçkë	205
marri	205
lëvizësh	205
gjithën	205
punoja	205
gjithi	205
lagur	205
rozë	205
dokumentet	205
art	204
lejojmë	204
pushosh	204
grumbull	204
lokale	204
bëji	204
mirët	204
ofruar	204
rënda	204
kontratë	204
yje	204
shkakun	204
kapësh	204
terren	204
mbyllësh	204
tipa	204
ndërmjet	204
princ	203
përgjatë	203
hyjnë	203
ndaloi	203
planetin	203
banda	203
punësuar	203
baby	203
dyti	203
zogu	203
meshkujt	203
thuaja	203
ed	203
kthehej	203
dhëmbë	203
aleksandër	203
peshku	203
pyesësh	203
besonte	202
kufirin	202
bushtra	202
malit	202
klient	202
ndihmës	202
linjën	202
ekspert	202
spiun	202
vrasjet	202
deren	202
befasuar	202
armikun	202
siq	202
kerkuar	202
vëmë	202
sido	202
apartamenti	201
përgjigj	201
francë	201
javësh	201
matt	201
lira	201
senator	201
tigër	201
kryetar	201
mundja	201
varja	201
marrëdhënie	201
dëshiroja	201
kaluan	201
droguar	201
ndodhen	201
qan	201
paqes	201
pol	201
dëshmitar	200
përgjigja	200
dështak	200
jugore	200
mirat	200
njëjtat	200
ruaje	200
beth	200
radhën	200
poter	200
herri	200
turne	200
shpresuar	199
qëkur	199
sugjeroj	199
dyqanin	199
lordi	199
bythë	199
lista	199
thoshe	199
rezervë	199
tjeret	199
martesës	199
aksion	199
dolën	199
kalimin	199
prapanica	198
besoje	198
rregullohet	198
pamjen	198
besojë	198
gezuar	198
kampioni	198
befasi	198
treg	198
frikshëm	198
dërgosh	198
smund	198
mallin	198
gjëndje	198
rendi	198
duhura	198
informuar	198
nen	198
kunder	197
sistemit	197
lërmë	197
qese	197
shumicën	197
kafaz	197
rreziku	197
trapi	197
provon	197
mirënjohës	197
ngrite	197
përforcime	197
kënga	197
këshilla	197
ket	197
gjerman	197
flitet	197
dëmtuar	197
ëndërruar	197
kështuqë	197
çokollatë	196
guri	196
lashtë	196
debil	196
plator	196
tedi	196
rregulli	196
bëheni	196
lëvize	196
shihet	196
peshë	196
kuptimin	196
shansi	196
verën	196
sëbashku	196
raportin	196
da	195
hidhni	195
rripin	195
mundohemi	195
karta	195
kuin	195
soni	195
interes	195
kishës	195
andaj	195
fytyrat	195
dragoit	195
qarë	195
kejt	195
shefit	195
madhë	195
udhëheq	195
federale	195
masë	195
leo	194
zemrat	194
meksikë	194
gjoksin	194
dëshironte	194
koken	194
fituesi	194
fusim	194
durim	194
alfa	194
posa	194
sulmojnë	194
tënden	194
vlefshme	194
oskar	194
telefononi	194
mer	194
matanë	194
rregullosh	193
sigurimin	193
përtokë	193
fluturoj	193
frodo	193
ushqyer	193
ndahemi	193
llogarinë	193
përshtatet	193
hotelit	193
meritoj	193
pyesin	193
buzët	193
dobishme	193
dilja	193
kapën	193
futen	193
fatit	193
shkrimtar	193
vellai	193
kejti	193
finale	193
profesionist	193
qendrën	192
tualet	192
grave	192
kënaqësia	192
dukshme	192
litar	192
dërgojë	192
perandori	192
lojtar	192
teknikisht	192
lajmëro	192
flasesh	192
dyshuari	192
teori	192
bekoftë	192
klubi	192
trutë	192
linte	192
arin	192
lu	192
ohh	192
bankën	191
kërkoje	191
ray	191
hotelin	191
jashtëzakonisht	191
shokut	191
heret	191
plumbi	191
mbushu	191
jorkut	191
kong	191
rrija	191
gjueti	191
lidhe	191
ishtë	191
dhene	191
kufi	191
arti	191
jezusi	191
shtepine	191
pakten	191
fitues	191
definitivisht	190
kafshëve	190
cent	190
krijesa	190
armikut	190
kartën	190
sekretet	190
krishtlindjeve	190
veriore	190
kujtoja	190
premton	190
dashurie	190
franceze	190
mbresëlënëse	190
gazeta	190
xhaxhi	189
avionin	189
out	189
filmat	189
hedhin	189
ngas	189
ndeshja	189
gruaje	189
bord	189
kryej	189
dërguan	189
energjinë	189
ndërruar	189
ndjesh	189
lëkurën	189
fitojnë	189
gënjeve	189
madhëri	189
shampanjë	188
louis	188
nj	188
mbahet	188
përmend	188
ahh	188
bërthamore	188
kostumin	188
paguajë	188
shpejtësinë	188
qëllova	188
rrjedh	188
kujtime	188
talent	188
doren	188
bente	188
vriteni	188
vëre	188
udhëtuar	188
adresa	188
kapëm	188
kontrollova	187
telefonova	187
thjeshte	187
angli	187
mbrëmjen	187
shoqet	187
muret	187
riki	187
mungojnë	187
vrisje	187
dërgoje	187
vazhduar	187
thyen	187
redaktoi	187
shkretëtirë	187
degjon	187
lusi	187
kamioni	187
pashëm	187
kompjuteri	187
radhës	187
shpirtit	186
kat	186
vijne	186
titra	186
mundësitë	186
mësojnë	186
idiotë	186
mësuesi	186
sjelli	186
indian	186
kalofsh	186
luftëtarë	186
biem	186
pushtet	186
mëkatet	186
santa	186
heshtur	186
temë	185
rendesishme	185
motrat	185
rendesi	185
ofron	185
zhduken	185
kërcimi	185
qofsh	185
politike	185
male	185
njejten	185
klasës	184
but	184
moshë	184
kërkesë	184
zbresim	184
motor	184
walter	184
kater	184
arsyen	184
kancer	184
sean	184
nena	184
keqardhje	184
are	184
ho	184
ngjitu	184
personin	184
shërbimet	183
dëshirojnë	183
rregullë	183
kutia	183
shpërthim	183
xhep	183
kurva	183
detektivi	183
rreze	183
shkelur	183
vaj	183
lanë	183
stefan	183
kthyen	183
bënit	183
mutin	183
shtëpie	183
dëshirën	183
shihje	182
shpirtrat	182
celularin	182
tobi	182
famshme	182
pyetjes	182
jackson	182
policie	182
operacionin	182
mar	182
keti	182
folëm	182
druri	182
zhgënjyer	182
erika	182
shon	182
urtë	182
cuditshme	182
njerëzish	182
skena	182
komandën	182
prostitutë	182
seksuale	182
lind	181
mirëpo	181
sillu	181
rashë	181
veprimet	181
seth	181
kuptoje	181
normalisht	181
çoni	181
plehra	181
shërbej	181
grabitje	181
agjentët	181
jim	181
viktimat	181
sakte	181
vritet	181
dinit	181
zbulova	181
ndize	181
neper	181
efekt	181
moe	181
bind	181
klasa	181
mbrojmë	180
tod	180
xheloz	180
xheri	180
blen	180
ron	180
idioti	180
përfundosh	180
larë	180
pranojmë	180
shoqëria	180
bum	180
student	180
qejfin	180
qëlluan	180
tërheqëse	180
burim	180
nëqoftëse	180
bebe	180
hetim	180
guximshëm	180
diskutuar	180
nisem	180
sindi	180
pamja	179
gjerë	179
harron	179
autobusi	179
mat	179
sjellshme	179
mali	179
mjerë	179
shiu	179
detajet	179
mërzitshëm	179
sigurta	179
lavire	179
mësoni	179
nxitim	179
klienti	179
kompjuterin	179
përshtatshëm	178
shënim	178
pete	178
harri	178
tere	178
përkthimi	178
dijmë	178
laura	178
dashuron	178
xhaketën	178
thërrisni	178
dmth	178
shesim	178
ndërtesën	178
dyta	178
mbyllni	178
testin	178
hoqa	178
sigurie	178
quani	177
krimi	177
tommy	177
lot	177
qysh	177
vër	177
xhulia	177
luis	177
mei	177
muaji	177
bëhesha	177
vrasësin	177
denis	177
ndaluni	177
kthehesha	177
zhveshur	177
rrit	177
sekretin	177
dhomen	177
premtove	176
varr	176
vetveten	176
tortë	176
hidhu	176
rajan	176
mënjanë	176
qdo	176
vetëvrasje	176
mendime	176
frikësohem	176
puthur	176
yo	176
digjet	176
dok	176
fshihesh	176
endi	176
martën	176
lejosh	175
njëlloj	175
skuadrës	175
kërcesh	175
gjoks	175
gej	175
kujto	175
habitur	175
infermiere	175
pritë	175
biesh	175
uje	175
fluturimin	175
mirësevini	175
valixhen	175
porosi	175
largoni	175
shpëton	175
lidhjet	175
shit	175
lëkurë	175
ferri	175
merituar	175
noa	175
federal	175
vrisnin	175
francez	175
pike	175
lëvizjet	174
merakos	174
ligjet	174
stil	174
asnjehere	174
biletë	174
jimmy	174
varka	174
paralajmëroj	174
dashurit	174
sid	174
hm	174
harvey	174
kthejë	174
las	174
futuni	174
pranoni	174
degjova	174
fëmije	174
rastësi	174
kuptimi	174
makinave	174
gjuani	174
lumturi	174
sezoni	174
takohem	174
city	173
humbësh	173
valë	173
nxjerrin	173
hajvan	173
tregoji	173
blejë	173
met	173
tjere	173
përtë	173
hapat	173
demon	173
sasi	173
sht	173
heh	173
shënjestër	173
luk	173
fizike	173
zgjohesh	173
geri	173
anna	173
well	173
përfundojmë	173
vezët	173
fjalim	173
mm	173
njohësh	172
rrëzuar	172
etur	172
xhemre	172
shtetin	172
rezultat	172
vozit	172
përzier	172
çfardo	172
tregohesh	172
urdhëra	172
tall	172
shkakton	172
laborator	172
amerikën	172
shkëmbim	172
kalonte	172
brengosem	172
florida	172
fusësh	172
mjekësore	172
rregulloje	171
togeri	171
radion	171
supë	171
rrota	171
ligj	171
zyrtar	171
model	171
heshtje	171
mëso	171
fluturuar	171
maskë	171
fejuar	171
ndërlikuar	171
sado	171
allen	171
vampir	171
mëngjesi	171
ndërtesës	171
njihemi	171
siguria	171
kuaj	170
gjuha	170
tunel	170
mbylleni	170
lutur	170
pijmë	170
butonin	170
edgar	170
shoqërinë	170
adresë	170
këqinj	170
qafë	170
kujtim	170
foton	170
flej	170
filluam	170
ema	170
medalje	170
besomë	170
projekt	170
stiven	170
shtypi	169
gabimet	169
armen	169
futboll	169
ndjeni	169
zgjohet	169
bjeri	169
trapin	169
fu	169
shikomë	169
zogjtë	169
detaje	169
far	169
femrave	169
bardha	169
rruges	169
roja	168
kryesisht	168
këmbim	168
çmëndur	168
kamionin	168
mbrojtja	168
njerëzimit	168
fjalen	168
qeli	168
pasqyrë	168
ar	168
lindore	168
pija	168
trembur	168
dere	168
guximin	168
vëndin	167
portat	167
këndoj	167
ngjashme	167
heqë	167
kodet	167
urrejnë	167
fiksuar	167
dhuratën	167
shkatërrohet	167
lexova	167
hapuni	167
ndjehet	167
maja	167
amen	167
gjermane	167
king	167
dëgjomë	167
zgjohem	167
vështirësi	167
qime	167
zgjat	167
mesazhi	167
akulli	167
vendndodhjen	167
shumta	167
imagjinoni	167
ndryshojmë	166
tëndin	166
mjet	166
dasmës	166
gjuaje	166
panë	166
murin	166
vogëlushja	166
numëroj	166
poli	166
vrazhdë	166
shtënë	166
fotografinë	166
thesari	166
planifikon	166
shqeteso	166
duro	166
njohë	166
ndenjur	166
pozitë	166
ylli	166
fred	166
mundë	166
ba	166
ndryshimin	166
gjermanët	165
dorëzohem	165
helm	165
udhëtimit	165
fustanin	165
garën	165
projekti	165
periudhë	165
oborr	165
hollë	165
fillove	165
xhordan	165
përveq	165
stark	165
dhunë	165
ndjeshëm	165
hapu	165
autoritetet	165
alkool	165
shpikur	165
mbretëria	165
njësia	165
biskota	165
çoi	165
praktikisht	165
vrasjes	164
aha	164
afruar	164
shoqen	164
baltë	164
masa	164
mbroni	164
shkopin	164
ndjekë	164
euro	164
qëllimin	164
njihje	164
fire	164
ktheu	164
fil	164
uria	164
bruce	164
eddie	164
boten	164
evan	164
pule	164
ikte	164
gjente	164
yne	164
sinjali	164
pyetjet	164
thirra	164
berlin	164
qëllojnë	164
rrezikoj	164
sulmin	164
hodhe	164
rreshteri	164
prinderit	163
universitet	163
xhorxhi	163
kujtuar	163
anëtar	163
shpine	163
mbaroje	163
vogëlushi	163
çojnë	163
dyfishtë	163
rusi	163
fisnik	163
intervistë	163
shkelje	163
dënim	163
hënës	163
gjet	163
veq	163
mbyt	163
sh	163
lëvizi	163
kaloja	162
ekstra	162
këmbëve	162
mbrapsh	162
pakë	162
gojen	162
mbarosh	162
sajë	162
perdor	162
ndërroj	162
gjërash	162
juaji	162
premtim	162
civile	162
pronë	162
too	162
meritojnë	162
nipi	162
sulmuan	162
dritaren	162
shkel	162
zgjedhjen	162
legjendë	162
thika	162
raporti	162
parash	161
qëllon	161
mprehtë	161
pica	161
çarls	161
braktis	161
keqen	161
brengosur	161
hipi	161
guxo	161
ujk	161
menjëher	161
hidh	161
nervoze	161
pushtuar	161
shërbimit	161
vepruar	161
liza	161
planeti	161
burimi	161
çmend	161
sdo	161
murit	161
telefonike	161
muajt	161
rërë	161
kuptohet	161
arenë	161
vrasëse	160
gazetat	160
preke	160
pakëz	160
aeroplani	160
ngrihuni	160
pushimet	160
thith	160
boston	160
zhvilluar	160
bankës	160
vonohem	160
përveçse	160
hall	160
kartë	160
krijesë	160
këngën	160
fshehurazi	160
tije	160
natyrës	160
oferta	160
afrohemi	160
zonjat	160
largët	160
cilës	160
right	160
kërcejmë	160
kombëtar	160
litarin	160
derri	160
mbështetje	160
romë	160
dragua	160
videon	160
relaksohu	160
dhëmb	160
shoferi	160
dasmën	160
ngrirë	160
moderne	160
lojra	160
qeverinë	160
ndryshime	160
përcjell	159
bezdis	159
valixhe	159
karter	159
dosjet	159
hartën	159
tym	159
përqind	159
siklet	159
ndërtojmë	159
mirëserdhe	159
plehrë	159
krijoj	159
fytin	159
qenie	159
marti	159
ruani	159
martohemi	159
erës	159
lash	159
prangat	159
doug	159
tesa	159
ilaçet	159
ambulancë	159
lavdi	159
kuptoi	158
fusin	158
shpjegon	158
homo	158
pushoj	158
zgjedhësh	158
fyt	158
djallin	158
lucy	158
tane	158
lerë	158
qënka	158
kristina	158
bombën	158
ngrit	158
mendjes	158
heqin	158
vepër	158
trevor	158
ndalojeni	158
claire	158
armiq	158
japonezët	158
energjia	158
hill	158
fillestar	158
shrek	157
shmangur	157
pemët	157
mesuar	157
vizitorët	157
pushkë	157
akuzuar	157
këmbës	157
jetes	157
ëmbëlsirë	157
korridor	157
vuajtur	157
mundua	157
ëmbëlsira	157
lëndon	157
tija	157
varrin	157
lejojë	157
hedhë	157
rreme	157
mundesha	157
bijë	157
fitoni	157
xhef	157
bin	157
rrëzua	157
bandë	157
tremb	157
njihte	157
ndiheni	157
humbja	157
distancë	157
imagjino	157
gjitheve	156
brekë	156
thirrjen	156
shtuar	156
fytyrës	156
nisuni	156
mbështetur	156
kërcyer	156
fituam	156
justifikim	156
krem	156
ofertën	156
njoftoj	156
flm	156
birit	156
strehim	156
ndërpres	156
eksperiencë	156
qëllove	156
veçanta	156
moshuar	155
kaliforni	155
prekni	155
helmuar	155
largova	155
ketij	155
thamë	155
shpellë	155
pishinë	155
dorëzuar	155
miller	155
ere	155
përgjithshëm	155
përkrah	155
virgjër	155
shtratin	155
malet	155
turma	155
tregimi	155
mirëserdhët	155
policin	155
puthja	155
kokainë	154
liz	154
tipit	154
nisim	154
zbavitëse	154
afrohen	154
vrapon	154
have	154
respektoj	154
vraposh	154
sulmoi	154
xhejson	154
hëngri	154
revole	154
lsha	154
jesus	154
tentuar	154
dijnë	154
bëjeni	154
teper	154
mbeti	154
with	154
albert	154
shkatërroi	154
origjinale	154
çpo	154
neveritshme	153
shkatërrosh	153
dritaret	153
rrah	153
xhesi	153
tako	153
riçi	153
dasma	153
mendohem	153
lexoje	153
konfirmuar	153
shkretë	153
vendosin	153
ligjore	153
natyrën	153
udhëheqës	153
darke	153
trenit	153
doktorin	153
vjec	153
cep	153
shkonin	153
ian	153
gazetë	153
planetit	152
binte	152
zakon	152
qasje	152
kukull	152
vafsh	152
stifler	152
vazhdim	152
shkojne	152
pyesim	152
roy	152
shprehje	152
ndërprite	152
ngrihesh	152
kinë	152
pijen	152
burimet	152
filmit	152
let	152
vlera	152
know	152
mbeten	152
ushtari	152
vriten	152
xheku	152
pallë	152
frikëson	152
zotëria	152
titroi	152
urdhëroj	152
emocionuese	152
dhënave	152
detyrohem	152
cold	152
burgut	152
pasojat	152
theu	152
gjenden	151
njerëzor	151
magjinë	151
goditja	151
gri	151
gazi	151
morët	151
gjdo	151
burgun	151
barabartë	151
kasetë	151
përgjigjur	151
karrocë	151
mundje	151
përfundim	151
imagjinuar	151
mirëseerdhët	151
blejmë	151
mbretërore	150
elli	150
charles	150
ajrit	150
lajmëruar	150
psikopat	150
dyshimtë	150
hoqi	150
bishë	150
dispozicion	150
profesionale	150
rregullave	150
vere	150
krijon	150
spitalin	150
jugu	150
irak	150
kile	150
gabuara	150
pëiqen	150
hundët	150
bleu	150
biçikletë	150
kriminelët	150
rezervuar	150
fryme	150
raian	149
tanimë	149
vrap	149
prisnim	149
mbyllura	149
lumin	149
vodhe	149
çasti	149
thikat	149
degjoj	149
ishullit	149
raul	149
ytë	149
kalorës	149
lejojnë	149
vdekjeprurëse	149
papa	149
mishin	149
vendosë	149
minut	149
orëve	149
legjenda	149
titrimi	149
parku	149
mbërritur	149
makineri	149
mbretërinë	149
thjeshta	149
meshkuj	149
mungesë	149
kohes	149
urie	148
kujtohen	148
firmos	148
harta	148
urë	148
dëshmitarë	148
vjedhin	148
stivi	148
shërben	148
su	148
rrugëve	148
kaos	148
bingo	148
qendrore	148
mundohen	148
menyra	148
lodha	148
plakush	148
fëmijësh	148
muzikës	148
mallkuara	148
klasike	148
mjaftojnë	148
izi	148
aromë	148
billy	148
skoti	148
ligë	148
mbaju	148
delikate	148
shpenzuar	148
paraqitur	148
miqve	148
dukur	148
hyra	148
drogën	148
rregullt	148
largove	147
paniku	147
shokëve	147
ushqime	147
përshendetje	147
lidhura	147
pema	147
artit	147
mureve	147
vejë	147
sallën	147
kujdesin	147
kapitenin	147
dorëzoj	147
martë	147
hile	147
dvd	147
prerje	147
beki	147
lloje	147
kërkesa	147
ankth	147
paraja	146
ashensor	146
shpejto	146
pozitive	146
pilot	146
ane	146
prekësh	146
fluturojnë	146
gabimisht	146
paster	146
kampi	146
zyren	146
frigorifer	146
ndien	146
sillem	146
levizni	146
vepron	146
sigurohuni	146
prishe	146
librit	146
shtëpin	146
rene	146
fshatit	146
ilaçe	146
paralajmërim	146
droga	146
menyrë	146
hallin	146
uniformë	145
thirrja	145
fiona	145
jetoja	145
viktimë	145
zogj	145
gjuash	145
parti	145
shpërthejë	145
premtimin	145
morgan	145
prishet	145
kushte	145
plagët	145
kërkohet	145
kujtohem	145
mesnatë	145
objekt	145
lojrat	145
flokëve	145
gishtave	145
mbajti	145
lojëra	145
vuan	145
ekipit	145
kushtojë	145
kushëriri	145
krevatin	145
largohej	145
shpjegim	145
kërcen	145
hundë	144
merimangë	144
pat	144
varri	144
kthimin	144
kontratën	144
ndjehen	144
sigurim	144
koloneli	144
pengjet	144
biseda	144
errësira	144
vjetë	144
zgjodha	144
pësuar	144
barin	144
mars	144
përgjërohem	144
moshës	144
xhej	144
brian	144
hyrjen	144
zgjidhni	144
ndëgjo	144
kontrollojnë	144
shyqyr	144
kapni	144
vrase	144
ilaç	144
gazetar	144
maskën	144
ekskluzivisht	144
atit	144
shpëto	144
akuza	144
merrnin	143
pranoi	143
trajtuar	143
xhons	143
denjë	143
ndalim	143
besueshëm	143
ndihesha	143
korruptuar	143
përkthyes	143
nina	143
ndalojnë	143
pronar	143
lëvizjen	143
gjat	143
tregimin	143
festuar	143
shenjën	143
vetmit	143
lindjen	143
pijet	143
klubin	143
mbështetjen	143
mësimi	143
luftojë	143
mall	143
sjelljen	143
perëndimore	143
stili	143
xhoana	142
dhimbshme	142
nukleare	142
kozmike	142
bos	142
pavlerë	142
kurrfarë	142
zgjedhjet	142
zbuloi	142
syze	142
muhabet	142
riu	142
kombi	142
tąi	142
hundës	142
emer	142
xhin	142
seç	142
ndjekësh	142
personat	142
kembe	142
miss	142
bushtrës	142
shesësh	142
roni	142
topat	142
dëgjoi	142
kishën	142
mirmëngjes	141
pyetjen	141
turpshme	141
shtyrë	141
fala	141
xhuli	141
sport	141
telefonat	141
ofenduar	141
ecë	141
djemë	141
kopshtin	141
maje	141
kontrata	141
zene	141
malkolm	141
përgjegjësinë	141
kapë	141
shtrigë	141
këshilli	141
dyshime	141
thes	141
dëshirojmë	141
shekuj	141
vizitoj	141
urdhëruar	141
hiqu	141
kundërta	141
frikëso	141
shpinë	141
provova	141
mbaruan	141
detyron	141
lk	141
merrë	141
helikopteri	141
bashkohet	141
juri	141
rrinte	141
luftëtari	141
lumë	141
karlos	141
takojmë	141
mbathja	141
magjia	141
forcave	141
kyçur	141
teksas	141
katastrofë	140
mbetesh	140
norbit	140
preferuara	140
godita	140
ndyrësira	140
përbindëshi	140
shkëlqyeshme	140
qenkan	140
miranda	140
kujtua	140
pese	140
veshësh	140
lamë	140
nderit	140
paraqitet	140
tmerruar	140
omar	140
financiare	140
godasësh	140
anxhelos	140
filxhan	140
fale	140
këndon	140
vinim	140
emocionet	140
yni	140
prifti	140
mundshëm	140
maya	140
katerina	140
qoshe	140
quanin	140
fije	139
gjithave	139
nene	139
pastroje	139
breg	139
njehere	139
rrjet	139
nxehur	139
futën	139
njësitë	139
mbarojnë	139
thirrni	139
rroftë	139
departamentin	139
thane	139
stilin	139
karburant	139
pos	139
ulje	139
topet	139
lojërat	139
zbritur	139
kufiri	139
degjoni	139
bankare	139
fik	139
mesin	138
fluturues	138
faqja	138
luftarake	138
braktisi	138
kështjellë	138
zini	138
temperatura	138
gjyshin	138
përseri	138
drejtpërdrejtë	138
agjentë	138
vizituar	138
persi	138
tajler	138
richard	138
mjaltë	138
brengosesh	138
shanse	137
veshi	137
universehub	137
shëndetin	137
gotta	137
panik	137
sir	137
skllav	137
sqaroj	137
laj	137
ulen	137
krime	137
sektori	137
historitë	137
futbolli	137
gjykatë	137
lexoni	137
bashkohen	137
dëgjohet	137
takohet	137
kufirit	137
ferma	137
veriu	137
tony	137
eva	137
marrveshje	137
norman	137
buzë	137
bani	137
parashikuar	136
shpenzimet	136
betuar	136
varkën	136
degjove	136
luaje	136
katie	136
teze	136
dollare	136
ngjarjet	136
djemte	136
dhëmbëve	136
diellin	136
projektin	136
furgon	136
majta	136
gjykuar	136
fluturimit	136
robo	136
dashuroj	136
mister	136
bardhe	136
oqean	136
xhepin	136
imagjinosh	136
takove	136
krizë	136
quajti	136
bythen	136
hapë	136
artist	136
njejtin	135
data	135
lehta	135
gjyshes	135
virusi	135
rremë	135
verteten	135
gjorë	135
shpie	135
besova	135
ndeshesh	135
mendohu	135
lopë	135
guvernatori	135
master	135
tai	135
ndodhem	135
japoneze	135
tregu	135
dikend	135
sollën	135
kujtoni	135
jetoje	135
vjedhësh	135
porositur	135
ministri	135
futeni	135
pjesen	135
majki	135
dëgjuam	135
familjar	135
merru	135
tërheqje	135
lajmin	135
shëruar	135
oqeanit	135
keli	135
gjëkundi	135
vëllanë	134
shoket	134
mere	134
akuzat	134
udhëzimet	134
qendroni	134
gjyshen	134
thyesh	134
elektronike	134
jones	134
george	134
agjente	134
shkruajtur	134
gropë	134
jeshë	134
ngjitet	134
gjigand	134
tonito	134
kënaqësinë	134
wayne	134
shpërtheu	134
spartaku	134
ritmin	134
mëkat	134
delta	134
shkërdhata	134
kasetën	133
rend	133
sektorin	133
vogëi	133
tepërt	133
përpiqesha	133
informata	133
asgjëkundi	133
përjashtim	133
tregun	133
grupe	133
mbrojnë	133
kurrizin	133
jerry	133
ikje	133
interesojnë	133
kthyem	133
shqetësoj	133
ngjitem	133
india	133
kokëfortë	133
mak	133
her	133
autobusin	133
ndihmove	133
petulla	133
gjykata	133
vinë	133
lëvizja	133
shpëtimi	133
sipërfaqe	133
ikja	133
hekurt	133
pozicioni	133
kujdesen	133
pranojë	133
stuhia	133
maska	133
deklaratë	133
vjenë	133
pritet	133
broçkulla	133
arrest	133
meksikan	133
pastrojmë	133
uilliam	132
radhe	132
japesh	132
shpëtoni	132
flit	132
total	132
ujku	132
jacob	132
pederast	132
really	132
grabitur	132
pesëdhjetë	132
lagjen	132
kurë	132
blloqe	132
pjatë	132
natyrale	132
kafshe	132
fqinjët	132
lirisë	132
mbulo	132
rrezikun	132
çë	132
gatuaj	132
mure	132
netë	132
shpërthimi	132
martua	131
zbulosh	131
sallatë	131
kohëve	131
ruan	131
mbretëreshë	131
objektiv	131
veprojmë	131
gandalf	131
sillen	131
tregohem	131
lije	131
gjykatësi	131
shekullit	131
informacionet	131
hello	131
vëllaun	131
homoseksual	131
vrapoj	131
avokatin	131
pistoleta	131
dhunshëm	131
perëndisë	131
kthejnë	131
hipur	131
lexo	131
mbajta	131
përballoj	131
bashkohesh	131
zyrat	131
shfaqen	131
kontrollojë	131
krisi	131
mbledhim	131
izoluar	131
suksesshëm	131
çak	131
agim	131
banesën	131
tërhiqni	131
pafund	131
anglez	131
shqip	131
bla	131
kampin	131
simone	130
zgjodhe	130
kuper	130
ramë	130
shkatërrojnë	130
em	130
djemt	130
kurajo	130
done	130
harold	130
pranojnë	130
kopsht	130
barkë	130
daja	130
mundim	130
llogaritë	130
behesh	130
faturat	130
simbol	130
egra	130
mbath	130
lukas	130
guvernator	130
vampirët	130
ken	130
nxirreni	130
medha	130
tel	130
mësuesit	130
pozicionet	130
transferuar	130
motorin	130
zonjushe	130
sjellja	130
dollarësh	130
clara	130
arrini	130
monedha	130
krimin	130
gjuajnë	130
drekën	130
xhungël	130
sociale	130
ngrini	130
magjistari	130
haj	130
bisha	130
skam	129
shpëtoje	129
dënimin	129
identitetin	129
bërtitur	129
vene	129
bosi	129
tallur	129
kundërt	129
quhen	129
nget	129
boo	129
rezultati	129
dyte	129
padukshëm	129
karrierën	129
rrezikuar	129
fakte	129
dave	129
refuzon	129
çmendura	129
vendosëm	129
njërit	129
ndërkombëtare	129
helen	129
bastardi	129
ftoj	129
gënje	129
mbroje	129
mëndja	129
punoje	129
forma	129
dejmon	129
urdhërin	129
fjalës	129
fatkeqësi	129
kreu	129
çuna	128
timë	128
nisi	128
siper	128
errëta	128
qytetar	128
akt	128
real	128
afrohu	128
nataniel	128
braun	128
bateri	128
fikur	128
urdhrat	128
fillojme	128
dobi	128
mbrojtëse	128
qera	128
thesarin	128
trajner	128
kanal	128
bluzë	128
kopshti	128
lëkura	128
episodi	128
xhepat	128
propozim	128
tragjedi	128
dalja	128
berri	128
qelizat	128
dokumentat	128
lëshon	128
cm	128
tërheqës	128
she	127
shqetësim	127
paqen	127
heren	127
përkasin	127
këshilltar	127
zhytur	127
pula	127
morrën	127
batman	127
pasion	127
largojmë	127
goje	127
margaret	127
çek	127
paligjshme	127
anderson	127
besimit	127
dom	127
ngriti	127
kreditit	127
qind	127
enjten	127
mbuloj	127
golf	127
sulmojmë	127
armësh	127
laboratori	127
thashetheme	127
frenat	127
tatuazh	127
levizje	126
anës	126
shesin	126
diana	126
identifikuar	126
përqafim	126
marion	126
anen	126
shkaktojë	126
shikimin	126
viktoria	126
miliardë	126
modele	126
shpërndarë	126
shkatërrojmë	126
këmishën	126
pyetjeve	126
foshnja	126
martini	126
seksit	126
xhaketë	126
bërtet	126
kundërtën	126
mikut	126
vendime	126
mesazhet	126
saja	126
jeto	126
lori	126
budallai	126
realiteti	126
bukën	126
kockat	126
borë	126
publiku	126
shërohet	126
kombit	125
mendonin	125
hynë	125
përshëndete	125
viki	125
shijshëm	125
shkëmb	125
japoni	125
muajit	125
ndalni	125
takime	125
ndeshem	125
tërbuar	125
ndjekje	125
mari	125
paq	125
gjermani	125
gota	125
hakmarrja	125
gjeneralin	125
maturës	125
ndershme	125
mësove	125
pijë	125
ndiqte	125
antike	125
tridhjetë	125
ekonomike	125
kushtuar	125
gënjeva	125
zëmë	125
studentët	125
afërsisht	125
veshë	125
pabesueshëm	125
bisedën	125
pop	125
informacionin	125
frikësohesh	124
informacioni	124
jeff	124
borxhin	124
luaja	124
dënimi	124
pakta	124
pavarur	124
dëshiruar	124
keit	124
prona	124
zhurma	124
sillte	124
vërtetës	124
portofolin	124
parkuar	124
zgjedhim	124
pavdekshëm	124
vdesesh	124
përmban	124
topa	124
virus	124
shporru	124
ëmbla	124
udhëheqësi	124
askë	124
etje	124
shfaqjes	124
flija	123
rrugëdalje	123
qelbësira	123
pyllit	123
zonës	123
duhem	123
vishe	123
kuptoja	123
puthe	123
shpëtimit	123
dylan	123
dysh	123
piloti	123
shpatat	123
absurde	123
mbys	123
ndajë	123
lig	123
prekë	123
tank	123
mij	123
kirk	123
cilet	123
ktu	123
rradhën	123
perëndimit	123
presioni	123
dalesh	123
kufoma	123
karen	123
mo	123
këmbëzën	123
kumar	123
fitoren	123
dyer	122
prodhuar	122
peshqit	122
dritares	122
divan	122
shtrihem	122
majmuni	122
thesar	122
ikesh	122
shkroi	122
ndjeshme	122
street	122
pallton	122
talentuar	122
kaleb	122
tronditur	122
kënaqu	122
humbasë	122
korrik	122
klark	122
bletë	122
ëndrrën	122
shansë	122
faini	122
afrohesh	122
evans	122
drite	122
talleni	122
kujdesuni	122
shpjegosh	122
mizore	122
gjyshit	122
kara	122
krimet	122
garazh	122
kina	122
liroj	122
futbollit	122
fillimisht	122
lois	122
roma	121
scott	121
mjetet	121
celulari	121
hata	121
gjigande	121
dobishëm	121
fluturojë	121
ngasësh	121
ësht	121
konor	121
humbin	121
sysh	121
dhuratat	121
valixhet	121
faktet	121
star	121
peshën	121
ktheheshe	121
punëtorët	121
raportuar	121
njësi	121
mëparshme	121
mbrëmjes	121
shijoje	121
fabrika	121
hamburger	121
parkun	121
qiellin	121
hiqja	121
prape	121
kërkimin	121
biletën	121
shtriga	121
abby	121
liqen	121
roza	121
paçim	121
kyle	121
telefonove	120
lin	120
teknologji	120
trapa	120
depo	120
dymbëdhjetë	120
dollap	120
naftës	120
shëndet	120
komanda	120
thirrë	120
aron	120
ndoqa	120
plastike	120
nië	120
shansin	120
had	120
thonin	120
kërkime	120
xhami	120
zbrazët	120
pushkën	120
qetësues	120
fai	120
love	120
pallat	120
ngritje	120
pagoi	120
aktivizuar	120
gjigant	120
merrnim	120
kanalin	120
tipike	120
hipni	120
pacient	120
shoq	120
përgjegjësia	120
vëndi	120
raketa	120
secila	120
arsyet	120
pushon	120
rreh	120
idea	120
tetor	120
mbretëreshën	120
doktorët	120
drejtohet	120
grand	120
hak	120
madhështor	119
lutjet	119
vijën	119
pikturë	119
linkoln	119
dritës	119
botes	119
faqet	119
lutesh	119
kthesë	119
min	119
antonio	119
rregullojë	119
jashtëzakonshëm	119
udhëton	119
tregoju	119
karamele	119
gjejm	119
mbijetoj	119
anëtarët	119
penisin	119
ndeshjet	119
pylli	119
zemre	119
alfred	119
flori	119
qetësohem	119
shpresat	119
qëndrueshme	119
ford	119
pacienti	119
maggie	119
fitorja	119
mallkimi	119
përjashta	119
there	119
njoftuar	119
xhena	119
tonin	119
daljen	119
darkës	118
njohuri	118
ll	118
jepje	118
hatashme	118
ateher	118
vallëzim	118
deshën	118
rrahje	118
fluturosh	118
mashkulli	118
tmerrësisht	118
am	118
nënshkruar	118
moskë	118
vrapuar	118
univers	118
keqkuptim	118
premte	118
tët	118
blejnë	118
kopil	118
derguar	118
pafajshme	118
nevojën	118
sëmundja	118
mundësh	118
incident	118
zbulojë	118
telefonojë	118
ferrit	118
zbulon	117
hidhet	117
shtator	117
urën	117
trafik	117
zoterinj	117
malin	117
ruaju	117
lee	117
mek	117
zbulojnë	117
fshihemi	117
ndjeheni	117
kurdo	117
miu	117
alarmi	117
bëjm	117
gjakderdhje	117
udhëhequr	117
kuzhina	117
diçkaje	117
ivan	117
hoqe	117
zonjës	117
minutave	117
rrije	117
gjithve	117
maskuar	117
ndërtoj	117
sanduiç	117
vrasesh	117
fjalimin	117
paaftë	117
përgatituni	117
club	116
esht	116
zotëron	116
mbijetojë	116
karrocën	116
vodha	116
vdekurve	116
ndyra	116
mbretëreshës	116
mungesa	116
duheshin	116
mundo	116
net	116
ndonjëher	116
njerezve	116
qij	116
nervat	116
idene	116
pengesë	116
këmishë	116
qershor	116
praninë	116
interesonte	116
kurioz	116
susan	116
feste	116
kristi	116
princeshën	116
gazetën	116
majori	116
arsyeshme	116
besë	116
përjetuar	116
udhëtoj	116
humbni	116
ndikim	116
datën	116
coj	116
gishta	116
ndeshet	116
skenën	115
vonohemi	115
macet	115
krenari	115
favor	115
emocionale	115
mungosh	115
stomak	115
humbasin	115
trajton	115
ujdi	115
alarmin	115
dimër	115
keqi	115
ndalem	115
shigjetë	115
mjaltit	115
rrethin	115
majku	115
samir	115
oficerë	115
shkencës	115
helena	115
jini	115
salcë	115
quash	115
takoje	115
fabrikë	115
zëvendës	115
aktor	115
turpëruar	115
flejë	115
shanset	115
fshihu	115
fikët	115
betejës	115
lironi	115
përgatis	115
washington	115
evropë	115
nevojat	115
imagjinon	115
suzana	115
xhei	115
mbretëror	115
krijojmë	115
barka	114
portokalli	114
paguhet	114
bezdi	114
krenarë	114
hunda	114
bisedoni	114
universi	114
larguan	114
zotë	114
xheloze	114
mysafir	114
bark	114
linjat	114
skllevër	114
kalofshi	114
sulmit	114
mposhtur	114
rebeka	114
xhein	114
parandjenjë	114
shoqëroj	114
dilje	114
tërhiq	114
misterioze	114
palestër	114
zjarrtë	114
bye	114
angazhuar	114
universiteti	114
urinoj	114
vritesh	114
poo	114
pagesën	114
indi	114
tokat	114
kafshuar	114
ring	114
globale	114
makth	114
njëkohësisht	114
kostumi	114
parajsa	114
mom	114
fazën	114
gjyqi	114
profesori	114
qëndronte	114
zëra	114
kapelen	114
shtyje	114
artikull	113
shtyn	113
material	113
verteta	113
mitë	113
tokio	113
dragoi	113
den	113
fruta	113
thërrasë	113
motori	113
themë	113
bordin	113
angus	113
port	113
bërtit	113
hans	113
pushtetin	113
mbeturina	113
fatmirësisht	113
kelli	113
qendror	113
mbulon	113
ndalemi	113
mbyllin	113
japonez	113
gurët	113
arrestoj	113
kënduar	113
sulmon	113
gyneji	113
shtyj	113
teoria	113
hëngra	113
avantazh	113
zemren	113
vendas	113
zyrës	113
vetvetja	113
shishen	113
aj	112
dokument	112
njejti	112
punëtor	112
lutje	112
ethan	112
shkencore	112
gjithash	112
refuzoj	112
dorëzohesh	112
shite	112
mirëseerdhe	112
krijoi	112
ditëlindje	112
kaseta	112
kontakti	112
borgj	112
faturën	112
buddy	112
qeras	112
drejtosh	112
premtoi	112
spitalit	112
bekimin	112
fajtore	112
shijen	112
telefonatën	112
endrju	112
idetë	112
dog	112
dagu	112
vajti	112
shiqoni	112
ninxha	112
hapësirën	112
shpirtërore	112
trafiku	112
njatjeta	112
përballet	112
vjedhim	112
tradhtar	112
kasafortë	112
prag	112
uejn	112
përmendi	112
vjene	112
çifut	111
gjashte	111
vendimet	111
rinjtë	111
kujtohu	111
aeroplanin	111
faza	111
bukuria	111
betejën	111
gjon	111
tepruar	111
ndjeja	111
muskujt	111
askend	111
përqëndrohu	111
hyrjes	111
ktë	111
kështjella	111
porno	111
rej	111
lekët	111
palluar	111
programit	111
firmosur	111
demonët	111
firma	111
këqij	111
kërcënuar	111
nensi	111
tregohu	111
deshironi	111
drejtojë	111
funksionojnë	111
ëndërra	111
ndihen	111
mënyrat	111
kollaj	111
vetëdijshëm	111
lidhet	111
ndalesh	111
drekës	111
guximshme	111
shkatërrove	111
liqeni	111
dielën	111
shikimi	111
trajneri	111
yjeve	111
gps	111
rok	110
kenaqesi	110
universitetin	110
shpëtim	110
xhak	110
njerëzimin	110
zbuluan	110
arit	110
territorin	110
pushimi	110
rekord	110
tin	110
mirdita	110
shëndetshëm	110
fytyren	110
franca	110
idi	110
mun	110
krevati	110
dilnim	110
lutu	110
ligjshme	110
tradhëtar	110
shejn	110
interesin	110
puno	110
qëndroja	110
alvin	110
easy	110
liqenit	110
patetike	110
shqetesuar	110
rritesh	110
lideri	110
vonove	110
pastrosh	110
rrezikon	110
dyshuarit	110
afërm	109
tëri	109
burr	109
kimike	109
sulmoni	109
kredi	109
kërkimet	109
maj	109
cilëve	109
shpella	109
pasoja	109
nevrikosur	109
shitës	109
tanët	109
ftohte	109
mandat	109
jepe	109
fytyre	109
derdhur	109
skuqura	109
kasafortën	109
nesërmen	109
gjuetar	109
nxori	109
rraskapitur	109
luante	109
shpinës	109
taksat	109
treta	109
jeshil	109
lëndojë	109
they	109
dre	109
refuzuar	109
pastroni	109
errësirës	109
takohen	109
paqme	109
shpëtojnë	109
kollins	109
iris	109
largojeni	109
krishterë	109
fletë	109
largosh	109
seri	109
ndëgjuar	109
qëndroi	109
kujtesën	109
miles	108
municion	108
goditjen	108
tapë	108
teri	108
çkado	108
ndalova	108
ndërkombëtar	108
lodra	108
kërcimit	108
objektivin	108
bagazh	108
preu	108
gojës	108
dukeshe	108
parën	108
respektuar	108
marta	108
thithur	108
pështirë	108
fundmi	108
vërtetoj	108
vdekjeprurës	108
kota	108
stomaku	108
semure	108
ndonëse	108
kalorësit	108
propozoj	108
qytetet	108
kauboj	108
arritën	108
pushojë	108
zor	108
force	108
njerëzimi	108
ndizet	108
shoqërisë	108
sigurohemi	108
dobësi	108
xham	108
tes	108
jay	108
rock	108
haja	108
mosha	108
mashtron	108
alien	108
funeralin	108
takoni	108
gjimnaz	108
egoist	107
vertetë	107
statuja	107
druaj	107
mjekësor	107
ekran	107
dokumente	107
marinës	107
uli	107
shënuar	107
shigjeta	107
afganistan	107
mësime	107
çmendem	107
tomin	107
xhonson	107
tenton	107
koni	107
ulini	107
pamundurën	107
shkenca	107
çantat	107
mesditë	107
artin	107
mendimit	107
llojin	107
përhapur	107
mbeturinat	107
ngrihem	107
italian	107
hynte	107
timonin	107
rrjetin	107
shkruante	107
qytetarët	107
kocka	107
realitetin	107
sallë	107
pastra	107
zile	107
zura	107
poezi	107
biçikletën	107
ushtrime	107
bijtë	107
mbërrijmë	107
argjendi	107
kënaqesh	107
sherifit	107
ruth	107
oren	106
shkallëve	106
detyrohesh	106
shijuar	106
hiqet	106
lëmsh	106
hiqmu	106
banorët	106
prita	106
vullnetar	106
bindë	106
heroinë	106
plakun	106
kolegu	106
hell	106
william	106
përgjigjja	106
au	106
pronën	106
kontaktuar	106
pis	106
nathan	106
pendohesh	106
zhvillohet	106
verezi	106
përfundova	106
lëshosh	106
mbijetosh	106
rol	106
pyllin	106
greke	106
romeo	106
romantik	106
ndaleni	106
ranë	106
zogun	106
vjellë	106
fshehtësi	106
flamurin	106
hiç	106
kërkimi	106
impresionuar	106
çështjet	106
hija	106
ngordhur	106
politikë	106
emily	106
provojë	106
hidhem	106
hidhja	105
kufizuar	105
fushat	105
rastit	105
departamentit	105
kullë	105
muajve	105
festës	105
dali	105
kalbur	105
jugor	105
dërgove	105
muze	105
jen	105
bili	105
menqur	105
zbret	105
hetimin	105
gusht	105
kent	105
britanike	105
mirëupafshim	105
prill	105
kanceri	105
fotografia	105
abu	105
ram	105
kohërave	105
dhurate	105
online	105
liria	105
kërkonin	105
menaxheri	105
marim	105
kanali	105
bo	105
inxhinier	105
ngjyrën	105
përshkak	105
gangster	105
ktheja	105
oficerët	105
kapje	105
pengoj	105
simpatik	105
marciale	105
mjekër	105
dorëzohet	105
shpjeguar	105
maksi	104
pikat	104
çështë	104
shuma	104
kafen	104
ze	104
shkruhet	104
hidhëruar	104
foshnje	104
kuptonte	104
afrohem	104
ndodhesh	104
mblidhi	104
dështon	104
shkencë	104
thata	104
lepur	104
vizion	104
mungonte	104
shijoj	104
gabimin	104
diplomuar	104
largohesha	104
mysafirët	104
përshëndes	104
detyroi	104
marcus	104
ditëlindjes	104
peshon	104
plakur	104
mendore	104
avancuar	104
shkatërrim	104
bet	104
mënyrës	104
ndjejë	104
aksidenti	104
mbiemrin	104
plumbin	104
nxitojmë	104
adami	104
rrethanat	104
lojtarët	104
bishtin	104
bruno	104
detin	104
salla	104
gënjesh	104
fermën	104
rëndësishmja	104
minutat	104
zërit	104
ofroi	104
herës	104
fshehta	104
gjakosur	104
mjekët	104
shpërblimi	104
shqiponja	104
leon	104
shpreh	104
motel	104
çarë	104
ngjarë	104
tailer	104
komisar	103
sami	103
ngjitemi	103
gëzim	103
tregut	103
police	103
raja	103
lodër	103
enxhi	103
trevis	103
funeral	103
tharë	103
përfshin	103
kamerë	103
shenje	103
ndonjërin	103
lindor	103
kartat	103
rrjeti	103
patën	103
perëndimor	103
marko	103
afrikë	103
hank	103
vendosën	103
cmenduri	103
aventurë	103
përbindësha	103
udhëtojmë	103
teatër	103
mburoja	103
prishi	103
mesatare	103
ëndrrave	103
zezaku	103
përjashtuar	103
dhjetor	103
motren	103
jorku	103
hajt	103
krahasim	103
itali	103
mendohet	103
rregullon	103
surprize	103
telefonoja	103
terapi	103
birë	103
urrejtje	103
humbën	103
piktura	103
dhunshme	103
brent	103
behem	103
ndan	103
përsa	103
tallet	103
shpejtësia	103
turpshëm	103
kujtesa	103
spanjisht	103
përherë	103
elizabeth	103
kërcënon	103
pranishëm	103
scotty	103
respekti	103
rrethana	103
asnjëra	103
tregime	103
lirohet	103
përpiqej	102
treguan	102
preferon	102
inat	102
vodhën	102
ajrin	102
mundëm	102
allahu	102
nëntor	102
formën	102
keqija	102
kapitenit	102
good	102
këshillit	102
ngarkesa	102
raportoj	102
was	102
pre	102
revista	102
prisha	102
qytete	102
ralf	102
zgjidhe	102
ndeshur	102
lejohen	102
organet	102
fluturuese	102
mjete	102
naftë	102
kriminale	102
qëlloja	102
gatuar	102
metro	102
rio	102
ndalohet	102
zgjatur	102
përgjithësi	102
seksin	102
bllok	102
carter	102
piteri	102
teknike	102
shtrihet	102
takohesh	102
hektor	102
kriminelë	102
kazino	102
përgjithshme	102
bastardë	102
nxehta	102
gjigante	102
xhesika	101
kolona	101
lëndohet	101
ruash	101
roland	101
biznesmen	101
shkencëtar	101
vozis	101
autorizuar	101
fshihen	101
hodhën	101
henk	101
kufomë	101
embel	101
shënjestra	101
kullën	101
fshirë	101
pacientët	101
ruajmë	101
zbrisni	101
haçi	101
fronin	101
lëkurës	101
biskotë	101
harper	101
operacionit	101
kursyer	101
banke	101
agjentin	101
fallco	101
hebre	101
gas	101
mika	101
hapja	101
barkun	101
pastron	101
armet	101
kenaqur	101
vetës	101
paraqes	101
qënke	101
natali	101
hapësira	101
përfundimtare	101
kene	101
tradhëtuar	101
godasë	101
dollarët	101
lajmëroni	101
bashkohem	101
rrezikojmë	101
kërcimin	101
dallas	101
andy	101
tregti	101
shkretëtirës	101
proshutë	101
sfidë	101
vlejnë	101
zombi	101
perënditë	101
restoranti	101
chuckles	101
masive	101
rrjedhje	101
shesh	101
dhunti	101
konsideruar	101
pjesës	101
xheremi	101
sende	101
përjetshme	101
dëme	101
politika	101
urdhra	101
lokali	101
seksual	101
duartrokitje	101
hapura	100
maniak	100
ariu	100
përplas	100
proces	100
dinamit	100
vaskë	100
minierë	100
gënjeshtare	100
xhill	100
gjeneralit	100
nënkupton	100
lara	100
heronj	100
drejtpërdrejt	100
masazh	100
bashk	100
telefonoji	100
dalton	100
shkuarën	100
raportet	100
mbushe	100
lopez	100
detyroj	100
lëndo	100
dukemi	100
gjelbërt	100
gazit	100
ulësh	100
shpërthimit	100
ceshtje	100
alamet	100
idiota	100
pake	100
final	100
tempulli	100
spektakël	100
trupave	100
sistemet	100
përmbushur	100
vendoset	100
lider	100
dele	100
funksionoj	100
mundohesha	100
televizion	100
than	100
qendroj	100
vrasi	100
kujtosh	100
postë	100
vjell	99
sol	99
ndalë	99
pakon	99
pikerisht	99
aheng	99
keqë	99
brad	99
ngelet	99
bam	99
kukulla	99
kushtojnë	99
stone	99
xhozef	99
diamantet	99
ligjor	99
njohe	99
xhiruar	99
brendshëm	99
harvard	99
koordinatat	99
kolegji	99
rë	99
nevoitet	99
godasim	99
oriz	99
frikësove	99
vinit	99
rinjë	99
interneti	99
çun	99
akullit	99
stilolaps	99
materiale	99
stejsi	99
fshij	99
rënie	99
bllokun	99
titullin	99
minj	99
ujqërit	99
ekzistuar	99
shtete	99
tregohet	99
fusë	99
ftoi	99
kaltër	99
raundin	99
bankat	99
pjeshkë	99
heqi	99
engjëll	99
përcaktuar	99
jang	99
lotët	99
julia	99
bëshë	99
harxhuar	99
atin	99
aksionet	99
paskan	99
frikesuar	99
askushi	99
ketyre	99
pashpresë	99
përafërsisht	99
partnerin	99
karakter	99
dreka	99
shpall	99
kembet	99
xhepi	99
romës	98
halli	98
zgjati	98
studente	98
pasurit	98
fundjavën	98
harrojë	98
marina	98
ritëm	98
procesin	98
vonohesh	98
gurin	98
terroristë	98
shkrimi	98
joti	98
vlerësuar	98
pallën	98
lartësi	98
shëndetshme	98
vonova	98
ngjashëm	98
pisët	98
numer	98
dikënd	98
ngadale	98
shpresën	98
qytetarë	98
vëzhgim	98
zërë	98
përballesh	98
lina	98
vozitur	98
quajte	98
hëngre	98
social	98
flini	98
macen	98
kusurin	98
dëshirat	98
përhapet	98
zgjidhjen	98
paqartë	98
doktoreshë	98
patjeter	98
takonte	98
shkruaje	98
shkaktoi	98
sherr	98
supozuar	98
paralajmëruar	98
humbura	97
koreançe	97
strehë	97
xhastin	97
peshqir	97
flakën	97
dong	97
dështoi	97
shtrihuni	97
përfaqëson	97
show	97
vlerën	97
xhejmi	97
neveritshëm	97
long	97
nivelit	97
hu	97
mbathje	97
gjithësesi	97
dhjerë	97
përzierje	97
kënaqem	97
aftësinë	97
avionit	97
vërtetuar	97
patrik	97
pastrim	97
disk	97
ndaloja	97
ndikon	97
serial	97
koncert	97
gibi	97
kompanitë	97
verior	97
universit	97
ndryshoje	97
nxënës	97
kupën	97
lindë	97
gishti	97
ndalesa	97
gjithnje	97
detyro	97
arsyeshëm	97
wilson	97
mani	97
kujtojnë	97
burime	97
tempull	97
amber	97
datë	97
miliard	97
shty	97
miqësore	97
macja	97
sendet	97
analiza	97
vishu	97
deivid	97
secilën	97
noah	97
flemë	97
lodh	97
tërhiqu	97
nikolas	97
josh	97
garanci	97
kërcejnë	97
barti	97
sebastian	97
vepra	96
skuqur	96
sollen	96
avokatët	96
botëror	96
rradhe	96
tingull	96
vlerësojmë	96
bluzën	96
times	96
ndalove	96
vapë	96
çmoj	96
thyhet	96
specifike	96
lerri	96
vëri	96
zgjidhet	96
shija	96
merlin	96
arthur	96
tërhiqet	96
bateria	96
bisht	96
marinar	96
kapelën	96
jesse	96
xheki	96
sherifin	96
llojet	96
dramatike	96
kryen	96
brekët	96
pite	96
godasin	96
mbretërisë	96
shkelqyeshem	96
rajon	96
këshillën	96
nil	96
informatat	96
largon	96
frenku	96
mbërthyer	96
sidoqofte	96
silli	96
vajtur	96
plakë	96
tuajat	96
ndryshonte	96
merzitur	96
qetësinë	96
pirat	96
dokrra	96
oborrin	96
projektuar	96
furgonin	96
ndajnë	96
shoke	96
misionit	96
theva	96
ndarje	96
klasit	96
rezultate	95
qëndrim	95
përleshje	95
shtrenjta	95
gjunjët	95
ndërhyrje	95
pervec	95
batanije	95
benin	95
antoni	95
vlerat	95
grackë	95
princin	95
shtrati	95
pesha	95
forcës	95
drejtues	95
bandën	95
kabinë	95
vu	95
shiti	95
tezja	95
gjenim	95
permes	95
serish	95
majami	95
qmendur	95
artet	95
testi	95
vrar	95
gjindet	95
pallto	95
ndihmova	95
trajtim	95
policor	95
plote	95
mbroja	95
studion	95
adhuron	95
ditarin	95
bashkohemi	95
deklaruar	95
con	95
sharon	95
rrip	95
aktivitet	95
zbuluam	95
paqja	95
shtrënguar	95
kërkuan	95
iken	95
prostituta	95
vazhdojme	95
ndjenjën	95
kritike	95
fuqisë	95
ndjejnë	95
xhejku	95
vodka	95
zgjua	95
kalorësi	95
padukshme	95
pengje	95
llojit	95
mbrëmja	95
fantazmat	95
karrigen	95
stephen	94
perandorit	94
rvë	94
telefonojmë	94
luftes	94
shurdhër	94
bandës	94
ngremë	94
kurriz	94
thesarit	94
perëndimi	94
du	94
fluturojmë	94
drejtorin	94
kinezët	94
mbretëri	94
cica	94
stju	94
mbijetoi	94
hapen	94
komb	94
kërkesën	94
gjithkund	94
pagesa	94
takimit	94
flen	94
rajli	94
klara	94
besnikëri	94
përgëzime	94
përpjekjet	94
sëmundjen	94
vullneti	94
silvia	94
vizita	94
binjakët	94
djegim	94
ndokënd	94
policet	94
hidhini	94
shfrytëzuar	94
francës	94
arrestoni	94
traditë	94
gropa	94
pozitën	94
valët	94
mare	94
allison	94
bletët	94
formuar	94
angeles	94
përdorja	94
filip	94
flenë	94
shikonin	94
tmerr	94
refuzoi	94
zili	94
kerkojme	94
shkruani	94
përputhet	94
arkë	94
peni	94
syrit	94
uollter	94
penisi	94
testuar	94
ëhë	94
zone	94
alienët	94
mbasi	94
gei	93
pengesa	93
vëzhguar	93
kualifikuar	93
xhekson	93
shkrim	93
fizik	93
ushqimet	93
zo	93
puthësh	93
sakta	93
vince	93
leme	93
pinë	93
ftohta	93
anësore	93
kontaktoj	93
boni	93
vrasjeve	93
rid	93
anne	93
dorëzohu	93
prapme	93
bagazhin	93
grejs	93
reklama	93
municione	93
arka	93
matur	93
qiellit	93
penny	93
terry	93
kësi	93
pretendon	93
shtënat	93
skuadrat	93
shpirtra	93
ndersa	93
shpetuar	93
trembe	93
mbetem	93
specialist	93
përkundrazi	93
çaji	93
ardhjen	93
pamposhtur	93
samuel	93
frymëmarrje	93
komandon	93
tejlor	93
izabela	93
stenli	93
mit	93
huajt	93
kish	93
deklaratën	92
mëndjen	92
zhdukesh	92
shkreti	92
senatori	92
përfundojnë	92
kapja	92
takoi	92
fermer	92
toga	92
hugo	92
vratë	92
hodh	92
totň	92
ngrene	92
halo	92
ecte	92
brendan	92
ndërprerë	92
xhaketa	92
magjistare	92
hal	92
marni	92
shqetësohet	92
harrison	92
telash	92
përbindëshat	92
urryer	92
meqenëse	92
ndodhemi	92
aksidentit	92
then	92
eksploziv	92
fuller	92
gabon	92
gavin	92
anëtarë	92
qeshni	92
plazhi	92
profesional	92
shpërthej	92
pothuaj	92
bëheshe	92
këshilloj	92
lojen	92
angleze	92
kinema	92
ling	92
stomakun	92
shohe	92
back	92
saktësi	92
tragjike	92
tris	92
ndier	92
qëllimit	92
prekje	92
thelle	92
paskam	92
barbara	92
prindër	92
qëllojë	92
objekti	92
shkopi	92
sandra	92
elis	92
aktuale	92
politik	92
mblidhen	92
kimi	91
dani	91
gazin	91
vdisnin	91
mbathi	91
nuhas	91
ecja	91
cindy	91
engjëlli	91
qëllimet	91
automatike	91
kryq	91
përballur	91
mbare	91
skrt	91
qiranë	91
java	91
qafa	91
sakrifica	91
martese	91
theve	91
vik	91
rende	91
bordit	91
mbyllë	91
quajne	91
plasi	91
takimet	91
perdorur	91
mëdhaja	91
mbërritëm	91
diskutim	91
lexoja	91
ndërtimit	91
rrëzohet	91
cigaret	91
kushedi	91
flisnin	91
ndash	91
hetimet	91
vështrim	91
shkatërrimin	91
bytha	91
pastrues	91
lumtura	91
shitet	91
raketë	91
sten	91
natyrore	91
gjoksi	91
gjithshka	91
xhuxh	91
çad	91
tempullin	91
zoologjik	91
shfaqur	91
jason	91
shtetërore	91
stefani	91
pranverë	90
shkatërruan	90
rrethi	90
keqes	90
uolter	90
peshq	90
vuaj	90
princeshe	90
kënaq	90
teknologjisë	90
dështim	90
vuajnë	90
argëtues	90
hante	90
zeusi	90
kodër	90
huq	90
kapet	90
an	90
kërkesat	90
dyshon	90
xhenifer	90
parking	90
raundi	90
bank	90
ndonjeher	90
ngarkesë	90
rregullova	90
biseduam	90
dëgjonte	90
meg	90
njoftim	90
roman	90
miliarda	90
vetmen	90
barrë	90
qëllua	90
mbajte	90
anglisë	90
parkut	90
kursin	90
vozitje	90
rusia	90
diamantin	90
aeroporti	90
dergoj	90
xhejn	90
urdher	90
banditët	90
gjithçkaje	90
shpërthen	90
teknik	90
aparat	90
teta	90
shtoj	90
therras	90
përsërite	90
shqetësimin	90
lumturia	90
vlenë	90
çizmet	90
pendohem	90
ngadaltë	90
mësohesh	90
pesëmbëdhjetë	90
pemën	90
toto	90
shpejta	90
fushës	90
urgjent	90
ngul	90
kushëri	90
egoiste	90
caktuara	90
popull	90
bombat	90
largoi	90
fazë	90
marvin	89
bjonde	89
olivia	89
krevatit	89
interesat	89
lepuri	89
fryma	89
kolegët	89
llogaritur	89
shkencëtarët	89
shkatërrimit	89
palloj	89
fitoje	89
fitores	89
morrëm	89
brengoset	89
masakër	89
ëndërroj	89
civil	89
matrix	89
teknologjinë	89
bastet	89
mbylla	89
shpëtimin	89
viktimave	89
hobi	89
padobishëm	89
prane	89
majën	89
majkëlli	89
rachel	89
vizitor	89
ngjyre	89
ndërrojmë	89
surpriza	89
parin	89
by	89
vërejtur	89
tradhtuar	89
qeveri	89
liqenin	89
urdhëroi	89
besoi	89
diamant	89
barkën	89
mëdhenjë	89
dorëheqjen	89
misterioz	89
thelb	89
tërheqësh	89
tentoj	89
modës	89
kyç	89
krijojë	89
karroca	89
gezohem	89
shpëtoja	89
qeshin	89
përkohësisht	89
karolina	89
përmirësuar	89
përplasje	89
gjest	89
sani	89
shteg	89
peshkim	89
rouz	89
spanjë	89
from	89
vërë	89
japi	89
solomon	89
hetuar	88
shpëtonte	88
shkurtra	88
reagon	88
nostradamus	88
urës	88
kompliment	88
aroma	88
biftek	88
plotësuar	88
shërbejnë	88
përpoqe	88
tëndë	88
sheqerkë	88
arratisje	88
penis	88
gërvishtje	88
humbisni	88
virusin	88
dosja	88
programuar	88
gjysem	88
grin	88
pelqejne	88
besonin	88
justin	88
përqëndruar	88
makarona	88
veronika	88
gjykimit	88
bashkimit	88
vuajtje	88
perime	88
teste	88
mendsh	88
mije	88
afat	88
krediti	88
metoda	88
suzi	88
gomat	88
ndahet	88
origjinal	88
rrita	88
monedhë	88
policëve	88
dinjitet	88
fejuara	88
duheshe	88
cool	88
doktorit	88
lek	88
arteve	88
tavolinës	88
jordan	88
shpërthyer	88
daljet	88
banjon	88
xhan	88
llogaria	88
ringo	88
letre	88
studentë	88
mishit	88
furgoni	88
kalit	88
zgjohuni	88
von	87
evelin	87
krijesat	87
mendjet	87
miremengjes	87
vendoseni	87
molly	87
udhetim	87
shtetëror	87
uniforma	87
ashensori	87
vonohet	87
duruar	87
prishësh	87
konferencë	87
tuneli	87
drejtimi	87
gjetem	87
helikopterin	87
foluri	87
quaje	87
bregun	87
ruajnë	87
dorëzo	87
par	87
këngët	87
qëndrueshëm	87
susuri	87
parisi	87
koment	87
operacionet	87
fantazi	87
annie	87
dyfish	87
kthimi	87
ndiqe	87
gjeniale	87
lavdishme	87
bordi	87
vunë	87
corleone	87
priti	87
sheshin	87
femija	87
bisedosh	87
kari	87
sho	87
goma	87
thella	87
buton	87
gjyqit	87
mblidhuni	87
mutit	87
vlente	87
bije	87
bregu	87
shoqërore	87
jape	87
shkelqyer	87
kujdestari	87
sportive	87
ngjitëse	87
if	87
kafsha	87
ngadalëso	87
lëndosh	87
kostume	87
futja	87
universin	87
dhembë	87
burgosuri	87
shtypit	87
adn	87
shifra	87
nisesh	87
veprat	87
ekzistonte	87
dhi	87
plehrat	87
facebook	87
përkiste	87
kryetarin	87
banesë	87
black	87
dado	87
hiqeni	86
dreke	86
tigri	86
ann	86
ndara	86
zinxhir	86
lidhë	86
francisko	86
tërheqë	86
bibla	86
kosh	86
tak	86
sekretar	86
zgjedhuri	86
shkonë	86
simboli	86
publikun	86
sulmet	86
mëndje	86
ilegale	86
lekë	86
ngresh	86
dëshmoj	86
qëndroje	86
springfield	86
çmimet	86
hjuston	86
mundej	86
tabelë	86
përjetshëm	86
mbuloni	86
dëshiroje	86
blija	86
totale	86
teatri	86
udhëzime	86
shkuara	86
dyqane	86
kek	86
makinash	86
vazhdonte	86
lidhim	86
ahmeti	86
mjaftueshem	86
stafi	86
gjithëçka	86
luhet	86
paçi	86
uajt	86
bëftë	86
përplasur	86
vendase	86
paraqitje	86
qënit	86
jetim	86
marë	86
vrimën	86
meqe	86
shpjegojë	86
argëtohemi	86
kolin	86
shënon	86
oksigjen	86
ndyrësi	86
gënjeshtrat	86
lidhi	85
shkatërrimi	85
kaqë	85
qarta	85
doc	85
komunikimi	85
phil	85
sajmon	85
gjenin	85
nënat	85
gjalpë	85
fang	85
prenë	85
përdorte	85
perimetrin	85
dallim	85
pikëlluar	85
internetit	85
hiri	85
korridorit	85
mirëseardhur	85
fitim	85
mbushura	85
maksimale	85
shqetësuese	85
specie	85
kujdesej	85
firmën	85
nisa	85
imazh	85
thyera	85
plagën	85
kolt	85
kubo	85
imazhin	85
zemërimin	85
portë	85
punonjës	85
ndëgjoni	85
shprese	85
dhimbjet	85
ngut	85
qëllojmë	85
restorantin	85
sarën	85
ëm	85
pire	85
muzike	85
arrije	85
beta	85
rastet	85
britanik	85
përballemi	85
fillestare	85
kujtove	85
kalim	85
guxoj	85
zëmër	85
kolonën	85
