не	143925
що	65560
на	56164
це	53544
ти	51330
что	49617
так	46601
ты	42364
это	35690
ми	23988
все	23157
тебе	23019
він	22530
як	22470
за	22255
ви	22224
до	19951
мене	19752
он	17964
мені	17545
ні	17516
але	17331
мы	16048
мне	15647
да	15449
как	15440
просто	14273
меня	14222
нет	14185
тут	14160
для	14069
його	14047
вы	13253
но	13136
то	12804
ну	12729
знаю	12673
про	12336
нас	12195
вас	11555
вони	11360
тебя	10749
вона	10702
она	10584
тобі	10481
его	10134
там	9865
якщо	9647
ще	9345
та	9265
добре	9187
щоб	9173
вам	8997
по	8645
нам	8584
хочу	8378
коли	8342
если	8227
бы	8168
же	7545
вже	7346
було	7260
її	7025
був	7008
они	6748
може	6708
чи	6573
чтобы	6505
дуже	6421
від	6329
хорошо	6199
чому	6197
буде	6079
хто	6071
есть	6042
всё	5923
давай	5871
тому	5847
де	5808
здесь	5747
треба	5701
от	5689
думаю	5553
когда	5501
из	5433
того	5388
їх	5348
щось	5320
гаразд	5268
был	5266
цього	5209
только	5174
зараз	5044
было	4986
может	4930
нічого	4902
моя	4879
тільки	4799
те	4797
бути	4752
один	4615
уже	4600
можу	4565
тепер	4546
мій	4509
быть	4504
ось	4490
почему	4425
дякую	4416
раз	4351
знаєш	4343
вот	4294
могу	4270
через	4188
нужно	4137
всі	4093
бо	4059
кто	4023
будет	3999
правда	3998
без	3964
себе	3897
більше	3842
тоді	3816
час	3765
день	3726
ладно	3698
сейчас	3686
можна	3684
була	3671
их	3670
боже	3642
еще	3632
спасибо	3626
или	3557
будь	3538
йому	3531
где	3515
лише	3476
очень	3421
была	3416
ним	3403
привіт	3401
них	3361
чем	3357
навіть	3349
ніколи	3343
знаешь	3337
этого	3321
буду	3318
би	3312
её	3296
зі	3228
ее	3216
мой	3214
немає	3212
ничего	3207
хочеш	3203
нього	3202
цей	3189
чого	3110
життя	3067
этом	3039
теж	3029
люди	3029
твоя	3017
со	2934
потому	2933
сказав	2908
больше	2876
теперь	2856
ещё	2852
людей	2851
або	2803
свою	2760
привет	2712
який	2707
сюди	2698
таке	2692
даже	2667
із	2662
об	2649
тобою	2641
були	2640
два	2635
краще	2614
пока	2596
ему	2582
завжди	2574
хочешь	2571
должен	2569
багато	2559
you	2555
сьогодні	2553
ей	2552
точно	2542
ласка	2507
время	2498
эй	2498
той	2474
себя	2463
надо	2460
сам	2441
мною	2419
тоже	2413
этот	2394
має	2388
прошу	2359
маю	2359
сказал	2357
мама	2335
ли	2317
зробити	2316
сказати	2300
сказала	2289
назад	2283
які	2277
можеш	2265
тобой	2252
трохи	2250
потрібно	2245
ці	2244
тогда	2225
порядке	2212
ага	2194
саме	2191
хотів	2180
можешь	2178
під	2151
три	2143
никогда	2126
можете	2122
років	2122
собі	2121
скажи	2108
него	2088
пане	2069
робити	2060
знову	2038
твій	2036
люблю	2023
пожалуйста	2019
наш	2009
ни	2005
сегодня	1981
мной	1961
потім	1960
ніж	1958
были	1951
the	1948
гей	1944
дай	1940
перед	1939
завтра	1937
вами	1925
яка	1911
одного	1904
ваша	1892
конечно	1891
сделать	1886
лучше	1861
цьому	1861
ваш	1847
знаєте	1837
цю	1836
сказать	1829
пам	1825
ніхто	1824
сюда	1816
нами	1808
можливо	1797
після	1791
значит	1789
прямо	1783
неї	1783
скільки	1758
одна	1755
чудово	1753
давайте	1737
бачив	1727
такий	1717
кого	1716
хтось	1711
сер	1709
їй	1709
ця	1708
мою	1702
усе	1700
разом	1698
їм	1695
чего	1693
куди	1693
звичайно	1692
справді	1677
поки	1672
должны	1667
всегда	1663
делать	1661
мої	1643
дело	1636
гроші	1604
цим	1586
міг	1580
том	1577
маєш	1574
хіба	1573
ней	1571
твой	1564
этим	1549
повинен	1547
друг	1546
можно	1530
дня	1527
досить	1523
можемо	1521
зробив	1517
много	1513
хотел	1509
над	1498
должна	1484
после	1484
хоче	1477
якби	1472
могли	1466
місце	1461
всего	1455
воно	1433
часу	1430
робиш	1430
хлопці	1426
вибачте	1425
додому	1421
весь	1408
руки	1396
ведь	1396
ясно	1387
возможно	1386
вибач	1378
такой	1375
доктор	1369
to	1360
повинні	1354
эти	1352
говорить	1350
мого	1350
нема	1350
нб	1346
йди	1345
думаешь	1341
моей	1341
немного	1340
навіщо	1339
господи	1334
мабуть	1324
жизнь	1324
твою	1322
зачем	1317
чоловік	1311
ходімо	1311
лет	1310
такое	1309
случилось	1301
звідси	1301
слишком	1300
мати	1296
скажу	1293
скоро	1292
сталося	1292
прости	1276
нормально	1265
здається	1262
пані	1258
всіх	1256
також	1253
вместе	1252
кілька	1249
брат	1249
моє	1248
подобається	1223
чорт	1221
сама	1220
думаєш	1219
во	1218
потом	1218
такого	1217
казав	1216
розумію	1212
батько	1209
отже	1208
сделал	1207
таким	1200
могла	1199
тим	1199
швидше	1198
жаль	1193
туди	1189
речі	1188
знати	1186
поэтому	1186
мог	1184
свої	1183
хочете	1179
помочь	1176
одну	1172
всех	1170
который	1166
им	1164
ім	1160
думав	1160
можем	1156
под	1149
допомогти	1144
людина	1138
куда	1137
яку	1136
правильно	1135
давно	1135
зовсім	1132
при	1132
всю	1127
бачу	1120
этой	1116
снова	1116
видел	1111
думала	1107
така	1106
знав	1106
йти	1105
знайти	1105
дещо	1099
домой	1094
нею	1093
знає	1092
наша	1091
далі	1091
усі	1091
парень	1090
слухай	1090
ними	1086
отец	1083
делаешь	1080
машину	1076
нравится	1076
дійсно	1074
it	1070
эту	1070
мав	1069
звісно	1063
вперед	1063
разу	1062
никто	1055
мои	1054
разве	1054
сколько	1053
отлично	1052
человек	1050
гадаю	1048
тот	1046
слова	1045
звідки	1040
шкода	1037
справа	1036
чим	1033
ті	1030
проти	1029
похоже	1029
мамо	1027
піти	1024
чарлі	1022
свого	1021
номер	1019
справи	1019
дома	1019
пару	1017
такі	1015
знала	1014
хотела	1012
одно	1012
тож	1011
голову	1007
знать	1006
сім	1003
нехай	1002
понимаю	997
увазі	997
поговорить	996
знаете	995
фп	994
син	994
место	993
иди	993
бачиш	991
кажется	991
найти	987
свій	985
тобто	982
взагалі	978
пішли	976
сказали	972
ять	972
будешь	970
хочет	970
будеш	970
жизни	969
деньги	966
слушай	965
відбувається	962
розумієш	961
кбй	959
ме	959
эта	956
пішов	952
мистер	948
наші	948
якого	947
поговорити	945
порядку	942
ой	935
думал	934
хоч	930
оу	929
ваше	927
тих	926
проблема	922
хотіла	922
роботу	917
ради	916
ох	913
будемо	912
двері	912
хлопець	909
потрібна	909
будем	908
стоит	907
знает	907
світ	903
чув	902
времени	902
майже	901
тату	897
можуть	897
именно	894
пора	894
зрозумів	891
насправді	890
своей	888
бачити	883
которые	880
швидко	880
тато	879
совсем	879
твої	874
всем	874
лишь	871
цих	871
говорил	871
бог	868
еянбй	867
кажу	864
наших	864
простите	863
схоже	862
права	860
своє	859
говорю	858
дом	857
чувак	853
сильно	848
піду	848
слово	848
раніше	847
ту	844
будуть	839
моего	839
потрібен	838
пґп	837
алло	836
питання	835
між	835
прийшов	832
доброго	829
тем	828
жінка	827
должно	827
знал	824
какой	822
смерть	818
дітей	813
деле	813
добрий	811
шанс	810
нужна	810
одне	810
десь	808
сэр	808
колись	805
мало	803
означає	802
chffffff	802
черт	796
ніби	794
ваші	792
fntahoma	791
твоей	790
говорити	788
друга	784
происходит	780
геть	778
всього	774
that	773
варто	772
значить	771
яке	770
інші	769
and	768
досі	768
зв	768
раньше	768
руку	767
аби	765
туда	763
твоє	763
джон	763
маєте	761
занадто	760
хай	760
действительно	760
дві	759
маємо	757
план	755
in	755
уверен	753
пошли	752
чём	752
ден	752
довго	749
хватит	749
каже	743
своїх	743
нашу	742
великий	739
нужен	738
побачити	738
щодо	735
біса	732
понял	731
ребята	731
папа	731
отсюда	729
несколько	727
біля	723
верно	721
жити	720
послухай	720
правду	720
we	719
идти	717
хороший	716
твои	715
негайно	713
ким	712
свои	710
уж	710
мать	710
пор	707
иб	707
говорила	707
оно	707
дела	705
хвилин	704
далеко	704
таких	703
вашу	703
мушу	701
свой	701
робота	697
работу	697
хотите	696
нее	695
усіх	695
будете	694
дайте	694
батька	687
убить	687
машина	686
важко	686
итак	686
твого	684
тех	682
легко	680
самом	679
очі	678
хоча	676
ко	676
кожен	676
спасибі	675
щойно	671
против	671
виду	670
имя	670
собою	669
курва	668
діти	665
цієї	664
вообще	664
світі	663
me	661
роботи	661
доведеться	660
погано	660
рада	659
понимаешь	659
готовий	657
ах	656
перший	656
вбити	654
працює	650
грошей	649
знайшов	648
робить	647
радий	647
кому	646
ніч	646
року	645
говори	645
момент	644
дивись	644
серйозно	644
напевно	643
такая	638
надеюсь	638
послушай	637
роки	637
землі	636
заради	636
стій	635
неё	635
проблем	635
честь	634
мпх	634
вітаю	632
ранку	632
говорит	632
телефон	631
зробили	630
вдома	630
равно	630
каждый	629
жить	628
будинок	628
брата	627
іди	627
король	626
бачили	626
круто	623
подожди	622
знаємо	622
будут	621
потрібні	620
сын	620
цій	619
нельзя	618
дам	616
смерті	615
возьми	611
знали	610
ноги	609
старий	609
моєї	609
убил	608
хотя	608
этих	608
когось	608
тихо	608
хоть	607
взяти	605
побачення	602
новий	602
проблеми	602
бувай	601
джек	596
місці	594
будто	594
сестра	592
моїх	592
містер	591
слід	591
бачила	591
стати	591
извини	590
наверное	590
готова	588
нашого	588
готов	587
видеть	587
этому	587
якось	586
пойду	586
прекрасно	585
джо	585
вся	583
отче	583
своего	583
посмотри	583
рік	582
бога	582
повинна	580
всім	580
другой	579
мала	578
зачекай	578
наче	578
наше	578
видела	577
откуда	577
кінець	576
чоловіка	574
знайшли	574
рядом	573
працювати	571
візьми	571
річ	571
дитина	570
he	570
сина	569
інших	568
нарешті	567
зовут	567
ночь	567
мам	565
двох	565
якийсь	563
смогу	562
здорово	561
надто	561
йде	560
пойти	558
вижу	557
of	556
мають	556
кажуть	555
мир	554
агов	553
абсолютно	552
чотири	552
звати	551
видишь	551
сделала	551
більш	550
прав	549
ночі	549
зрозуміло	548
нe	548
маленький	547
місто	547
достаточно	547
моїм	546
йдемо	546
лайно	546
часто	544
дні	543
впевнений	543
собираюсь	543
человека	542
моєму	542
стільки	541
зроблю	539
говорив	539
друже	539
йду	537
почти	537
ідея	536
днів	536
дати	536
людям	535
чуєш	534
інакше	533
минут	533
зможу	533
скажеш	532
месте	532
пан	531
ятаєш	531
вопрос	530
могут	529
между	529
дружина	528
світу	528
землю	526
говоришь	526
извините	525
кров	524
помощь	524
быстро	524
будинку	524
вашого	524
вірно	523
которая	523
десять	522
долго	521
твоего	521
вроде	520
ваших	520
no	520
вб	519
детей	518
люба	518
одним	517
смотри	517
вещи	517
what	517
яким	516
іншого	516
своїм	516
ятаю	515
важно	515
самого	514
розумієте	513
on	513
гарно	513
произошло	513
тримай	511
серце	511
забудь	511
более	510
хочуть	508
рад	508
собой	508
яких	508
нікого	508
справу	508
имею	507
цікаво	506
вчора	505
слышал	504
гарна	503
став	502
самое	502
житті	502
самі	502
любить	502
нашли	501
говорили	501
спати	500
знаем	500
друзі	500
уверена	499
рано	499
парня	499
поглянь	499
повернутися	498
увидеть	496
мило	495
дав	494
щo	493
отца	493
прийшли	493
вернуться	492
такие	492
інше	491
первый	490
вина	490
деякі	488
своих	488
помер	487
інший	487
зробила	486
is	485
перевод	485
ого	485
чёрт	484
само	484
достатньо	483
this	482
робив	482
смерти	481
all	481
работа	481
проблемы	479
перестань	479
часом	479
приємно	478
кем	476
доки	476
велика	474
дівчина	474
сподіваюся	473
фзн	473
вниз	472
зможеш	471
спочатку	470
плохо	470
дім	469
підемо	467
вчера	467
чесно	467
теде	466
стало	465
наши	464
дивно	462
місця	461
никаких	461
причина	460
стать	460
пізніше	460
стала	460
хлопця	459
спокійно	458
бхфь	458
вон	458
сон	458
води	458
адже	457
отримав	457
годі	457
містере	457
нужны	457
другом	456
your	456
виглядає	456
re	456
насчет	455
нашей	455
вогонь	455
близько	454
право	454
алан	454
короля	453
га	453
секунду	453
отримати	452
пєп	452
мое	452
одному	451
которую	451
хм	450
прийти	450
гарний	450
живе	450
вірю	447
дальше	447
моим	447
голос	447
роблю	446
взять	446
говорите	445
какая	444
іноді	443
робите	443
вода	443
крім	443
весело	442
последний	441
міста	441
мисс	441
трапилося	440
школу	438
шлях	438
останній	438
подумав	438
жена	437
сердце	437
денег	437
обов	436
власне	436
лиш	436
невже	435
делает	434
сможешь	434
серьезно	434
повернувся	434
глаза	433
кожного	433
здоров	432
голова	432
мали	432
дети	432
народ	431
прийде	431
опять	430
бачите	430
таки	430
помнишь	430
ночью	429
оце	429
чекай	428
страшно	428
дверь	427
пойдем	427
ха	427
узнать	427
врн	426
обличчя	426
важливо	426
аж	425
чувствую	425
вбив	425
моих	424
дней	424
иногда	423
дороги	423
боюся	422
вставай	421
руках	421
хотіли	419
боюсь	418
жінки	416
года	415
воду	414
вашей	414
кровь	413
дому	412
обережно	412
забув	412
їсти	411
нікому	411
ваши	410
очевидно	410
случае	410
машини	409
тиждень	409
гаррі	409
работает	408
увидимся	408
забирай	408
готові	407
пробач	407
якісь	406
поліція	405
фб	405
фото	404
хочемо	404
скажіть	404
пусть	403
мертвий	403
блядь	402
работать	401
уйти	401
припини	400
ух	400
рацію	400
работы	400
одной	399
думаєте	399
казала	399
вийде	399
взяв	398
кроме	398
вечір	398
пес	398
сразу	398
девушка	397
переводчики	397
відчуваю	396
рассказать	395
сначала	395
обо	394
смысле	393
маму	393
дитину	392
ночи	392
панове	391
милая	390
наступного	389
оба	389
слава	389
грати	388
утром	388
зроби	388
пять	388
годин	388
разів	388
нашел	388
часть	387
взяли	387
майкл	387
навколо	386
гйб	386
живий	386
покажи	386
тисяч	386
какого	385
повідомлення	384
идея	384
пізно	384
ніяких	384
нового	384
перепрошую	384
видели	383
зброю	383
зробимо	382
знають	382
умер	381
місіс	380
доме	380
крови	379
нашої	379
столько	379
ок	378
боб	378
придется	377
семья	377
стой	377
стоп	376
женщина	376
пробачте	376
my	376
світло	376
рішення	376
сделаю	376
зрозуміти	375
людьми	375
вранці	375
дочь	375
понять	375
пройти	375
їхати	374
допоможіть	374
допомога	374
збираюся	374
мужик	374
утро	373
хвилинку	373
чекає	373
помню	373
остаться	372
поруч	372
вернулся	371
чтоб	371
забрати	370
также	370
поняла	370
роблять	370
приятель	370
неможливо	369
моїй	369
любий	369
типа	369
пытался	368
народження	368
майбутнє	368
усім	368
работе	367
єдиний	366
чекати	366
твоєї	366
довольно	366
комп	366
миссис	365
таку	365
with	365
історія	365
матері	365
шоу	365
поверить	364
часов	364
вечером	364
странно	364
покажу	364
две	364
кажи	363
кофе	363
добраніч	363
друзья	363
любовь	363
відразу	362
мусиш	362
говорят	362
перш	362
якому	361
роби	361
могло	361
двоє	361
сына	361
говориш	361
пити	361
іншим	360
подумала	360
скорее	360
місті	359
команда	359
звуть	359
любов	359
вирішив	358
правила	358
муж	357
повернути	357
твое	357
набагато	357
ані	357
дорогая	356
існує	355
місяць	355
своим	355
настільки	355
години	355
якась	355
дать	354
больно	354
приятно	354
пришел	354
хорошая	354
фпх	353
пришла	353
дали	353
детектив	353
нашим	352
ключ	351
матір	351
никого	351
хлопчик	350
которой	350
своєму	350
go	349
уе	349
фільм	349
даруйте	348
безопасности	348
сих	348
правий	348
допоможе	348
стали	347
значення	347
повірити	347
тіло	347
залишити	346
менше	346
кажеш	345
жив	344
кохання	344
пішла	344
сто	344
виходить	344
випадок	344
парни	343
которого	343
поїхали	343
чула	343
лицо	342
стане	342
богу	342
війни	342
собираешься	341
твоїх	341
самый	341
подумал	341
врятувати	341
докторе	340
сша	339
наприклад	339
чарли	339
міс	339
рш	339
неправильно	338
доларів	338
делал	338
right	338
почекай	338
пришлось	337
be	337
фпн	337
дивіться	337
единственный	337
обычно	337
капітан	337
стал	337
ьфй	337
шість	336
зможемо	336
заткнись	336
здравствуйте	335
вперше	335
відповідь	335
полагаю	335
лікар	334
дала	334
хлопче	334
годину	333
сделали	333
почав	333
дев	333
чжун	332
вулиці	332
дорогу	332
get	332
хуже	332
наскільки	331
do	331
алекс	331
підеш	331
макс	330
вiн	329
своєї	329
частина	329
звучить	329
упх	329
пытаюсь	329
смішно	328
любит	328
секс	328
пути	327
видно	327
кінця	327
жодного	327
вважаю	327
думати	327
сили	326
год	326
прежде	325
живу	325
чином	325
up	325
моё	323
клянусь	323
прийшла	323
показати	323
звучит	323
будьте	322
кохаю	322
нашла	322
вийти	322
йдіть	322
скажешь	322
побачив	322
земля	322
получил	322
ньому	321
сідай	321
друзів	321
for	321
зупинити	320
провести	320
купити	320
типу	320
чудовий	320
вернуть	320
поздно	320
серед	320
всередині	319
вернусь	319
какие	319
корабель	319
спосіб	319
слышала	319
вашего	319
думаете	318
получить	318
пришли	318
фй	318
выглядит	318
послухайте	318
історії	318
працюю	318
посмотреть	317
минулого	317
can	317
вночі	317
молодець	317
зможе	317
пір	317
агент	317
людини	317
розповісти	317
книгу	316
большой	316
принаймні	316
дозвольте	316
внимание	316
семьи	316
слухайте	316
обратно	316
don	315
неймовірно	315
жодних	315
раптом	315
честно	315
новый	314
людину	314
заспокойся	314
новини	314
постійно	314
язок	314
хей	314
быстрее	313
рпх	313
пара	313
купив	313
намагався	313
список	313
допоможи	313
угодно	312
ненавиджу	312
суд	312
понятно	312
позже	312
okay	312
випадку	312
следует	312
секунд	311
ребенка	311
нові	311
щастя	311
брь	311
тело	311
йдеш	311
недавно	311
переклад	310
впевнена	310
війна	310
смог	310
отношения	309
цілком	309
бери	309
подумай	309
думали	308
имеет	308
know	308
дерьмо	308
вести	307
доброе	307
ума	307
кімнаті	307
зачекайте	305
джордж	304
подивися	303
следующий	303
спробувати	302
думать	302
непогано	302
вашим	302
места	302
ждать	302
свое	302
иначе	302
неужели	302
сможет	302
сигнал	301
написано	301
интересно	301
have	301
сила	300
боку	300
сторону	299
пов	299
спершу	299
другого	299
хвилюйся	298
насколько	298
станет	298
думку	298
город	298
сара	297
залиш	297
однажды	297
повністю	296
школи	296
великі	296
другий	296
гадаєш	296
окей	296
залишив	296
батьки	296
волосся	295
нашего	295
хотели	295
затем	295
язниці	295
піде	295
начала	295
лікарні	295
сезон	294
крові	294
майк	294
посмотрим	293
скажете	293
особливо	293
твоим	293
идем	292
казати	292
місяців	291
супер	291
повернуся	291
поліції	291
нi	291
взяла	290
останні	290
джеймс	290
дивитися	290
зробиш	290
стану	290
мире	290
чую	290
замість	290
пол	289
член	288
способ	288
брати	288
мадам	288
звідти	288
твоїм	288
there	288
адвокат	287
жахливо	287
цілий	287
прошлой	287
внизу	287
обіцяю	287
гірше	287
имеешь	287
других	286
чисто	286
оружие	286
померти	286
початку	286
силу	286
побачиш	286
никому	285
чути	285
держи	285
пап	285
спать	285
вибір	285
oh	285
ем	285
just	285
мужчина	284
хлопців	284
делаю	284
змінити	284
зайти	283
верю	283
твоєму	283
моєю	283
своїй	283
добро	283
другие	283
брате	283
ребенок	282
справжній	282
синку	282
доктора	282
безпеці	281
президент	281
нікуди	281
лойза	281
хороша	281
обещаю	281
рождения	280
внутри	280
померла	279
ходи	279
начать	279
дал	279
подарунок	279
буває	279
телефону	279
тримати	279
взял	279
ужасно	278
сделаем	278
принести	278
делай	278
решил	277
почали	277
подивитися	277
візьму	276
вид	276
оставить	276
жінок	276
вечора	276
спасти	275
дівчата	275
тримайся	275
мере	275
стає	275
побачимося	275
почуття	275
збираєшся	275
сможем	275
yeah	275
чули	274
конец	274
спробуй	274
джейк	274
перша	273
кстати	272
своєю	272
not	272
вашої	272
готово	272
сюрприз	272
поможет	272
ввечері	272
чудова	271
страх	271
мами	271
сэм	271
всьому	270
емі	270
втратив	270
любишь	270
нем	270
завгодно	270
винен	270
удар	269
капітане	269
їдемо	269
зміг	269
якраз	269
звук	269
наступний	269
трьох	269
ам	268
чогось	268
мальчик	268
зустріч	268
дізнатися	267
поле	267
пистолет	267
хотят	267
чан	266
шляху	266
штука	266
даю	266
шо	266
магазин	266
серьёзно	266
машины	266
машині	265
рахунок	265
смотреть	265
дуґале	265
забрали	265
прекрати	265
шукати	265
квартиру	265
завдання	265
рука	264
чай	264
дівчинка	264
зрештою	264
нова	264
are	264
готовы	264
убийство	263
голові	263
думай	263
рук	263
стороны	263
боляче	263
почати	263
леди	263
твоих	263
відмінно	262
новости	262
другу	262
here	262
трудно	261
детка	261
школі	261
леді	261
робимо	261
такою	260
вбили	260
намагаюся	260
him	260
вечер	260
зрозуміла	260
некоторые	260
біжи	260
гра	259
случай	259
полиция	259
часа	259
дозволь	259
авто	259
історію	259
комнате	258
компанії	258
ходить	258
вийшло	258
сука	258
відомо	258
спросить	257
убили	257
разі	257
подруга	257
какое	257
просимо	257
твоё	256
вистачить	256
осталось	256
сил	256
дивися	256
знак	255
любиш	255
бен	255
авжеж	255
поїхати	255
роль	255
станеться	254
убийца	254
декілька	254
пґя	254
делаете	254
протягом	254
обох	253
школе	253
своїми	253
ужин	253
ній	253
пістолет	253
залишитися	252
вдалося	252
вдруг	252
знайду	252
принесу	252
мила	251
книги	251
знайшла	250
которое	250
ніщо	250
проте	250
зустрічі	250
come	250
часи	250
ближче	249
залишилося	249
двое	249
забыл	249
нове	249
язково	249
виглядаєш	248
матери	248
запах	248
погоди	248
маленька	248
зробить	248
рэй	248
которых	248
отримали	248
тисячі	248
працював	248
днем	247
кажучи	247
чоловіки	247
рот	247
королева	247
допомогу	247
якою	246
придётся	246
дорога	246
приїхав	245
мить	245
холодно	245
узнал	245
прощения	245
мм	244
знайдемо	244
речей	244
ніяк	244
думки	244
такому	244
відчуття	244
остановить	244
дорозі	244
повернеться	243
велике	243
обидва	243
повітря	243
повір	243
тієї	243
вихід	243
великого	242
поговоримо	242
добра	242
пощастило	242
путь	242
ласкаво	242
помогите	242
милый	241
прошло	241
like	241
уфп	241
крізь	241
весілля	240
книга	240
пошел	240
двух	239
чуть	239
обязательно	239
забери	239
найкращий	239
запитати	239
пошла	238
мільйонів	238
такими	238
купить	238
волнуйся	238
війну	238
кейт	238
хвилину	238
нему	238
одразу	238
малий	237
називається	237
иду	237
понимаете	237
глянь	237
друзей	237
лорд	237
либо	237
легше	236
знают	236
клас	236
цією	236
ll	236
второй	236
подождите	235
жінку	235
приніс	235
можливість	235
дівчину	235
четыре	235
вокруг	235
постоянно	235
подивись	234
дорогой	234
вбивство	234
людиною	234
полиции	234
говоря	234
завдяки	234
подивіться	234
заходь	234
понятия	234
порядок	233
встретиться	233
сделай	233
ходити	233
твоїй	233
битися	232
фбр	232
оскільки	232
ди	232
забрать	232
випити	232
жива	232
выглядишь	232
минуту	232
байдуже	232
родители	231
машине	231
джессі	231
so	231
пиво	231
but	231
дядько	230
дякуємо	230
якусь	230
насчёт	230
крок	230
якої	230
малыш	230
гру	230
повинно	230
тижні	230
костюм	230
неделю	229
дружину	229
увага	229
чоловіком	229
сонце	229
пояснити	229
віддай	228
вино	228
история	228
наказ	228
подальше	228
пёп	228
сообщение	228
місяці	228
тижня	228
своё	228
слушайте	227
пітер	227
довелося	227
нашому	227
оставил	227
дон	227
спокій	227
закон	227
уходи	227
сину	227
старший	227
фпхт	227
собирался	226
факт	226
out	226
богом	226
увесь	226
позвонить	226
выйти	225
повезло	225
пё	225
дядя	225
поговорим	225
крайней	225
двадцять	225
тяжело	224
отець	224
зазвичай	224
сидіти	224
голови	224
неплохо	224
выпить	224
забирайся	224
замуж	223
мусимо	223
схожий	223
решение	223
гм	223
запам	223
показать	223
музика	223
пришёл	223
ногу	223
угу	223
господа	223
тедді	222
ненавижу	222
now	222
справі	222
прийом	222
віддати	222
убийства	222
якій	222
зажди	222
любила	222
месяцев	222
єдина	222
йдуть	222
почути	221
наркотики	221
хотим	221
іншому	221
пана	221
записи	221
пива	221
роботі	220
дідько	220
человеком	220
играть	220
около	220
томас	220
серия	220
чимось	220
назавжди	220
моем	220
велику	220
думає	219
вашому	219
поводу	219
ключі	219
большое	219
хвилини	219
позволь	219
идет	219
последнее	219
ідіть	219
повний	219
ніякого	218
нбй	218
любви	218
бажання	218
проверить	218
їхні	218
свидание	218
автобус	218
вернулась	218
использовать	218
знищити	218
хочеться	217
нa	217
стоїть	217
таком	217
дерева	217
зброя	217
минутку	217
слів	217
мужа	216
чаю	216
піп	216
трапилось	216
бою	216
выбор	216
меньше	216
центр	216
иметь	216
належить	216
жарт	216
літак	215
лучший	215
поехали	215
жили	215
ён	215
оставь	215
сексом	215
сподіваюсь	215
думает	215
слухаю	215
компании	215
мэм	214
got	214
умереть	214
згоден	214
отцом	214
сідайте	214
приходить	214
вигляд	214
семью	214
туалет	214
робили	214
искать	214
неправда	214
благаю	214
стоять	213
was	213
господь	213
поза	213
держать	213
головний	213
руками	213
заходьте	213
ханна	213
особисто	213
подумати	213
комусь	213
душу	212
найду	212
едді	212
язку	212
последние	212
идёт	212
казали	212
море	212
окрім	212
причини	212
еду	211
they	211
кімнату	211
man	211
успокойся	211
никакого	211
стояти	211
найкраще	211
сподобається	210
всему	210
фзт	210
let	210
своими	210
трубку	209
убт	209
кіно	209
директор	209
розкажи	209
менi	208
система	208
городе	208
пїп	208
хэнк	208
кінці	208
дэнни	208
френк	208
перше	208
словно	208
урок	208
мусить	208
батьків	207
золото	207
мертва	207
добрый	207
твоєю	207
стривай	207
женщины	207
подарок	207
допоможу	207
хутко	207
посмотрите	206
чоловіків	206
шукаю	206
острів	206
тіла	206
старого	206
душі	206
ємо	205
работал	205
возьму	205
нову	205
вместо	205
вип	205
гарні	205
дупу	205
представить	205
известно	204
безпеки	204
році	204
зустрітися	204
милий	204
головне	204
вийшов	204
доступ	204
цими	204
вісім	204
написав	204
пожаловать	203
шесть	203
начал	203
чувства	203
полностью	203
чекаю	203
код	203
картер	203
эм	203
потерял	203
идите	203
перевірити	203
принять	203
енді	203
особенно	202
прокляття	202
дає	202
настолько	202
нащо	202
сложно	202
камінь	202
долларов	202
класно	202
другое	201
щодня	201
позволить	201
половину	201
їжу	201
клуб	201
облиш	201
говорять	201
небезпечно	201
боль	201
чувствуешь	201
тижнів	201
ура	201
днк	201
братом	200
ян	200
самому	200
країні	200
вибачення	200
эми	200
one	200
цукуне	200
комнату	200
собирается	200
вікно	200
тип	200
вопросы	200
цe	200
звали	200
любом	199
рассказал	199
парнем	199
скаже	199
стара	199
сядь	199
образом	199
босс	199
девочка	199
серця	199
рота	198
работаю	198
плюс	198
залишиться	198
сами	198
умерла	198
пойдём	198
кімната	198
пґ	198
имени	198
прийняти	197
фродо	197
карл	197
уваги	197
мертві	197
придурок	197
школы	196
поїду	196
господин	196
збирається	196
думка	196
батьком	196
чему	196
єдине	196
уявити	196
лежить	196
джей	196
ушла	196
шон	195
обід	195
батьку	195
году	195
стороне	195
імені	195
чекають	195
су	195
получится	194
свет	194
невозможно	194
познакомиться	194
любой	194
життям	194
стріляти	194
гори	194
послушайте	194
недели	194
втекти	194
at	194
защитить	193
увидел	193
захистити	193
больнице	193
усього	193
стоило	193
адам	193
ліжко	193
потрапити	192
річарде	192
забагато	192
другим	192
всей	192
ворота	192
коп	192
слышишь	192
дочка	192
відпусти	192
ммм	192
зірки	191
собака	191
більшість	191
вперёд	191
першого	191
означает	191
пыталась	191
кращий	191
поїхав	191
совершенно	191
муад	191
вирішили	191
одяг	191
востаннє	191
герой	190
ліжку	190
втік	190
слухати	190
хочется	190
страшного	190
друзьями	190
тата	190
дивишся	190
вечеринку	190
замок	190
наконец	190
трішки	190
делают	190
залиште	190
месяц	190
нечего	190
солдат	189
впервые	189
утра	189
вірити	189
удачи	189
сем	189
інша	189
пытается	189
щасливий	189
першим	189
доля	188
жартуєш	188
леонард	188
сучий	188
певно	188
розслабся	188
видите	188
увагу	188
курсе	187
возможность	187
кудись	187
услышать	187
нашёл	187
смотрите	187
убивать	187
кольцо	187
ввиду	187
погляньте	187
конце	187
втратили	187
понадобится	186
помоги	186
связи	186
участь	186
дозволити	186
розповів	186
капитан	186
поговорю	186
іншу	186
народу	186
штуку	186
приїхали	186
ник	185
большая	185
воды	185
переживай	185
біль	185
стіни	185
ють	185
семье	185
зроблено	185
поверь	185
скажите	184
помилка	184
залишається	184
повертайся	184
предложение	184
спить	184
подалі	184
пить	184
расскажи	184
всередину	183
by	183
просила	183
потрібне	183
tи	183
боїшся	183
систему	183
подобаються	183
вгору	183
старі	183
дівчат	183
неделе	183
принеси	183
якесь	182
хорошие	182
ответ	182
знаходиться	182
спокойно	182
рюй	182
gonna	182
дерево	182
півночі	182
зад	181
стійте	181
случится	181
правило	181
знадобиться	181
больницу	181
стосується	181
допомогою	181
мова	181
бійся	181
сделаешь	181
сан	181
почнемо	181
однієї	181
тій	181
готель	181
вважає	181
вечерю	181
каким	180
черта	180
забыла	180
решила	180
которым	180
отримаєш	180
ехать	180
різниця	180
вбивати	180
привести	180
бывает	180
замечательно	180
болить	179
своем	179
дізнався	179
справжня	179
секрет	179
інформацію	179
получилось	179
зброї	179
остання	179
ресторан	179
залежить	179
поїдемо	179
намного	179
чжи	179
жодної	179
бн	179
каву	178
обіцяв	178
конца	178
смогла	178
убив	178
мак	178
истории	178
жертва	178
дружиною	178
мозок	177
никуда	177
врятував	177
друзями	177
справ	177
подивимося	177
проект	177
миллионов	177
читати	177
оттуда	177
намагається	177
гу	177
выбора	177
объяснить	177
декстер	177
минуле	177
поряд	177
hey	177
продовжуй	176
небо	176
кави	176
бій	176
дух	176
первая	176
команду	176
прекрасна	175
зможете	175
немедленно	175
например	175
находится	175
идём	175
маленькая	175
бш	175
тримайте	175
спокойной	175
кожному	175
купила	175
яйця	175
дверей	175
девочки	174
моему	174
познайомитися	174
мбт	174
сидеть	174
хотелось	174
ситуація	174
лі	174
месяца	174
занят	174
ідіот	173
проблему	173
дивиться	173
настоящий	173
решта	173
шериф	173
відкрити	173
слышали	173
причин	173
лист	173
чуєте	173
словами	173
сделает	173
голове	172
подорож	172
реально	172
працюєш	172
девушки	172
душ	172
розум	172
джеку	172
година	172
стіл	172
лікаря	172
дзвінок	172
нём	172
зміни	172
люк	172
гейб	172
музику	171
документи	171
складно	171
світла	171
запитання	171
улице	171
бік	171
жизнью	171
їхав	171
візьміть	170
подзвонити	170
вважаєш	170
ребёнка	170
єш	170
божевільний	170
смешно	170
благодаря	170
едю	170
придет	170
меч	170
чекав	170
сказано	170
надзвичайно	170
позаду	170
труп	169
навсегда	169
бар	169
третій	169
обоє	169
такую	169
разобраться	169
знайди	169
хотілося	169
живуть	169
просив	169
команди	169
церкви	169
становится	169
забула	169
позвоню	169
розмовляти	169
джона	169
забути	169
президента	169
hi	169
їде	169
письмо	169
добридень	169
писати	169
країни	169
побачимось	169
жінкою	169
поехать	169
контроль	168
донька	168
вибору	168
знов	168
райан	168
сержант	168
святого	168
нашій	168
гарне	168
іншими	168
вероятно	168
преступления	168
дзвонив	168
око	167
близко	167
подумать	167
багатьох	167
щрн	167
вау	167
нашими	167
спенсер	167
королем	167
армії	167
їв	167
свободу	167
зрозуміли	167
good	167
замовкни	166
твоему	166
збирався	166
женщину	166
віриш	166
ану	166
блль	166
хорошим	166
парней	166
побачимо	166
такої	166
камеру	166
барбі	166
if	166
одній	165
мамы	165
ліки	165
всеми	165
рплэ	165
просил	165
старк	165
девід	165
груди	165
пошёл	165
мамой	165
офис	165
останнім	164
блин	164
зник	164
ушел	164
вбивця	164
потрібний	164
брак	164
радіо	164
кимось	164
ранее	164
кар	164
їду	163
историю	163
сестру	163
пісня	163
убити	163
поганий	163
хлопцем	163
таблетки	163
попасть	163
школа	163
дістати	163
другую	163
похож	163
група	163
связь	163
держись	163
почув	162
написати	162
сталось	162
зла	162
перстень	162
лишень	162
then	162
вбивства	162
своему	162
мамою	162
чертовски	162
чекайте	162
ятай	162
вопросов	162
святий	162
единственная	162
дитя	162
первым	161
першу	161
працюють	161
пісню	161
заплатити	161
поліцію	161
города	161
кімнати	161
речь	161
самая	161
мертв	161
тест	161
забрав	161
точки	161
шелдон	161
делала	161
роуз	161
никакой	161
всюди	161
любив	161
делаем	160
чек	160
заберу	160
купил	160
рой	160
починається	160
мамі	160
карен	160
попрошу	160
помощи	160
делу	160
уфзн	160
брось	160
дурень	160
іще	159
сидить	159
отличная	159
питер	159
хи	159
приблизно	159
явився	159
адвоката	159
продолжай	159
якими	159
черга	159
пй	159
дехто	159
зло	159
молодец	159
вийшла	159
їдь	159
поттер	159
підійди	159
стосунки	159
уехать	159
незабаром	159
розуму	158
спитати	158
ятаєте	158
джейн	158
впевнені	158
согласен	158
оставаться	158
рсэрей	158
дитини	158
роман	158
чжэ	158
девушку	158
лікарю	158
убила	158
решили	158
брехня	158
морган	158
головою	158
игра	158
дивився	158
довіряти	158
цель	158
рассказала	157
іде	157
продати	157
back	157
робила	157
цру	157
вампир	157
дэвид	157
рухатися	157
тими	157
шеф	157
називають	157
дитиною	157
платить	156
поля	156
волосы	156
дороге	156
отримала	156
погані	156
плани	156
принц	156
йо	156
написала	156
мира	156
убью	156
попробовать	156
рухайся	156
необходимо	156
грає	156
молодий	155
знайдеш	155
неважно	155
повернення	155
вітання	155
ходив	155
наверх	155
садись	155
хворий	155
армія	155
тему	155
сожалею	155
залишився	155
кларк	155
випадково	155
имел	155
недель	154
джен	154
родителей	154
гораздо	154
вечірку	154
найбільше	154
потеряла	154
відео	154
сенсу	154
how	154
сидів	154
очередь	153
останнє	153
части	153
принесла	153
коло	153
чоловіче	153
заняться	153
бізнес	153
купа	153
попереду	153
одном	153
чорний	152
вирішила	152
беру	152
пройшло	152
джейсон	152
ізмаїл	152
уверены	152
вечеринка	152
жену	152
відчуваєш	152
дасть	152
всесвіт	152
обоих	152
касл	152
никак	152
значно	152
прошлом	152
річард	152
їжі	151
передай	151
ділейні	151
захочешь	151
скоріше	151
зобов	151
верить	151
двічі	151
любил	151
ніякої	151
жила	151
вещей	151
получила	151
бачить	151
жертвы	151
допомоги	151
опасности	151
поговори	151
первое	150
захист	150
каждого	150
робіть	150
бувайте	150
нелегко	150
прізвище	150
вище	150
отцу	150
різні	150
настав	150
дощ	150
забыть	150
читав	150
михо	150
просить	150
узнает	150
ублюдок	150
сонця	150
пені	150
польщі	150
забавно	150
долю	149
плевать	149
встречи	149
звільнити	149
оюк	149
мистера	149
закінчив	149
поздравляю	149
змогли	149
дівчиною	149
состоянии	149
среди	149
счет	149
закінчиться	149
зразок	149
найдем	149
получили	149
кэтрин	148
ребёнок	148
погана	148
вечірка	148
деб	148
слышать	148
приїхала	148
всесвіту	148
сплю	148
половина	148
рівень	148
she	148
роду	148
попросила	148
помре	148
листа	148
гостей	148
дружини	147
скрізь	147
прем	147
боротися	147
хорош	147
документы	147
групи	147
спину	147
down	147
называется	147
часі	147
початок	147
уолт	147
курс	146
генри	146
еяубй	146
игры	146
помощью	146
найбільш	146
тюрьме	146
многие	146
хорошего	146
майя	146
душа	146
сенс	146
цюм	146
смысл	146
північ	146
глаз	146
повно	145
женщин	145
клер	145
мю	145
бос	145
бекет	145
залишатися	145
see	145
професор	145
вовсе	145
цікавить	145
красивая	145
спала	145
бляха	145
солдати	145
зняти	145
коннор	145
расскажу	145
імена	145
дэн	144
використовувати	144
носить	144
вали	144
салли	144
ймовірно	144
місяця	144
глузду	144
контролем	144
обед	144
куплю	144
форму	144
внутрь	144
тед	144
маме	144
вверх	144
потрапив	144
глупо	144
получается	144
слов	144
касается	144
вуха	144
боги	143
рак	143
звонил	143
встреча	143
статус	143
started	143
договорились	143
единственное	143
попробуй	143
боці	143
вкрав	143
позвони	143
дар	143
америки	143
адрес	143
подзвоню	143
сукин	143
офицер	142
первой	142
планы	142
полицию	142
нуль	142
питань	142
док	142
мов	142
силы	142
ворог	142
самим	142
закінчити	142
забрал	142
відколи	142
шаг	142
суду	142
відповіді	142
снаружи	142
мільйон	141
скайлер	141
уяви	141
will	141
зайнятий	141
bang	141
згідно	141
моменту	141
інколи	141
банк	141
миль	141
моїми	141
мер	141
банку	141
забули	141
думають	141
встречу	141
рут	141
собаки	141
злотих	141
спав	141
заниматься	141
мільйони	141
раді	141
свидания	141
ідеї	141
генерал	141
веришь	141
всій	141
решту	141
штуки	141
повернусь	141
отримає	140
хорошее	140
отдай	140
коштує	140
ісусе	140
кораблі	140
штани	140
купи	140
чтo	140
зовні	140
продовжувати	140
твоем	140
дідька	140
добрі	140
позволю	140
матерью	140
жоден	139
сенсі	139
старый	139
доверять	139
лісі	139
пустелі	139
невдовзі	139
огонь	139
вышел	139
загинув	139
домі	139
сильнее	139
уперед	139
довести	139
повернешся	139
захочеш	138
платити	138
ув	138
самой	138
волі	138
котором	138
упевнений	138
стані	138
слышу	138
напад	138
джим	138
выйдет	138
пєя	138
сісти	138
хан	138
великим	138
відділ	138
случайно	138
вашій	138
горло	138
розповім	138
ніс	138
бене	138
однак	138
передати	137
вполне	137
чуваче	137
центрі	137
самий	137
справжнє	137
дел	137
следующей	137
дo	137
спи	137
сынок	137
кажете	137
жду	137
многое	137
амінь	137
built	137
явно	137
поїдеш	137
красиво	137
пишу	137
тихіше	137
встречаться	137
жертв	137
from	137
покое	136
бабуся	136
мысли	136
считаешь	136
помогу	136
побачите	136
їжа	136
спробую	136
підходить	136
люблять	136
захід	136
діб	136
тварин	136
поставити	136
залишу	136
небагато	136
бажаєте	136
кинути	136
вещь	136
хватает	136
важливе	136
этo	136
щаслива	136
легче	136
тысяч	136
позвольте	135
эмили	135
понравится	135
дурний	135
лайна	135
проходьте	135
сержанте	135
планети	135
шлюб	135
существует	135
коня	135
вільний	135
називати	135
голодний	135
уходить	135
компанія	135
выяснить	135
пекло	135
новая	135
дозволу	135
необхідно	135
маленькі	135
камера	134
таксі	134
баксів	134
назвав	134
вистачає	134
приехал	134
купу	134
кріс	134
позвонил	134
дозволю	134
остальные	134
энб	134
слушать	134
постой	134
останется	134
наверняка	134
ve	134
еге	133
спробуйте	133
кожна	133
бояться	133
новое	133
браво	133
нашем	133
щиро	133
знайомі	133
чувствовать	133
допоміг	133
узнала	133
time	133
частину	133
двери	133
вважають	133
мужчины	133
забуду	133
почала	132
удалось	132
раза	132
головы	132
найди	132
заставить	132
about	132
разумеется	132
убирайся	132
побачу	132
украл	132
мем	132
троє	132
плохой	132
пак	132
донні	132
кінь	132
неважливо	132
розповідав	132
убедиться	132
провина	132
помру	132
штук	131
платье	131
клэр	131
беги	131
родини	131
кохана	131
суть	131
хаус	131
отпусти	131
уряд	131
бяе	131
справлюсь	131
вихідні	131
волнует	131
допомагає	131
шум	131
увидишь	131
вернется	131
вбила	131
игру	131
дорогий	131
прийду	131
офисе	131
попросил	131
дни	131
счастлив	131
двигаться	131
віддав	131
мозку	131
помітив	131
забудьте	131
прийдуть	131
сотні	131
момента	130
їхній	130
want	130
лейтенант	130
діяти	130
милость	130
попал	130
росіяни	130
наближається	130
начальник	130
кончено	130
живеш	130
ближе	130
плачу	130
вышла	130
операції	130
when	130
ложь	130
розмови	130
вечно	130
ніде	130
тридцять	130
джека	130
минулої	130
говоримо	130
идиот	130
уб	130
правил	130
вічно	130
ищу	130
дістатися	130
білий	129
па	129
контракт	129
срочно	129
стан	129
фрэнк	129
камери	129
нових	129
бігти	129
майбутнього	129
собак	129
задоволення	129
найкраща	129
повернулися	129
тримаю	129
керувати	129
гадаєте	129
суп	129
получше	129
женой	129
межі	129
наверху	129
этими	129
take	129
купол	129
учитель	129
изменить	129
отличный	129
роберт	128
лікарню	128
повільно	128
моря	128
заплачу	128
човен	128
еямбй	128
вікна	128
избавиться	128
повернемося	128
сделку	128
грав	128
вмію	128
пітере	128
болю	128
тaк	128
трапиться	128
щасти	128
створити	128
фунтів	128
опусти	128
минуло	128
йoгo	128
начали	128
выше	128
майор	128
дозволив	128
need	128
очах	128
мэри	128
помните	127
еда	127
лемъ	127
пройшов	127
ігри	127
видимо	127
знайде	127
провели	127
всём	127
містера	127
народився	127
томми	127
нога	127
смогли	127
божевілля	127
исправить	127
живі	127
планету	127
вирішити	127
бросил	127
сестри	126
вашем	126
відсотків	126
дітьми	126
обережніше	126
somali	126
режисер	126
нравятся	126
тайлер	126
кьфй	126
виноват	126
куча	126
написал	126
считает	126
йюй	126
вышло	126
готелі	126
скотт	126
надія	126
плач	126
ходили	126
шматок	126
прикро	126
помог	126
новую	125
звонок	125
лично	125
захищати	125
ногами	125
жартую	125
благодарю	125
бажаю	125
борт	125
радістю	125
нормі	125
хён	125
смотрю	125
виходь	125
телевізор	125
відповісти	125
зробіть	125
зупинись	125
кинув	125
аа	125
прям	125
выход	125
відійди	125
явиться	125
пацан	125
наверно	125
устал	125
очей	125
їж	125
лінії	125
справедливо	124
годы	124
следы	124
вмієш	124
докази	124
перші	124
такси	124
місцях	124
оставьте	124
попросить	124
збираємося	124
суддя	124
чувство	124
частиною	124
квартира	124
увидела	124
гадав	124
клара	124
ранок	124
джейкоб	124
каково	124
живет	124
візьмемо	124
концерт	124
іти	123
общем	123
послав	123
шукає	123
неначе	123
розмова	123
питаю	123
використати	123
побачила	123
кухні	123
вільна	123
рух	123
повідомити	123
ху	123
меган	123
собираемся	123
виграв	123
впав	123
уйду	123
дитинко	123
змусити	123
одночасно	123
ключи	123
предложил	123
привело	123
who	123
припинити	123
считаю	122
рази	122
ребят	122
ледь	122
водою	122
скажет	122
любові	122
защищать	122
приводу	122
зуби	122
дивлюся	122
самолет	122
детьми	122
госпожа	122
якогось	122
смак	122
недостаточно	122
подождать	122
курсі	122
главное	122
жах	122
встретимся	122
виродок	122
невероятно	122
дочери	122
вітер	122
язані	122
будущее	122
операции	122
wait	122
бобби	122
яний	122
чутки	121
молода	121
коліна	121
na	121
работаешь	121
повертатися	121
яти	121
друге	121
нравишься	121
діло	121
тобi	121
четверо	121
країну	121
біллі	121
фактично	121
девушкой	121
гю	121
секундочку	121
спокої	121
прошла	121
відповідальність	121
минулому	121
дії	121
ааа	121
каком	121
кількість	121
учитывая	121
різних	120
дурня	120
обговорити	120
ситуацію	120
гарри	120
результат	120
рей	120
бачимо	120
буквально	120
лучшее	120
девушек	120
дослідження	120
нож	120
листи	120
look	120
усіма	120
дедушка	120
кафе	119
кинь	119
большие	119
прекрасний	119
ай	119
праворуч	119
війні	119
угоду	119
шутишь	119
едем	119
открыть	119
напевне	119
глибоко	119
заходи	119
собиралась	119
ван	119
погляд	119
язки	119
джереми	119
списку	119
бабушка	119
тела	119
дин	119
дракона	118
зa	118
группа	118
забрала	118
ставки	118
тэ	118
поняття	118
малюк	118
рукою	118
оставила	118
розумний	118
відійдіть	118
сходить	118
принесли	118
соромно	118
цілу	118
сердца	118
мозг	118
уейворд	118
розмову	118
професоре	118
задницу	117
сомневаюсь	117
бесс	117
статися	117
вкусно	117
следовало	117
великих	117
домом	117
допоможеш	117
менеджер	117
вчасно	117
залишайся	117
семь	117
частью	117
ролі	117
расслабься	117
домовилися	117
чорна	117
прокурор	117
поганого	117
видео	117
скажем	117
отдать	117
гості	117
другому	117
понравилось	117
менее	117
јчй	117
сміх	117
счастлива	117
чекаємо	117
остался	117
пропоную	117
стол	117
отримаєте	117
шукав	116
отак	116
дурниці	116
увижу	116
новые	116
боятися	116
надії	116
мсьє	116
попросив	116
беременна	116
разговор	116
ма	116
лица	116
времена	116
султано	116
партії	116
дамы	116
умови	116
найкращі	116
плохая	116
брехати	116
колір	116
получишь	116
пайнс	116
зустрів	116
решить	116
приехала	116
веде	115
смертю	115
элис	115
сэмми	115
системи	115
квіти	115
девчонка	115
ворога	115
останнього	115
вижити	115
собаку	115
бизнес	115
залишили	115
носа	115
оставайся	115
дойль	115
нічим	115
моём	115
попросити	115
червоний	115
втомився	115
навряд	115
деяких	115
віддам	115
сбежать	115
джиммі	115
перемогти	115
лабораторії	115
сир	115
острова	115
бігом	115
целый	115
did	115
поклади	115
сможете	114
влада	114
енфьоей	114
годинник	114
жены	114
край	114
чарльз	114
молоко	114
пытаешься	114
крики	114
часів	114
можливості	114
книжку	114
метрів	114
отця	114
покласти	114
закончили	114
хороші	114
помогает	114
живемо	114
продолжать	114
остановись	114
почекайте	114
согласна	114
справжні	113
принял	113
потреби	113
газ	113
контакт	113
завести	113
спал	113
мета	113
холмс	113
столом	113
устала	113
розслідування	113
очима	113
дзвони	113
земле	113
заплатить	113
джейку	113
картину	113
закончится	113
помогать	113
починати	113
язаний	113
вернись	113
решать	113
судя	113
уолтер	113
мока	113
ситуації	113
подивимось	113
ждет	113
сходи	112
прощай	112
умру	112
вдасться	112
ліпше	112
однако	112
свята	112
какую	112
сніданок	112
ніг	112
віку	112
татку	112
гору	112
зірок	112
примерно	112
назвати	112
принимать	112
мысль	112
сиди	112
тоні	112
колишній	112
любят	112
ціну	112
потеряли	112
йшов	112
беспокойся	112
аніж	112
полі	112
лєнка	112
убийстве	112
кое	112
дах	111
половиною	111
ходила	111
тюрьму	111
повна	111
сорок	111
присягаюся	111
номера	111
заміж	111
доволі	111
парк	111
желание	111
десяти	111
сміття	111
джеймсе	111
мальчика	111
відповідає	111
совет	111
шукають	111
подумали	111
квитки	111
стріляй	111
автор	111
карту	111
является	111
тією	111
енергії	111
ситуации	111
джерри	111
пропозиція	111
навчання	111
виходу	111
вечера	111
поїзд	111
выглядеть	111
уявляєш	111
компания	111
жил	111
іншої	111
миру	111
варіант	111
користь	111
підуть	110
дзвонить	110
ошибка	110
пісні	110
покарання	110
займатися	110
going	110
операцію	110
бити	110
папочка	110
закончить	110
ответить	110
запропонувати	110
ледве	110
мнение	110
вибух	110
чудові	110
повернись	110
неба	110
снять	110
ричард	110
пришло	110
кожну	110
модель	110
маленького	110
існують	110
неприятности	109
знайдуть	109
бросить	109
однією	109
недалеко	109
напали	109
вряд	109
золота	109
сильна	109
даних	109
кидай	109
ліс	109
вдячний	109
юн	109
повернулася	109
дані	109
дурна	109
провів	109
грейс	109
нудно	109
трон	109
безумовно	109
плану	109
think	109
юфбн	109
псих	109
узнали	109
єте	109
інформація	109
выходит	109
померли	109
минуты	109
козел	109
убивал	109
найкращого	109
билл	109
гри	109
девіде	108
кбль	108
важкий	108
новим	108
південь	108
немов	108
умрет	108
чудо	108
офіс	108
новина	108
любите	108
ліворуч	108
змогла	108
веди	108
збираються	108
нечто	108
навпаки	108
мусив	108
схожі	108
поступить	108
двоих	108
пса	108
песню	108
зніми	108
пів	108
кровью	108
частини	108
каких	108
їдеш	108
почалося	108
лме	108
искал	108
втратити	108
жертву	108
штат	108
якості	107
свідчення	107
ребекка	107
здоровий	107
одружитися	107
починає	107
делали	107
хвилює	107
сумно	107
сумку	107
приходится	107
глазах	107
дізнається	107
часы	107
мусите	107
пакет	107
сцену	107
начнем	107
погане	107
сожалению	107
открой	107
дурні	107
шляхом	107
мудак	107
еды	107
слегка	107
отож	107
довгий	107
лондон	107
займається	106
идут	106
дружище	106
years	106
квартире	106
кращі	106
замку	106
полицейский	106
гйбфя	106
повторюю	106
остальных	106
дівчини	106
чорні	106
монстр	106
розуміє	106
разница	106
подружка	106
фотографии	106
закінчили	106
пальці	106
ешь	106
рівні	106
люб	106
танцювати	106
газу	106
сериале	106
сделано	106
наодинці	106
опасно	106
стиль	106
первого	106
ятайте	106
подивитись	106
мйб	106
кан	106
їхніх	106
читала	106
продав	106
сміється	106
мюл	106
воля	105
бежать	105
уважно	105
шкодую	105
бля	105
дa	105
держаться	105
блін	105
схожа	105
пpo	105
остальное	105
делом	105
здурів	105
працюєте	105
справиться	105
теми	105
контролировать	105
удачі	105
кращим	105
покинути	105
виправити	105
відповідай	105
вогню	105
внимания	105
вкус	105
нести	105
припиніть	105
зірка	105
проходить	105
побери	105
збрехав	105
враження	105
чак	105
нещасний	105
ісус	105
ендрю	105
поклав	105
читать	105
несмотря	105
уехал	105
осторожно	105
вважав	105
послугу	104
корабля	104
нагорі	104
битва	104
использовал	104
мн	104
зверху	104
назвали	104
руш	104
величність	104
всіма	104
заборонено	104
энди	104
здравствуй	104
диво	104
почуваюся	104
спробуємо	104
денні	104
встретил	104
закінчується	104
чжон	104
врешті	104
підняти	104
зберегти	104
взглянуть	104
дають	104
ям	104
мертвих	104
обсудить	104
свобода	104
his	104
капітана	104
уайт	104
класу	104
честер	104
цілі	104
губернатор	104
большинство	104
побачить	104
похожа	104
новой	104
поїсти	104
кaк	103
прибрати	103
елена	103
сработает	103
майка	103
отдел	103
особливий	103
доказать	103
двома	103
розумна	103
коней	103
чикаго	103
події	103
повірте	103
пельку	103
контролювати	103
качестве	103
лето	103
гляньте	103
любое	103
дозвіл	103
участок	103
татко	103
имена	103
операция	103
прив	103
предложить	103
біс	103
партнер	103
заберіть	103
везде	103
ліжка	103
хмм	103
отпечатки	103
прекратить	103
маленьку	102
загинули	102
відчував	102
оставлю	102
страху	102
недостатньо	102
баксов	102
дізналися	102
остались	102
рейс	102
рухається	102
викликати	102
села	102
новость	102
шелдоне	102
скучаю	102
трошки	102
way	102
людині	102
другая	102
розлучення	102
шукаєш	102
продовжуйте	102
ясо	102
кишені	102
долг	102
спас	102
ivan	102
фильм	102
лео	102
ситуация	102
родина	102
людства	102
егю	102
разговаривать	101
відкрий	101
мин	101
маркус	101
мрії	101
врать	101
охорони	101
ушли	101
песня	101
острові	101
сильніше	101
товар	101
ошибку	101
настоящая	101
боявся	101
поможешь	101
вкрали	101
вернулись	101
вулицю	101
успіху	101
практично	101
представляю	101
маленьких	101
милорд	101
войти	101
дважды	101
подякувати	101
дивний	101
играет	101
деякий	101
потерять	101
джудіт	101
задоволенням	101
выходные	101
допомагати	101
сином	101
поеду	101
наказав	101
майбутньому	101
причину	101
повертається	101
заметил	101
заставил	101
власну	101
весьма	101
плохие	101
ріку	100
пойдешь	100
товаришу	100
привіз	100
ясувати	100
кино	100
відпустіть	100
зустрілися	100
енджі	100
поняли	100
працювали	100
адресу	100
стривайте	100
джесси	100
пише	100
подумайте	100
приятелю	100
захисту	100
заждіть	100
вірус	100
ютер	100
учора	100
прошел	100
свете	100
звичайний	100
щасливі	100
малого	100
вірить	100
помилку	100
закрий	100
отдохнуть	100
шефе	100
пал	100
порно	100
одежду	100
питав	100
концов	100
молодой	100
даний	100
намагалися	100
первую	99
розмовляв	99
надалі	99
одні	99
big	99
мимо	99
смотришь	99
майстер	99
работала	99
вce	99
столик	99
over	99
поесть	99
пригадую	99
поверни	99
повернися	99
управління	99
ятати	99
бомба	99
начало	99
полный	99
стояв	99
ищем	99
тэун	99
змінилося	99
сестры	99
жене	99
берта	99
команды	99
дорого	99
країна	99
кількох	99
комната	99
зато	99
сноу	99
us	99
розкажіть	99
працюємо	99
заплатив	98
болит	98
кордон	98
информацию	98
машин	98
закону	98
пусти	98
главный	98
love	98
вел	98
побачили	98
едва	98
віці	98
власний	98
долі	98
спали	98
запис	98
потрясающе	98
оказался	98
підете	98
дядька	98
усю	98
сексу	98
хлопчику	98
зору	98
света	98
спиш	98
отпустить	98
божа	98
приду	98
чотирьох	98
уходите	97
фургон	97
твоём	97
службу	97
джерело	97
вимагає	97
постарайся	97
рівно	97
ребенком	97
небі	97
створив	97
свадьбы	97
побыть	97
мзн	97
оказалось	97
менш	97
боишься	97
данные	97
рікі	97
дупи	97
вибуху	97
сподівався	97
живо	97
cool	97
свадьбу	97
зустріти	97
певні	97
інформації	97
течение	97
большую	97
оливер	97
шановний	97
уряду	97
меті	97
лекарства	97
земли	97
taк	97
хлопчика	97
дверима	97
фільму	97
емілі	97
попала	97
допоки	97
уникнути	97
работали	97
головой	96
руди	96
стюарт	96
небудь	96
мёртв	96
почнеться	96
информация	96
лице	96
завод	96
саму	96
язык	96
способен	96
перейти	96
відчувати	96
принца	96
офіцер	96
ящик	96
хороших	96
певний	96
отримаю	96
ответственность	96
собираетесь	96
корабль	96
пытались	96
счёт	96
чіпай	96
фільмі	96
имела	96
свято	96
работой	96
власні	96
відомий	96
покажіть	96
вагітна	96
мужчин	96
змінився	96
вернётся	95
well	95
ушёл	95
боїться	95
щасливим	95
здрастуйте	95
че	95
влади	95
окуляри	95
своя	95
ухожу	95
ногах	95
маріє	95
слухає	95
папери	95
встати	95
стіну	95
зустрінемося	95
серці	95
беспокоиться	95
ган	95
завтрак	95
поскольку	95
силою	95
королю	95
мережі	95
дивитись	95
склад	95
воді	95
здатний	95
осталась	95
запросив	95
особо	95
представляешь	95
чомусь	95
тeбe	95
тікай	95
марі	95
визнати	94
дядьку	94
привезли	94
хвильку	94
трясця	94
men	94
сподобалося	94
зона	94
працювала	94
приїхати	94
реаъ	94
them	94
настоящее	94
последняя	94
why	94
чушь	94
дерек	94
піди	94
подзвони	94
різдво	94
захочу	94
постріл	94
починай	94
операцию	94
результати	94
темна	94
тримає	94
вирок	94
узнаю	94
гым	94
бракує	94
вину	94
жениться	94
команді	94
piper	94
чортів	94
приехали	94
учиться	94
людство	94
карти	94
звонить	94
служба	94
спит	94
зря	94
прочь	93
ги	93
возвращайся	93
галактики	93
расследование	93
усьому	93
турбує	93
вибратися	93
фз	93
задать	93
pied	93
бензин	93
сильний	93
сценарій	93
керівник	93
перестать	93
досвід	93
мозга	93
позиції	93
білл	93
теорія	93
проще	93
отримує	93
энни	93
подходит	93
возвращаться	93
вбиває	93
френку	93
подобного	93
возможности	93
коїться	93
кілометрів	93
дивлячись	93
купили	93
сторони	93
знайомий	93
хліб	93
убьет	93
відпочити	93
важлива	93
відповів	93
марк	93
чекали	93
призначення	93
окно	93
упал	93
довше	93
увечері	93
рана	93
fight	93
беріть	93
джордже	93
разберусь	93
пожалуй	93
вспомнить	93
котра	93
тварини	93
уходим	93
придёт	93
прийняв	93
вік	93
поймать	92
наркотиками	92
спустя	92
операція	92
заново	92
футбол	92
дзеркало	92
спільного	92
компанію	92
владу	92
планеті	92
таємниці	92
формі	92
бере	92
черту	92
определенно	92
офіційно	92
полковник	92
обіду	92
крутий	92
зайшов	92
постели	92
сбежал	92
been	92
збираюсь	92
існування	92
стойте	92
грубо	92
выбрал	92
повз	92
занята	92
зібрати	92
приходять	92
трогай	92
ничто	92
перевір	92
понад	92
вариант	92
пари	92
базе	92
турбуйся	92
обе	92
мо	92
тепло	92
оружия	92
позаботиться	92
трапляється	92
дженни	92
заплатили	92
закончил	92
брехун	92
татом	92
mlke	92
денни	92
воспоминания	92
привид	92
попередження	92
женщиной	91
столе	91
ненадовго	91
голоду	91
самогубство	91
рок	91
розмовляю	91
власного	91
тоби	91
чекала	91
париж	91
проводить	91
почекати	91
оператор	91
рик	91
поблизу	91
пей	91
эчей	91
закрити	91
заявление	91
энн	91
залишила	91
случиться	91
кращого	91
казалось	91
команде	91
залишитись	91
сонечко	91
звільнення	91
an	91
появился	91
добраться	91
останусь	91
ын	91
горах	91
будьмо	91
достать	91
вірите	91
пойдет	91
закончилось	91
небеса	91
володар	91
талант	91
передать	91
начинается	91
подзвонив	91
причины	91
дякувати	91
судья	91
кучу	90
каждую	90
тема	90
просили	90
першому	90
запропонував	90
виглядаю	90
her	90
зможуть	90
найгірше	90
взгляд	90
зак	90
обещал	90
навчитися	90
готелю	90
джорже	90
микки	90
молоді	90
базу	90
думают	90
всякий	90
вільні	90
редактор	90
відношення	90
діри	90
впала	90
великою	90
полно	90
бережи	90
важное	90
спросил	90
яна	90
виграти	90
залишишся	90
никита	90
самых	90
зупиніться	90
стороні	90
звіт	90
хід	90
эчщ	90
звонила	90
карта	90
рон	90
лукас	90
смей	90
майоре	90
грей	90
начхати	89
скажімо	89
ціную	89
заклад	89
подій	89
директора	89
спрацює	89
доказів	89
джиме	89
держите	89
лісу	89
помреш	89
провела	89
рай	89
анна	89
старые	89
хаос	89
дістав	89
мэгги	89
показания	89
больницы	89
вытащить	89
покинув	89
божевільна	89
плохого	89
надовго	89
связано	89
stop	89
бой	89
марта	89
еякх	89
разные	89
томасе	89
прочитати	89
could	89
танцевать	89
міст	89
заткнися	89
услышал	89
відправити	89
майами	89
чувствовал	89
дітям	89
довга	89
коллінз	89
дозволяє	89
чон	89
обладнання	89
подібне	89
крилі	88
створили	88
прошлое	88
цветы	88
двумя	88
рукой	88
німці	88
шукаємо	88
камер	88
відвали	88
можливе	88
лучшая	88
зал	88
встретились	88
поставить	88
міністр	88
дихання	88
образ	88
сумніваюся	88
санні	88
камеры	88
джентльмени	88
починаємо	88
любити	88
генерале	88
тримайтеся	88
служити	88
захоче	88
занять	88
станеш	88
яті	88
вітаємо	88
столі	88
прийдеш	88
старая	88
красива	88
запитав	88
приймати	88
трое	88
лучшие	88
шутка	88
восемь	88
рассказывать	88
сліди	88
зламав	88
мар	88
злочину	88
обставин	88
хрена	88
глава	88
прошлый	88
вне	88
чудесно	88
тони	87
уши	87
співати	87
ненадолго	87
please	87
кошмар	87
выбрать	87
одежда	87
слухи	87
злочин	87
іграшки	87
брешеш	87
прибери	87
маленьким	87
людях	87
безпечно	87
лягай	87
заснути	87
знакомы	87
начинаю	87
любимый	87
тіні	87
убрать	87
читаю	87
пляжі	87
виделись	87
попередити	87
победить	87
парижі	87
бачать	87
мартін	87
розуміти	87
зробите	87
адреса	87
уровень	87
придумав	87
пообіцяв	87
захочет	87
останню	87
отвечать	87
півгодини	87
довкола	87
класний	87
вашими	87
паспорт	87
нос	87
тікати	87
идешь	87
тара	87
жертви	87
вижив	87
несчастный	87
семьей	87
обидві	87
будьласка	87
гріхи	86
написали	86
колледж	86
пропозицію	86
хвора	86
залишилися	86
красный	86
кэролайн	86
закони	86
пішло	86
навчився	86
полум	86
жахливий	86
кевин	86
послал	86
баре	86
квиток	86
doing	86
представити	86
кулі	86
умоляю	86
голодна	86
їсть	86
намагалася	86
мужем	86
память	86
вашою	86
класі	86
удовольствием	86
принадлежит	86
похожи	86
эбби	86
вiд	86
хе	86
відчини	86
вибрав	86
темно	86
расскажешь	86
вновь	86
more	86
яйца	86
ставлю	86
фу	86
состояние	86
нагадує	86
росте	86
дихай	86
стою	85
отойди	85
говорим	85
убери	85
удивительно	85
жарко	85
посеред	85
одиночку	85
значения	85
лори	85
чувствовала	85
шучу	85
відкриття	85
карле	85
аббі	85
армію	85
автомобіль	85
довбаний	85
глянути	85
дерьма	85
тише	85
вашему	85
поставив	85
вміє	85
схід	85
старик	85
подумаю	85
загалом	85
повернутись	85
кусок	85
волю	85
боли	85
процес	85
tы	85
норме	85
стефан	85
відчув	85
парку	85
девчонки	85
щастить	85
стыдно	85
живёт	85
писав	85
квартирі	85
маршал	85
понеділок	85
вовремя	85
знайдіть	85
великої	85
клиентов	85
доктором	85
маргарет	85
кэти	85
здание	85
поставили	85
выжить	85
звуки	85
одолжение	85
яч	85
отеле	85
кй	85
намагаюсь	85
врач	85
всесвіті	85
силах	85
самые	85
возле	85
зайнятися	85
выпьем	84
поезд	84
хян	84
позбутися	84
подобаєшся	84
вирішувати	84
where	84
чорта	84
бий	84
торт	84
саду	84
vyrvyvuho	84
назвать	84
програму	84
ищет	84
чудове	84
потрапили	84
заспокойтеся	84
платять	84
нижче	84
пенни	84
стараюсь	84
never	84
праві	84
начебто	84
підлозі	84
некоторое	84
марія	84
фільми	84
готовить	84
станешь	84
помогла	84
правы	84
робитимемо	84
хвилі	84
простіше	84
карла	84
кожної	84
втратила	84
ятнадцять	84
ззаду	84
двигун	84
фокс	84
чекаєш	84
пил	84
чергу	84
as	84
фйт	84
мамочка	84
извиниться	84
вбуйлйь	84
взгляни	83
беспокоит	83
гадки	83
сонні	83
обожнюю	83
виглядати	83
своём	83
драконів	83
суді	83
мальчики	83
тиск	83
удома	83
крик	83
простір	83
наедине	83
прибув	83
носити	83
заробити	83
ситуацию	83
зате	83
книжки	83
ад	83
класс	83
позабочусь	83
сзади	83
волноваться	83
угода	83
планета	83
читал	83
джексон	83
называть	83
дорогою	83
театр	83
зручно	83
важнее	83
фізики	83
вечеринке	83
братів	83
здоровье	83
стріляв	83
шановні	83
язати	83
займусь	83
смысла	83
совпадение	83
щоби	83
днём	83
помремо	83
союз	83
дивовижно	83
дейв	83
детям	83
купер	83
бороться	83
запросити	83
даси	83
гарві	83
збираєтеся	83
работают	83
винна	83
пояснення	83
атреїдес	83
глибше	83
жахлива	83
пісок	83
душе	83
сні	83
флот	83
yes	83
случается	82
артур	82
узнаешь	82
отвали	82
випив	82
погиб	82
убедить	82
служби	82
дізнатись	82
робин	82
небольшой	82
спогади	82
повсюду	82
обязан	82
направо	82
выбраться	82
ціла	82
хуй	82
наступна	82
уничтожить	82
мистецтво	82
приїде	82
просити	82
поверніть	82
хороше	82
результаты	82
уехала	82
тягни	82
розповідати	82
їздити	82
вийшли	82
бред	82
проверю	82
точку	82
новому	82
надеялся	82
скелі	82
здалося	82
кнопку	82
дю	82
даремно	82
дзвонила	82
позвонила	82
зроблять	82
казино	82
тупий	82
виде	82
нac	82
оо	82
важливі	82
фе	82
потребує	82
смертью	82
рэйчел	82
ціль	82
стю	82
помирає	82
розповіла	82
ордер	82
землею	82
попытаться	82
дочку	82
присоединиться	81
біжіть	81
привів	81
зав	81
люсі	81
дивне	81
смотрел	81
океан	81
кайл	81
америка	81
решения	81
умрешь	81
родину	81
хрень	81
намагаєшся	81
темряві	81
шелдона	81
першої	81
безумие	81
убн	81
придумать	81
відпустити	81
район	81
взуття	81
линкольн	81
жінками	81
йдеться	81
доводиться	81
їхня	81
відтепер	81
повернуться	81
форма	81
іншій	81
our	81
внезапно	81
спальні	81
идеально	81
пальто	81
наступні	81
state	81
музыка	81
встань	81
приказ	81
літо	81
встречались	81
старих	81
класна	81
написать	81
ворогів	81
ждёт	81
дивляться	81
заслужил	81
дупі	81
say	81
пропал	81
небезпеці	81
клянуся	81
перезвоню	81
давление	81
знай	81
обожаю	81
страшенно	81
ерік	81
устроить	81
отправить	81
волнуюсь	80
семи	80
вдень	80
пройде	80
підтримки	80
занимался	80
граєш	80
прекратите	80
набридло	80
втрати	80
тренер	80
донован	80
мик	80
загін	80
машиною	80
руці	80
маленьке	80
кам	80
зрадив	80
альфа	80
повтори	80
девять	80
дадуть	80
болен	80
джин	80
адвокатом	80
джуніоре	80
компьютер	80
викликає	80
телефона	80
виконати	80
нізащо	80
інтерв	80
перевагу	80
період	80
основном	80
назовні	80
пив	80
потяг	80
писать	80
давать	80
пробував	80
зітхає	80
лили	80
злий	80
трех	80
эмма	80
гендальф	80
принес	80
веду	80
ago	80
алкоголь	80
поглянути	80
тяжко	80
ідеально	80
нашою	80
магазине	80
сліпий	80
згодом	80
началось	80
потрапила	80
война	80
тітка	80
обмін	80
починаю	80
бідний	80
шкоди	80
сад	80
сидит	80
відповідати	79
літати	79
прощавай	79
слушаю	79
військових	79
подруги	79
звинувачення	79
незважаючи	79
звичайна	79
нагору	79
візьмеш	79
забирайтеся	79
little	79
евелін	79
дивні	79
посмотрю	79
ванну	79
накази	79
страны	79
мії	79
спитав	79
погодився	79
began	79
кричать	79
брав	79
стране	79
нм	79
привiт	79
домовились	79
стосовно	79
морі	79
продовжує	79
ga	79
перестаньте	79
солнце	79
намагаються	79
практически	79
змушений	79
характер	79
полковнику	79
сыном	79
след	79
вважаєте	79
атаки	79
пастці	79
чудовище	79
переконати	79
виходьте	79
кава	79
пальцем	79
едет	79
знання	79
капелюх	79
аеропорту	79
особисте	79
полювання	79
війська	79
make	79
джоуи	79
лекарство	79
милі	79
шукали	79
has	79
звонки	79
вечеринки	79
ru	79
итоге	79
приехать	79
відчути	79
дамо	79
навчити	79
займався	79
гарного	78
фщн	78
стули	78
змушує	78
кинула	78
любили	78
гаряче	78
стрелять	78
заставляет	78
молли	78
проведу	78
оэсщ	78
настрій	78
воздух	78
центру	78
занимается	78
шию	78
белый	78
суде	78
доказательства	78
канал	78
нещодавно	78
особливого	78
эдди	78
відстань	78
краща	78
роботою	78
твоїми	78
почуваєшся	78
подібно	78
братику	78
джеймса	78
кухне	78
покоління	78
пїя	78
символ	78
болезнь	78
вашингтон	78
краю	78
ціна	78
третий	78
кохаєш	78
атаку	78
довіряю	78
макса	78
жодна	78
принцеса	78
wanna	78
занимаюсь	78
пропала	78
ало	78
схожу	78
надію	78
keep	78
ходять	78
сини	78
медленно	78
збори	78
командир	78
борту	78
положи	78
creed	78
білі	78
неділю	78
работаем	78
вийду	78
вільно	78
маленькой	78
души	77
показав	77
остается	77
серія	77
живим	77
сохранить	77
підлогу	77
ношу	77
борг	77
умеешь	77
праці	77
вбивав	77
розв	77
судьба	77
шторм	77
даху	77
пульс	77
вбивці	77
заслужив	77
вернемся	77
янку	77
кожним	77
доверяю	77
грі	77
робиться	77
триматися	77
порох	77
зависит	77
следить	77
увійти	77
приходит	77
прекрасный	77
відкрив	77
вызвать	77
готувати	77
didn	77
згода	77
знайдете	77
мiй	77
мeнe	77
картина	77
лесу	77
отпустите	77
зупинитися	77
справжнім	77
позволил	77
пахне	77
войны	77
віра	77
дружині	77
живешь	77
число	77
берега	77
извинения	77
ідею	77
температура	77
мері	77
відвезти	77
сок	77
км	77
mo	77
певен	77
мартин	77
сообщить	77
связаться	76
могилу	76
навчив	76
тім	76
погода	76
будущем	76
которому	76
лу	76
зрения	76
бобе	76
безглуздо	76
фюсб	76
тюрьмы	76
одни	76
подбаю	76
хьюго	76
дурниць	76
пишаюся	76
їхали	76
іншою	76
ими	76
действовать	76
вечірки	76
тримав	76
міцно	76
лицом	76
младший	76
радио	76
поїхала	76
нибудь	76
сесть	76
виходити	76
скінчено	76
предлагаю	76
каждое	76
зібрався	76
підійде	76
продать	76
вийдеш	76
wall	76
приходил	76
якомога	76
книг	76
уфпн	76
крамниці	76
дзвоню	76
приносить	76
мари	76
заботиться	76
смердить	76
уроки	76
звільнили	76
бюро	76
заслужила	76
словом	76
новин	76
тисячу	76
постараюсь	76
доньку	76
перемогу	76
some	76
якимось	76
справою	76
сумую	76
здавалося	76
найдешь	76
появилась	76
пас	76
компанию	76
агента	76
коробку	76
собственной	76
держу	76
скажуть	76
прийняли	76
самих	76
грошима	75
синій	75
ел	75
стають	75
помилки	75
порушення	75
дно	75
ku	75
змусив	75
ангел	75
ценю	75
влаштувати	75
специально	75
успіх	75
понимает	75
согласно	75
приходила	75
самым	75
отказался	75
хлопцями	75
магазині	75
розуміють	75
братья	75
займе	75
прокинься	75
таємниця	75
деймон	75
вірив	75
матиме	75
водій	75
живете	75
перевірю	75
фотографії	75
стивен	75
головного	75
джесс	75
убивает	75
тварина	75
бумаги	75
отдал	75
власність	75
храм	75
різдва	75
назвал	75
справишься	75
табір	75
музыку	75
додати	75
розмір	75
чо	75
рядовий	75
партія	75
крихітко	75
ризик	75
хвилюйтеся	75
повірив	75
рівня	75
глазами	75
гордон	75
субтитры	75
кулю	75
бенни	75
використовують	75
скрывать	75
плохое	75
форми	75
начинает	75
парню	74
рухатись	74
тiльки	74
пий	74
бабусю	74
спробував	74
скло	74
назвала	74
власник	74
оставили	74
сделка	74
лиззи	74
чистий	74
брату	74
пройшли	74
временем	74
хенк	74
вызов	74
быстрей	74
військові	74
человеку	74
намір	74
кажіть	74
плакати	74
століття	74
умирает	74
ясю	74
вхід	74
сел	74
похорон	74
сестро	74
коханий	74
проверь	74
свободи	74
приходив	74
нової	74
помилився	74
мужчину	74
ручку	74
ятдесят	74
джун	74
эрик	74
нмю	74
уряфй	74
покинула	74
пітера	74
залі	74
найбільший	74
появится	74
носит	74
запрошення	74
отвечает	74
займаєшся	74
продюсер	74
джорджа	74
запрошую	74
воу	74
закохався	74
передам	74
музики	74
даст	74
кэсси	74
отстой	74
познайомитись	74
уся	74
хрест	73
маячня	73
кеті	73
everything	73
рода	73
горжусь	73
живих	73
ранен	73
нью	73
максимум	73
зранку	73
члена	73
корова	73
считать	73
коротше	73
база	73
копы	73
ходил	73
штаны	73
підписати	73
будівлі	73
свідомість	73
газети	73
групу	73
нормальний	73
замужем	73
хорошей	73
зайнята	73
допомогла	73
елізабет	73
название	73
послали	73
збіг	73
людське	73
останешься	73
выходи	73
умею	73
назву	73
бомбу	73
забувай	73
йдете	73
получит	73
ki	73
занимаешься	73
кухню	73
дает	73
миллион	73
підійти	73
кохає	73
пальців	73
лінда	73
ждал	73
тoбi	73
даян	73
діє	73
закінчено	73
деньгами	73
mи	73
випий	73
конкретно	73
лш	73
подорожі	73
язницю	73
узнаем	73
побути	73
передайте	73
наслідки	73
едлін	73
джонни	73
дюран	73
підходь	73
лікування	73
онвелс	73
віскі	73
were	73
власної	73
шоколад	73
диск	73
кіт	73
санта	73
любимо	73
прокинувся	73
столу	73
виріс	73
поцелуй	72
сумасшедший	72
акт	72
шанси	72
напрямку	72
встрече	72
привела	72
изменилось	72
выбрала	72
показує	72
братан	72
любую	72
встать	72
отношений	72
осторожнее	72
шкіра	72
матимеш	72
однаково	72
робитимеш	72
еуэ	72
грудь	72
сильні	72
подивлюся	72
убийцу	72
харви	72
копи	72
клятий	72
something	72
sorry	72
послання	72
малышка	72
условия	72
пошло	72
мрія	72
черзі	72
тьl	72
назва	72
рухом	72
межами	72
джейми	72
жінкам	72
называют	72
черевики	72
медсестра	72
приходити	72
проповідник	72
неймовірна	72
поедем	72
oн	72
проста	72
спроба	72
раджу	72
метою	72
втрачати	72
бывший	72
сестрою	72
сексуально	72
збожеволів	72
любого	72
роками	72
вулицях	72
сидиш	72
оголошення	72
радість	72
поміж	72
варті	72
зубами	72
ціле	72
грали	72
тон	72
вчитися	72
художник	72
ся	72
памяти	72
ніколас	72
алі	72
групі	72
одружений	72
дихає	72
тейлор	72
отвезти	72
убьют	72
мертвы	72
спокою	72
кожній	71
прекрасная	71
герб	71
номером	71
пахнет	71
поверну	71
брать	71
горить	71
офісі	71
пойдёт	71
замовлення	71
писала	71
скучно	71
данных	71
заплатил	71
втекла	71
виглядав	71
отправил	71
окна	71
earth	71
грузовик	71
expansion	71
чиста	71
описати	71
мeня	71
nearly	71
уильям	71
полегче	71
членом	71
настане	71
зелений	71
високо	71
доказ	71
постель	71
шансы	71
собрать	71
суботу	71
співає	71
божевільні	71
моими	71
клубу	71
боягуз	71
залишуся	71
подобное	71
свиня	71
журнал	71
избежать	71
группы	71
моника	71
боротьби	71
першою	71
іду	71
связаны	71
назвою	71
терпіння	71
поворот	71
пристрій	71
волнуйтесь	71
деталі	71
элисон	71
опинився	71
возьмите	71
понимать	71
пропав	71
томмі	71
uh	71
навіки	71
небезпечний	70
обвинения	70
мільярдів	70
позицію	70
карри	70
сценарію	70
наука	70
играл	70
вoни	70
отут	70
робін	70
отто	70
захотів	70
сни	70
родился	70
верну	70
їдять	70
явилася	70
ударил	70
нравлюсь	70
вимкни	70
вороги	70
ищешь	70
брэндон	70
обличчям	70
пройшла	70
рою	70
лорда	70
too	70
поверх	70
злишься	70
рятувати	70
пункт	70
ри	70
якоїсь	70
фантастика	70
залишати	70
сраку	70
преступление	70
клиент	70
важливий	70
калеб	70
найкращим	70
любимая	70
видит	70
цирк	70
ходім	70
загубив	70
христа	70
істоти	70
варшави	70
батькові	70
mystery	70
tools	70
бажає	70
америці	70
звонит	70
печиво	70
загрожує	70
молодший	70
способом	70
начнём	70
господар	70
молока	70
скажемо	70
заяву	70
стейси	70
натовп	70
сработало	70
собирались	70
донна	70
закрой	70
данкан	70
хлопчики	70
приходи	70
голоден	70
монро	70
developed	69
магазину	69
coming	69
вбий	69
актриса	69
напарник	69
залишилось	69
neanderthals	69
привели	69
зайняти	69
черный	69
енергію	69
побольше	69
рады	69
попросили	69
поступил	69
наречена	69
дворі	69
дерев	69
називає	69
граю	69
billion	69
терри	69
пенні	69
небесах	69
объясняет	69
dense	69
село	69
високий	69
слухаєш	69
хо	69
справжнього	69
англії	69
целую	69
официально	69
зачекати	69
напишу	69
зрозумій	69
згодна	69
попали	69
поцілувати	69
береш	69
замало	69
кармен	69
замінити	69
кровать	69
куля	69
малим	69
свидетель	69
переживаю	69
ход	69
тост	69
єру	69
церква	69
придумал	69
two	69
help	69
поясню	69
царство	69
уйди	69
серцем	69
трава	69
природа	69
дэниел	69
обрали	69
клубе	69
жди	69
світом	69
показал	68
чувствует	68
сигарету	68
получу	68
unraveling	68
вийди	68
зайду	68
послухати	68
форме	68
пули	68
копа	68
називали	68
цікава	68
зважаючи	68
забыли	68
неприємності	68
твоими	68
фінч	68
виновата	68
сподобалось	68
прохання	68
ненавидит	68
підніми	68
колени	68
дідусь	68
грець	68
гість	68
надеяться	68
нaм	68
повне	68
тома	68
сів	68
животных	68
швидкість	68
відкрийте	68
їхню	68
спасла	68
убит	68
зубы	68
кожний	68
надоело	68
позади	68
здатні	68
тече	68
плакала	68
бажаєш	68
носом	68
озеро	68
норвегії	68
виклик	68
клієнт	68
мішок	68
виглядають	68
песни	68
настоящие	68
лучшим	68
тінь	68
увидеться	68
палець	68
красивый	68
смс	68
пляшку	68
tell	68
єдиним	68
запросили	68
ецн	68
вчитель	68
човні	68
старим	68
ведет	68
залишилася	68
сделайте	68
убийцы	68
захотел	68
терміново	68
признать	68
фігня	68
терпеть	68
злодій	68
знищення	68
командою	68
спостереження	68
другими	68
сайт	68
pyramids	68
леонарда	67
досягти	67
наступне	67
суда	67
гора	67
узяти	67
ніл	67
поліцейський	67
девочек	67
джоан	67
винятком	67
актор	67
непросто	67
рорі	67
десерт	67
благослови	67
охорона	67
живут	67
суму	67
росіян	67
действия	67
дивна	67
давала	67
off	67
пригласить	67
заказ	67
величезний	67
успокойтесь	67
студії	67
матеріал	67
америку	67
зміна	67
почули	67
явилися	67
терпіти	67
отстань	67
мову	67
пили	67
имеете	67
лондоні	67
интервью	67
холодильник	67
передзвоню	67
євро	67
слухаюсь	67
светлость	67
світанку	67
классе	67
смачно	67
наразі	67
гaрри	67
вдарив	67
приклад	67
чжин	67
зброєю	67
блага	67
відбулося	67
квартири	67
странное	67
екея	67
переговори	67
університету	67
боротьба	67
ног	67
поймал	67
будущего	67
would	67
думаем	67
столь	67
проклятье	67
реае	67
девушке	67
ванній	67
стань	67
приедет	67
сотню	67
франції	67
назви	67
пастка	67
відносини	67
чорної	67
пропали	67
исчез	67
виконувати	67
наполовину	67
заходу	67
am	67
накоїв	67
вуді	67
смогут	67
очки	67
детстве	67
дядю	67
сумніву	67
залюбки	67
отношение	67
займет	67
камері	66
попробую	66
перестал	66
собрался	66
попробуем	66
рисковать	66
барон	66
вечірці	66
станції	66
остановиться	66
покладіть	66
зветься	66
натомість	66
умный	66
спиною	66
озера	66
джаред	66
річки	66
вампиров	66
рахунки	66
єкт	66
бреше	66
сыну	66
информации	66
витрати	66
лежать	66
клиента	66
перемоги	66
шлюха	66
заходить	66
метро	66
поговорили	66
дізнаються	66
підірвати	66
спишь	66
кодай	66
гріх	66
обом	66
коментатор	66
всi	66
заметила	66
идеи	66
прочитала	66
зима	66
мод	66
страну	66
познакомились	66
мужчиной	66
заслуживает	66
сигарети	66
миром	66
ята	66
товариш	66
выходить	66
повіриш	66
нравилось	66
здания	66
геній	66
імперії	66
щасливою	66
продаж	66
лежати	66
перемога	66
ксьондз	66
берег	66
вийдіть	66
альбом	66
счастье	66
ждала	66
пацієнт	66
процедура	66
згадав	66
следи	66
хвороба	66
которыми	66
говоріть	66
женат	66
сражаться	66
чжу	66
адем	66
руби	66
счастливы	66
роз	66
участке	66
відтоді	66
брайан	66
билли	66
умирать	66
мясо	66
счастью	66
божий	66
бхфю	66
анно	66
пожежа	66
програми	66
лена	66
ничем	66
кенні	66
науки	66
доброй	66
кожне	66
руху	66
джулия	66
странный	66
зникла	66
муха	66
дихати	65
ела	65
зображення	65
відьма	65
задля	65
прислав	65
спалити	65
переконатися	65
дорогуша	65
большим	65
лечение	65
общего	65
рассказывал	65
шансів	65
камень	65
вимкнути	65
старому	65
безкоштовно	65
пользу	65
їдуть	65
пяти	65
березі	65
лондона	65
выиграл	65
дзвонити	65
had	65
розпочати	65
даєш	65
лучшего	65
телебачення	65
солдатів	65
залишимо	65
продолжайте	65
спрацювало	65
очікував	65
доктору	65
падають	65
многих	65
дурню	65
скучать	65
аш	65
живым	65
возвращается	65
сне	65
наробив	65
території	65
ванной	65
бонни	65
створення	65
дaвaй	65
зникли	65
тсс	65
рецепт	65
матерії	65
разных	65
повторити	65
срок	65
расстроен	65
почне	65
шинхва	65
задание	65
позвонили	65
ma	65
отримаємо	65
днями	65
раду	65
стояла	65
умеет	65
змінив	65
продовжити	65
легенда	65
бросила	65
мови	65
зустрічатися	65
реган	65
пальцы	65
відправив	65
цели	65
проникнення	65
марка	65
приз	65
застряг	64
радостью	64
поранений	64
протокол	64
продукт	64
максе	64
ється	64
знаючи	64
выгляжу	64
сорочку	64
останніх	64
вилазь	64
нiчого	64
перестала	64
кадди	64
вторгнення	64
секса	64
дозволите	64
єр	64
виявляється	64
ізі	64
літака	64
верни	64
бей	64
шоне	64
руке	64
очнись	64
візьме	64
зрозумієш	64
перерыв	64
відстані	64
увидели	64
гадала	64
говард	64
каждой	64
жахливі	64
недовго	64
чує	64
такій	64
розмовляли	64
боба	64
відмовився	64
желаю	64
признаться	64
великолепно	64
йен	64
женщине	64
купувати	64
сбежала	64
рьме	64
летіти	64
любовью	64
героя	64
стояли	64
маску	64
полное	64
these	64
стіна	64
смотрит	64
подарунки	64
пожар	64
записку	64
обережним	64
більбо	64
представляет	64
мечты	64
відділу	64
зрозуміє	64
картини	64
бувають	64
стену	64
поспішай	64
золотце	64
близки	64
язано	64
устраивает	64
секунди	64
фярпфб	64
отель	64
метод	64
выпил	64
будучи	64
розібратися	64
називай	64
heт	63
сходити	63
сором	63
чия	63
брехав	63
районі	63
чашку	63
соня	63
спросила	63
рис	63
чёрта	63
терять	63
ненавидить	63
раны	63
варта	63
зайняті	63
молодого	63
лікарі	63
клубі	63
нахуй	63
миледи	63
уілл	63
разок	63
масло	63
стены	63
произойдет	63
твії	63
бився	63
сну	63
варте	63
боєць	63
особи	63
покинули	63
дред	63
херня	63
наомі	63
прислали	63
письма	63
бум	63
неловко	63
согласился	63
бак	63
закрыть	63
тысячи	63
женаты	63
ужас	63
почула	63
ліндо	63
риба	63
термін	63
президентом	63
нісенітниця	63
ризикувати	63
річку	63
софі	63
найважливіше	63
сиджу	63
уявлення	63
суті	63
рахунку	63
повідомили	63
защиту	63
повстання	63
родом	63
постріли	63
прокурора	63
приготувати	63
диявол	63
лізь	63
ерін	63
камені	63
основному	63
сподобався	63
зрадник	63
програма	63
джонсон	63
язика	63
єво	63
услышала	63
смій	63
крис	63
партнера	63
сніг	63
робитиму	63
тиша	63
заняття	63
кричить	63
тратить	63
розуміння	63
керує	63
помирати	63
чё	63
узнают	63
старше	63
пригласил	63
вчинив	63
декого	63
дидем	63
продам	63
віри	63
лучшей	63
оказаться	63
відчиняй	63
стреляй	63
важкі	63
дозволили	63
звони	62
порада	62
хобі	62
крістін	62
вздыхает	62
шиї	62
свидетелей	62
юрку	62
muse	62
закляття	62
ставить	62
яйце	62
ятий	62
танці	62
рейчел	62
приведи	62
мрій	62
шехзаде	62
почну	62
ожидал	62
надолго	62
замовив	62
боїтеся	62
красуня	62
похороны	62
пароль	62
поцілунок	62
посвідчення	62
встиг	62
зникне	62
ходу	62
встречался	62
помічник	62
інтернет	62
сучка	62
помітили	62
марко	62
дождаться	62
глубоко	62
давав	62
шматки	62
переміг	62
аманда	62
впереди	62
съесть	62
засіб	62
воспользоваться	62
їздив	62
лестер	62
різ	62
показалось	62
дракон	62
кoли	62
давати	62
какао	62
ремонт	62
притулок	62
прошлого	62
падає	62
попроси	62
хранить	62
любим	62
зміниться	62
повернемось	62
слышите	62
обсуждать	62
зіграти	62
відбудеться	62
вечеря	62
эль	62
мрпсея	62
появились	62
чорних	62
силой	62
ждут	62
подойди	62
спрашивать	62
знаки	62
пощастить	62
пошуки	62
кістки	62
сестрёнка	62
почнуть	62
точка	62
надеть	62
полной	62
україні	62
вражає	62
прийшло	62
плавати	62
кей	62
запитань	61
убийств	61
знімай	61
поваги	61
начну	61
списке	61
використовує	61
допомогли	61
сидел	61
живой	61
держал	61
чом	61
огидно	61
стріляйте	61
двигайся	61
набір	61
кровати	61
духа	61
захваті	61
єю	61
членів	61
договір	61
кодекс	61
революції	61
делайте	61
деколи	61
чувака	61
американці	61
контролю	61
билет	61
приятного	61
маленькие	61
усюди	61
тереза	61
паркер	61
благодарна	61
найдём	61
переможець	61
селі	61
гляну	61
кермо	61
хліба	61
продавати	61
салат	61
питаєш	61
наручники	61
довгі	61
язана	61
сусіди	61
джонс	61
скористатися	61
эли	61
встретила	61
опухоль	61
хвороби	61
нещастя	61
ціни	61
давали	61
стрелял	61
відома	61
погодите	61
мрпсю	61
стіні	61
щасливо	61
дочки	61
коледж	61
приходь	61
джої	61
грег	61
повільніше	61
дива	61
краса	61
виїхати	61
ринку	61
дольше	61
шерифа	61
одружені	61
положение	61
літаку	61
вторая	61
хуя	61
навредить	61
міледі	61
поиграть	61
підвалі	61
важке	61
найкращих	61
рід	61
цікавий	61
ёлб	61
расскажите	61
нашему	61
котрі	61
змозі	61
виродку	61
допоможете	60
хех	60
трюк	60
читай	60
туалеті	60
експеримент	60
шести	60
защиты	60
бал	60
напал	60
відправили	60
бет	60
give	60
закончила	60
населення	60
вирус	60
прекрасне	60
береги	60
кляті	60
чий	60
издеваешься	60
чітко	60
спрашиваю	60
дівчині	60
опоздал	60
роджер	60
штату	60
кабинет	60
нил	60
мими	60
розмов	60
намагаючись	60
нападу	60
расстались	60
эфуй	60
згодні	60
помнить	60
поехал	60
системі	60
сяду	60
величество	60
again	60
випустіть	60
пляж	60
покончить	60
добі	60
глубже	60
щасливого	60
сообщения	60
дик	60
вірші	60
because	60
разрешения	60
баба	60
європі	60
заході	60
усередині	60
оставлять	60
власних	60
невдаха	60
управлять	60
лагерь	60
англійською	60
зуб	60
му	60
гаppi	60
згадати	60
ком	60
лайла	60
надежды	60
неа	60
еді	60
джудит	60
вфхм	60
кермом	60
забираю	60
иккинг	60
пациентов	60
лошадь	60
уявляю	60
стене	60
войну	60
дура	60
зупини	60
комнаты	60
заходите	60
устройство	60
ролях	60
локк	60
прием	60
мовчи	60
битви	60
укриття	60
секреты	60
зустріла	60
голосу	60
move	60
язик	60
відкривай	59
клуба	59
работаете	59
використовували	59
бутылку	59
гектор	59
количество	59
дитинства	59
йшла	59
показали	59
миша	59
ответил	59
вырос	59
частинок	59
горе	59
перенести	59
чорну	59
побачать	59
енергія	59
тупо	59
вибачитися	59
исчезла	59
украли	59
крід	59
собираются	59
следовать	59
поїде	59
хорошенько	59
зустрічав	59
росії	59
службы	59
красти	59
вважати	59
несправедливо	59
тигр	59
майкла	59
віктор	59
прочитав	59
наплевать	59
давненько	59
really	59
поработать	59
кроки	59
бабки	59
дата	59
впаде	59
благодарен	59
друзям	59
кай	59
першій	59
третя	59
градусів	59
пациент	59
розказати	59
педик	59
нескольких	59
доставить	59
счета	59
підійдіть	59
спроси	59
ресторані	59
застрелили	59
рятуйте	59
новенький	59
тікайте	59
чіпайте	59
родині	59
прошли	59
yo	59
лаборатории	59
зібралися	59
матч	59
помощник	59
пробачити	59
дыши	59
рибу	59
поднять	59
одягу	59
правосуддя	59
їли	59
венді	59
пусте	59
бонд	59
нанял	59
біле	59
звоню	59
воювати	59
являється	59
рождество	59
коул	59
витягти	59
данный	59
оказалась	59
придумала	59
рют	59
злочини	59
мальчиков	59
папір	59
стануть	59
первом	59
кассі	59
иэлщ	59
позволит	59
послати	59
простору	59
утік	59
сходах	59
кора	59
синго	59
врятувала	59
кращих	59
якомусь	59
удовольствие	59
only	58
автобуса	58
торін	58
марто	58
запитай	58
принёс	58
повертайтеся	58
ненависть	58
последнего	58
нудить	58
небес	58
правди	58
настроении	58
лінію	58
шукаєте	58
call	58
ока	58
завершено	58
нумо	58
принесіть	58
районе	58
втекли	58
мэ	58
ужасный	58
именем	58
гдеяэ	58
тачку	58
расскажет	58
причине	58
коні	58
увидите	58
крісло	58
триває	58
мобільний	58
into	58
рожеві	58
вправду	58
проводити	58
плаче	58
узяв	58
мосс	58
посреди	58
te	58
хвост	58
китай	58
захопити	58
сумніви	58
знайдено	58
дна	58
этаж	58
вдвох	58
важка	58
будинки	58
джейка	58
здании	58
находиться	58
швиденько	58
придумати	58
аарон	58
оказывается	58
некоторых	58
красавчик	58
послушать	58
свідків	58
начальнику	58
ходіть	58
приєднатися	58
нагороду	58
братства	58
розуміємо	58
прапор	58
починають	58
приймаю	58
ятницю	58
півроку	58
подружку	58
подивився	58
янек	58
запись	58
запізно	58
прибули	58
son	58
покидьок	58
каждым	58
станете	58
короткий	58
познайомилися	58
пеклі	58
май	58
телефони	58
закінчилося	58
полу	58
приїду	58
кабінет	58
струнко	58
виграли	58
дорогенька	58
здатен	58
проходили	58
родителям	58
попрацювати	58
дим	58
короче	58
ринок	58
палити	58
підійшов	58
целью	58
впоратися	58
мізки	58
живіт	58
мбжя	58
лучших	58
яса	58
заманеться	58
засранец	58
розумно	58
уистлер	58
янг	58
анализ	58
приняли	58
риск	58
суспільство	58
разговаривал	58
родителями	58
природи	58
відпочиває	58
самої	58
пропустив	58
повстанців	58
матуся	57
устроил	57
хер	57
дід	57
вогні	57
решти	57
ария	57
починаєш	57
сильним	57
пережить	57
дітки	57
уходит	57
армии	57
зіпсував	57
се	57
поверсі	57
атака	57
стався	57
кольору	57
живых	57
дитинстві	57
полчаса	57
away	57
привід	57
самоті	57
банки	57
безопасно	57
таємницю	57
турбуватися	57
піклуватися	57
ель	57
туфли	57
еліс	57
віддячить	57
кут	57
ворушіться	57
сльози	57
товариші	57
наркотиків	57
baby	57
месье	57
следов	57
наблюдения	57
выглядят	57
зараза	57
улицы	57
відмовитися	57
зол	57
їси	57
отдела	57
викликав	57
удару	57
ирэн	57
третього	57
постав	57
бігати	57
слухав	57
дкъ	57
ноббі	57
увидит	57
пішки	57
бернадет	57
катастрофа	57
шок	57
сперва	57
творишь	57
композитор	57
міні	57
направду	57
станція	57
джоффри	57
отпуск	57
карты	57
мнe	57
швидку	57
пишеш	57
лежит	57
четвер	57
транспорт	57
сцена	57
академії	57
парочку	57
цена	57
стівен	57
повітрі	57
власним	57
добрим	57
ehome	57
убей	57
приведу	57
ветер	57
напоминает	57
віру	57
красавица	57
master	57
инспектор	57
військо	57
каміння	57
детали	57
саксон	57
дебби	57
улицу	57
провел	57
сході	57
дозволено	57
спиной	57
свадьба	57
перевірте	57
подія	57
ta	57
голоса	57
дружок	57
смотрела	57
сподіватися	57
дій	57
незручно	57
файл	57
мріяв	57
лгать	57
демон	57
суспільства	57
таємно	57
ісп	57
десятки	57
второе	57
розумні	57
линии	57
підкріплення	56
подібного	56
пригадуєш	56
новых	56
нападение	56
влаштовує	56
провожу	56
лиза	56
требуется	56
виробництво	56
кетрін	56
ріки	56
тримають	56
віддайте	56
рану	56
вогнем	56
мозги	56
справимся	56
гости	56
тётя	56
захищає	56
відчуває	56
живими	56
законом	56
птахи	56
братик	56
still	56
играешь	56
грай	56
общаться	56
вартий	56
личность	56
серйозні	56
задоволений	56
їхала	56
залишся	56
марно	56
чертов	56
нерви	56
поделать	56
дізнаєшся	56
анджей	56
удастся	56
осіб	56
посадили	56
ебать	56
уві	56
нібито	56
неожиданно	56
зателефонувати	56
трогать	56
матиму	56
пойдёшь	56
источник	56
отношениях	56
холли	56
дату	56
виглядаєте	56
кинули	56
змія	56
особа	56
більшого	56
текст	56
великому	56
читали	56
ин	56
крайне	56
йшли	56
простий	56
мільярди	56
вгадай	56
покинуть	56
палац	56
гітлер	56
зупинися	56
називаємо	56
повну	56
зусиль	56
считал	56
справжню	56
плакать	56
забере	56
англійської	56
теорію	56
старой	56
піт	56
выходной	56
ую	56
имеем	56
штраф	56
йнцдю	56
звик	56
викинути	56
глухий	56
цицьки	56
улики	56
билеты	56
відпочинок	56
зустрічалися	56
плечі	56
ніку	56
ребёнком	56
пальцев	56
хвіст	56
уолте	56
сотни	56
ганьба	56
коробки	56
мільйона	56
відбитки	56
проходит	56
питати	56
вбивають	56
ненавидишь	56
винсент	56
дупа	56
приходили	56
клаус	56
знаходяться	55
ку	55
мяса	55
джина	55
яд	55
використання	55
обычный	55
безпеку	55
змагання	55
попытка	55
червня	55
справами	55
себастьян	55
заклинание	55
форд	55
встановити	55
годині	55
грудня	55
поблагодарить	55
дарма	55
возрасте	55
сторона	55
голосніше	55
пугает	55
найбільша	55
мур	55
значок	55
поясни	55
голоси	55
брукс	55
мет	55
джуді	55
простить	55
дашь	55
пропустил	55
первые	55
чарльзе	55
брюс	55
лихо	55
зону	55
отправиться	55
речами	55
здорова	55
імперія	55
генрі	55
танець	55
уявляєте	55
приготуватися	55
сном	55
одри	55
тo	55
пиріг	55
стару	55
інтернеті	55
пар	55
темряви	55
читаєш	55
польща	55
меню	55
режим	55
невелика	55
поиски	55
змусили	55
роберте	55
джефф	55
вибрати	55
шшш	55
закінчимо	55
пограти	55
знищить	55
гратися	55
редактируется	55
романтично	55
мотоцикл	55
kid	55
питає	55
пекла	55
хвилиночку	55
рубашку	55
умирают	55
гаряча	55
пораньше	55
придут	55
пола	55
ряд	55
обязана	55
досягнення	55
їла	55
мефь	55
виходжу	55
жартів	55
детектива	55
серйозна	55
принесе	55
бойся	55
мавпа	55
магазина	55
полягає	55
домовлялися	55
зупиніть	55
полном	55
хвилюватися	55
язниця	55
розмовляєш	55
працівників	55
представляє	55
уилл	55
приходьте	55
марш	55
раптово	55
беспокоюсь	55
ватсон	55
простого	55
застрелив	55
летить	55
поступила	55
здатися	55
всяк	55
чемпіон	55
оэсейт	55
уявіть	55
вилікувати	55
непорозуміння	55
королеву	54
побив	54
поспішати	54
замке	54
зупинився	54
власть	54
гараж	54
підвищення	54
зберігати	54
місія	54
способности	54
махоуни	54
старе	54
подозреваемый	54
умовах	54
возраста	54
скучал	54
народилася	54
полон	54
улюблений	54
дэниэл	54
напугал	54
трави	54
збирати	54
дасте	54
непоганий	54
рухайтеся	54
врятували	54
відпустку	54
темної	54
зателефоную	54
чёрный	54
прикрытием	54
частині	54
наступним	54
пьян	54
выиграть	54
ен	54
вельми	54
ствол	54
закончим	54
входите	54
відвезу	54
члени	54
хлоя	54
скорую	54
перемогли	54
звичайні	54
частку	54
минимум	54
мети	54
дорослий	54
едщ	54
королевской	54
вигляді	54
сьюзан	54
хрін	54
невідомо	54
заметили	54
колледже	54
мьнп	54
ошибки	54
котрий	54
некуда	54
сховатися	54
стола	54
осторожен	54
искала	54
барі	54
занятия	54
надати	54
джули	54
наді	54
відверто	54
брехні	54
хорошую	54
двадцать	54
багаж	54
тренування	54
їдьте	54
опору	54
двісті	54
входить	54
блять	54
вуса	54
чекаєте	54
цвета	54
ответы	54
наліво	54
злочинець	54
тысячу	54
перевірка	54
сердцем	54
синів	54
космос	54
захочете	54
подяки	54
стук	54
банда	54
лінія	54
єри	54
кричи	54
захоплення	54
использует	54
мовою	54
служить	54
english	54
барни	54
христу	54
диски	54
продажу	54
змінить	54
цукор	54
считают	54
ko	54
присутність	54
начинаешь	54
обнаружили	54
барбара	54
витягнути	54
силами	54
курок	54
добавить	54
ши	54
приміщення	54
поспати	54
залишайтеся	54
личное	54
подругу	54
тaм	54
отеля	54
сильный	54
фред	54
энтони	54
центре	54
получим	54
доказательств	54
норрі	54
проблемой	54
переїхав	54
разум	53
слуга	53
філ	53
ун	53
перетворити	53
визначити	53
получите	53
кожні	53
наркотиков	53
значение	53
выглядел	53
воїн	53
подівся	53
ранчо	53
сусід	53
райт	53
лайном	53
клієнтів	53
курка	53
максін	53
перерву	53
лотерею	53
слухавку	53
умрёт	53
наружу	53
стефане	53
єднати	53
батьками	53
достал	53
еллісе	53
эндрю	53
заслуговує	53
познайомився	53
автограф	53
останься	53
позичити	53
мадлен	53
тур	53
поверьте	53
ритм	53
обрати	53
дивним	53
задача	53
сиськи	53
шльондра	53
зеро	53
дізнаємося	53
пропозиції	53
думайте	53
зайди	53
привезти	53
сестрой	53
ісуса	53
talk	53
извиняться	53
ниже	53
относится	53
проходите	53
gotta	53
побудувати	53
липня	53
бах	53
кричати	53
should	53
conlan	53
ready	53
приведе	53
красивые	53
мяч	53
спостерігати	53
вспомнил	53
болезни	53
джері	53
перевести	53
траву	53
выпей	53
мэуб	53
арестовали	53
адама	53
володіє	53
фонд	53
відкритий	53
карлос	53
ларри	53
дізналася	53
чекатиму	53
пирог	53
заднице	53
папой	53
повторювати	53
розмовляє	53
теорії	53
вчені	53
присядь	53
томі	53
лідер	53
лишилося	53
виски	53
системы	53
итан	53
откройте	53
обрав	53
поездка	53
сцені	53
ставку	53
переймайся	53
брук	53
иск	53
включая	53
сквозь	53
лизель	53
привел	53
угроза	53
мечта	53
успокоиться	53
группу	53
дівчинку	53
бабусі	53
забиратися	53
вкрасти	53
восторге	53
множество	53
довелось	53
змінює	53
дождь	53
побалакати	53
необходимости	53
босе	53
покінчити	53
хлопчина	53
відновити	53
статтю	53
молоток	53
проверим	53
мрію	52
вдвоем	52
обещание	52
мотор	52
піднятися	52
интересное	52
точніше	52
выстрел	52
запевняю	52
келли	52
туалету	52
культури	52
безліч	52
кьнейт	52
дівчатка	52
ответь	52
щoб	52
послуг	52
задница	52
хлоп	52
повернув	52
позичив	52
огромное	52
or	52
рйп	52
свині	52
налево	52
солдатом	52
одружився	52
годиться	52
величносте	52
старших	52
дышать	52
детективе	52
продолжим	52
дурак	52
пытаются	52
свадьбе	52
віриться	52
величезні	52
переді	52
відчуваєте	52
мэрилин	52
нині	52
вподоби	52
костюми	52
try	52
тео	52
найдут	52
гарненька	52
аню	52
заслужили	52
причиной	52
ран	52
проживання	52
донни	52
вчинити	52
изменился	52
ідеш	52
раулю	52
добряче	52
выйдешь	52
знімати	52
последнюю	52
фильма	52
арне	52
естественно	52
порятунок	52
загинула	52
новым	52
темні	52
обоим	52
підтримку	52
єра	52
попрощатися	52
неймовірний	52
позволила	52
напротив	52
гарну	52
сними	52
бена	52
садитесь	52
искали	52
подвале	52
обійми	52
кредит	52
процесс	52
ракета	52
приготовить	52
гаманець	52
гарячий	52
програв	52
отменить	52
подбати	52
власти	52
порожній	52
бросай	52
ьллп	52
банка	52
мовчати	52
улюблена	52
годувати	52
грустно	52
дощу	52
вернёмся	52
встав	52
использовали	52
клоун	52
listen	52
битву	52
допоможуть	52
начинай	52
виходимо	52
дикон	52
луис	52
волос	52
одновременно	52
досвіду	52
здивований	52
вышли	52
музей	52
заказать	52
тв	52
mы	52
закінчила	52
помогал	52
испортил	52
шестеро	52
послала	51
виступ	51
поцілуй	51
сюзан	51
чувствуете	51
вайолет	51
скучала	51
американців	51
діру	51
місцем	51
лиха	51
судді	51
використовував	51
слабкий	51
майку	51
поведу	51
знищив	51
пораду	51
зомбі	51
спитай	51
врнаш	51
чудовисько	51
витратив	51
дозволить	51
