tôi	711535
không	668048
là	477066
anh	469245
có	468127
ta	342219
của	261208
đi	254203
đã	247638
đó	242931
sẽ	241323
chúng	236973
gì	236762
một	234520
được	230371
và	222351
cô	214453
làm	206886
phải	205989
rồi	198863
người	196684
này	191625
cho	185833
em	177577
đây	174127
con	168380
sao	162224
biết	156116
ông	155744
nói	155663
nó	154403
thể	152739
với	144172
cậu	142665
thế	137439
lại	133969
ra	133754
vậy	132086
để	121695
nào	121332
ấy	118465
cái	117809
đang	112941
muốn	108510
trong	108108
mà	106079
như	105810
nhưng	104672
khi	96056
những	95951
đến	95759
đâu	95631
chuyện	93298
chỉ	90053
cả	87140
về	86595
thì	86015
họ	85147
giờ	82815
thôi	82257
thấy	81560
còn	81162
cũng	79398
vào	77039
các	75968
bị	74580
nghĩ	74181
đấy	72983
ai	72950
thật	72462
hắn	71154
nếu	70886
mình	69850
việc	66672
nữa	65710
rất	65684
vì	65423
cần	64886
chứ	61642
điều	61281
sự	57977
tới	56078
xin	54951
thứ	54351
chưa	54331
nhà	53987
lên	53245
đúng	52929
từ	52633
mẹ	52302
nghe	51467
hơn	50810
mọi	50009
bạn	49923
tớ	49551
nên	49046
chết	48483
mày	48264
ơn	47895
đầu	47584
đừng	46663
tìm	46658
tốt	46052
tin	43073
hãy	42324
quá	41886
nhiều	41738
trước	41474
cảm	41307
bà	41271
hay	40080
công	39715
nhất	39553
tao	39537
bố	39165
tất	38630
bao	38062
trên	37958
tên	37934
lỗi	37243
tại	36748
thành	35778
sau	35762
cháu	35472
ngày	35407
khác	35283
xem	35017
theo	34891
chắc	34430
gặp	34160
bắt	34019
yêu	34009
cứ	33853
qua	33596
vẫn	33554
cùng	33515
ngay	33507
thích	33480
cách	33425
nhìn	33315
sống	32847
bọn	32818
lúc	32401
giết	32240
mới	31965
quan	31729
chào	31674
đưa	31285
lắm	31247
gọi	30702
hết	30564
bảo	30515
hai	30391
rằng	30188
ăn	29738
giúp	29578
hiểu	29557
lấy	29303
ngài	28943
tự	28842
lần	28697
chính	28419
tay	28344
nhân	27894
cuộc	27777
bỏ	27717
năm	27049
mất	26886
hả	26854
vụ	26661
xe	26531
ngươi	26465
nhận	26071
cha	26048
chúa	25620
khỏi	24903
nay	24835
định	24628
tiền	24403
thời	24285
cơ	24072
nhé	23831
do	23443
trở	23438
bé	23287
mặt	23196
đường	23158
vâng	22814
gái	22754
luôn	22701
mấy	22636
gia	22587
nhau	22524
lời	22243
nơi	22222
chị	22135
xuống	22124
bây	22120
thưa	22059
số	21965
động	21962
đồ	21857
ngoài	21784
toàn	21764
bất	21690
sát	21687
thực	21461
từng	21435
phòng	21402
thằng	21209
kẻ	21157
hàng	20865
bằng	20737
chẳng	20672
chút	20621
nhớ	20581
chú	20528
nhiên	20357
lý	20307
chỗ	20281
học	20188
nhanh	20137
quay	20117
sĩ	19954
cố	19944
tuyệt	19906
lẽ	19825
chiến	19765
hỏi	19763
đại	19737
tiếp	19675
tình	19580
ơi	19526
bên	19478
đồng	19470
vui	19428
ổn	19356
gian	19306
tâm	19297
cứu	19250
đề	19025
sinh	18849
trả	18730
bộ	18692
đều	18686
máy	18671
vài	18480
vị	18374
nước	18307
giống	18286
đánh	18276
xảy	18265
chơi	18245
trai	18193
tối	18125
cảnh	18036
câu	17642
kia	17524
ko	17522
giữ	17406
hành	17243
vô	17163
kết	16968
bởi	16703
hiện	16692
giới	16611
vừa	16582
tiếng	16517
báo	16504
tưởng	16251
chờ	16120
lo	16114
đẹp	16033
hôm	15936
viên	15818
hình	15808
đáng	15719
vấn	15471
trọng	15441
bình	15165
đủ	15022
oh	14969
cám	14933
lớn	14885
sáng	14844
bác	14762
lâu	14701
thần	14568
sợ	14560
biệt	14557
thông	14514
cổ	14506
giải	14490
phụ	14429
thường	14321
thương	14316
vẻ	14313
cuối	14225
rõ	14223
cửa	14183
hợp	14138
trung	14016
bản	13987
dùng	13981
ôi	13962
tra	13945
bắn	13901
cầu	13763
ba	13721
hội	13716
đội	13660
tiên	13567
thân	13566
chạy	13550
thêm	13524
đứa	13512
thay	13470
mang	13421
quân	13395
xác	13363
đời	13348
ngủ	13347
trời	13320
đổi	13220
nhỏ	13138
liên	13067
tội	12895
nghĩa	12885
an	12812
điện	12809
dù	12696
bay	12669
nữ	12611
vệ	12590
phát	12510
đối	12464
đêm	12447
trẻ	12409
bệnh	12395
gần	12375
hoàn	12318
trường	12261
đợi	12057
tính	12056
nhỉ	12026
đất	11969
đứng	11887
ngồi	11851
trông	11846
chiếc	11844
xa	11618
coi	11613
chứng	11559
ảnh	11499
kể	11486
khó	11453
quyết	11428
chịu	11284
năng	11241
tập	11238
súng	11196
vọng	11173
giá	10982
hoặc	10961
sắp	10955
xong	10928
tử	10920
đàn	10912
sẵn	10877
kiểm	10854
mở	10845
cao	10808
uống	10762
chuyển	10753
dừng	10741
ít	10670
dưới	10662
đình	10633
chủ	10631
chọn	10630
điên	10610
vật	10534
thử	10522
thống	10494
kiếm	10464
mắt	10408
trưởng	10401
kế	10390
phần	10390
biến	10339
lòng	10282
sư	10220
loại	10144
mạnh	10120
thuốc	10084
đấu	10032
thức	9946
dễ	9840
vợ	9830
dụng	9829
trái	9769
quái	9729
phía	9724
tiến	9717
đau	9717
yeah	9688
điểm	9669
lực	9661
sai	9627
ng	9598
tệ	9595
chắn	9590
quả	9562
khốn	9548
sàng	9491
quên	9486
là	9485
phút	9467
minh	9434
gã	9409
mừng	9409
kỳ	9380
hơi	9320
chân	9242
kinh	9177
tuần	9157
có	9138
mua	9076
thủ	9070
đặc	9061
may	9000
duy	8994
trí	8970
tàu	8966
sức	8907
trò	8854
quyền	8837
kìa	8807
mỗi	8781
quý	8743
phố	8743
buổi	8716
thư	8677
hạ	8661
bài	8636
đặt	8626
tháng	8617
hôn	8614
mai	8601
tài	8598
diễn	8594
to	8593
the	8588
phép	8575
nổi	8571
pháp	8561
khách	8546
đôi	8527
hiệu	8506
mặc	8496
vũ	8476
yên	8462
quốc	8424
máu	8418
hệ	8363
đơn	8346
khí	8342
khiến	8318
phá	8303
tục	8278
thú	8265
tuổi	8262
dân	8255
chuẩn	8189
tạo	8183
cá	8177
luật	8175
dẫn	8175
phục	8171
nhiêu	8072
mau	8038
hiểm	7961
bàn	7863
hoàng	7862
độ	7857
mạng	7847
sách	7834
chó	7825
tiêu	7802
phạm	7785
chúc	7783
nhiệm	7707
thoại	7706
tinh	7688
tránh	7688
gây	7687
thúc	7674
khu	7666
danh	7665
tranh	7642
ổng	7635
thắng	7619
cây	7606
xấu	7554
you	7530
xuất	7500
áo	7497
sếp	7430
hy	7429
tiệt	7428
chí	7416
cấp	7368
giả	7332
xử	7325
tấn	7316
mật	7279
thiết	7254
khá	7249
liệu	7211
địa	7197
lạc	7191
bán	7164
trình	7157
tượng	7156
thoát	7133
tạm	7087
ngon	7048
đoán	7046
thiên	7041
giáo	7039
mời	7035
rời	6993
thanh	6977
okay	6975
dự	6972
chàng	6968
lệnh	6955
hứa	6905
nằm	6900
sớm	6895
hey	6864
dối	6832
dịch	6821
viết	6792
hoạch	6777
vời	6762
giữa	6686
ma	6685
bóng	6667
hộ	6613
nghỉ	6610
sử	6608
nạn	6602
hại	6580
căn	6577
tim	6573
nguy	6569
hồ	6564
dậy	6537
băng	6516
mục	6510
phim	6510
giỏi	6499
viện	6470
hướng	6440
tế	6435
tĩnh	6422
thuật	6408
nhóc	6394
đọc	6394
kiểu	6385
trị	6368
phản	6354
giao	6351
tù	6349
rối	6342
trốn	6315
rượu	6314
đá	6310
bước	6298
dấu	6285
ngu	6275
đức	6273
cười	6262
tư	6229
cánh	6218
vòng	6209
mỹ	6206
hoa	6205
lập	6203
lạ	6193
tổng	6185
ban	6153
đóng	6150
tác	6123
hề	6068
lượng	6055
tụi	6035
càng	6031
thận	6028
di	6025
bánh	6013
da	6006
ngốc	6005
án	5997
đám	5981
tham	5971
tức	5949
văn	5938
mong	5925
già	5915
nghiệp	5912
thuyền	5906
bí	5905
trang	5893
nè	5885
lũ	5880
hồi	5805
độc	5780
hạnh	5778
khỏe	5775
hẹn	5772
gửi	5771
đùa	5765
trừ	5712
cáo	5699
khoảng	5683
nhảy	5680
giác	5672
thầy	5643
đầy	5615
khoan	5600
món	5595
khả	5587
phi	5575
nghiệm	5568
hóa	5542
cẩn	5531
suy	5514
đông	5504
suốt	5494
vua	5461
kéo	5454
chồng	5449
thất	5444
đô	5433
nhật	5428
nghi	5420
khủng	5411
tiếc	5408
dành	5385
thị	5368
lái	5358
tương	5356
bữa	5348
của	5348
chả	5332
kiếp	5328
trận	5326
im	5309
bức	5307
mãi	5305
triệu	5303
quanh	5300
màu	5285
buồn	5266
chúng	5263
đã	5261
riêng	5250
biển	5245
nàng	5239
dài	5235
đỡ	5209
sơ	5203
ngờ	5142
nổ	5135
đạo	5131
đem	5129
linh	5117
chức	5087
chất	5052
thẳng	5045
chống	5043
mơ	5043
tổ	5017
hoạt	5001
gì	4998
mắn	4996
lịch	4995
gắng	4992
quen	4986
chừng	4979
thù	4978
đó	4970
sẽ	4969
khóa	4961
được	4959
đuổi	4957
nguyên	4949
cầm	4947
thuộc	4924
lửa	4919
uh	4917
lính	4902
ghét	4883
dạy	4860
ngăn	4835
kiến	4815
thả	4810
thu	4804
thiếu	4804
ngôi	4797
lợi	4794
nam	4773
chia	4770
cắt	4757
dây	4749
lắng	4748
thậm	4736
sở	4733
nhập	4722
trách	4710
ghi	4697
đen	4692
lão	4690
cưới	4682
hẳn	4679
ly	4669
âm	4668
nghị	4657
ngựa	4653
binh	4651
cũ	4634
vàng	4604
phân	4590
hủy	4587
phương	4586
trợ	4573
ngoại	4573
tây	4572
tòa	4564
tai	4559
truyền	4557
đạn	4543
kì	4536
ký	4517
nghiêm	4503
tá	4496
vết	4495
nhắc	4491
đảm	4491
tiệc	4482
dám	4476
la	4471
ok	4459
quần	4457
mối	4454
chấp	4452
phiền	4446
th	4437
và	4408
đổ	4401
lựa	4390
ràng	4383
nửa	4367
lầm	4359
chung	4355
chế	4352
ước	4329
chi	4313
một	4311
cướp	4309
hi	4308
john	4294
nhờ	4293
rồi	4289
này	4285
bại	4278
quỷ	4270
huy	4266
ch	4251
đằng	4246
tiểu	4207
hát	4191
cử	4188
ca	4167
cưng	4164
mã	4163
chuyến	4158
thi	4142
khăn	4138
làm	4130
phải	4128
lễ	4122
lai	4089
vượt	4087
lối	4071
thuyết	4068
tha	4064
nóng	4053
vùng	4045
phúc	4045
giấy	4028
tích	4028
người	4025
thái	4021
nhạc	4010
tận	3989
rắc	3985
buộc	3952
xét	3952
kích	3946
đoàn	3946
tiết	3938
thịt	3927
tóc	3911
trắng	3901
thuận	3882
phù	3872
rơi	3853
chăm	3844
lạnh	3844
cực	3842
nhóm	3840
kim	3808
tỉnh	3795
cộng	3782
mái	3772
ty	3756
cung	3749
săn	3744
cuốn	3732
tướng	3728
dữ	3723
giận	3723
thượng	3714
miệng	3711
soát	3708
sản	3699
tăng	3695
ứng	3690
bắc	3687
vi	3683
trộm	3675
phí	3669
sửa	3669
lệ	3661
cà	3636
lừa	3623
mức	3614
túi	3605
thánh	3605
đỏ	3584
giây	3584
hưởng	3582
yếu	3563
dõi	3557
and	3548
ích	3529
trại	3521
cơn	3498
khai	3498
sâu	3497
vương	3495
thở	3490
jack	3487
tí	3486
ah	3482
diện	3458
hồn	3452
hầu	3445
đảo	3444
tín	3441
xúc	3423
nỗi	3421
phủ	3421
biểu	3414
hòa	3402
loạn	3400
nặng	3395
tấm	3394
lớp	3387
bom	3385
nh	3372
chuyên	3372
ác	3370
bận	3364
huynh	3363
dĩ	3361
chương	3358
lí	3354
chữa	3354
lãnh	3353
đột	3339
kính	3339
rút	3337
phóng	3336
thỏa	3323
khỉ	3318
lộ	3311
cạnh	3311
kỹ	3300
hậu	3294
hùng	3293
sang	3292
thề	3292
đoạn	3287
sóc	3271
khẩu	3270
luyện	3269
thăm	3262
giản	3252
sạch	3251
frank	3247
chim	3245
xếp	3242
nha	3240
quán	3239
mùi	3237
nó	3226
ánh	3225
đón	3224
biết	3223
lá	3218
tồi	3213
phong	3203
ngạc	3197
giấu	3181
thủy	3174
quản	3172
thuê	3170
lành	3166
tôn	3157
tường	3156
hỏng	3155
thể	3150
não	3148
new	3144
tầm	3139
vực	3128
vậy	3120
loài	3119
hộp	3107
xanh	3106
tắm	3090
tắt	3088
ngừng	3086
siêu	3083
dọn	3078
nhắn	3078
ấn	3056
thừa	3056
nguyện	3050
dựng	3049
sân	3043
nói	3041
thế	3021
nợ	3020
lặng	3020
nội	3020
mùa	3018
it	3015
đập	3007
diệt	2999
chà	2998
tầng	2994
hạn	2992
kiện	2992
mắc	2985
trực	2984
đài	2965
muộn	2962
bạc	2958
sót	2957
lưu	2957
can	2956
quà	2955
say	2955
đống	2954
khắp	2947
hút	2937
giám	2917
giường	2904
lại	2901
chặn	2899
hảo	2875
với	2869
xinh	2869
cục	2866
trấn	2866
in	2856
du	2852
núi	2844
đích	2841
nắm	2838
chạm	2826
nguồn	2819
nào	2818
chụp	2816
phê	2811
hữu	2810
khoa	2809
so	2807
truy	2798
thua	2798
tồn	2797
tàn	2794
xây	2790
dính	2783
bang	2782
ngân	2781
ném	2771
tờ	2770
chìa	2765
nuôi	2764
đói	2760
kh	2754
nhầm	2738
đẩy	2736
of	2732
khóc	2732
kêu	2726
giấc	2722
dục	2713
khổ	2709
bốn	2709
chặt	2706
ẩn	2706
hiệp	2705
úy	2686
no	2685
áp	2680
chán	2678
rừng	2678
nghệ	2669
mẫu	2666
trễ	2661
luận	2656
thang	2654
hào	2652
cậu	2650
sổ	2645
đèn	2644
lưng	2643
phận	2639
quy	2633
vận	2629
khởi	2627
chậm	2622
biên	2620
tộc	2615
chữ	2613
cháy	2612
khắc	2606
dàng	2598
dòng	2589
bò	2587
ngàn	2583
hổ	2576
dị	2569
dọa	2565
túc	2556
xứng	2555
giảm	2544
để	2543
ấy	2542
bầu	2527
mệt	2526
nhẫn	2526
đào	2525
trải	2523
châu	2519
mê	2507
trạng	2504
ngục	2491
hầm	2490
kỷ	2488
mi	2482
tiện	2481
tốc	2480
hoang	2479
tung	2477
gà	2474
chiều	2471
sam	2469
whoa	2468
lỗ	2463
ừm	2462
thiệt	2437
mệnh	2434
vỡ	2430
triển	2425
dương	2416
những	2416
cái	2415
sắc	2413
me	2412
nghiên	2412
tặng	2407
cư	2402
sáu	2400
ám	2400
dao	2397
my	2386
sa	2384
lạy	2376
hải	2375
vinh	2365
tổn	2354
đệ	2354
mũi	2344
nga	2343
tóm	2342
chảy	2341
lùi	2335
ninh	2329
ngoan	2322
mà	2320
xung	2315
dạ	2308
tỏ	2307
hứng	2301
toán	2297
hài	2296
york	2293
vai	2292
khám	2289
che	2286
mông	2282
sông	2280
bội	2279
ống	2274
vĩ	2272
bi	2272
hồng	2272
miễn	2267
ghế	2263
đến	2262
đốc	2260
ha	2256
lương	2249
thẩm	2249
ngược	2244
thiệu	2242
giọng	2241
khiển	2239
dặm	2237
thưởng	2224
chối	2222
bụng	2221
niềm	2217
hỏa	2208
khoản	2205
well	2202
peter	2202
kịch	2201
rộng	2199
sạn	2195
tán	2190
phán	2189
james	2180
bè	2179
gió	2173
nối	2161
hấp	2156
thoải	2154
thờ	2154
lôi	2153
cập	2152
giam	2152
đốt	2147
nhẹ	2143
chiếm	2142
họp	2139
ghê	2138
mộ	2135
vẽ	2133
on	2127
địch	2120
kho	2120
dì	2118
cắp	2114
phẩm	2107
đâm	2107
chuột	2099
wow	2098
that	2086
muốn	2085
tạp	2085
đeo	2080
hãi	2069
phu	2067
trao	2065
cản	2063
lao	2058
nghề	2058
màn	2055
cặp	2052
răng	2048
bạo	2048
trống	2035
cả	2035
trụ	2034
thám	2032
cụ	2030
xuyên	2030
canh	2029
cờ	2029
khiếp	2029
hạt	2026
vớ	2024
thí	2023
cứng	2019
thiện	2017
xương	2014
thợ	2012
michael	2011
thảm	2005
lan	2001
tố	1994
mèo	1985
tan	1981
rồng	1981
trăm	1979
môn	1977
điệp	1976
phạt	1975
hò	1974
um	1974
kẹt	1972
cú	1968
long	1967
ngực	1964
ben	1962
đua	1961
dạng	1959
rồ	1954
đế	1954
bả	1947
lục	1940
trùng	1939
xưa	1936
xã	1930
đe	1925
khuyên	1919
hư	1918
rửa	1912
tùy	1910
sóng	1907
mình	1907
chỉ	1894
giày	1894
thẻ	1890
giàu	1887
khứ	1884
treo	1881
leo	1879
cân	1879
harry	1878
lãng	1877
bãi	1873
võ	1869
cóc	1868
tắc	1866
lẫn	1862
câm	1858
trần	1858
cổng	1857
cãi	1854
lang	1851
cận	1851
ngọn	1850
gấp	1849
bơi	1848
bẩn	1848
bám	1848
trưa	1848
phó	1837
thai	1837
mẽ	1836
chuyện	1835
đụng	1835
mike	1831
jim	1831
hung	1829
đồn	1828
tải	1825
claire	1821
nhiệt	1813
sứ	1808
đòi	1806
lỡ	1804
tống	1794
ép	1792
dần	1791
lui	1790
mạch	1789
kịp	1789
bật	1788
hối	1787
thấp	1787
đạt	1784
đáp	1783
charlie	1783
cỡ	1780
về	1780
đựng	1778
ấm	1774
còn	1768
nhiễm	1768
tước	1765
nhắm	1762
rachel	1760
rác	1757
cởi	1757
đc	1754
mồm	1754
xâm	1753
don	1753
thật	1750
mảnh	1748
david	1748
ngón	1748
cất	1746
khẩn	1742
chiếu	1733
dụ	1730
vẩn	1728
tuy	1727
bia	1727
chấm	1725
joey	1725
thấy	1722
dung	1719
đậu	1713
phiếu	1711
đấy	1710
tom	1705
họ	1704
mười	1701
thơ	1700
mưu	1698
bờ	1694
ảo	1692
xu	1686
ngã	1682
nát	1680
dũng	1675
vé	1674
cũng	1674
lĩnh	1672
ngang	1669
gan	1665
chai	1664
trà	1664
căng	1658
ross	1657
đăng	1648
man	1647
kí	1647
lát	1646
thèm	1645
alex	1644
dạo	1643
bếp	1641
chôn	1637
liều	1633
trúng	1631
đéo	1630
all	1629
đương	1626
dẹp	1625
thì	1624
đếm	1617
vào	1617
george	1616
doanh	1612
what	1611
bảy	1607
chỉnh	1604
mưa	1603
góc	1602
niệm	1598
làng	1598
giáng	1597
đa	1596
ngơi	1595
các	1593
phức	1592
dựa	1591
we	1590
hỗ	1589
miếng	1581
thảo	1581
fbi	1577
sỹ	1576
giờ	1573
tái	1569
nô	1568
hmm	1564
hoại	1560
thăng	1557
huấn	1556
gác	1553
trăng	1553
joe	1552
ngắn	1551
mô	1551
túy	1549
chứa	1546
dầu	1543
nấu	1540
nông	1540
chớ	1540
nãy	1537
oliver	1534
thách	1527
cấm	1526
nâng	1525
ph	1519
gương	1517
is	1516
nghĩ	1515
đỉnh	1513
điếm	1509
sắt	1505
sẻ	1505
dứt	1505
hân	1504
lộn	1500
mạo	1499
hoảng	1499
tu	1499
mù	1494
bẫy	1490
nữa	1488
tuyên	1485
ngại	1484
bị	1482
kệ	1479
lượt	1477
huh	1474
your	1472
thổi	1470
thập	1467
will	1465
thùng	1460
ủng	1460
ôm	1456
họa	1455
buôn	1454
dâm	1453
phẫu	1452
trứng	1447
môi	1445
trạm	1442
chứ	1441
tuyết	1441
cải	1434
cốc	1430
mát	1429
mary	1428
phiên	1427
xóa	1423
lùng	1423
bảng	1421
ho	1418
mụ	1418
nếu	1416
gi	1416
tả	1406
khổng	1405
cắn	1402
ngọt	1396
đấm	1389
khiêu	1389
gấu	1389
house	1387
giành	1382
quang	1382
móc	1382
giãn	1376
dường	1374
rắn	1372
jimmy	1371
bào	1368
quảng	1365
ví	1364
bão	1363
song	1361
ức	1358
quyển	1357
ghé	1353
điều	1351
bob	1351
mày	1350
sơn	1346
vờ	1346
liền	1341
huyết	1340
hắn	1335
mượn	1334
rất	1330
đớn	1327
vì	1327
barry	1326
tách	1326
bệ	1321
chóng	1319
kín	1317
sự	1316
tr	1315
niên	1314
chở	1312
hét	1311
ngữ	1310
danny	1309
lông	1309
hạng	1306
lồ	1301
cớm	1301
pháo	1296
khát	1296
ga	1296
suýt	1294
ung	1293
nguyền	1293
paris	1293
phỏng	1292
max	1291
nhục	1290
tuyến	1289
tốn	1288
cam	1288
mộng	1286
hòn	1281
hè	1281
mũ	1279
ray	1278
hận	1275
kĩ	1274
paul	1273
bồ	1272
gắn	1270
hà	1269
cút	1268
sàn	1267
cứt	1266
vãi	1264
for	1262
tạ	1259
sói	1256
chìm	1254
gián	1251
tủ	1247
đúng	1246
hèn	1244
táo	1241
trì	1240
trá	1238
quê	1234
nền	1233
kiên	1232
kẹo	1231
be	1226
sarah	1224
lưỡi	1224
bày	1223
buông	1222
trượt	1222
gãy	1222
bông	1218
kem	1217
bá	1216
bill	1215
vân	1214
thải	1213
nghiện	1213
liệt	1209
cần	1209
vội	1208
sữa	1208
óc	1203
hương	1203
cỏ	1202
lô	1200
khuôn	1196
hiến	1192
mò	1190
việc	1188
cương	1187
tri	1186
miền	1184
hãy	1182
monica	1181
phe	1181
this	1179
mark	1177
khôn	1176
kháng	1171
xứ	1168
ngầm	1168
trừng	1167
nướng	1166
vây	1163
muội	1163
khối	1160
cát	1160
trôi	1158
bóp	1157
manh	1155
tiệm	1154
mì	1152
gói	1151
mồi	1149
điệu	1149
god	1148
nick	1148
thứ	1145
mồ	1145
khùng	1145
thổ	1143
tháo	1143
gốc	1142
bụi	1139
dâu	1138
tv	1137
giai	1137
tuân	1136
lầu	1136
đảng	1136
mập	1135
bar	1135
xoay	1134
sara	1132
mạn	1130
đuôi	1128
re	1127
ân	1126
tỷ	1126
sốt	1125
go	1125
nhốt	1124
đần	1122
tám	1121
bỏng	1121
bồi	1120
dở	1119
know	1119
âu	1119
emily	1117
chọc	1113
pha	1111
mến	1109
gởi	1109
hôi	1108
thỉnh	1108
mỏi	1106
tháp	1105
khô	1099
nhát	1097
nhảm	1096
mọi	1095
chandler	1094
tươi	1094
kỉ	1092
ngắm	1090
henry	1086
hô	1084
chín	1083
ngôn	1083
từ	1082
lee	1080
tommy	1077
nút	1076
li	1074
by	1072
tỉ	1069
mạc	1069
tang	1069
thoảng	1069
tởm	1064
hỗn	1063
đít	1063
đuối	1060
bốc	1060
rũ	1059
tiêm	1056
đền	1055
tới	1054
xích	1052
cạn	1048
vứt	1047
ngũ	1044
xạ	1044
giỡn	1042
phái	1042
đạp	1041
dò	1041
triều	1040
truyện	1035
cược	1034
billy	1033
nương	1030
anna	1029
vĩnh	1028
đừng	1027
đĩa	1024
chăng	1023
lâm	1020
ruột	1016
giơ	1015
kém	1014
jane	1014
vầy	1012
hít	1011
tròn	1010
trói	1009
giật	1009
heo	1009
he	1008
carl	1008
van	1007
dave	1007
xóm	1006
hoan	1005
gợi	1005
tìm	1005
tịch	1004
tụ	1003
thiêu	1003
right	1001
hiếp	1000
nụ	999
lò	995
thối	995
chủng	994
vườn	994
cột	993
ốm	993
thụ	993
váy	991
dáng	990
nhà	990
chết	989
mét	984
ủy	984
má	983
mãn	983
chuông	982
vỏ	982
thiếp	982
đàng	980
đồi	978
nạ	978
bự	977
huống	974
hàn	973
cai	973
ưu	970
bối	970
đầu	969
eddie	968
mềm	966
hang	966
gỡ	965
san	959
lặn	958
tốt	957
with	955
cu	955
richard	955
tùng	954
giáp	951
quyến	948
ngọc	947
london	947
mỏ	947
ghen	946
gỗ	945
đẻ	945
quỳ	944
hiếm	942
jake	942
tia	941
cuồng	939
cỗ	935
tân	935
quỹ	935
viễn	934
dã	933
tàng	930
diệu	930
tràn	927
vốn	927
bạn	927
matt	926
nhịp	924
phổi	924
điển	923
mexico	923
khoác	923
quét	922
than	921
rẽ	920
béo	920
thao	918
thiệp	917
bực	916
ll	915
tony	913
khoẻ	912
cúi	911
trục	910
quá	910
bổ	905
tô	898
yes	896
trinh	896
tất	895
ngớ	894
trùm	894
camera	891
thỏ	891
huyền	889
gối	889
vững	889
nhất	888
kiệt	887
ngẩn	885
lợn	884
khích	884
thắc	883
nộp	880
robert	880
sợi	880
chấn	879
william	879
come	879
dưỡng	878
bạch	878
chiêu	876
bớt	875
đinh	873
cắm	873
daniel	869
nhiều	867
báu	867
up	865
ngửi	865
nghìn	862
dùm	861
đòn	860
góp	860
bê	860
xăng	859
phoebe	859
cơm	858
taxi	858
rẻ	856
ngài	856
martin	854
loạt	854
co	852
adam	851
khói	849
bố	848
gồm	848
gục	847
ti	847
steve	845
lót	845
sướng	842
gánh	842
ve	840
đắn	840
ong	838
kevin	838
nghèo	838
rốt	838
nhi	835
ướt	835
hoài	834
chui	833
cảng	833
gạt	831
suất	831
ồn	829
johnny	829
mmm	827
cảm	827
xé	826
việt	825
dean	824
vả	822
virus	822
lau	820
bến	819
râu	819
like	815
bọn	815
ưa	814
thà	813
ngưỡng	811
scott	811
xì	810
thô	809
trước	807
shh	807
bậc	806
cuộn	806
xuân	805
stark	804
but	804
lặp	804
ngưng	801
biện	800
charles	798
tò	797
just	796
one	795
khoảnh	794
tại	794
tuyển	794
khớp	794
chris	792
robot	792
bề	792
are	788
sụp	788
trú	787
phấn	787
dày	787
đê	786
trương	784
lén	782
nắng	781
trật	781
arthur	781
lỗi	779
giang	778
chốt	774
vở	773
sung	772
nhí	772
khoang	772
cậy	772
bọc	772
buýt	771
đàm	770
nathan	769
got	768
ái	768
alô	767
nhàng	766
trúc	766
bắp	765
nôn	765
bà	765
mọc	765
thắt	765
cự	764
sốc	764
aah	761
video	761
tam	759
chợ	756
bó	755
nhặt	754
love	753
brian	753
ván	752
hannah	751
hâm	751
baby	751
alice	749
lược	748
thuế	748
morgan	748
thomas	747
quận	747
ngào	746
ngoái	745
rào	745
not	744
bồn	743
dan	743
va	741
phối	741
ngành	741
rome	740
bọ	739
mổ	739
cia	737
get	736
phật	736
ooh	736
thỉu	735
lưới	735
dư	734
khoá	734
chép	734
washington	733
red	732
nhét	732
hệt	730
thác	730
đáo	728
thành	728
chu	728
lắm	728
kate	727
giặt	727
hoạn	727
mươi	727
cụt	727
out	726
mẹ	726
ngắt	726
dắt	725
ngày	724
vong	723
hước	722
thạch	722
de	721
tầu	720
rủa	718
trữ	718
đứt	718
bắt	717
sống	717
jesus	716
kỵ	716
gậy	714
cách	713
vẫn	713
mớ	713
kênh	713
cứ	712
rằng	712
bút	712
nhấn	712
have	712
ghép	711
vang	711
walter	711
móng	711
thuần	711
tỏa	711
khúc	710
đạc	710
xông	709
chén	709
bể	709
cài	707
hiền	707
nhá	705
pete	705
xô	704
cưỡng	704
cống	704
rộn	704
cựu	703
voi	702
chăn	702
đo	701
cùng	701
nạp	699
yo	698
bobby	697
city	696
xài	695
nhạy	694
xí	693
dàn	692
nhìn	692
sờ	691
chóc	691
rick	691
giết	691
nỗ	690
cường	690
cạo	690
andy	688
vắng	687
tảng	686
doug	685
thích	685
rỗng	685
hưu	684
kê	684
francis	682
wilson	682
cấu	681
dãy	681
finch	681
khác	681
there	680
hank	680
lấy	679
ngập	678
ow	677
đắt	677
lật	675
độn	674
dại	672
hắc	672
khen	672
marty	672
côn	671
ted	670
lúc	670
mờ	670
chắc	667
hiển	667
đệch	666
tráng	665
pin	663
xế	662
now	662
gọn	662
nốt	662
quấy	662
hoá	661
queen	660
hello	660
khoai	660
ryan	660
maria	659
gõ	658
was	658
amy	657
bruce	656
nho	656
đoạt	655
chém	655
đãi	654
dược	653
if	653
khoái	653
radio	650
đếch	649
nọ	649
khấu	648
texas	648
rảnh	648
lăn	647
lỏng	647
hoãn	646
cừu	645
xíu	645
mây	645
mm	644
bầy	644
toà	643
té	643
chuộc	643
viêm	642
lồng	642
dỗ	642
katie	641
cò	640
nuốt	640
jones	640
they	639
lê	639
run	637
tể	635
ngộ	635
good	634
victor	633
nhu	631
bù	630
su	627
dọc	626
gặp	626
gordon	625
chẳng	625
bẻ	623
roy	623
vạn	623
chào	622
lạp	622
simon	621
mực	620
xà	620
here	619
đai	617
ranh	617
trưng	613
hằng	612
lincoln	612
hố	609
sherlock	608
đà	608
rung	608
annie	608
eric	606
thói	603
họng	603
wayne	602
rưỡi	602
hạm	602
xưởng	602
mới	602
nhấc	601
tẩy	600
vặt	600
edward	600
lăng	599
mại	599
carter	599
trích	598
giúp	597
jesse	594
châm	594
king	593
cưỡi	593
sean	593
vịt	591
trộn	589
giùm	589
dịp	588
tát	587
tiềm	587
ối	586
trân	585
time	585
đỗ	584
giảng	584
let	582
al	582
rớt	582
uhm	580
nhện	580
muôn	580
xăm	580
lắc	580
tông	579
phun	579
hitler	578
jason	578
walt	577
non	577
gài	577
muối	577
lẻ	577
lắp	577
tiễn	576
cúp	576
huỷ	576
kiệm	575
bột	575
chiên	575
nón	574
chằm	574
amen	574
gay	574
tăm	573
súc	572
emma	572
thâm	572
phú	572
hở	572
marcus	570
vất	569
đẳng	569
bỏ	568
bã	568
thơm	567
sẹo	566
amanda	566
hết	565
tật	564
tần	564
chuy	564
lột	564
xá	562
lều	562
thầm	562
đậy	562
tào	562
tản	560
fiona	560
hãng	560
ed	560
bye	559
tê	558
nhã	558
rưởi	557
mu	557
lần	557
điếu	557
ragnar	556
rủi	556
pizza	556
kiêu	556
jackson	555
xộn	555
luân	554
harold	554
gươm	553
rỉ	553
chicago	552
dập	552
miller	551
đáy	551
múa	551
đồ	550
dâng	550
luke	549
tự	549
trở	549
quí	548
chính	548
gọi	547
két	547
lọ	547
vincent	547
los	546
thoả	546
gớm	546
kèn	545
chase	545
sét	545
rập	544
buồng	544
dịu	544
chuồn	544
đè	543
lây	543
ethan	542
ward	542
when	542
lucy	541
tị	541
lùn	541
chuyền	540
chớp	539
tyler	538
àh	538
hiro	537
chiến	536
khảo	536
bấm	535
lily	535
banh	535
thiêng	535
hiểu	535
down	535
dơ	533
thea	532
california	532
louis	531
đường	531
yểm	530
whoo	530
mất	529
trèo	529
ngậm	527
trồng	527
chày	527
nhằm	526
bùa	526
hàm	526
underwood	525
bảo	525
chua	524
lố	524
phổ	523
còng	521
làn	521
khỏa	521
rose	520
tui	520
nhở	520
laurel	520
ngẫu	519
dê	519
đệt	519
clay	519
vay	518
molly	518
yi	517
thép	514
sánh	514
cốt	514
chuck	513
vịnh	512
nhé	512
suỵt	512
trầm	512
lisa	511
chuỗi	511
thuỷ	511
nếm	509
thung	509
sưu	508
lucas	508
đính	508
vỗ	507
khinh	507
lũng	506
bịch	506
cuộc	505
ủi	505
chuồng	504
lờ	504
ngư	504
tớ	503
quãng	503
phiêu	502
phil	501
ngh	500
dán	500
uy	499
chĩa	499
walker	498
gary	497
vải	497
vạch	497
sườn	496
gideon	496
garcia	495
qu	495
đấng	494
rock	493
định	493
who	493
maggie	492
jerry	492
sảnh	491
căm	491
nhận	490
nã	489
chinh	489
nhị	489
khỏi	488
liễu	488
củ	487
khử	487
white	486
ham	485
cháu	485
quầy	485
búp	484
lấp	484
jordan	483
hoàng	483
khao	483
lọc	482
cớ	482
spartacus	482
at	482
kẹp	482
ngoài	481
mia	481
láo	481
carrie	480
thiểu	479
bơ	479
đợt	478
diệp	477
khán	477
rể	477
ngất	477
vú	476
sọ	474
nhường	474
nàn	474
angela	473
khẳng	473
khôi	472
ro	472
nghịch	472
lượn	472
thực	472
điền	472
see	471
gái	471
tặc	470
dội	470
smith	470
hãm	469
đĩ	468
cẩu	468
sắm	466
nhổ	466
kẻ	466
xả	465
chị	465
bàng	465
lung	465
nâu	464
tứ	464
vegas	464
đại	463
lận	463
holmes	463
giọt	462
cafe	462
đố	462
pablo	461
hãnh	461
xuống	461
elizabeth	460
tè	460
ian	459
xỉn	459
xách	459
đái	458
roger	458
kèm	457
linda	456
toa	456
rạp	456
reid	456
bond	455
moi	454
karen	453
ngây	452
quăng	452
from	451
quậy	451
chổ	450
bát	449
vẹn	449
clark	448
jessica	448
chẩn	446
hỡi	446
alo	446
julie	446
flash	445
vụ	445
hoà	445
lời	444
khiếu	444
hả	444
savage	443
reese	443
ốc	443
thước	443
charlotte	442
cameron	442
rỗi	441
ngô	441
vuốt	441
rách	441
êm	441
tro	440
park	439
ngụy	439
raymond	439
little	438
khơi	436
robin	435
him	435
bơm	435
cố	435
mặt	434
xui	434
cấy	434
xưng	434
bậy	434
tuyệt	434
nhạt	434
caesar	433
as	433
bất	433
teddy	433
xoa	433
thịnh	433
nấm	432
angeles	432
chèo	432
khung	432
nít	431
greg	431
đoan	430
victoria	430
tiếp	430
màng	430
how	430
ang	430
aaron	429
nhì	429
carol	428
lánh	428
grant	428
duyên	428
phiến	427
jay	427
rèn	426
matthew	426
rau	426
đánh	426
côi	426
sòng	425
harvey	423
chúa	422
fan	422
cõi	421
wells	421
marie	421
sập	421
nấp	421
ngai	420
tẩu	420
khoe	420
sáo	420
el	419
dặn	419
ruồi	419
buồm	418
đam	418
khuẩn	418
nhớ	418
take	418
felicity	418
choàng	417
mòn	417
evan	416
han	416
khéo	416
tọa	416
andrew	415
phàn	415
bùng	414
thấu	414
lẩn	413
gen	413
susan	413
quặc	413
soi	413
gotham	412
bé	412
santa	412
bịa	411
thần	411
số	411
bằng	410
shaw	410
náo	410
gonna	410
động	410
email	410
want	409
jacob	409
big	409
chỗ	409
chốn	409
larry	408
lậu	408
ngột	408
đầm	408
mỏng	408
khờ	408
am	407
cặn	407
dna	406
ráng	406
phô	406
bùn	406
parker	406
sôi	405
dồn	405
dennis	405
coulson	405
miêu	404
trọn	404
cooper	404
alan	404
hử	404
nở	403
oxy	402
sex	402
debbie	402
toàn	401
nét	401
hẹp	401
ây	401
canada	400
castle	400
đội	400
cole	399
lam	399
howard	399
about	398
son	398
team	397
tà	397
chffffff	397
way	396
cay	396
lơ	396
vồ	395
brown	395
brody	395
jean	394
patrick	394
xảy	394
búa	392
học	392
giống	392
chục	391
túng	391
berlin	390
black	390
manny	390
mãnh	390
ào	390
toi	389
đao	389
dời	389
lydia	389
hông	388
sương	388
chun	388
cuddy	387
mĩ	386
khâu	386
ngạo	386
gạch	386
allen	385
mẻ	385
đươc	385
world	385
day	385
boston	385
nhuận	385
thủng	384
tình	383
saul	383
chút	382
tiền	381
lướt	381
gai	381
vã	381
cáu	380
thời	380
xuôi	380
trêu	379
thê	379
night	379
ki	379
chì	378
men	378
foreman	378
snow	378
mason	377
nghiền	377
xám	377
wyatt	377
bộ	377
khái	377
đều	376
giới	376
lẽ	375
bản	375
beth	375
alpha	375
lọt	375
súp	374
tím	374
khuất	374
ashley	374
lance	374
nhãn	373
catherine	372
nina	372
florida	372
đũa	372
còi	371
giữ	371
chửi	371
đẽ	371
piano	371
she	370
grayson	370
nguyệt	370
bướm	369
vị	369
nến	368
nghiệt	368
joseph	368
cán	368
feet	367
malcolm	367
gũi	367
kiềm	367
dưa	367
davis	367
cứu	366
lẻn	366
palmer	366
soạn	366
noah	365
look	365
bôi	365
đắm	365
potter	365
buddy	365
hiếu	365
thank	365
vần	364
bưu	364
líu	364
đan	364
huệ	363
sừng	363
ngầu	362
mộc	362
vòi	362
rực	362
nảy	362
hàng	361
len	361
thụy	361
bóc	361
khống	360
iris	360
nhích	360
thét	360
nhai	359
nồng	359
scofield	359
trả	359
where	358
chờ	357
đồng	357
nhúc	356
thằng	356
mấy	356
ngợi	355
đực	355
scarlett	355
dốc	354
kelly	354
hỏi	354
na	354
lawrence	353
make	353
lề	352
bỗng	352
vu	352
jenny	352
tối	352
helen	352
bennet	351
từng	351
riley	351
bịt	351
kyle	350
phụng	350
never	350
julia	350
kết	350
lạm	349
lewis	349
sát	349
vác	348
đẹp	348
lẹ	348
tý	348
jon	348
seth	347
us	347
laura	347
ngự	347
vài	347
guy	347
felix	347
bẩm	346
johnson	346
green	346
thắn	346
cửa	345
rên	345
bầm	345
ron	345
rebecca	345
game	344
norman	344
km	344
ken	344
găng	343
phơi	343
ahh	343
internet	343
moses	343
xót	342
lệch	342
khuyến	342
nước	342
lester	342
back	341
sưởi	340
phế	340
nạt	340
vẫy	339
cáp	339
trọ	339
đùi	339
fitz	339
hydra	339
cua	338
phòng	338
miami	338
ned	338
bonnie	338
chip	338
bùm	338
xơ	338
dinh	337
roi	337
nhạo	336
scotland	336
thây	336
barney	336
trán	336
ẩm	335
sĩ	335
nhỡ	335
grace	335
giời	334
hụt	334
bảnh	334
more	334
khe	334
tủy	334
logan	334
hù	333
doạ	333
ổn	333
hái	333
taylor	333
phết	333
trơn	333
nứt	333
tuệ	333
chôm	332
bế	332
lưỡng	332
gầm	332
jeff	332
lannister	331
khiết	331
nhiễu	331
terry	331
miles	331
tôm	330
nộ	330
đôn	330
chạy	329
kirk	328
bách	328
đứng	328
ớt	328
sir	328
justin	328
over	328
sỉ	327
mánh	327
lười	327
rầy	327
bong	326
sandwich	326
spock	326
hiện	326
ann	326
avatar	326
show	326
connor	325
phanh	324
sylar	324
maya	324
gìn	324
josh	324
megan	323
sô	323
điếc	323
nhúng	323
trặc	323
nhánh	323
web	322
nhồi	322
nháy	322
tỉa	322
vướng	322
doc	322
music	322
kara	321
cisco	321
địt	321
lý	321
lựu	321
arrow	321
phang	320
moscow	320
lõi	320
vãn	320
séc	319
chú	319
ôn	319
thảy	319
vụn	319
blue	319
think	319
hoành	319
nhựa	319
bì	318
betty	318
lẫy	318
bắn	317
thoáng	317
cưa	317
triết	316
starling	316
benjamin	316
né	315
bỉ	315
sợ	315
alexander	315
gầy	315
west	315
cún	314
chư	314
giở	314
miện	314
ellen	314
hm	314
chanh	314
qkk	314
hòng	313
why	313
hill	313
mỡ	313
xuẩn	313
happy	313
daisy	313
khuya	312
hack	312
vặn	312
neo	312
hổng	312
jill	311
phước	311
chen	311
mợ	311
zoe	311
tiếng	311
thự	310
could	310
his	310
nicholas	309
jamie	309
chước	309
bấy	309
ugh	309
then	308
chuckles	308
hunter	308
cat	308
que	307
xôi	307
marshall	307
clarke	307
ali	306
đãng	306
chồn	306
fred	306
hotch	306
ngủ	306
vách	306
christian	306
need	306
tưởng	305
dơi	305
khiên	305
chích	304
rùa	304
liếm	304
lớn	304
our	304
barnes	304
trượng	303
nóc	303
tạng	303
star	302
đề	302
dỡ	302
giầy	302
liêng	302
aw	302
merlyn	302
nhượng	302
jo	300
rán	300
would	300
choáng	300
bình	300
alfred	300
mac	300
rach	299
michelle	299
quyên	299
vừa	299
nancy	299
her	299
turner	299
truồng	299
bừa	298
rót	298
xịt	298
trào	298
cathy	297
chật	297
xen	297
giếng	297
hành	297
rợ	297
chuối	297
nề	297
trọng	297
or	296
sammy	296
báo	296
judy	296
thoái	296
boy	296
aang	296
hẻm	295
lãm	295
albert	295
há	294
bổn	294
đáng	294
lou	294
mr	294
vạt	294
lách	294
yến	293
stone	293
derek	293
clb	293
vẻ	293
xác	293
đểu	293
nghiêng	293
quạ	293
nhược	292
trời	292
manhattan	292
won	292
hạ	292
whiskey	292
nản	291
von	291
abby	291
joy	291
cuối	291
lộng	291
dùng	291
duyệt	290
sê	290
lm	290
ngần	290
give	290
heart	290
rành	290
bởi	290
blake	289
door	289
barbara	289
francisco	288
viếng	288
phiện	288
khiêm	288
cong	288
gào	288
đủ	287
đợi	287
nắp	287
caroline	287
watson	287
chang	287
mật	286
báng	286
pho	286
mìn	286
florence	286
hăng	286
cối	285
dưng	285
tề	285
please	285
bời	285
sally	285
tivi	285
chloe	284
nghênh	284
đắp	284
cửu	284
kid	283
lìn	283
trút	283
central	283
chọi	283
joshua	283
vali	282
dang	282
stan	282
rỡ	281
cọc	281
alvin	281
điềm	281
gã	281
bổng	280
chợt	280
dừng	280
elena	280
zoom	280
chê	279
stephen	279
tokyo	279
samuel	279
ao	279
holly	279
hong	279
huân	279
ngứa	279
hot	279
thuẫn	278
biệt	278
nực	278
nhào	278
brooklyn	277
rổ	277
phụ	277
gus	277
sync	277
chải	277
nhỉ	276
shit	276
skye	275
cúng	275
sophie	275
percy	275
jersey	275
hội	274
hán	274
penny	274
lầy	274
chùi	274
đả	274
lân	273
diễn	273
táng	273
frankie	273
darcy	272
away	272
thẹn	272
ohh	272
ngó	272
oz	272
jackie	271
cỡi	271
israel	271
steven	271
skyler	271
nhỏ	270
dana	270
kiếm	270
martha	270
gps	270
kông	270
rủ	270
cảnh	270
sorry	270
giải	270
xảo	270
khăng	269
sâm	269
cám	269
đắc	269
becca	269
kong	269
núp	269
bịp	269
sherman	269
anne	269
vụng	268
cào	268
đm	268
năn	267
vùi	267
owen	267
rãi	267
lường	267
subteam	266
hector	266
casey	266
rải	266
kề	266
gom	266
rình	265
cầu	265
jc	265
brad	265
donnie	264
ưng	264
xoáy	264
tấp	264
đức	264
ấu	264
vấn	263
xoắn	263
lon	263
lúa	263
đất	263
mẩu	262
ru	262
suối	262
thôn	262
some	262
đời	262
dải	262
hình	262
dó	261
nhãi	261
sonny	261
virginia	260
vét	260
téi	260
rò	260
becky	259
mỉa	259
tell	259
hal	259
cằn	259
finn	259
been	259
neil	259
mách	258
máy	258
củi	258
trâu	258
gạo	258
lốp	257
đối	257
tracy	257
colombia	257
nai	257
siết	257
tua	257
chiếc	256
vành	256
nín	256
dẫm	256
dc	256
oscar	256
bọt	256
ivan	255
bo	255
nhiếp	255
thừng	255
off	254
ollie	254
ngạt	254
sấm	254
đụ	254
nicky	254
sủa	254
cừ	254
gần	253
quyết	253
quấn	253
noel	253
adn	253
ak	253
fox	253
dẻo	253
girl	253
chổi	253
keo	252
lút	252
đàn	252
enterprise	252
tuỳ	252
thắp	252
bus	252
hand	252
nén	252
eo	251
đình	251
tựa	251
life	251
dai	251
bernie	250
nhức	250
mitch	250
phàm	250
dea	250
dale	250
had	250
bén	250
diêm	249
ronnie	249
chưởng	249
sing	249
bravo	249
khéng	249
kèo	249
dick	249
phát	249
vật	249
dù	249
kìm	248
hợp	248
leonard	248
cọ	248
did	247
nghĩa	247
sáng	247
nồi	247
mickey	247
lip	247
hãn	247
nghếch	247
hon	247
cóng	246
chặng	246
khó	246
thường	246
sandy	246
nhàm	245
wall	245
heh	245
einstein	245
kai	244
tẻ	244
mép	244
joffrey	244
bác	244
háo	243
xiếc	243
quý	243
marcel	243
baker	243
đổi	243
richie	243
travis	242
bauer	242
fort	242
thức	242
robbie	242
lizzy	241
súng	241
young	241
sẵn	241
carlos	241
góa	241
khoán	240
vodka	240
dốt	240
đứa	240
harris	240
trẻ	239
tập	239
diego	239
tơ	239
nhăn	239
thẳm	239
facebook	239
dory	238
feel	238
wendy	238
lorenzo	238
rạch	238
isaac	237
sách	237
cước	237
khan	237
đu	237
bới	237
uý	237
roman	236
lảng	236
mấu	236
loa	236
pierre	236
xi	236
xịn	236
văng	236
hú	235
đẫm	235
nhẽ	235
them	235
boris	235
sưng	234
xỉ	234
vá	234
trắc	234
chay	234
rõ	234
toilet	234
juan	234
thản	234
kit	233
honey	233
vanessa	233
nguội	233
latin	233
thanks	232
băn	232
delta	232
chói	232
đấu	232
hạch	232
harrison	232
tỵ	231
chốc	231
margaret	231
ếch	231
houston	231
too	231
sùng	231
nữ	231
nhịn	230
orleans	230
kiểm	230
abraham	230
dom	230
cuba	230
sasha	230
cindy	230
rosie	230
xẻo	229
gabriel	229
dí	229
tử	229
lãi	229
lu	229
jess	228
vinci	228
caitlin	228
chịu	228
lt	228
xít	228
đành	228
xéo	228
hốt	228
xắn	228
kể	227
karl	227
wade	227
still	227
hoả	227
nhĩ	227
boong	227
hollywood	226
hunt	226
omar	226
afghanistan	226
papa	226
mốc	226
nhằn	226
hiên	226
klaus	226
nhử	226
donald	225
vươn	225
really	225
điểm	225
phẳng	225
nấy	225
wallace	225
ương	225
call	225
tội	225
mắng	225
cành	225
thống	224
đệm	224
bu	224
ià	224
nêu	224
tệ	224
mắt	224
thử	224
eh	224
jennifer	223
jules	223
dượng	223
mâu	223
úp	223
santiago	223
khoăn	223
chọn	222
erik	222
bìa	222
cal	222
gật	222
cave	222
ầm	222
heather	222
donna	221
petrelli	221
đốn	221
nhậu	221
lội	221
tara	221
vệ	221
diana	221
sấu	220
halloween	220
bernard	220
lượm	220
vic	220
phía	220
escobar	220
stifler	220
street	219
rob	219
lanh	219
sid	219
tuế	219
scotty	219
philadelphia	219
sky	219
ri	219
đôla	219
điện	219
merlin	219
kev	218
quáng	218
úc	218
kế	218
oán	218
andrea	217
yuri	217
apache	217
going	217
trym	217
trường	217
vọng	217
gieo	217
quẳng	217
gáy	216
collins	216
randy	216
oan	216
hoạ	216
khuyết	216
trát	216
phép	216
franklin	216
oa	216
kang	216
ruth	216
conrad	216
đậm	215
ngồi	215
dead	215
mỳ	215
hood	215
diễu	215
bad	215
thuyên	215
erin	215
burrows	215
xỏ	215
quentin	215
trụi	215
nỉ	214
subbing	214
lay	214
mạnh	214
cẩm	214
valentine	214
phần	214
đày	214
đúc	213
ngõ	213
liz	213
tướng	213
khoát	213
miên	213
dưới	213
nhọn	213
wanna	213
murphy	213
slade	213
chót	213
lane	213
tú	213
bạ	212
reo	212
đục	212
home	212
pheebs	212
trevor	212
kìa	212
kennedy	212
mở	211
patty	211
loan	211
hươu	211
chắn	211
olivia	211
only	211
laughing	211
division	211
mỉm	211
thọ	211
fuck	211
jazz	211
nhủ	211
were	211
jeremy	210
sàng	210
lauren	210
monroe	210
ellis	210
rễ	210
winterfell	210
flint	210
đắng	210
tụng	210
ralph	209
kenny	209
trum	209
reed	209
nate	209
kền	209
lốc	209
buổi	209
hòm	208
tuột	208
damon	208
bài	208
si	208
elliot	208
mạ	208
daryl	208
bú	207
austin	207
quất	207
ướp	207
rương	207
beckett	207
vince	207
georgia	207
thấm	206
trái	206
giá	206
quẹo	205
chó	205
crixus	205
geeta	205
phone	205
through	205
quỵ	205
bella	205
bell	204
translated	204
gallagher	204
simmons	204
gôn	204
lẽo	204
yoo	204
gót	203
christine	203
trí	203
bái	203
abu	203
tết	203
nhung	203
atlanta	203
giỏ	203
ngừa	203
rụi	202
mack	202
léo	202
kiêng	202
cass	202
mikey	202
damien	202
falcone	202
biến	201
nòng	201
kira	201
chuyển	201
điêu	201
quẩn	201
wally	201
tục	201
nom	201
rụng	201
ricky	201
tụt	201
rìu	201
hé	200
sue	200
lằn	200
se	200
wolf	200
xoá	200
moon	200
vũ	200
thính	200
baxter	200
lóc	200
bryan	200
again	200
đút	200
wait	199
nhơ	199
fletcher	199
nsa	199
parkman	199
hưng	198
gắt	198
troy	198
miranda	198
amber	198
rand	198
lòng	198
sure	197
both	197
hức	197
sức	197
thầu	197
quốc	197
náu	197
eve	197
bourne	197
éo	197
tượng	197
todd	197
vest	196
mừng	196
delaney	196
ngượng	196
quỉ	196
đặt	196
hoàn	196
chuẩn	196
janice	196
marco	195
biếng	195
kathy	195
bét	195
nhọc	195
eva	195
toby	195
phò	195
leon	195
prince	195
loại	195
dằn	195
raven	194
rã	194
natalie	194
fbl	194
something	194
cốp	194
keith	194
two	194
rữa	194
cause	194
què	194
hí	194
lenny	194
boyka	194
christ	194
theodore	194
chủ	194
tưng	193
xẩy	193
kansas	193
elias	193
tiến	193
charley	193
quái	193
face	193
xước	193
clyde	193
khả	192
capitol	192
khốn	192
nhuộm	192
katniss	192
sansa	192
khía	192
sebastian	192
dong	192
batman	192
khép	191
bộc	191
hoắc	191
quinn	191
old	191
cúc	191
tụy	191
las	191
has	191
nikita	191
vuông	191
hừm	190
douglas	190
ford	190
brazil	190
zach	190
pat	190
nại	190
krypton	190
dunbar	189
flynn	189
veronica	189
nak	189
find	189
lụa	189
rio	189
dĩa	188
shane	188
eugene	188
láng	188
ngơ	188
woody	188
dog	188
triệt	187
spencer	187
vắt	187
cười	187
thúc	187
xẻ	187
around	187
duncan	187
tã	187
violet	186
chừa	186
ngoạn	186
kg	186
rạng	186
fish	186
didn	186
miss	186
khiến	186
hell	186
angel	186
quyền	186
samurai	186
mọt	186
crowley	185
quả	185
eyes	185
xao	185
thủ	185
perry	185
phồng	185
guys	185
phá	185
ngụ	185
crassus	185
grand	184
rôi	184
min	184
chùm	184
uống	184
nhảy	184
morris	184
luồng	184
chí	184
mama	184
lính	184
khốc	184
tổng	184
mút	183
better	183
khoáng	183
anderson	183
amelia	183
ngòi	183
ngâm	183
williams	183
stop	183
đùng	183
tess	183
del	183
kan	183
nan	183
chuốc	183
dẫn	183
rãnh	183
jefferson	183
gates	182
trọc	182
calvin	182
trưởng	182
hoặc	182
niêm	182
ói	182
frankenstein	182
bô	182
trò	181
liam	181
nhiệm	181
river	181
gara	181
nasa	181
montgomery	181
cồn	181
ever	181
ngủi	181
bailey	181
sighs	181
gân	181
lệnh	180
ngoãn	180
chappie	180
lấn	180
khiêng	180
sub	180
ít	180
chòng	180
hold	180
tính	180
bradley	180
liệu	180
ráp	180
lăm	180
dãi	179
gasps	179
chậu	179
remy	179
rợn	179
nể	179
xua	179
micah	179
diều	179
ain	179
trẫm	179
rìa	178
live	178
ấp	178
abe	178
lionel	178
perez	178
christina	178
isabelle	177
stefan	177
sắp	177
cỏi	177
lavigne	177
bon	177
mặp	177
bàn	177
stannis	177
cháo	177
axit	177
xơi	177
choi	177
laptop	176
mài	176
tạo	176
xạo	176
said	176
sài	176
hậu	176
vera	176
earl	176
light	176
mãi	176
evil	176
môt	175
củng	175
dột	175
mẹo	175
chánh	175
inch	175
đốm	175
zeus	175
playing	175
cuốn	175
golf	175
sạc	174
gas	174
cm	174
lothbrok	174
nazir	174
bing	174
ừa	173
zack	173
hiểm	173
tina	173
olive	173
tràng	173
boom	173
gloria	173
anthony	173
chúc	173
bruno	173
thạo	173
hawaii	173
hercules	173
độ	173
nzt	173
arnold	173
dallas	173
lim	172
bênh	172
hans	172
alison	172
mick	172
carson	172
phố	172
thiền	172
hứa	172
philip	172
ngặt	172
mạt	172
people	172
hall	172
lực	172
mean	172
stanley	171
buzz	171
chùa	171
nicole	171
cynthia	171
bud	171
russell	171
qui	171
lìa	171
yoko	171
đới	171
th́	170
kỳ	170
igt	170
satan	170
rậm	170
marion	170
goku	170
lorraine	170
angie	170
mississippi	170
samantha	170
lola	169
đặc	169
khâm	169
huyệt	169
euro	169
sushi	169
nhũng	169
leslie	169
ana	169
top	169
jin	169
made	169
quạt	168
chao	168
jj	168
allison	168
giàn	168
ngỗng	168
viết	168
rượt	168
suôn	168
thái	168
helena	168
yep	168
ohio	168
kent	168
kíp	168
tạt	167
clip	167
ngửa	167
núm	167
chambers	167
bích	167
earth	167
bền	167
soái	167
dream	167
duke	166
quẩy	166
chứng	166
dễ	166
gwen	166
bít	166
mafia	166
glenn	166
hiệu	166
uốn	166
harvard	165
dorothy	165
lít	165
bolton	165
jaime	165
sharon	165
phác	165
into	165
jonathan	165
chàng	165
je	164
strange	164
ku	164
xay	164
thoát	164
blah	164
mcgill	164
murdock	164
cúm	164
stella	164
curtis	164
nhõm	164
titan	163
nora	163
mùt	163
khánh	163
laughs	163
thúi	163
thệ	163
heidi	163
chướng	163
tơi	163
translator	163
bộn	163
woman	163
rà	163
phút	162
nolan	162
hacker	162
xáo	162
conway	162
art	162
gregory	162
cí	162
google	162
phục	162
trơ	162
daphne	162
metro	162
lộc	162
niki	162
hudson	161
sun	161
elijah	161
sảng	161
ngốc	161
bạt	161
jerusalem	161
tụi	161
lạc	161
club	161
romeo	161
great	161
pam	161
bí	161
trỗi	161
nàng	161
rùng	161
nothing	160
khét	160
dụng	160
carmen	160
soda	160
cày	160
nanh	160
ưi	160
iraq	160
hugo	160
diane	159
jude	159
val	159
every	159
hayes	159
woo	159
xuất	159
dylan	159
tránh	159
sexy	159
gập	159
peabody	159
thú	159
nhót	158
túm	158
colorado	158
yu	158
vớt	158
ceo	158
std	158
nặc	158
thoi	158
chịch	158
quật	158
thuốc	158
ghim	158
hót	157
dự	157
buck	157
ganh	157
radar	157
tẹo	157
kendra	157
quát	157
ngáy	157
ngẫm	157
ăc	157
te	157
jai	157
venice	157
mầm	157
thắng	157
keep	157
air	157
lùa	157
nổi	157
thượng	156
job	156
snart	156
hoi	156
sút	156
mặc	156
đoán	156
allah	156
quế	156
găm	156
camelot	156
át	156
rẩy	156
janet	156
edgar	155
mứt	155
thiến	155
độc	155
porter	155
ramon	155
tuco	155
tịnh	155
julian	155
xỉu	155
cợt	155
fnhobo	154
link	154
vò	154
copy	154
madison	154
trầy	154
mễ	154
mcclane	154
hát	154
thing	154
tuý	154
kị	154
jang	154
mak	153
cổ	153
chéo	153
chiêm	153
gặm	153
ẩu	153
oxford	153
sheldon	153
place	153
captain	153
lucky	153
khuấy	153
ria	153
rip	153
le	153
địa	153
khí	152
dolores	152
heroin	152
mảng	152
chẽ	152
sen	152
freddy	152
phớt	152
vượng	152
ni	152
rèm	152
vienna	152
winchester	152
carlo	152
sanders	152
sục	152
lả	152
bai	152
cánh	152
linderman	152
reynolds	151
ellie	151
trụy	151
arizona	151
vằn	151
khiếm	151
lord	151
grey	151
nốc	151
hăm	151
xấu	151
sydney	151
roland	151
april	150
quỷ	150
dậy	150
marvin	150
vung	150
abigail	150
mốt	150
bệnh	150
missouri	150
gotta	150
bói	149
pháp	149
hên	149
frodo	149
muỗi	149
martini	149
fire	149
sweet	149
peeta	149
nịnh	149
first	149
phà	148
dừa	148
ninja	148
mỗi	148
roberto	148
uỷ	148
chạp	148
dìm	148
po	148
giục	148
mạng	148
tuần	148
lẳng	148
guitar	148
xuồng	147
much	147
blood	147
nhộn	147
dumbledore	147
jonah	147
campbell	147
dance	147
philly	147
lì	147
vòng	147
chapman	147
gao	147
bjorn	147
joan	147
tít	147
fine	147
bước	147
rong	147
sanchez	147
fisk	147
tru	147
vy	147
phộng	147
prentiss	146
stuart	146
louise	146
rắm	146
vàng	146
càn	146
blog	146
ngẩng	146
rita	146
langley	146
nelson	146
loanh	146
island	146
dude	146
hời	146
bẽ	145
before	145
dấu	145
cụm	145
dicaprio	145
vời	145
hướng	145
pop	145
tennis	145
pepper	145
belle	145
vatican	145
chè	145
chầu	145
gửi	145
xẻng	145
trội	145
ii	144
vợ	144
thọc	144
summer	144
nikki	144
bull	144
ash	144
lập	144
trận	144
nghẹt	144
pharaoh	144
geller	144
thằn	144
phắn	144
naples	144
powers	144
leonardo	144
nghỉ	144
metatron	144
katherine	144
high	144
shakespeare	143
ảnh	143
piper	143
chòm	143
nọc	143
đản	143
end	143
everything	143
đóng	143
antonio	143
file	143
tháng	142
luis	142
linc	142
sò	142
data	142
bishop	142
caleb	142
willy	142
andre	142
vệt	141
randall	141
pierce	141
fax	141
sầu	141
áo	141
stu	141
christopher	141
floki	141
phản	141
kitty	141
aye	141
tuổi	141
sử	141
thompson	141
pan	141
yoga	140
benny	140
chảo	140
morphine	140
herbie	140
trc	140
thận	140
jody	140
tho	139
clayton	139
út	139
subtitle	139
rossi	139
biêt	139
tusk	139
harper	139
vo	139
try	139
chan	139
xổ	139
online	139
ngả	139
evelyn	139
tròng	139
vũng	139
sparta	139
teo	139
iron	139
nới	139
tèo	139
dịch	139
phẫn	139
connie	139
times	138
chaney	138
lảm	138
hayley	138
knocking	138
moore	138
cmn	138
tựu	138
phím	138
brick	138
tài	138
rico	138
giả	138
rollo	138
side	138
these	138
khá	137
usd	137
vitamin	137
vấp	137
help	137
thóc	137
nhút	137
pound	137
nevada	137
hoffman	137
logic	137
point	137
brandon	137
cạp	137
giẻ	137
bần	137
hope	137
gin	137
liêu	137
hen	137
bíp	137
brock	136
floyd	136
xém	136
ập	136
arkham	136
tĩnh	136
mon	136
nang	136
poe	136
thình	136
pope	136
cage	136
wa	136
sokka	136
iran	136
anton	136
phịch	136
chộp	136
elsa	135
lữ	135
saint	135
ding	135
elle	135
tráo	135
bựa	135
gu	135
mulder	135
natasha	135
cấp	135
tem	135
cabin	135
kè	135
kurt	134
deacon	134
xù	134
vọt	134
diggle	134
sugar	134
hotchner	134
ui	134
nhấm	134
lynch	134
stay	134
thím	134
suresh	134
viktor	134
lết	134
petrov	134
move	134
ngán	134
điểu	134
toái	134
mei	134
pennsylvania	134
album	134
bừng	134
tưới	133
rời	133
thor	133
karate	133
phỉ	133
mịa	133
chester	133
nhả	133
kén	133
boxing	133
bướng	133
cairo	133
raul	133
nemo	133
days	133
drake	133
argh	133
clara	133
ctu	132
columbia	132
tỏi	132
tessa	132
hugh	132
hằn	132
nhe	132
bẩy	132
sheila	132
bánh	132
lex	132
xử	132
laser	132
east	132
lòi	132
always	131
cocaine	131
napoleon	131
mền	131
rao	131
mụn	131
churchill	131
cyrus	131
đuợc	131
scotch	131
labs	131
theresa	131
detroit	131
miriam	131
virgil	131
sal	131
tấn	131
isabel	131
giun	131
gina	130
kane	130
lara	130
banks	130
alexis	130
solomon	130
mủ	130
peterson	130
naomi	130
rang	130
nhẹn	130
lady	130
crawford	130
sớm	130
godfrey	130
mind	130
party	130
ireland	130
tyrion	129
xiên	129
roosevelt	129
id	129
jenkins	129
phét	129
stein	129
heathcliff	129
chần	129
hói	129
hyah	129
ripley	129
kiều	129
nham	129
khải	129
paula	129
quyệt	129
kẻo	129
put	129
tạm	128
cùi	128
hạnh	128
lyle	128
gray	128
yếm	128
cằm	128
chập	128
hoạch	128
đỡ	128
boa	128
bingley	128
warren	128
samaritan	128
bợm	128
denise	128
jensen	128
đạm	128
gắng	128
đùa	128
yay	128
brandy	127
gerry	127
hủ	127
gãi	127
gavin	127
carly	127
melissa	127
vơ	127
phillips	127
queens	127
interpol	127
thị	127
graham	127
things	127
judith	127
three	127
bân	127
vòm	127
cleveland	127
mửa	127
yoon	127
giêsu	127
brenda	127
protein	127
brendan	127
sóc	126
lửng	126
rosa	126
skynet	126
cocktail	126
ngụm	126
diếm	126
hills	126
nài	126
đạn	126
shawn	126
soo	126
butler	126
méo	126
sôcôla	126
sandra	125
hun	125
anita	125
xở	125
hẽm	125
cersei	125
doing	125
mị	125
lyla	125
craig	125
vs	125
martinez	125
rô	125
thuộc	125
ngựa	125
gretchen	125
last	125
bữa	125
butch	125
ark	124
jeffrey	124
lũ	124
trốn	124
milan	124
fisher	124
micky	124
gàng	124
sophia	124
free	124
wheeler	124
shrek	124
money	124
luật	124
thò	124
hùm	124
lụt	124
batiatus	124
tành	124
seattle	123
ando	123
vấy	123
dòm	123
gò	123
rv	123
should	123
tạc	123
joon	123
mướn	123
cora	123
gcpd	123
dvd	123
sullivan	123
westeros	123
sành	123
frost	123
dzậy	123
giỏi	123
sparrow	123
thă	123
thoại	123
edit	123
măng	123
nện	123
appa	122
those	122
terrence	122
nhạc	122
katara	122
four	122
nằm	122
russo	122
lúng	122
vicky	122
castiel	122
tennessee	122
phách	122
tiffany	122
scully	122
proctor	122
dante	122
indy	122
phài	122
bốt	122
hamilton	122
dee	122
phì	121
teri	121
tequila	121
phao	121
yankee	121
dă	121
robinson	121
lừng	121
kha	121
isabella	121
cça	121
lana	121
lã	121
đọc	121
cẩn	121
râm	121
xược	121
lửa	121
hermione	121
cassie	121
kẽ	121
xướng	121
maroni	121
lụy	121
thù	120
sulu	120
lụi	120
kiến	120
đuốc	120
panh	120
gabe	120
mọn	120
muội	120
nhăng	120
olympic	120
dj	120
tango	120
north	120
stevie	120
scylla	120
nôi	120
nấc	120
whitney	120
en	120
mario	120
borg	120
jasper	120
đù	120
darhk	120
ahem	119
hear	119
jacques	119
cụng	119
hộ	119
thât	119
boss	119
jared	119
uế	119
dép	119
bón	119
alaska	119
baymax	119
chad	119
courtney	119
hazel	119
leave	119
phoenix	119
ghét	119
stevens	119
cộ	119
baratheon	119
v́	119
umbrella	119
xiềng	119
ivar	118
bit	118
xãy	118
dẫu	118
inhuman	118
võ	118
mercedes	118
someone	118
sherry	118
vip	118
gandalf	118
winston	118
opera	118
lina	118
rahl	118
gội	118
tns	118
khách	118
ráo	118
saiyan	118
jessie	118
giác	118
russ	118
thùy	118
cọp	118
ngố	118
jeep	118
season	117
ava	117
hallelujah	117
thất	117
price	117
ỉa	117
duệ	117
bắc	117
tre	117
zero	117
bành	117
targaryen	117
báu	117
cầm	117
bird	117
lối	117
chợp	116
doyle	116
vùng	116
tiệc	116
lõa	116
nhấp	116
miguel	116
maurice	116
olaf	116
beach	116
tột	116
state	116
luồn	116
ngưu	116
foster	116
baltimore	116
suốt	116
robb	116
after	116
doctor	116
tuốt	116
hãn	116
kéo	116
lão	116
cruchot	115
máu	115
lạ	115
heights	115
play	115
mục	115
grodd	115
foot	115
cutter	115
dollar	115
rặn	115
poker	115
hê	115
tyrell	115
stacy	115
care	115
liberty	115
nat	115
break	115
già	115
mẫn	115
rocky	115
lois	115
pacquiao	115
nhoáng	115
super	115
bennett	115
sấy	115
oregon	114
emmett	114
nakamura	114
debs	114
ruồng	114
reggie	114
sully	114
vảng	114
ke	114
another	114
giữa	114
fury	114
rượu	114
mãng	114
dè	114
even	114
groans	114
ace	114
hắt	114
wickham	114
poseidon	114
lựa	114
benji	114
mui	114
chác	114
ghul	114
dám	114
voice	113
roll	113
moira	113
nơ	113
sol	113
ắt	113
dexter	113
donovan	113
colin	113
durant	113
tâu	113
cù	113
máng	113
đá	113
cắt	113
tâng	113
vẹt	113
thốn	113
everybody	113
hùng	113
dẻ	113
case	113
thâu	113
borgia	113
wong	113
mời	113
tợn	112
champagne	112
càng	112
dawson	112
giẫm	112
chiết	112
michigan	112
đuổi	112
lindsey	112
ngo	112
bs	112
trình	112
phiếm	112
lloyd	112
ðó	112
vûi	112
ngóng	112
beau	112
khóe	112
mother	112
genesis	112
paige	112
thẳng	112
their	111
hodor	111
bẹp	111
tanya	111
thục	111
thorn	111
rogers	111
chừ	111
shin	111
dấn	111
mó	111
giương	111
hao	111
limo	111
hẻo	111
other	111
lình	111
hám	111
lockwood	111
tẩm	111
bowling	111
steroid	111
nếp	111
bán	111
panama	111
feeling	111
chận	111
rusty	111
haley	110
ước	110
alicia	110
rơm	110
et	110
jasmine	110
pakistan	110
lải	110
rẫy	110
răn	110
head	110
tàu	110
lizzie	110
daddy	110
kiểu	110
brooke	110
fu	110
ives	110
best	110
hợm	110
ði	110
birthday	110
hale	110
adams	110
sáp	109
chocolate	109
zombie	109
bolt	109
nyssa	109
drazen	109
lư	109
rhett	109
đèn	109
nghẽn	109
june	109
ahhh	109
creek	109
lỏi	109
optimus	109
lin	109
pinkman	109
simba	109
mặn	109
mắn	109
main	109
medici	109
nung	109
tổ	109
dane	109
nhải	109
thuy	109
hlv	109
superman	109
tris	109
maybe	109
mỹ	109
edith	108
bợ	108
ziggy	108
teresa	108
alec	108
polly	108
verde	108
giò	108
orc	108
mona	108
broadway	108
anything	108
mt	108
wrong	108
lở	108
vlad	108
bates	108
tì	108
gone	108
nghiệm	108
lịch	108
antony	108
selina	108
montana	108
throat	108
tuộc	108
archer	108
bellick	108
miền	108
xúi	108
helga	108
lọi	108
zuko	108
xát	107
moriarty	107
kình	107
ờm	107
garage	107
rói	107
gien	107
boo	107
italy	107
xó	107
bass	107
crazy	107
món	107
mcqueen	107
mitchell	107
gạc	107
thốt	107
tristan	107
adrian	107
bridget	107
thả	107
ge	107
klingon	107
nháp	107
schmidt	107
ngách	107
trướng	107
ass	107
odin	107
murray	106
ác	106
tiểu	106
master	106
colonel	106
marianne	106
muỗng	106
nhể	106
fernando	106
rex	106
bones	106
lake	106
bức	106
nhật	106
die	106
thuật	106
nu	106
seoul	106
trách	106
chíp	106
boyle	106
falls	106
tomorrow	106
thoa	106
keller	106
oklahoma	106
tong	105
stalin	105
pao	105
jr	105
greene	105
trăn	105
tuấn	105
tía	105
rét	105
morning	105
fusco	105
name	105
ngờ	105
đâ	105
penelope	105
nệm	105
margo	105
cosette	105
kếp	105
thậm	105
vaughn	105
cd	104
beta	104
đọa	104
dối	104
bellamy	104
because	104
st	104
phúc	104
xào	104
nấng	104
teen	104
hây	104
kind	104
rọi	104
bồng	104
mira	104
vulcan	104
bóng	104
tức	104
nội	104
elderman	104
sỏi	104
doris	104
tesla	104
meghan	104
loki	103
toan	103
trĩ	103
listen	103
future	103
mindy	103
cõng	103
gamma	103
luộc	103
đă	103
phai	103
toả	103
oi	103
pascal	103
hard	103
hannibal	103
nhừ	103
hoán	103
bank	103
lost	103
together	103
mối	103
masters	103
chance	103
website	102
yale	102
true	102
darius	102
gả	102
georges	102
leah	102
burger	102
very	102
úy	102
wesley	102
hit	102
tour	102
gán	102
váng	102
angus	102
sylvia	102
willie	102
leann	102
any	102
phạm	102
đọ	102
harmon	102
hốc	102
friends	102
blu	102
khuynh	102
giếm	102
ngáng	102
south	102
lucius	102
lác	102
rích	102
phung	102
hứ	101
hẳn	101
ngỏ	101
tucker	101
skeeter	101
tiệt	101
bingo	101
nazca	101
fall	101
kỉnh	101
đặn	101
youtube	101
láu	101
lún	101
andrei	101
lancelot	101
jemma	101
giềng	101
mao	101
aldous	101
edwards	101
burke	101
taub	101
start	101
trans	101
ròng	101
giã	101
weaver	101
visa	100
lặt	100
gàn	100
viking	100
hẹn	100
trừ	100
dóc	100
dạy	100
cuống	100
rambo	100
mác	100
mardon	100
hệ	100
feng	100
albuquerque	100
mè	100
trớn	100
pải	100
stamper	100
andrews	100
phù	100
phình	100
cool	100
real	100
phượng	100
hĩnh	100
tỉnh	100
saw	100
dành	100
tòng	100
ten	100
buồn	100
turn	100
đạo	100
lilly	100
vladimir	100
oswald	100
chelsea	99
booth	99
death	99
carolina	99
sảy	99
deep	99
malick	99
băm	99
post	99
vếu	99
chả	99
mountain	99
rum	99
mae	99
nao	99
rings	99
kung	99
jamal	99
thêu	98
talbot	98
hề	98
sunny	98
kibo	98
wu	98
hachi	98
topper	98
biểu	98
kì	98
ka	98
jet	98
grunts	98
hassan	98
viện	98
daniels	98
rain	98
horton	98
uhh	98
mandy	98
huýt	98
gatsby	98
alabama	98
lopez	98
sở	98
quào	98
minion	98
kyung	98
thiết	98
ya	98
luc	98
cross	98
rourke	98
lũy	98
dominic	98
coming	98
vượn	98
khay	98
tarzan	98
ts	98
gale	97
ernesto	97
nypd	97
nobody	97
mỉ	97
lượng	97
nạn	97
thorne	97
athelstan	97
lứa	97
mầy	97
denver	97
cn	97
pittsburgh	97
claude	97
sên	97
joel	97
lucrezia	97
kitô	97
set	97
beck	97
whisky	97
nhún	97
nhái	97
mohinder	97
tẫn	97
minds	97
dad	97
dạt	96
boov	96
thiếu	96
đầy	96
tấc	96
cuốc	96
aurora	96
bại	96
marks	96
lắng	96
rít	96
diệt	96
newton	96
caspere	96
rich	96
pike	96
cohen	96
hấn	96
matthews	96
cá	96
langdon	96
côa	96
louisiana	96
machete	96
giòn	96
madeleine	96
toạc	96
capua	96
swat	95
wright	95
dùi	95
galavan	95
chất	95
nhập	95
thóp	95
iowa	95
winstone	95
atm	95
cecile	95
eli	95
mycroft	95
must	95
khoảng	95
đóa	95
uổng	95
ẻo	95
cogburn	95
giáo	95
hawk	95
singh	95
nico	95
chừng	95
kềm	95
monty	95
vỉa	95
níu	95
gold	95
freeza	95
once	95
meg	95
quách	94
ishaan	94
summers	94
quần	94
gòn	94
nigel	94
ahn	94
giông	94
thuở	94
trịnh	94
unh	94
ủa	94
hại	94
dicky	94
võng	94
bullock	94
diaz	94
thìa	94
dài	94
thé	94
chống	94
tuông	94
lẻo	94
jonny	94
vale	94
helene	94
forever	94
kill	94
sồi	94
till	94
abbott	94
chửng	94
lena	93
dỏm	93
ghẹo	93
bệ	93
hóc	93
rory	93
michaels	93
nobita	93
gene	93
done	93
hook	93
giũ	93
giựt	93
giận	93
lagertha	93
speaking	93
adrenaline	93
héo	93
sám	93
amsterdam	93
own	93
ngà	93
bỉnh	93
xía	93
left	93
waller	92
brighton	92
armando	92
matty	92
sforza	92
nice	92
kẽm	92
costa	92
jade	92
uyên	92
ronald	92
khố	92
work	92
tánh	92
hagrid	92
đế	92
madeline	92
chế	92
hara	92
luyện	92
óng	92
travers	92
libby	92
enough	92
hulk	92
thịt	92
candy	92
believe	92
coca	92
hobbit	91
lủng	91
khong	91
mackenzie	91
tế	91
sæ	91
gun	91
thong	91
okja	91
shot	91
lọng	91
vơi	91
đằng	91
hn	91
scarlet	91
lars	91
bở	91
tywin	91
dutch	91
khaleesi	91
peck	91
xavier	91
callahan	91
bloom	91
bran	91
c̣n	91
khắt	91
miệt	91
lợi	91
muñn	91
nicolas	91
fischer	91
lucille	91
trại	91
tá	91
evans	91
ghẻ	91
nash	91
powell	91
rhodes	90
cruz	90
mills	90
american	90
came	90
suv	90
bục	90
boyd	90
trớ	90
mom	90
mâm	90
bangkok	90
hancock	90
erica	90
kat	90
lằng	90
sharp	90
tonight	90
freddie	90
dixon	90
dent	90
darren	90
hạt	90
clifford	90
bryce	90
yuki	90
kutner	90
carla	90
leland	90
chèn	90
vandal	90
xửa	90
hó	90
lạng	90
thỏi	90
swagger	90
kính	89
giăng	89
solo	89
ungh	89
blondie	89
jarvis	89
clary	89
dorne	89
jerome	89
khăm	89
khước	89
mercy	89
mõm	89
marta	89
hồ	89
liếc	89
joyce	89
sệt	89
chekov	89
tận	89
biển	89
mào	89
ðừng	89
enterprises	89
au	89
kiêm	89
đên	89
iàm	89
cáng	89
les	89
without	89
nhọ	89
ḿnh	89
vồng	89
dệt	89
nhẽo	89
clears	89
mùng	89
sụt	89
english	89
ngợm	89
chồng	89
might	89
root	89
laurie	88
winter	88
yun	88
giễu	88
lởm	88
ew	88
đỏ	88
iại	88
luther	88
kiếp	88
dầm	88
hừ	88
kưng	88
friend	88
arya	88
wales	88
ruby	88
muirfield	88
mail	88
îi	88
omega	88
sẳn	88
bean	88
briggs	88
truyền	88
thòng	88
dái	88
ló	88
rối	88
jedi	88
tobias	88
ferrari	88
nhột	88
tomas	88
talk	88
haha	88
ulrich	88
juliet	88
chũi	87
mooney	87
xấp	87
peru	87
khẽ	87
grunting	87
mề	87
ẻm	87
tribbiani	87
national	87
criminal	87
nhuệ	87
triệu	87
ginger	87
roxanne	87
bung	87
cáo	87
thừa	87
gẫy	87
ernie	87
union	87
agh	87
nhoi	87
francesca	87
atom	87
golden	87
nần	87
wilkes	87
ran	87
burt	87
ché	87
tanh	87
wang	87
cambridge	87
đun	86
daenerys	86
gaines	86
murph	86
road	86
phiền	86
oanh	86
asgard	86
ss	86
dawn	86
carver	86
richards	86
hendricks	86
nguời	86
porsche	86
nhan	86
merry	86
hồi	86
đay	86
translate	86
yourself	86
iceman	86
hẵng	86
lừa	86
rạn	86
ss	86
kép	86
khoanh	85
cristina	85
nhàn	85
nghiệp	85
valerie	85
gerald	85
indiana	85
gru	85
storm	85
seo	85
khóa	85
shake	85
benedict	85
groot	85
rước	85
josephine	85
bin	85
machine	85
ernst	85
ngấm	85
sọc	85
elliott	85
thuận	85
apollo	85
ike	85
ares	85
nóng	85
sven	85
hogwarts	85
hã	85
next	85
janine	85
amberle	85
tác	85
ðây	85
rooster	85
mùi	85
gé	84
cobb	84
tấu	84
carbon	84
lẩm	84
beowulf	84
prime	84
rận	84
mercia	84
jfk	84
caspar	84
far	84
aurens	84
damian	84
plaza	84
watch	84
ngỏm	84
told	84
setsuko	84
declan	84
thủy	84
melanie	84
yusuf	84
kaiju	84
haiti	84
khuỷu	84
diện	84
quai	84
octavia	84
kenshin	84
manolo	84
liza	84
cử	84
ecbert	84
ruộng	84
trị	84
màu	84
núi	84
micro	84
ảm	84
ip	83
ngấy	83
hu	83
brandt	83
reza	83
dre	83
round	83
sarang	83
boys	83
hopkins	83
dạn	83
samir	83
fran	83
đag	83
tuýp	83
chấp	83
wá	83
oops	83
salad	83
credit	83
vietnam	83
joker	83
franny	83
toát	83
illinois	83
cé	83
woa	83
reddington	83
nghẹn	83
sea	83
emilio	83
thought	83
jen	83
gừ	83
tẩn	83
kramer	83
trợn	83
costello	83
aww	83
loài	83
christmas	83
brent	83
griffin	83
nghiến	83
scooby	83
háng	83
usb	83
om	82
gặt	82
encoder	82
jupiter	82
cũi	82
laze	82
lauda	82
maximus	82
đong	82
django	82
syria	82
xỉa	82
ready	82
dụt	82
alvarez	82
ích	82
chằng	82
xander	82
hũ	82
luyến	82
force	82
madrid	82
stanton	82
lot	82
tiếc	82
nell	82
đèo	82
hamburger	82
viêc	82
nhờ	82
found	82
dwight	82
alma	82
zed	82
bear	82
ngòai	82
frey	82
planet	82
clarence	82
unsullied	82
junior	82
hd	81
nắm	81
tồi	81
lyra	81
bobbi	81
pi	81
elvis	81
rát	81
hawkins	81
đảm	81
whitehall	81
hallie	81
ãn	81
yah	81
malley	81
rosen	81
dõi	81
thorin	81
ritchie	81
athena	81
đơ	81
gẫu	81
blade	81
giản	81
today	81
thun	81
phả	81
gibson	81
trey	81
tuếch	81
mendez	81
igor	81
rodney	81
biff	81
low	81
scorpion	81
nguyễn	81
yard	81
shashi	81
stress	81
atlantic	80
barrow	80
preston	80
fuller	80
cali	80
noi	80
disney	80
phường	80
candice	80
carlisle	80
meereen	80
lennie	80
augie	80
hờ	80
hổi	80
vãng	80
village	80
inside	80
nhác	80
room	80
chat	80
laila	80
lila	80
holt	80
soát	80
sound	80
chức	80
tiết	80
business	80
dật	80
dark	80
quàng	80
ngừ	80
code	80
nhóc	80
check	80
rudy	80
anymore	80
bam	80
trọt	80
pretty	80
sặc	80
harley	79
bettie	79
crane	79
xê	79
xâu	79
toretto	79
puma	79
mink	79
sỉn	79
patricia	79
nheo	79
chét	79
renly	79
beverly	79
pamela	79
doe	79
corrected	79
ouch	79
lori	79
tuck	79
lucifer	79
khanh	79
vênh	79
tanner	79
ngùng	79
gở	79
wil	79
ròi	79
cau	79
trối	79
hubert	79
kitchen	79
pa	79
ghiếc	79
atlantis	79
betsy	79
ngỡ	79
valley	79
fring	79
địch	79
hess	79
rancho	79
hoo	79
lệ	79
glen	79
heil	79
gibbons	79
maryland	79
special	79
quày	79
fe	79
socola	78
gunther	78
oleg	78
vực	78
khỏe	78
vết	78
kỹ	78
nổ	78
phào	78
sỡ	78
cold	78
dwayne	78
full	78
aspirin	78
úi	78
schrader	78
bĩnh	78
zậy	78
dáy	78
skipper	78
ja	78
vượt	78
fogg	78
burton	78
merle	78
mace	78
cảu	78
princeton	78
quẹt	78
kham	78
cotton	78
car	78
pedro	78
nana	78
ngóc	78
melman	78
nhè	78
yemen	77
wes	77
cla	77
múi	77
walk	77
lùi	77
nhớt	77
lái	77
javi	77
gaius	77
mói	77
mad	77
sofa	77
nong	77
nova	77
crewe	77
yếu	77
chằn	77
mahone	77
hất	77
comanche	77
soon	77
nỗi	77
kilo	77
gestapo	77
mo	77
creasy	77
khóc	77
singapore	77
nhậm	77
cạnh	77
healy	77
mirakuru	77
marv	77
xxx	77
phích	77
garrett	77
mã	77
cật	77
issa	77
margaery	77
loras	77
gỉ	77
town	77
kendrick	77
tiberius	77
thầy	77
khuếch	77
yankees	77
banshee	76
dể	76
timothy	76
trù	76
greenland	76
midnight	76
dấy	76
xoăn	76
nhọt	76
dusty	76
baahubali	76
heaven	76
túi	76
jun	76
nắn	76
dĩ	76
bee	76
nuối	76
babylon	76
does	76
damn	76
goodwin	76
augustus	76
hardy	76
lươn	76
alone	76
chệch	76
league	76
xốp	76
chạm	76
đóm	76
nic	76
theon	76
thuyết	76
rùi	76
nhắc	76
deb	76
huỳnh	76
xấc	76
greyjoy	75
phủ	75
nhằng	75
thirteen	75
tếu	75
abel	75
dimitri	75
polo	75
dỗi	75
mine	75
raphael	75
goodman	75
rogue	75
đổ	75
vĩ	75
ground	75
tường	75
vê	75
clinton	75
smurfette	75
else	75
thiếc	75
stewart	75
land	75
milo	75
celeste	75
rám	75
shelly	75
grady	75
sucre	75
cỗi	75
suông	75
screaming	75
reuben	75
xiết	75
đích	75
lét	75
donnelly	75
change	75
baelish	75
nathaniel	75
save	75
cadillac	75
crystal	75
tulsa	75
sấp	75
ấn	75
gypsy	75
hâu	75
đúp	74
colleen	74
baudelaire	74
edmund	74
darkness	74
hạc	74
phóng	74
bourbon	74
tảo	74
chỉa	74
block	74
luthor	74
strauss	74
conlon	74
danko	74
julio	74
morton	74
khêu	74
pilar	74
ngời	74
abaddon	74
pompey	74
jan	74
shishio	74
phông	74
philippe	74
angelina	74
insulin	74
bem	74
andré	74
jessup	74
mesa	74
whip	74
rứt	74
ico	74
meredith	74
malik	74
theta	74
hăy	74
trờ	74
aha	74
girls	74
bert	74
hammond	74
reg	74
ryu	74
ngoại	74
spa	74
meechum	74
raina	74
mượt	74
cặc	74
ngoáy	74
running	74
sierra	74
audrey	73
melly	73
lạnh	73
quill	73
bụi	73
vợt	73
nhang	73
aids	73
lành	73
lives	73
bitch	73
vicodin	73
twitter	73
ghost	73
cesare	73
crowd	73
vuột	73
brooks	73
speed	73
horn	73
werner	73
drive	73
lầm	73
nịt	73
dothraki	73
bau	73
sheriff	73
tóc	73
shelby	73
iii	73
glades	73
nua	73
nỡ	73
hàu	73
oải	73
bubba	73
memphis	73
nhóm	73
myers	73
xóc	73
bbs	73
ám	73
kay	73
news	73
hổn	73
foggy	73
voldemort	73
chuyến	73
yoshiro	73
giêng	73
glass	73
subtitles	73
daley	73
nhẹt	73
editor	73
remember	73
open	73
peggy	73
munich	72
dig	72
touch	72
daily	72
cosima	72
barnett	72
aidan	72
chuột	72
sưa	72
jenna	72
khuy	72
nĩa	72
rĩ	72
lucia	72
kensei	72
mina	72
liang	72
hollis	72
rabbit	72
gượng	72
sergei	72
quây	72
cực	72
mcfly	72
yancey	72
simpson	72
drago	72
lj	72
ven	72
mải	72
sán	72
stokes	72
tech	72
nhïng	72
mc	72
mên	72
newman	72
colt	72
obama	72
uther	72
koba	72
lupus	72
arryn	72
mòng	72
power	72
lõng	72
barcelona	72
eggsy	72
dào	72
huyên	72
giấy	72
tòan	72
nobel	72
pollock	72
wessex	72
vern	72
carolyn	72
đếu	71
loãng	71
lem	71
essex	71
xắc	71
tấm	71
minnesota	71
nhói	71
tura	71
marius	71
giấc	71
matias	71
mầu	71
laì	71
đón	71
birch	71
cũ	71
cody	71
celia	71
duỗi	71
casino	71
jeez	71
thiển	71
kiếng	71
looking	71
ranger	71
nhại	71
chiếu	71
tancredi	71
shado	71
jung	71
gốm	71
gracie	71
đói	71
phillip	71
tồn	71
ramsey	71
eduardo	71
derby	71
oái	71
maine	71
mendoza	70
nách	70
tùm	70
tuôn	70
uss	70
trợ	70
ắng	70
narnia	70
khủng	70
davina	70
vít	70
stars	70
doo	70
water	70
thề	70
hầu	70
allie	70
hớ	70
henderson	70
maddy	70
sào	70
er	70
ngừng	70
leeds	70
yates	70
amazon	70
card	70
ách	70
mẩn	70
dora	70
hari	70
nixon	70
mun	70
irene	70
garfield	70
lênh	70
bướu	70
bưởi	70
timer	70
camille	70
lự	70
picard	70
moose	70
kubo	70
constantine	70
oắt	70
beaumont	70
áy	69
jed	69
number	69
randolph	69
sếp	69
font	69
welcome	69
lum	69
lóng	69
ball	69
sonia	69
liêm	69
dòng	69
mắc	69
víu	69
oldman	69
missy	69
tù	69
regina	69
gardner	69
maxwell	69
suzanne	69
lynn	69
course	69
bận	69
chặn	69
riddick	69
hopper	69
eddy	69
thỏa	69
sake	69
nadia	69
thềm	69
hoạt	69
echo	69
trying	69
puerto	69
ming	69
rap	69
luca	69
vẹo	69
hóng	69
tuồn	69
buộc	69
avery	68
gomez	68
wind	68
loét	68
chòi	68
easy	68
cocain	68
athens	68
america	68
wick	68
doraemon	68
seal	68
ký	68
xàm	68
mormont	68
thở	68
án	68
sit	68
mún	68
arnie	68
barr	68
vertigo	68
stacey	68
deo	68
jacobs	68
nhòm	68
brand	68
chuyçn	68
torrance	68
county	68
savannah	68
cẳng	68
studio	68
norton	68
morra	68
page	68
gừng	68
stephanie	68
wild	68
android	68
beatrice	68
hòa	68
ỏi	68
ocean	68
connecticut	68
slim	68
tt	68
khạo	68
mệt	68
bring	68
tịt	68
chặt	68
pandora	68
nòi	68
greta	68
heisenberg	68
under	68
cut	67
muriel	67
mît	67
phí	67
lamb	67
yards	67
irina	67
sofia	67
paddington	67
donny	67
haven	67
khẩu	67
cdc	67
soul	67
khắc	67
crusoe	67
chữ	67
dastan	67
justine	67
kali	67
taco	67
meet	67
barrett	67
silver	67
toại	67
sh	67
hớt	67
mini	67
massage	67
il	67
gym	67
ramsay	67
met	67
jamaica	67
vế	67
color	67
nửa	67
singing	67
nichols	67
smoak	67
roma	67
mance	67
vargas	67
which	67
gù	67
ton	67
lockhart	66
thẩn	66
danton	66
kentucky	66
wei	66
vẩy	66
rod	66
baylor	66
cosmo	66
dựng	66
papi	66
webb	66
story	66
snape	66
plasma	66
year	66
vogel	66
tiger	66
kristi	66
ginny	66
madam	66
keen	66
ramal	66
ngưới	66
điệu	66
springs	66
worf	66
sirius	66
horus	66
kgb	66
gaston	66
whistler	66
fad	66
shaun	66
tag	66
nhầy	66
scar	66
orlando	66
sum	66
garner	66
tống	66
nhộng	66
royal	66
dầy	66
ask	66
kirby	66
rầu	66
nguôi	66
briarcliff	66
rochester	66
montreal	66
shoot	66
mccoy	66
hỏng	66
otto	66
series	66
miệng	66
khumba	66
vắc	65
kenneth	65
desmond	65
milton	65
dear	65
hobbs	65
eleanor	65
ringo	65
tink	65
conor	65
knock	65
mozart	65
norm	65
spartan	65
nhuốm	65
nhãng	65
hana	65
vóc	65
lộ	65
cain	65
mộ	65
brothers	65
knows	65
franz	65
gareth	65
mía	65
shredder	65
chậm	65
morpheus	65
yakuza	65
paso	65
rừng	65
trek	65
myself	65
chẻ	65
sản	65
five	65
chảnh	65
đọng	65
patterson	65
tóe	65
campuchia	65
ớn	65
whit	65
ngạc	65
hongkong	65
mattie	65
pearl	65
utah	65
quà	65
chênh	65
sót	65
saudi	64
jose	64
hỉ	64
cọng	64
doesn	64
byrde	64
walking	64
kích	64
hóa	64
iên	64
button	64
mavis	64
maui	64
cale	64
took	64
chet	64
chầm	64
holloway	64
boog	64
hanson	64
ngông	64
rocket	64
emmet	64
hão	64
jump	64
encode	64
ràng	64
goes	64
hungary	64
dirk	64
portland	64
soren	64
hasan	64
warsaw	64
oai	64
decker	64
airbender	64
yang	64
lôn	64
laugh	64
trác	64
vát	64
õôc	64
megatron	64
hobbes	64
rốn	64
tate	64
đoàn	64
autobot	64
azrael	64
mustang	64
matter	64
willis	64
ngủm	63
dồi	63
crying	63
nygma	63
rodriguez	63
barb	63
rặng	63
maureen	63
hee	63
rosita	63
viền	63
sookie	63
charleston	63
đốt	63
rat	63
cloud	63
knew	63
titus	63
nộm	63
letty	63
louie	63
elaine	63
hớp	63
hột	63
khui	63
rapunzel	63
tito	63
buster	63
hut	63
grimm	63
freya	63
vía	63
bèo	63
ánh	63
fleury	63
chớn	63
lissa	63
dô	63
xới	63
tangles	63
phất	63
barton	63
gondor	63
ridley	63
pos	63
bender	63
fun	63
banner	63
guốc	63
budapest	63
gang	63
kristen	63
hansen	63
rè	63
mịn	63
megamind	63
mitsuha	63
hào	63
ellcrys	62
cựa	62
stanford	62
trổ	62
noodles	62
thưởng	62
phận	62
clear	62
hartley	62
thắm	62
treadstone	62
reaper	62
farmer	62
thụt	62
bridger	62
xức	62
clare	62
cáy	62
rụt	62
benson	62
eliza	62
lạch	62
lẫm	62
đoạn	62
hammer	62
nhõ	62
hộp	62
seven	62
váo	62
mit	62
vụt	62
says	62
mức	62
trần	62
father	62
locke	62
metropolis	62
khám	62
cash	62
tí	62
hatter	62
vietsub	62
ngoặt	62
carmichael	62
many	62
denny	62
steadman	62
gram	62
pounds	62
joaquin	62
warner	62
download	62
davos	62
ứng	62
gô	62
cliff	62
hades	62
lợm	62
lặng	62
césar	62
valjean	62
shelley	62
general	62
lổ	62
atcu	62
giặc	62
bum	62
xúc	62
khoét	62
agnes	62
sae	62
andie	62
ringing	61
bowman	61
rover	61
second	61
cullen	61
níi	61
understand	61
rệp	61
rúc	61
hưởng	61
sẩy	61
jareau	61
nottingham	61
turbo	61
nè	61
hah	61
gail	61
tahiti	61
ger	61
berkeley	61
sandpiper	61
cướp	61
dì	61
kẹ	61
frances	61
nile	61
julius	61
dà	61
worth	61
higgins	61
sawyer	61
quantico	61
kowalski	61
cup	61
maverick	61
chẵn	61
garzooka	61
behind	61
hờn	61
whitaker	61
antoine	61
tầm	61
kimble	61
everdeen	61
ukraine	61
elektra	61
tứ	61
same	61
dũng	61
jeb	61
henri	61
wisconsin	61
harriet	61
trask	61
line	61
barbie	61
lynne	60
thip	60
giấu	60
ferguson	60
sarge	60
greer	60
trồi	60
toét	60
odessa	60
bạc	60
gemma	60
latinh	60
uất	60
deva	60
chưng	60
horik	60
náy	60
dauntless	60
huề	60
lecter	60
susie	60
mít	60
quạo	60
giư	60
cop	60
maseo	60
nato	60
nhạn	60
magic	60
franck	60
chocolat	60
kattegat	60
uranium	60
years	60
nhếch	60
múc	60
aslan	60
jeanne	60
truman	60
trệ	60
havana	60
tín	60
kwon	60
strucker	60
meggie	60
wake	60
ếm	60
galloway	60
nhặn	60
fight	60
fábio	60
truth	60
linus	60
bứt	60
negan	60
chiện	60
hero	60
thui	60
while	60
wexler	60
avenue	60
kappa	60
bunny	60
giulia	60
villa	60
normandy	60
self	59
hampton	59
mose	59
webber	59
shi	59
kimberly	59
mal	59
whole	59
everyone	59
kassim	59
ghém	59
khắp	59
hip	59
çi	59
trễ	59
hồn	59
shinichi	59
haku	59
lyn	59
trắng	59
uây	59
thộn	59
klein	59
armstrong	59
gvn	59
shock	59
rắc	59
loạn	59
claudia	59
wan	59
wilhelm	59
kí	59
sửng	59
amadeo	59
fraser	59
adler	59
sentinel	59
sảo	59
jonas	59
ngợp	59
dougal	59
winn	59
nah	59
cavanaugh	59
siberia	59
dị	59
ramos	59
chửa	59
guinea	59
hiv	59
pollard	59
leonidas	59
sổ	59
johny	59
thán	59
dubai	59
beirut	59
vermont	59
cent	59
gà	59
macao	59
chán	59
ada	59
atlas	59
kylie	59
clarice	59
graves	59
damascus	59
fly	59
ig	59
vôi	59
cara	59
cộng	59
templeton	59
tñt	59
iroh	59
dua	59
kragle	58
çü	58
avengers	58
hannlbal	58
xing	58
stand	58
pk	58
cuội	58
vassili	58
dakota	58
búng	58
dánh	58
javert	58
war	58
olsen	58
dụm	58
naz	58
isn	58
bloody	58
danvers	58
thuyền	58
conner	58
emile	58
katrina	58
balo	58
massachusetts	58
lights	58
mái	58
trip	58
mảnh	58
eggs	58
poster	58
timo	58
sanh	58
police	58
nán	58
reacher	58
wendell	58
casper	58
giường	58
khít	58
ice	58
amabella	58
diablo	58
khuây	58
bernadette	58
somebody	58
cornelius	58
jefe	58
lazarus	58
bright	58
nành	58
united	58
tọc	58
karo	58
alexandria	58
cecil	58
turing	58
hermie	58
hado	58
hamish	58
schultz	58
esposito	58
keita	58
busan	58
earp	58
temple	58
downey	58
shizuka	58
buffalo	58
nãm	58
weasley	57
sửa	57
húng	57
ừh	57
warden	57
sải	57
sứa	57
medellín	57
nhen	57
steele	57
beto	57
đẩu	57
wooley	57
lupin	57
shotgun	57
bane	57
kumar	57
aj	57
kellerman	57
hhm	57
venus	57
gột	57
mùa	57
ngýõi	57
timmy	57
jennings	57
zoey	57
tộc	57
đám	57
chronos	57
kỷ	57
leekie	57
khựa	57
móa	57
nhầm	57
bội	57
muộn	57
krueger	57
dế	57
shaggy	57
cox	57
chief	57
aaah	57
kisha	57
guido	57
geoffrey	57
quincy	57
vði	57
ưm	57
giấm	57
dọn	57
hiệp	57
bò	57
talking	57
đờ	57
emiliano	57
kịch	57
sidao	57
ingrid	57
wichita	57
steel	57
thy	57
killer	56
gladiator	56
cheese	56
ursula	56
blair	56
lí	56
close	56
dex	56
ehome	56
solonius	56
khạc	56
quản	56
vầng	56
loeb	56
thày	56
fitzgerald	56
craster	56
luna	56
macallan	56
alive	56
khổ	56
iv	56
ramanujan	56
sha	56
toronto	56
ipad	56
nhợt	56
giles	56
hấu	56
rëi	56
hẵn	56
lỗ	56
bronx	56
casterly	56
clive	56
nghị	56
kyoto	56
yup	56
luck	56
nghệ	56
khướt	56
cook	56
trent	56
follow	56
nickerson	56
morse	56
sạch	56
getting	56
cản	56
lambert	56
phệ	56
ngục	56
bope	56
gabi	56
viper	56
gordy	56
húc	55
cốc	55
rút	55
part	55
quèn	55
sonya	55
enid	55
landing	55
horizon	55
hands	55
space	55
gustave	55
phẩu	55
waterloo	55
mận	55
phùng	55
hầm	55
saxon	55
secret	55
date	55
congo	55
mariko	55
minnie	55
nhắt	55
oskar	55
hwi	55
vn	55
xén	55
everest	55
trụ	55
ser	55
ivy	55
táp	55
iáu	55
raph	55
barca	55
jimbo	55
chấu	55
tiếu	55
thunder	55
hanna	55
mammy	55
japanese	55
drew	55
mênh	55
uhura	55
sủng	55
đom	55
cui	55
moe	55
monsieur	55
grimes	55
dobby	55
đưc	55
tròn	55
bomb	55
tweet	55
nặn	55
khal	55
nà	55
harlan	55
ufo	55
meo	55
cherry	55
nợ	55
shadow	55
nguyen	55
cincinnati	55
morrison	55
dúng	55
wonder	55
march	55
chài	55
tadashi	55
mussolini	55
nhôm	55
portman	54
hwayi	54
hồng	54
buồi	54
lùm	54
hampshire	54
della	54
waverider	54
vega	54
trinity	54
otis	54
roberts	54
phẩm	54
baldwin	54
adele	54
ải	54
josey	54
ngoi	54
josé	54
giselle	54
dyad	54
rommel	54
louisa	54
lá	54
cap	54
sất	54
đò	54
screams	54
đập	54
moana	54
rufus	54
serge	54
đát	54
niềm	54
vố	54
thrace	54
beethoven	54
tửu	54
cheryl	54
keanu	54
thó	54
hoe	54
sỏ	54
lose	54
along	54
bingham	54
waiting	54
vỡ	54
grove	54
darwin	54
verne	54
joanna	54
doss	54
newark	54
worry	54
kendall	54
walden	54
astra	54
gannicus	54
khuân	54
ngấu	54
kick	54
gonzalez	54
building	54
dính	54
trỏ	54
cắp	54
fi	54
laputa	54
salem	54
ridge	54
melinda	54
shield	54
hủy	54
monte	54
nikolai	54
excuse	53
palm	53
toshio	53
vasudha	53
original	53
gilbert	53
mọng	53
tyson	53
marilyn	53
clough	53
forest	53
sy	53
lawton	53
ryder	53
càm	53
diamond	53
aelle	53
quintus	53
cougar	53
jae	53
larkin	53
tòa	53
suyin	53
battousai	53
cưới	53
nazareth	53
cedric	53
sầm	53
jeremiah	53
outis	53
chuộng	53
reno	53
aiden	53
lởn	53
harlem	53
mig	53
judas	53
dreams	53
lạy	53
container	53
allan	53
suzy	53
hilly	53
mệnh	53
lisbon	53
geneva	53
coop	53
blanche	53
ahmadi	53
makes	53
brien	53
granger	53
sabra	53
trạng	53
wars	53
lazlo	53
phái	53
cûa	53
ngón	53
agent	53
dứa	53
muhammad	53
masha	53
cà	53
cortez	53
thí	53
neal	53
hamlin	53
vani	53
hữu	53
garden	53
devasena	53
kô	53
mika	53
murdoch	53
sim	53
bn	52
khỉ	52
rupert	52
boat	52
fair	52
use	52
hawking	52
swan	52
ing	52
horace	52
trộm	52
iq	52
connors	52
cello	52
dzô	52
varys	52
hển	52
trực	52
gusteau	52
phỉnh	52
zachary	52
rorschach	52
ống	52
gordo	52
suzuran	52
reagan	52
tàn	52
arms	52
pryce	52
đột	52
vén	52
simone	52
vikings	52
palestine	52
gọt	52
lồn	52
minny	52
ubbe	52
nhím	52
dần	52
lóe	52
yểu	52
cháy	52
mirae	52
annabelle	52
wo	52
bakuto	52
khổng	52
sẫm	52
comes	52
haines	52
gillian	52
clementine	52
luisa	52
ện	52
quica	52
kremlin	52
deanna	52
nootka	52
tommen	52
sigurd	52
hoyt	52
pink	52
alfonso	52
biếm	52
shhh	52
aa	52
bưng	52
thorwald	52
xứng	52
livingston	52
catelyn	52
cấn	52
delhi	52
kiệu	52
pilgrim	52
bridge	52
mcdonald	52
guess	52
së	52
tetch	52
taliban	52
emil	52
goose	52
xo	52
ethel	52
chóp	52
dracula	52
seki	52
acid	52
vegeta	52
phủi	52
diên	52
french	52
mịt	52
loáng	52
đảo	52
jamey	52
drop	52
hầy	52
shen	52
sometimes	52
thracian	52
thæ	52
ðược	52
saunders	52
amos	52
nhàu	52
dega	52
domino	52
ride	52
roya	52
nhìu	52
limbani	52
zapata	52
chàm	52
luz	52
psi	51
zo	51
nguyện	51
quẫn	51
thẹo	51
hối	51
javier	51
trườn	51
cộc	51
nanda	51
fry	51
biät	51
nullah	51
hiu	51
hơ	51
mnh	51
mẫm	51
cobblepot	51
waters	51
ngọn	51
irving	51
mcgee	51
mống	51
drac	51
firestorm	51
parbat	51
xoang	51
bịu	51
stumpy	51
jigsaw	51
mitsuko	51
tenoch	51
marathon	51
theokoles	51
darken	51
oren	51
nghê	51
doosan	51
thunderbolt	51
kemp	51
marek	51
fear	51
marshal	51
săm	51
cỡ	51
ngước	51
chảy	51
albany	51
katy	51
gandhi	51
đốc	51
corey	51
baghdad	51
vorenus	51
khập	51
vàn	51
body	51
ké	51
cnn	51
vogler	51
hanka	51
living	51
malfoy	51
annabel	51
seen	51
winnie	51
raju	51
tích	51
ẩn	51
corleone	51
vernon	51
motors	51
corrigan	51
cổng	51
nặng	50
ren	50
ronan	50
thornton	50
bagwell	50
stick	50
funny	50
strigoi	50
nita	50
india	50
lới	50
rance	50
salamanca	50
aladeen	50
khiếp	50
nhẫn	50
farrell	50
melody	50
harmony	50
australia	50
gió	50
khoả	50
bilbo	50
rú	50
janni	50
casablanca	50
romulan	50
bush	50
ráy	50
nhẹ	50
petra	50
jiro	50
đài	50
zorin	50
dunne	50
list	50
ném	50
anyone	50
alejandro	50
mission	50
quạnh	50
express	50
lớp	50
hourglass	50
angelo	50
nhẵn	50
chắp	50
ct	50
raj	50
sọt	50
felipe	50
babi	50
dragon	50
oddball	50
xổng	50
tặng	50
uyển	50
marina	50
đễ	50
neville	50
mri	50
brussels	50
tricia	50
đỉa	50
zambrano	50
salvatore	50
trouble	50
goi	50
stiles	50
rệt	50
thiếp	50
