我们	827393
什么	534934
知道	437631
他们	330294
一个	286202
没有	257229
不是	253201
you	222568
可以	213363
你们	207368
现在	191204
the	185415
这个	184608
怎么	174335
就是	174001
如果	171340
这里	155860
这样	154329
to	136030
自己	134251
不会	126661
告诉	121954
为什么	119165
不能	118579
真的	117819
先生	115604
只是	115329
不要	114532
这是	113425
已经	111924
需要	104694
it	104540
因为	103803
谢谢	103359
这么	100276
可能	98736
但是	97940
那个	97172
所以	95494
喜欢	94248
我要	91413
觉得	90238
还有	86154
时候	85885
东西	85443
我会	82721
一起	82570
and	81874
应该	80917
我們	80892
这些	80491
that	79991
孩子	77837
看到	76397
一下	75952
那么	75600
of	71888
还是	69657
问题	68808
工作	68195
一样	67580
开始	65701
然后	62651
看看	62631
地方	61961
一定	61403
希望	61212
朋友	61124
今天	59831
in	58965
事情	58749
一直	58600
所有	58300
we	58049
找到	57999
什麼	57953
当然	57824
回来	57701
不想	57531
is	56183
没事	54978
那些	54687
明白	54299
的话	54266
爸爸	54140
what	54049
离开	53576
一切	53550
时间	53544
相信	53265
chffffff	53035
妈妈	52775
想要	52767
发生	52014
起来	51203
me	51126
真是	50761
你好	50640
抱歉	50333
必须	50284
认为	50036
一点	49989
非常	49809
那里	48875
对不起	48834
也许	48806
大家	48356
哪里	48077
有人	48030
意思	47296
准备	45490
出来	45071
this	44886
不过	43421
一些	43319
为了	42835
女人	42510
he	42444
pos	42272
这儿	41851
只有	41172
过来	41005
一次	40766
得到	39988
很多	39668
on	39645
任何	39594
这种	39590
for	39580
怎么样	39364
感觉	38329
是不是	37975
以为	37929
fn	37796
而且	37779
my	37770
your	37719
生活	37632
男人	37624
之前	37558
发现	37040
可是	36669
快点	36485
两个	35966
不用	35781
re	35622
名字	35374
have	35319
没错	35015
was	34979
no	34644
do	33806
世界	33790
记得	33268
be	33128
不错	33113
肯定	33061
最好	33033
not	32986
不行	32963
等等	32945
出去	32723
亲爱	31933
can	31652
are	31467
don	31442
他們	31420
担心	31339
如何	31320
到底	31107
有点	30851
最后	30725
小姐	30706
上帝	30372
认识	30285
know	30210
正在	30153
那样	29969
父亲	29719
高兴	29700
明天	29587
重要	29507
警察	29120
只要	29107
干什么	29067
好像	29033
再见	28825
我能	28783
继续	28740
今晚	28650
all	28615
他妈的	28590
with	28509
回家	28350
它们	28308
多少	28247
电话	28178
听到	27995
干嘛	27736
just	27636
but	27545
医生	27452
要是	27266
女孩	27105
so	27018
马上	26720
过去	26646
以前	26399
they	26083
儿子	26024
哪儿	25634
说话	25586
看起来	25511
fnmicrosoft	25467
一個	25462
yahei	25436
完全	25423
该死	25331
there	25303
美国	25172
怎样	25165
回去	25126
其他	24825
永远	24688
家伙	24679
之后	24566
怎麼	24413
看见	24365
或者	24021
小心	23400
fnsimhei	23351
别人	23278
成为	23248
不到	22964
here	22934
情况	22913
get	22845
伙计	22702
一天	22615
见到	22417
晚上	22343
总是	22325
好好	22178
如此	22150
了解	21944
like	21931
有没有	21883
兄弟	21871
没什么	21850
我来	21764
结束	21743
机会	21719
安全	21662
拜托	21530
决定	21480
确定	21435
里面	21222
怎么办	21189
还好	21062
无法	21037
小时	21036
清楚	21001
有些	20997
這個	20849
帮助	20849
长官	20785
out	20778
ll	20747
公司	20745
up	20632
打电话	20621
房子	20426
根本	20419
办法	20396
go	20323
不管	20313
混蛋	20306
关于	20217
right	20195
she	20158
计划	19959
唯一	19772
来说	19688
女儿	19614
one	19317
看着	19249
宝贝	19208
每个	19176
about	19166
怎么回事	19113
其实	19073
漂亮	19069
黑体	19019
這樣	18925
if	18655
人们	18560
真正	18550
甚至	18542
那边	18527
不好	18386
him	18350
进来	18144
夫人	17915
at	17876
愿意	17725
麻烦	17699
now	17698
就要	17547
打算	17525
故事	17449
一种	17433
害怕	17332
房间	17234
那儿	17180
衣服	17176
母亲	17158
got	17149
下来	17025
听说	17007
不了	16969
注意	16962
改变	16916
how	16861
这次	16841
這是	16838
没关系	16619
接受	16528
妻子	16483
失去	16298
回到	16270
以后	16207
是否	16033
her	15997
生命	15984
她们	15939
进去	15918
女士	15858
yeah	15838
原因	15775
刚才	15711
保护	15705
是因为	15697
选择	15677
几个	15669
关系	15628
从来	15598
will	15572
他会	15547
当时	15505
出现	15480
结婚	15436
至少	15397
还要	15387
oh	15326
成功	15300
come	15299
奇怪	15274
虽然	15248
太好了	15230
身上	15206
或许	15103
你們	15091
有个	14999
保证	14953
外面	14930
ve	14912
丈夫	14911
want	14868
国家	14868
整个	14843
特别	14713
那种	14703
不同	14680
很快	14613
变成	14586
难道	14486
学校	14485
一件	14427
样子	14382
电影	14316
谈谈	14278
think	14229
危险	14214
开心	14205
别的	14203
这件	14195
才能	14189
闭嘴	14116
进行	14067
照片	14032
刚刚	14014
而已	13981
完成	13961
方式	13892
from	13875
做到	13867
who	13789
因為	13779
声音	13764
第一次	13761
看来	13757
只能	13753
現在	13748
太太	13739
下去	13701
绝对	13694
处理	13648
欢迎	13646
眼睛	13633
通过	13622
行动	13616
感到	13585
最近	13574
as	13551
各位	13373
这边	13334
did	13289
不好意思	13277
作为	13166
see	13128
good	13113
容易	13098
沒有	13084
直到	13072
比赛	12978
像是	12929
his	12919
let	12903
更好	12856
why	12739
有趣	12732
就算	12729
活着	12644
不會	12635
努力	12604
帮忙	12603
留下	12597
同意	12596
参加	12581
well	12570
死亡	12478
上面	12451
结果	12437
消息	12436
要求	12421
理解	12391
曾经	12376
打开	12358
收到	12303
照顾	12302
人类	12254
主意	12249
保持	12228
okay	12226
杰克	12213
存在	12210
晚安	12142
确实	12130
全部	12111
謝謝	12037
讨厌	12017
gonna	12013
an	11985
突然	11978
多久	11922
老婆	11908
不再	11907
when	11889
back	11862
任何人	11846
开玩笑	11833
放在	11830
那個	11822
进入	11815
父母	11806
总统	11765
伤害	11740
時候	11718
回答	11714
一位	11706
三个	11701
所有人	11686
老师	11647
除了	11587
black	11570
咱们	11553
自由	11535
可爱	11532
us	11531
抓住	11512
简单	11450
time	11449
身体	11444
想法	11444
早上	11430
這麼	11418
能够	11408
昨晚	11376
哥哥	11336
我爱你	11324
them	11310
秘密	11306
休息	11286
战争	11237
其中	11221
医院	11180
每天	11167
之间	11133
大概	11112
控制	11096
小孩	11047
带来	11037
停止	11019
因此	10993
证明	10965
约翰	10953
飞机	10927
解释	10884
律师	10850
终于	10832
翻译	10800
调查	10798
告訴	10795
为何	10790
留在	10790
糟糕	10789
任务	10784
武器	10777
家里	10736
来自	10728
后面	10717
小子	10711
going	10708
来到	10687
解决	10671
would	10662
其他人	10656
家人	10610
坐下	10592
where	10583
直接	10401
办公室	10400
放弃	10365
加油	10326
方法	10285
游戏	10271
即使	10244
fnarial	10214
take	10205
were	10188
our	10158
年轻	10155
大人	10154
使用	10152
or	10140
老板	10128
想想	10110
坐在	10103
目标	10086
need	10070
变得	10053
可怕	10049
拿到	10038
考虑	9989
个人	9988
开枪	9983
been	9960
睡觉	9920
分钟	9914
想到	9901
等待	9865
音乐	9858
再说	9855
聪明	9807
yes	9791
姑娘	9782
地球	9779
感谢	9755
命令	9746
阻止	9718
一只	9712
消失	9695
喜歡	9675
冷静	9657
似乎	9654
联系	9637
家庭	9624
痛苦	9617
城市	9606
力量	9584
对于	9573
未来	9572
男孩	9571
博士	9538
姐姐	9531
疯狂	9504
报告	9496
放下	9468
昨天	9454
那天	9418
還有	9400
完美	9385
答应	9366
证据	9337
本来	9324
负责	9319
检查	9309
could	9302
已經	9284
一条	9277
man	9249
look	9221
厉害	9218
拥有	9212
正常	9210
并且	9209
否则	9190
then	9170
以及	9152
重新	9151
忘记	9136
had	9111
这位	9110
研究	9106
附近	9088
不然	9080
太棒了	9076
很棒	9070
方正	9061
字幕	9035
加入	9001
反正	8927
不该	8927
政府	8908
快乐	8904
身边	8875
down	8873
遇到	8873
some	8862
這裡	8854
伟大	8835
咖啡	8831
tell	8810
say	8791
仍然	8755
开车	8746
代表	8730
尸体	8674
比较	8668
一年	8636
紧张	8619
监狱	8605
way	8595
位置	8592
随便	8571
安排	8561
表演	8547
从没	8544
除非	8535
屁股	8502
這些	8493
by	8491
老兄	8473
支持	8471
必要	8467
人生	8458
正确	8454
跟着	8433
杀死	8431
more	8419
交给	8419
叔叔	8418
還是	8415
食物	8401
事实	8394
简直	8389
安静	8375
一场	8369
妹妹	8319
something	8310
美丽	8297
再次	8287
案子	8278
下面	8278
hey	8236
make	8229
不够	8207
可怜	8177
首先	8076
另外	8069
提供	8065
记住	8060
听见	8048
国王	8039
didn	8031
面前	8026
几乎	7999
日子	7988
那麼	7979
舒服	7967
原来	7963
再也	7959
纽约	7946
早就	7937
really	7916
有关	7907
放开	7893
信息	7890
星期	7842
never	7836
不得不	7824
发誓	7803
钥匙	7796
错误	7791
放松	7786
约会	7785
打扰	7777
手机	7764
很大	7721
到处	7708
攻击	7707
一份	7705
第一	7696
建议	7695
日本	7683
理由	7676
事实上	7675
一樣	7663
跳舞	7654
生气	7653
试试	7640
信任	7615
看过	7593
差不多	7577
原谅	7570
has	7565
经常	7562
的确	7560
之一	7549
幸福	7548
吃饭	7511
正是	7507
不必	7506
最大	7490
people	7484
幸运	7481
我家	7475
問題	7474
東西	7464
而是	7461
住手	7455
动物	7447
弟弟	7435
道歉	7434
严重	7421
人家	7413
坚持	7412
想象	7411
礼物	7386
每次	7384
将军	7377
ok	7366
剩下	7345
有事	7343
老爸	7336
系统	7318
全都	7314
组织	7310
我會	7293
敌人	7292
看上去	7290
應該	7288
老天	7276
认真	7265
关心	7207
中国	7199
生意	7187
上去	7173
值得	7170
搞定	7170
寻找	7168
派对	7167
pro	7165
许多	7161
学生	7142
查理	7141
下次	7136
通知	7134
救命	7133
表现	7130
利用	7129
受伤	7120
后来	7115
早上好	7108
精神	7103
居然	7098
受到	7098
am	7095
大学	7085
那时	7083
既然	7077
几天	7076
有时	7075
一张	7053
too	7052
第一个	7048
真相	7043
不知	7016
警官	6998
love	6988
属于	6975
fncronos	6975
over	6969
可不是	6949
一名	6937
怀疑	6934
笨蛋	6930
战斗	6915
承认	6914
法律	6910
别说	6906
简体	6900
记录	6882
见面	6881
能力	6881
足够	6869
同样	6850
白痴	6847
拒绝	6835
影响	6829
交易	6811
回來	6797
别动	6788
开门	6774
意味着	6770
或是	6766
教授	6756
享受	6749
時間	6744
喝酒	6743
好多	6743
接下来	6729
開始	6726
only	6722
走开	6703
合作	6701
女朋友	6691
好吃	6683
事件	6679
出发	6673
酒吧	6669
多么	6668
不如	6668
客人	6656
梦想	6654
英雄	6644
little	6564
杀人	6563
一会儿	6563
沒事	6555
行为	6538
头发	6523
适合	6510
恭喜	6494
上次	6489
地狱	6481
不在乎	6475
哪个	6467
实在	6467
路上	6462
接近	6457
不准	6456
银行	6456
介绍	6453
一旦	6448
味道	6448
实际上	6445
感受	6437
身份	6432
off	6424
意外	6416
一般	6415
停下	6399
意义	6397
来看	6392
婊子	6391
学习	6385
同时	6383
不起	6381
呼吸	6380
是从	6370
经历	6367
凶手	6362
目前	6361
威胁	6359
没法	6355
有时候	6354
should	6338
英国	6336
什么样	6322
老大	6320
愚蠢	6301
算了	6295
真实	6291
sorry	6278
婚礼	6270
在家	6268
允许	6262
because	6258
军队	6256
said	6253
电视	6253
please	6239
一家	6236
灵魂	6232
究竟	6201
无论	6182
谋杀	6176
立刻	6165
试图	6150
客气	6132
文件	6132
give	6122
慢慢	6112
前面	6110
奶奶	6107
sir	6100
答案	6091
新闻	6086
多谢	6081
可不	6065
very	6052
any	6041
一遍	6017
权利	6013
做出	6006
历史	5992
two	5983
好了吗	5980
意识	5977
下午	5971
尝试	5962
乔治	5957
经过	5951
获得	5951
部分	5935
當然	5926
带走	5925
竟然	5903
失败	5888
一生	5886
黑暗	5883
中心	5875
麦克	5873
警告	5868
大哥	5852
显然	5851
根据	5848
不過	5836
自杀	5829
subhead	5824
这事	5819
训练	5809
thing	5802
令人	5795
好人	5769
迟到	5755
mean	5750
恐怕	5741
一杯	5741
没用	5729
thank	5722
讨论	5714
爆炸	5713
美好	5703
放心	5677
长大	5676
微软	5668
没人	5666
辛苦	5661
尽管	5659
美元	5652
their	5644
help	5618
收拾	5612
包括	5608
弗兰克	5599
面对	5598
跟我来	5598
公寓	5595
雅黑	5589
邀请	5584
求求	5576
生日	5575
法官	5560
方向	5558
一块	5555
法国	5547
一半	5544
find	5527
确认	5519
玩笑	5517
doing	5515
病人	5500
目的	5497
公主	5496
mr	5493
even	5492
一会	5490
我刚	5489
sure	5487
these	5483
最终	5481
士兵	5467
其它	5463
反对	5462
傻瓜	5460
into	5458
拿走	5449
那家伙	5447
对方	5442
警方	5440
不介意	5427
赶快	5427
失望	5426
出生	5413
酒店	5411
德国	5408
上班	5393
uh	5388
覺得	5387
要说	5385
造成	5384
破坏	5383
到达	5376
巴黎	5364
不见	5357
男朋友	5352
想起	5352
老公	5345
教堂	5344
起來	5343
做好	5342
就行了	5334
拯救	5332
still	5328
媽媽	5324
一句	5324
子弹	5318
节目	5314
玛丽	5301
方面	5293
life	5292
不敢相信	5290
安娜	5288
晚餐	5287
不让	5285
越来越	5283
巨大	5277
很漂亮	5277
伦敦	5275
啤酒	5273
好看	5268
感情	5267
自然	5265
汤姆	5264
day	5261
一把	5260
一步	5260
逮捕	5260
超过	5258
赶紧	5230
much	5222
炸弹	5218
将会	5217
god	5211
主人	5204
可惜	5202
算是	5196
上校	5188
家族	5184
哥们	5178
恶心	5177
陛下	5160
从未	5160
彼得	5144
通常	5143
只会	5142
撒谎	5141
兴趣	5130
旅行	5117
没想到	5109
比如	5102
人民	5097
穿着	5095
干净	5088
不少	5088
回事	5082
用来	5071
队长	5065
公平	5064
愉快	5057
不幸	5056
好不好	5024
new	5022
电脑	5022
火车	5021
有意思	5017
干得	5010
说得对	5001
爱情	4997
还给	4992
校对	4984
一边	4982
宇宙	4973
请问	4964
一點	4964
死去	4963
心情	4960
明显	4951
不敢	4947
找个	4946
现场	4938
一部分	4937
失踪	4922
垃圾	4910
十分	4907
相当	4901
這兒	4897
before	4896
regular	4895
than	4893
接着	4886
不可	4877
健康	4867
提醒	4866
测试	4865
maybe	4860
随时	4854
事儿	4853
遗憾	4851
犯罪	4845
治疗	4843
狗屎	4842
這種	4835
太阳	4831
你别	4817
习惯	4815
night	4803
大卫	4798
last	4795
怪物	4795
靠近	4792
反应	4790
某个	4789
意见	4784
蛋糕	4783
时刻	4783
于是	4777
床上	4775
责任	4773
充满	4769
多年	4767
楷体	4765
亨利	4763
心里	4758
说谎	4756
work	4753
见鬼	4753
干吗	4749
祈祷	4742
疯子	4737
差点	4735
fndidactic	4728
我该	4725
好极了	4725
说真的	4723
活动	4715
stop	4714
对付	4708
命运	4704
醫生	4698
罗马	4691
發生	4691
同志	4688
必須	4680
服务	4668
call	4668
anything	4659
尊重	4659
关闭	4653
準備	4650
first	4648
期待	4646
号码	4635
again	4631
资料	4627
机器	4623
天使	4608
去过	4608
难过	4604
快點	4598
记忆	4594
女士们	4591
過來	4590
线索	4590
nothing	4588
正好	4588
表示	4587
脑袋	4583
爷爷	4581
探员	4579
移动	4571
错过	4565
旁边	4546
留下来	4542
彼此	4530
社会	4527
好事	4524
跟踪	4521
keep	4516
尼克	4515
不断	4508
away	4503
私人	4501
上床	4494
好玩	4493
神父	4474
周围	4472
就让	4470
put	4463
自从	4459
叫做	4456
主要	4456
这场	4453
创造	4451
无聊	4445
作品	4444
制作	4437
干杯	4433
保罗	4426
第二	4400
四个	4396
法庭	4395
设计	4392
干掉	4388
这点	4381
压力	4378
轻松	4377
those	4374
other	4367
上车	4363
说明	4362
谈论	4356
超级	4353
停下来	4352
要么	4346
速度	4345
有钱	4338
确保	4326
詹姆斯	4326
手上	4325
周末	4321
long	4313
没见	4308
警长	4307
袭击	4305
感覺	4305
won	4302
上来	4281
尤其	4270
你家	4263
船长	4262
浪费	4252
怎麼樣	4247
怀孕	4247
婚姻	4245
talk	4243
die	4242
信号	4240
天堂	4236
恐怖	4236
角色	4234
心脏	4231
恐惧	4229
很难	4214
去世	4213
性感	4213
记者	4211
離開	4206
客户	4194
由于	4193
thought	4188
庆祝	4187
嫁给	4187
总之	4186
惊喜	4184
土地	4184
更加	4182
出來	4179
会议	4167
女性	4165
技术	4163
送到	4160
年轻人	4158
地址	4154
困难	4154
在乎	4146
和平	4142
制造	4140
离婚	4138
認為	4138
那好	4133
似的	4127
sam	4127
非常感谢	4123
同学	4122
请求	4121
看不到	4118
动作	4108
不停	4107
今年	4107
must	4105
演出	4104
参与	4101
逃跑	4100
一点点	4098
香港	4097
汽车	4097
杀手	4095
ever	4088
after	4088
提到	4086
兴奋	4083
丹尼	4083
毒品	4075
home	4069
分手	4067
问问	4059
做爱	4059
马克	4057
一群	4053
好处	4051
宝宝	4048
森林	4048
赢得	4043
生存	4038
厕所	4032
things	4025
荣幸	4025
报警	4023
地上	4023
wait	4018
送给	4017
喝一杯	4014
世上	4013
想念	4005
这会	4004
大约	4004
可恶	4002
合适	4001
普通	3991
天才	3990
生物	3990
之中	3988
妓女	3982
尽快	3982
报纸	3979
俱乐部	3979
提出	3975
正式	3970
政治	3967
从不	3964
一辈子	3961
取消	3956
两年	3955
world	3954
监视	3953
产生	3953
犹太人	3953
玩意	3951
搞砸	3942
只不过	3941
显示	3939
价值	3935
带到	3932
吉姆	3930
恶魔	3924
一周	3918
told	3915
状况	3914
那位	3911
name	3907
guy	3897
建立	3891
山姆	3888
高中	3887
说实话	3881
去年	3876
厨房	3874
特殊	3873
黑人	3873
邪恶	3872
勇敢	3866
不算	3865
石头	3863
等到	3857
does	3855
假装	3853
better	3853
运动	3850
介意	3848
兩個	3844
手下	3844
两天	3834
印度	3833
耶稣	3833
手指	3831
思考	3829
沒錯	3821
机场	3819
地点	3818
恢复	3815
夜晚	3809
帽子	3808
执行	3803
比尔	3802
时代	3798
状态	3795
years	3792
餐厅	3792
人会	3791
呵呵	3784
意大利	3782
背叛	3776
everything	3776
魔鬼	3775
情报	3775
great	3774
人员	3773
专家	3772
那樣	3770
了不起	3769
不怕	3764
骄傲	3764
哎呀	3761
唱歌	3759
站住	3753
之类	3753
满足	3749
所说	3747
吉米	3747
停车	3744
现实	3743
牺牲	3743
胜利	3742
好消息	3731
见过	3729
引起	3722
醒来	3720
一辆	3716
下车	3714
不许	3713
颜色	3713
有用	3707
暂时	3707
sans	3707
投票	3703
证人	3701
想像	3701
全世界	3693
around	3693
迈克	3691
拍摄	3686
冒险	3686
place	3685
部队	3685
王子	3684
发展	3680
顺利	3679
甜心	3675
谈话	3673
不去	3670
吸血鬼	3670
吸引	3665
还会	3664
字幕组	3664
动手	3661
老实	3661
比利	3655
它会	3653
一段	3651
激动	3651
条件	3647
doesn	3641
特工	3638
always	3629
早餐	3627
追踪	3626
發現	3625
废话	3623
演员	3621
亲自	3619
一个月	3616
所谓	3616
听听	3614
复杂	3613
学会	3608
距离	3602
同性恋	3597
这份	3590
好笑	3588
碰到	3584
受不了	3584
醒醒	3582
做些	3581
成员	3580
想着	3579
绑架	3578
即将	3578
发射	3574
威尔	3568
真是太	3567
魔法	3565
through	3563
every	3558
这才	3551
莎拉	3548
把手	3548
分享	3548
我覺	3540
年前	3539
然而	3531
感激	3529
同事	3528
神秘	3525
made	3525
上尉	3518
feel	3514
fnfzhei	3512
难以置信	3511
迈克尔	3510
哈利	3510
车里	3510
桌子	3502
someone	3499
禁止	3498
一段时间	3494
交流	3490
带上	3489
放手	3486
英里	3486
几年	3484
old	3483
安妮	3483
公园	3481
fuck	3477
别管	3474
克里斯	3473
done	3464
早安	3463
中间	3463
整天	3462
我想	3461
shit	3460
巧克力	3455
找出	3455
强大	3453
受害者	3449
某些	3448
后悔	3448
您好	3445
一分钟	3444
精彩	3444
有點	3443
卡尔	3437
睡着	3436
果然	3436
人人	3432
基地	3432
两位	3430
一片	3430
时间轴	3428
guys	3421
单独	3420
名单	3420
病毒	3417
may	3414
过程	3414
左右	3410
生病	3408
人物	3406
戒指	3397
自我	3394
立即	3392
女生	3389
星球	3385
变化	3383
卡车	3381
怎樣	3380
空间	3376
穿过	3374
旅馆	3373
打死	3372
观众	3368
依然	3367
kill	3367
做事	3367
三年	3366
他来	3365
乐队	3362
飞行	3357
接到	3349
两次	3348
导演	3348
满意	3346
認識	3341
导致	3339
要死	3337
which	3336
接触	3334
折磨	3328
骗子	3328
明星	3327
经验	3327
小伙子	3326
前进	3322
美女	3320
一部	3318
好运	3314
尽力	3314
ich	3312
密码	3311
刺激	3303
以来	3303
承诺	3303
艺术	3302
让开	3294
明明	3294
惊讶	3293
免费	3292
案件	3290
女孩子	3290
天呐	3290
惩罚	3285
释放	3285
顺便	3279
无辜	3275
老鼠	3275
采取	3274
believe	3271
联络	3269
展示	3269
无关	3268
箱子	3267
挑战	3266
讲话	3265
练习	3265
点儿	3264
从来不	3262
楼上	3262
擔心	3259
实现	3256
脖子	3253
理论	3247
关键	3247
電話	3246
聚会	3245
洛杉矶	3244
方便	3242
耳朵	3241
数字	3241
世纪	3241
奇迹	3235
各种	3235
窗户	3235
罪犯	3234
呼叫	3233
仅仅	3228
frank	3226
手术	3225
leave	3224
说服	3224
john	3223
死定了	3222
清理	3222
big	3221
宣布	3221
启动	3220
能量	3219
分开	3219
车子	3217
加上	3212
车上	3211
fnfangsong	3208
印象	3204
天空	3203
天气	3201
小时候	3201
游泳	3201
拜拜	3200
滚开	3198
大部分	3198
stay	3195
教练	3194
我用	3188
阿姨	3186
估计	3186
科学	3185
而言	3183
乐意	3180
鼻子	3178
three	3177
不錯	3177
地区	3177
杀害	3176
孤独	3176
拿来	3173
喝点	3172
夏天	3172
十年	3171
might	3169
如今	3168
某人	3166
不像	3163
欧洲	3163
船上	3160
肚子	3156
大声	3156
手里	3154
红色	3153
婴儿	3152
环境	3151
团队	3150
神奇	3149
年纪	3145
瞧瞧	3143
kind	3138
年代	3137
上学	3137
大量	3136
快去	3136
伤心	3136
何时	3133
别忘了	3133
紧急	3133
暴力	3130
付出	3127
尽量	3126
太多	3126
互相	3120
繼續	3118
无论如何	3117
空气	3115
邻居	3114
dead	3113
某种	3113
想过	3112
他人	3112
规则	3110
我妈	3107
being	3105
司机	3105
好奇	3105
打破	3103
coming	3101
信仰	3101
不可思议	3095
baby	3090
持续	3090
无所谓	3084
协议	3076
父親	3075
假如	3072
阁下	3071
打赌	3069
城堡	3067
退后	3066
说不定	3063
彻底	3059
地图	3057
牧师	3055
墨西哥	3054
重复	3048
犯人	3047
我爸	3046
运气	3045
不太	3042
华文	3041
早晨	3040
girl	3035
幹什麼	3033
house	3031
fntahoma	3029
一对	3029
hell	3028
小孩子	3028
money	3027
相同	3027
isn	3025
裤子	3023
规矩	3022
到来	3020
真棒	3018
逃走	3018
程序	3015
发出	3014
趴下	3010
白人	3007
本书	3006
中尉	3005
不肯	3003
街上	3002
給我	2994
own	2993
打架	2992
这太	2992
lot	2988
女王	2986
救救	2983
三天	2983
午餐	2979
看法	2977
喝醉	2976
一支	2975
enough	2975
权力	2975
也好	2971
留言	2971
脸上	2967
摧毁	2966
全是	2965
故意	2962
打败	2961
哪裡	2960
hello	2959
背后	2958
人来	2957
远离	2957
毕竟	2956
警探	2955
洗澡	2949
bad	2949
黑色	2948
便宜	2945
大多数	2943
行李	2939
别碰	2939
毫无	2937
一人	2931
蓝色	2930
浪漫	2930
起床	2925
很少	2925
大脑	2923
师父	2923
殿下	2923
指控	2922
道理	2921
尖叫	2919
爵士	2918
冠军	2917
按照	2914
hear	2910
重点	2909
教育	2907
知不知道	2907
一堆	2904
前往	2904
对待	2904
another	2901
进展	2899
有所	2894
大叔	2893
仔细	2890
祝你好运	2888
护士	2888
一颗	2887
罗斯	2886
战士	2883
太空	2882
申请	2879
happened	2872
太久	2872
勇气	2871
万岁	2871
left	2866
委员会	2860
付钱	2859
面包	2858
不仅	2857
关注	2855
不久	2852
看不见	2851
万一	2848
熟悉	2845
正如	2845
笑话	2844
经典	2840
一间	2840
fucking	2839
fine	2838
remember	2836
wrong	2835
抛弃	2834
时光	2832
实验室	2832
掌握	2830
英语	2827
在意	2826
管理	2824
干活	2823
范围	2822
集中	2817
遇见	2814
懂吗	2812
做点	2810
说出	2807
艾伦	2807
报道	2806
最高	2802
之外	2801
哪兒	2800
表情	2797
警局	2796
用力	2795
found	2794
谎言	2791
回忆	2790
传统	2790
放到	2790
move	2788
都行	2787
海洋	2785
椅子	2784
欣赏	2781
五分钟	2781
舞会	2781
搜查	2780
wanted	2778
快要	2775
小女孩	2775
退出	2774
看吧	2774
事业	2774
头上	2771
机器人	2767
绝不	2766
max	2765
talking	2765
专业	2765
作用	2764
完毕	2763
增加	2761
不太好	2760
隐藏	2759
诅咒	2759
一面	2755
思想	2754
项目	2753
cause	2751
杂志	2751
再見	2749
达到	2744
关掉	2741
罢了	2740
father	2739
不吃	2739
部门	2738
联邦	2737
坏人	2737
职业	2736
观察	2734
毕业	2732
阳光	2731
白色	2723
想见	2720
有效	2717
做过	2717
实验	2712
course	2710
same	2709
親愛的	2709
心中	2708
忍受	2707
对此	2707
圣诞节	2706
nice	2706
罗伯特	2706
试着	2705
作家	2702
出口	2701
感兴趣	2700
区域	2699
主演	2698
else	2698
愤怒	2695
抽烟	2695
凯特	2693
著名	2692
渴望	2692
内心	2687
小组	2687
understand	2681
将来	2681
信心	2681
michael	2676
事故	2676
next	2676
fbi	2675
玩具	2673
对手	2673
带你去	2671
抢劫	2670
华盛顿	2670
现金	2669
摆脱	2667
变态	2666
在场	2665
这座	2664
细节	2663
抱怨	2662
陌生人	2661
为此	2660
many	2659
独自	2659
档案	2658
一套	2657
优秀	2657
美妙	2656
血液	2656
数据	2655
内容	2654
大师	2653
这张	2649
随着	2647
混乱	2646
聊天	2646
乖乖	2643
走路	2639
马丁	2637
早点	2633
伙伴	2633
有空	2632
came	2629
指挥	2629
态度	2629
hi	2626
几次	2624
show	2623
getting	2621
审判	2621
媒体	2620
这有	2620
保安	2619
教会	2618
記得	2614
并非	2613
工厂	2612
收集	2611
每年	2611
ask	2610
射击	2608
一根	2601
过得	2597
损失	2597
帮帮我	2596
王八蛋	2596
法官大人	2596
杀掉	2590
这条	2589
wasn	2588
鞋子	2587
事物	2587
死者	2586
不止	2585
能否	2585
奴隶	2583
兒子	2582
我現	2580
real	2579
trying	2579
被捕	2578
分析	2576
微笑	2574
looking	2572
jack	2569
俄罗斯	2566
情人	2565
胡说	2563
市场	2563
降落	2562
投降	2561
交往	2560
幻想	2559
首歌	2558
盒子	2557
开火	2555
那条	2555
算了吧	2552
出事	2552
悲伤	2551
进攻	2549
威廉	2546
谈过	2546
经济	2545
聊聊	2544
宁愿	2542
try	2541
两人	2540
那晚	2537
葬礼	2536
嫉妒	2536
芝加哥	2535
boy	2534
想干什么	2534
绝不会	2533
英尺	2533
男子	2527
误会	2526
这话	2523
清醒	2522
外套	2522
打个	2520
不信	2517
出色	2516
当心	2515
失陪	2514
稍微	2512
走进	2512
進來	2511
毁灭	2510
回头	2510
thanks	2509
五个	2508
工人	2507
举行	2507
度过	2506
类似	2505
懂得	2503
科学家	2502
支付	2501
牛奶	2500
正要	2499
best	2499
说好	2498
mike	2497
长得	2494
搭档	2491
露西	2490
坚强	2489
mind	2489
语言	2489
感染	2489
规定	2487
农场	2486
钻石	2485
常常	2484
生日快乐	2482
直升机	2481
广告	2480
其實	2479
表达	2478
那裡	2475
說過	2471
沙漠	2467
car	2466
完蛋	2465
引擎	2465
口袋	2464
愿望	2464
道路	2464
带我去	2461
海滩	2461
文化	2461
总部	2461
脑子	2460
城里	2460
黄金	2455
说法	2454
today	2453
耐心	2450
去死吧	2450
放过	2449
解雇	2447
期间	2446
伤口	2445
hold	2444
投资	2440
此事	2439
描述	2438
退休	2436
长时间	2435
地下	2433
克斯	2433
情況	2429
代价	2428
欺骗	2427
队伍	2427
到时候	2424
指望	2424
视频	2423
也許	2422
不来	2421
一座	2418
选手	2417
国际	2416
留给	2415
希特勒	2414
间谍	2414
真想	2412
程度	2411
用于	2411
尊敬	2409
保重	2409
一声	2407
革命	2405
搜索	2404
教训	2403
支援	2403
珍妮	2400
心理	2399
care	2399
真不错	2397
返回	2396
设备	2395
制服	2395
同一个	2394
左边	2393
西班牙	2390
拿出	2390
贱人	2388
most	2385
承受	2384
少校	2383
決定	2381
擅长	2380
千万	2379
裙子	2376
listen	2374
非洲	2374
基本	2373
我來	2372
女友	2372
见见	2369
说完	2368
传说	2367
也就是说	2366
la	2365
du	2365
哈哈	2364
斯特	2364
son	2361
一路	2361
迷人	2360
很酷	2359
dad	2358
非法	2356
屋子	2354
女兒	2351
搞错	2350
作战	2350
他媽	2349
情绪	2349
那会	2349
工具	2347
手臂	2347
結束	2346
皮肤	2346
真心	2345
害死	2345
起诉	2345
做个	2341
五年	2340
建筑	2340
together	2339
head	2339
多次	2338
全国	2337
流血	2336
指挥官	2333
合法	2333
驾驶	2333
没想	2332
史蒂夫	2332
接电话	2330
我见	2330
检察官	2330
转移	2330
不管怎样	2330
相处	2330
friend	2328
一切都是	2328
原本	2325
um	2324
共同	2322
不要紧	2317
威士忌	2316
妈咪	2315
live	2313
网络	2308
儿童	2305
之内	2304
后期	2303
太晚	2303
年龄	2302
楼下	2301
员工	2301
避免	2300
吵架	2299
效果	2298
歌手	2297
一刻	2296
活下去	2295
美味	2294
滚出去	2294
huh	2293
saw	2292
神圣	2290
运行	2289
das	2289
双手	2287
有着	2280
那邊	2280
mother	2280
還好	2280
family	2279
刚好	2277
撤退	2276
miss	2273
托尼	2272
赚钱	2270
聽著	2269
地面	2269
男生	2269
whole	2265
最佳	2265
出门	2264
想来	2262
尴尬	2262
当成	2262
手中	2260
等一等	2259
假设	2258
鲍勃	2258
男友	2256
seen	2256
艰难	2254
公开	2252
我怕	2252
布朗	2252
大事	2251
全球	2251
这么久	2250
那次	2245
men	2243
装置	2241
签名	2241
外星人	2241
商店	2239
沒什麼	2237
部落	2237
dna	2236
反抗	2235
第二次	2233
克莱尔	2232
联盟	2230
乐趣	2229
稳定	2228
姐妹	2227
恋爱	2226
经理	2222
掩护	2221
取得	2221
女子	2220
玻璃	2219
眼前	2219
惊人	2218
师傅	2216
機會	2216
猴子	2216
went	2214
陷入	2214
高興	2213
yourself	2212
良好	2211
打击	2209
药物	2209
内部	2209
指示	2208
亚当	2208
打扮	2208
大街	2206
過去	2206
礼貌	2201
第三	2200
德国人	2197
run	2196
peter	2193
dean	2193
保险	2192
走出	2192
wouldn	2191
地下室	2190
小镇	2189
最新	2186
加州	2185
大麻	2185
手段	2182
更糟	2182
泰勒	2182
苏联	2180
killed	2179
你们好	2178
everyone	2178
knew	2177
警察局	2176
偷走	2176
风险	2172
星星	2170
主席	2169
jane	2169
david	2168
一趟	2168
wanna	2165
without	2165
没人会	2164
关门	2159
话题	2159
片名	2156
morning	2155
下班	2155
区别	2155
议员	2154
丢下	2154
整理	2153
时期	2152
老人	2150
眼神	2150
电梯	2149
小说	2149
ready	2149
新娘	2147
仪式	2147
魅力	2147
领导	2145
处于	2145
公里	2144
大楼	2144
爱人	2143
形成	2143
右边	2143
称为	2142
礼拜	2142
sheldon	2142
为止	2141
发明	2140
辦法	2140
老妈	2139
几分钟	2138
already	2138
小家伙	2137
独立	2134
確定	2134
确信	2132
指纹	2131
坐牢	2130
job	2130
打来	2129
兔子	2129
至于	2128
地板	2128
卡特	2127
期望	2127
好孩子	2127
海军	2126
对象	2126
凯文	2125
追求	2124
东京	2123
镜头	2123
平常	2121
交换	2115
一整天	2113
hard	2113
肮脏	2112
end	2111
监控	2111
这辈子	2110
救护车	2108
一口	2107
采访	2106
角度	2106
部长	2106
做梦	2106
woman	2105
商量	2104
gone	2104
happy	2103
快速	2102
回家吧	2101
open	2101
财产	2099
很长	2099
只好	2097
饼干	2096
無法	2095
舞台	2095
名叫	2092
几点	2092
pretty	2090
有罪	2087
浪费时间	2085
瑞克	2084
同一	2083
保佑	2083
对抗	2082
性命	2081
used	2080
强奸	2080
试试看	2078
饮料	2078
成熟	2076
人质	2076
浴室	2076
idea	2073
陷阱	2071
took	2071
荣誉	2070
当中	2070
once	2069
一本	2069
具有	2068
类型	2067
在于	2066
本人	2066
room	2064
空中	2064
小偷	2064
白天	2062
下雨	2061
正义	2060
可笑	2059
当地	2056
今日	2056
艺术家	2052
joe	2052
heard	2050
called	2047
中央	2047
观点	2045
侦探	2044
卧室	2044
袋子	2043
风格	2043
修好	2043
资格	2042
宗教	2041
今早	2041
老朋友	2041
之下	2040
起飞	2039
判断	2039
guess	2038
荒谬	2038
尼斯	2038
俄国	2038
圣经	2038
保留	2038
汤米	2037
gotta	2037
祝福	2033
毛病	2031
受够了	2029
就行	2028
大不了	2026
绳子	2026
借口	2025
维持	2025
寂寞	2024
女巫	2024
bring	2023
use	2023
超人	2022
后果	2020
我试	2020
总会	2020
罗杰	2018
开口	2016
慢点	2015
说些	2015
帝国	2014
竞选	2014
表明	2014
市长	2013
提起	2013
门口	2013
屋里	2012
将要	2012
美國	2011
一项	2011
古老	2011
功夫	2009
温柔	2009
想不到	2007
战场	2007
回报	2006
结局	2006
抓到	2004
gbk	2003
支票	2003
座位	2003
不仅仅	2002
face	2000
actually	2000
情感	2000
有种	1999
start	1998
雖然	1997
卫星	1996
提前	1995
下降	1995
建造	1994
大海	1992
柏林	1990
搞笑	1988
协助	1987
ist	1987
吃掉	1986
中士	1985
下周	1983
我本	1983
一架	1983
哪来	1981
修女	1980
这部	1980
夫妇	1980
证实	1977
致命	1977
新鲜	1977
疾病	1976
温暖	1975
苹果	1974
连接	1974
当初	1974
月亮	1973
保密	1973
平静	1970
可能性	1970
骑士	1970
fnfzzongyi	1969
基本上	1969
ain	1969
整晚	1968
演奏	1968
days	1968
anyone	1966
四处	1966
while	1965
歡迎	1963
一瓶	1962
玩意儿	1962
出卖	1962
针对	1962
lost	1962
both	1961
成长	1961
蠢货	1960
老头	1960
本身	1959
king	1959
james	1958
每個	1957
不愿	1955
就是说	1954
理想	1953
yet	1953
适应	1952
噩梦	1951
棒极了	1950
牙齿	1949
宋体	1948
自豪	1948
天天	1947
第二天	1946
提议	1945
重大	1945
托马斯	1944
走运	1944
三明治	1944
進去	1944
消灭	1944
卡拉	1944
忠诚	1943
应付	1943
屋顶	1942
當時	1941
ah	1940
第二个	1939
钱包	1939
这样的话	1939
查尔斯	1938
few	1937
de	1935
文章	1934
mom	1934
理查德	1933
飞船	1932
saying	1932
尼尔	1931
迷路	1930
这片	1930
注意力	1928
那種	1926
上课	1925
有什麼	1925
圣诞	1925
不安	1924
偶尔	1924
关上	1924
相反	1924
hand	1923
自信	1923
臭小子	1922
这下	1920
乘客	1919
请原谅	1918
大臣	1916
植物	1916
這次	1916
飞行员	1915
我敢	1915
皇后	1914
春天	1914
香槟	1913
录像	1912
智慧	1911
heart	1911
克拉克	1911
祝贺	1910
诚实	1910
强烈	1909
tom	1909
坦白	1909
杰西	1909
歌曲	1909
小鬼	1907
看好	1907
成為	1906
我俩	1904
全身	1903
解开	1902
崩溃	1902
爱丽丝	1902
und	1901
向前	1899
有权	1899
午饭	1899
毁掉	1897
出租车	1894
丹尼尔	1894
善良	1893
冬天	1893
散步	1892
网站	1891
标准	1891
这句	1890
闻到	1889
turn	1889
别闹	1889
敏感	1888
脱掉	1888
辞职	1887
投入	1886
交谈	1885
leonard	1884
安慰	1883
欺负	1882
绿色	1882
坏事	1881
還在	1881
還要	1880
until	1879
走走	1879
走廊	1879
小小的	1879
沙发	1879
拥抱	1877
結婚	1877
同情	1877
楼梯	1876
争取	1875
机构	1874
提高	1874
中情局	1874
brother	1874
产品	1873
完整	1873
当作	1872
男性	1872
杂种	1871
淘汰	1870
拍照	1870
花园	1870
热情	1870
企业	1867
打断	1861
谢谢你们	1861
跟上	1860
事要	1860
菲尔	1859
玫瑰	1858
从前	1857
叛徒	1857
隐瞒	1856
舞蹈	1856
明早	1854
皮特	1853
布莱恩	1852
一顿	1850
很久以前	1850
晓得	1850
以上	1848
杰瑞	1848
尝尝	1844
自私	1844
天赋	1843
批准	1843
局长	1843
校长	1842
莫斯科	1841
感謝	1840
嘲笑	1838
囚犯	1837
被告	1836
配合	1836
认得	1836
开除	1834
watch	1833
打仗	1830
少女	1830
三次	1829
阿门	1827
岛上	1826
倒霉	1825
发表	1824
眼镜	1824
甚么	1822
封信	1822
坦克	1821
high	1820
激情	1819
餐馆	1818
tonight	1818
骗人	1816
复仇	1815
洗手间	1815
海伦	1814
神经	1812
如同	1811
统治	1811
第一天	1811
影片	1810
职责	1810
ago	1809
商业	1809
何不	1808
衬衫	1808
午夜	1808
一眼	1808
胳膊	1807
癌症	1806
学到	1806
year	1806
考试	1804
保存	1803
邮件	1801
它們	1801
matter	1800
老子	1800
遵守	1799
文明	1797
那兒	1796
军人	1796
同伴	1796
带给	1795
要不然	1794
打倒	1794
集团	1794
舰长	1793
合同	1793
绝望	1791
鸡蛋	1791
法语	1791
paul	1791
couldn	1790
遭到	1790
改變	1789
艾米	1788
孤单	1788
很久	1787
also	1787
护照	1787
隔壁	1786
逃避	1785
安迪	1785
十分钟	1785
镇上	1785
树林	1785
相关	1784
发动	1783
迪克	1783
入侵	1783
door	1782
极了	1781
暴露	1780
内裤	1778
纳粹	1776
haven	1776
利益	1776
单身	1775
自动	1775
人能	1775
甜蜜	1773
报复	1772
case	1772
成就	1771
charlie	1771
猜猜	1770
画面	1770
不得	1769
巨人	1768
since	1768
扮演	1767
麻煩	1767
头脑	1766
meet	1766
报仇	1766
保姆	1766
吓坏	1765
true	1765
人才	1765
大门	1764
拜访	1762
好点	1762
分子	1761
冒犯	1761
遭遇	1758
有过	1758
幫助	1758
一向	1758
时机	1757
such	1756
陪审团	1756
会长	1756
注射	1755
ted	1754
母親	1753
作出	1752
alone	1751
這邊	1751
der	1751
喝杯	1751
危机	1750
心灵	1750
下手	1749
five	1748
ytet	1748
段时间	1747
总有一天	1747
friends	1746
洛克	1745
迅速	1745
史密斯	1743
hope	1742
两周	1741
death	1740
古怪	1740
老是	1739
一头	1739
营地	1737
否认	1737
有件事	1735
哪怕	1735
alex	1734
冷静下来	1733
联合	1733
这家	1733
玩得	1732
唱片	1731
再来	1731
part	1730
遵命	1730
材料	1729
旅程	1729
千万别	1729
安东尼	1728
平时	1728
出于	1725
六个	1725
代替	1724
sie	1724
助理	1721
開心	1721
度假	1721
小狗	1720
店里	1720
手枪	1720
problem	1720
对话	1718
那件事	1718
米奇	1718
chinese	1717
电话号码	1717
別人	1715
em	1713
无线电	1712
一号	1712
会见	1711
镜子	1711
那就好	1710
跟我走	1710
拉斯	1710
looks	1710
罪行	1709
报导	1709
高度	1708
街道	1708
公民	1708
妇女	1708
myself	1707
汉堡	1707
抵达	1707
damn	1706
fight	1705
working	1704
日期	1701
队员	1701
冰箱	1701
回应	1701
狗屁	1701
顾客	1700
要不是	1700
nicht	1700
丹尼斯	1699
侮辱	1699
wants	1699
演讲	1699
野兽	1698
henry	1698
很小	1698
这一	1698
恐怖分子	1697
bit	1697
航班	1696
上周	1695
結果	1695
生产	1694
凌晨	1694
装备	1694
人們	1694
難道	1692
底下	1690
翅膀	1690
痕迹	1690
灾难	1689
一首	1689
参议员	1689
发疯	1689
剧本	1689
市民	1689
具体	1688
地盘	1688
天生	1688
道德	1687
僵尸	1687
好久	1686
棒球	1686
上帝保佑	1685
远点	1685
一家人	1685
海盗	1684
实话	1683
有何	1683
快到	1683
那有	1683
符合	1682
开会	1682
稍后	1682
爸妈	1681
体内	1680
违反	1680
网上	1679
骨头	1679
合理	1678
饭店	1678
不是故意	1678
eyes	1677
菲利普	1677
幸会	1676
烦恼	1676
当年	1676
广场	1676
害羞	1675
但愿	1674
伯爵	1673
据说	1672
phone	1671
墙上	1671
他杀	1670
前辈	1670
以外	1670
有個	1670
铁路	1669
地位	1669
求婚	1668
般的	1668
对面	1668
路易斯	1668
ben	1667
高级	1667
牛仔	1666
才行	1666
瞭解	1665
用不着	1664
比如说	1664
says	1663
不住	1662
谢天谢地	1662
不怎么	1660
法院	1660
六个月	1660
肌肉	1659
却是	1658
哈罗	1658
公众	1656
敢肯定	1656
轮到	1656
看來	1656
舌头	1656
村子	1655
背景	1654
警卫	1654
秘书	1654
送来	1653
车站	1653
不对劲	1653
为啥	1651
别想	1647
鬼魂	1645
本事	1645
知识	1645
奶酪	1644
模特	1643
肖恩	1643
形式	1643
公路	1643
后退	1642
心跳	1642
水平	1641
包围	1641
瞄准	1640
流行	1640
夺走	1639
修理	1639
韩国	1638
change	1638
肩膀	1638
强壮	1637
半个	1637
全新	1636
表面	1634
一致	1634
新来	1634
居民	1634
联邦调查局	1633
主任	1633
布鲁斯	1633
中午	1633
皇帝	1631
得了吧	1631
選擇	1630
war	1629
残忍	1628
kid	1628
厌倦	1628
可不可以	1628
哭泣	1627
难以	1622
相机	1622
剛才	1621
来源	1620
我給	1620
play	1619
波特	1619
沒關	1619
卖掉	1619
特別	1618
不论	1618
手套	1618
操作	1618
幾個	1618
神经病	1617
通话	1617
悲剧	1616
嫌犯	1616
超越	1616
忘掉	1615
达成	1615
傻子	1615
胖子	1615
艾迪	1615
隧道	1615
绅士	1612
强迫	1612
adam	1610
访问	1610
房間	1610
只想	1610
面具	1610
西蒙	1609
斯科特	1608
医疗	1607
困扰	1607
角落	1606
each	1605
做生意	1604
胸部	1604
单位	1604
人群	1604
注定	1603
学院	1603
莉莉	1603
hmm	1602
形象	1601
最棒	1601
penny	1600
南方	1600
point	1599
這件	1598
金钱	1598
法兰克	1597
专门	1597
好莱坞	1596
under	1595
失控	1594
變成	1593
所知	1593
技巧	1592
性交	1592
深刻	1592
把门	1591
转身	1590
集合	1590
小丑	1589
上升	1589
寻求	1589
tomorrow	1589
解除	1589
一道	1588
knows	1588
称呼	1588
加拿大	1587
爱上	1587
爆发	1587
丽莎	1586
没人能	1584
晚饭	1584
成立	1584
中圆简	1584
准确	1583
逃脱	1583
掌控	1582
四年	1582
被困	1580
比起	1579
its	1579
风暴	1579
燃烧	1579
卑鄙	1579
太大	1579
一员	1579
thinking	1578
参观	1578
一副	1578
限制	1577
穿越	1576
闭上	1575
主管	1574
认出	1574
da	1573
短信	1572
sarah	1572
难受	1571
模式	1571
击中	1570
永不	1569
欲望	1568
lady	1568
check	1567
给予	1566
实际	1565
far	1565
wife	1565
老爷	1564
问过	1561
没来	1560
出現	1560
抵抗	1559
whatever	1558
一笔	1558
exactly	1557
面临	1556
放进	1555
码头	1555
舰队	1554
夫妻	1554
阶段	1553
明确	1553
太快	1552
价格	1551
信用卡	1551
理智	1551
犹太	1550
一種	1550
杰夫	1550
别无选择	1549
导弹	1548
球员	1548
维尔	1548
保護	1547
干脆	1546
喉咙	1546
赶到	1546
小朋友	1545
有意	1544
凯蒂	1544
英文	1543
军官	1543
幸好	1543
资金	1543
everybody	1543
你現	1542
我操	1542
谈判	1542
上午	1541
反而	1541
塔克	1541
这辆	1540
哈里	1540
火箭	1540
海岸	1540
可靠	1539
英国人	1539
即便	1538
帅哥	1537
一台	1537
好样	1537
谋杀案	1536
討厭	1536
碎片	1536
至今	1536
打中	1534
黑鬼	1534
打電話	1534
young	1533
经营	1532
使命	1532
另一边	1532
一枪	1531
孙子	1531
鲨鱼	1530
police	1530
通讯	1530
inside	1530
一夜	1530
fnvrinda	1529
富有	1529
调整	1529
进步	1528
可悲	1528
看出	1527
偷偷	1527
宝贝儿	1527
下來	1527
警报	1527
废物	1527
寶貝	1526
吃惊	1526
封锁	1525
business	1524
amy	1524
例如	1524
路线	1523
领袖	1522
four	1522
足以	1520
行不行	1519
尽可能	1519
老師	1518
社区	1518
進行	1518
嘴里	1518
抓紧	1518
close	1517
嘴巴	1517
谢谢您	1517
扔掉	1517
轨道	1516
影子	1515
动机	1515
这人	1515
前来	1514
身后	1513
死刑	1513
醫院	1513
糖果	1512
second	1512
赶上	1512
山上	1511
打扫	1511
萨姆	1510
睡不着	1510
person	1510
格斯	1510
助手	1510
克拉	1510
选举	1509
所在	1509
感动	1509
萨拉	1508
comment	1507
等不及	1506
拿下	1506
哪位	1505
mark	1505
幫忙	1505
摄像机	1505
主题	1505
来过	1504
标志	1504
天上	1504
我求	1504
危險	1501
平安	1499
懦夫	1499
玩玩	1499
巴士	1498
暗示	1497
比賽	1497
再有	1497
探长	1497
昨天晚上	1497
不妙	1496
走向	1495
图书馆	1495
公爵	1495
成绩	1493
两分钟	1493
reference	1492
word	1492
一共	1491
做得好	1491
这帮	1491
行事	1491
最初	1491
不成	1490
好痛	1490
下令	1490
薪水	1489
gun	1489
查看	1489
读书	1488
hit	1488
可疑	1486
清除	1486
soon	1485
慢慢来	1485
要来	1484
转过	1484
快来	1484
霍华德	1484
幽灵	1483
party	1483
基因	1481
皇上	1480
大厅	1479
仓库	1479
大小	1476
makes	1475
body	1474
荣耀	1474
胡扯	1474
按摩	1474
气味	1474
sit	1473
小男孩	1472
給你	1472
足球	1471
深呼吸	1470
行星	1470
怪兽	1469
始终	1469
stand	1469
deal	1469
身为	1468
story	1468
透露	1468
杯子	1467
罪名	1467
州长	1467
阿曼	1466
收回	1465
膝盖	1465
danny	1465
猎人	1465
受欢迎	1465
excuse	1464
姓名	1464
probably	1464
异常	1463
談談	1462
埃及	1462
官员	1462
军事	1462
hands	1462
工资	1461
新人	1461
科尔	1460
从小	1460
没能	1460
贝克	1458
切断	1458
跪下	1457
轻易	1457
万美元	1457
这项	1455
伊甸园	1455
一阵子	1455
友好	1454
明年	1454
means	1453
展开	1453
北方	1453
突破	1452
狮子	1452
以下	1452
震惊	1450
小姑娘	1450
宽恕	1449
摄像头	1449
serif	1449
出席	1449
電影	1448
严肃	1448
友谊	1447
这块	1447
格雷	1446
整個	1446
继承	1446
推荐	1446
几周	1445
社长	1445
琼斯	1445
晚点	1444
奇妙	1444
车祸	1443
計劃	1443
苏珊	1443
顾问	1443
别哭	1442
承担	1441
est	1441
chance	1441
game	1440
ma	1440
预备	1439
剛剛	1439
总监	1437
一小	1435
我错	1434
杀人犯	1434
看著	1434
相爱	1434
丛林	1433
假期	1433
播放	1433
接吻	1433
仅供	1433
月球	1433
厨师	1433
半小时	1433
沿着	1432
收入	1432
得知	1432
冰淇淋	1432
事實	1432
照看	1431
脆弱	1431
数量	1431
沮丧	1430
总算	1430
樣子	1430
意志	1429
一团糟	1427
gave	1427
每周	1426
贝尔	1426
making	1426
fnms	1425
基金	1424
工程	1424
fire	1423
自行车	1422
咱俩	1422
周六	1421
逃离	1421
固定	1421
摇滚	1420
食品	1419
參加	1418
约定	1417
坏蛋	1417
different	1416
伊拉克	1416
体验	1416
业务	1416
吃晚饭	1415
岩石	1415
bill	1415
武士	1414
征服	1414
身材	1414
查出	1413
chris	1412
啊哈	1412
上司	1412
考虑一下	1412
复活	1412
感冒	1412
之所以	1411
相互	1411
娃娃	1411
怎能	1410
小屋	1410
入口	1410
精灵	1410
做法	1408
冲动	1408
jake	1408
聚集	1408
遭受	1407
george	1405
老虎	1405
开个	1405
声明	1404
人去	1404
side	1404
赌场	1404
荒唐	1404
cut	1403
奶油	1403
政策	1402
林肯	1402
残酷	1401
职位	1401
包裹	1399
科技	1399
坟墓	1399
基督	1399
處理	1399
气氛	1398
夸张	1398
搞清楚	1398
这笔	1398
出手	1398
计算	1398
好久不见	1398
迷失	1397
老二	1397
吓人	1397
开放	1397
有名	1396
患者	1396
被迫	1395
free	1395
性格	1394
更大	1394
民主	1393
happen	1392
lord	1392
mm	1392
crazy	1391
崇拜	1391
全体	1391
毫无疑问	1391
或許	1391
说起	1390
一百	1389
巧合	1388
会儿	1388
使得	1388
小小	1387
white	1387
阿里	1386
圣诞老人	1386
taking	1386
西方	1385
遇上	1384
亲吻	1384
一晚	1384
ray	1384
除掉	1384
平民	1383
一艘	1382
日记	1382
纹身	1382
加速	1381
西装	1381
这来	1381
ms	1380
minutes	1380
school	1380
沉默	1379
会面	1379
小队	1378
告知	1378
大道	1378
原來	1378
此刻	1377
祷告	1377
太迟	1377
supposed	1375
身體	1375
亲密	1374
白宫	1373
迹象	1373
永遠	1373
会来	1372
获取	1372
位子	1371
真理	1371
赶走	1371
整整	1371
首相	1370
辩护	1370
标记	1370
街头	1370
stuff	1369
写信	1369
等候	1369
blood	1368
祖母	1368
导师	1368
美的	1368
water	1368
国会	1368
against	1367
easy	1367
桌上	1366
才刚	1366
沃尔特	1366
小事	1365
亲手	1364
原则	1364
safe	1364
beautiful	1363
位于	1363
听过	1362
少年	1362
博物馆	1362
學校	1362
发挥	1362
策略	1361
玛利亚	1361
不爽	1361
第五	1360
哪些	1360
不明	1359
祖父	1359
times	1358
somebody	1358
燃料	1358
价钱	1358
口气	1357
bye	1356
珠宝	1356
无论是	1356
mary	1355
set	1355
having	1355
解放	1354
好听	1354
今天下午	1354
尽头	1354
皇家	1353
场景	1353
来不及	1353
金子	1352
米勒	1352
感谢上帝	1352
鲍比	1352
现代	1351
家乡	1351
乔伊	1350
移民	1349
light	1349
好几个	1349
起码	1348
小時	1348
狗娘养	1347
数学	1347
猎物	1347
全力	1346
来得	1345
出名	1345
shut	1345
锁定	1345
火星	1345
作证	1345
本该	1344
依靠	1344
shot	1343
team	1343
仆人	1343
这么晚	1343
我先	1342
机密	1341
总有	1341
亲戚	1341
疼痛	1341
非得	1340
大伙	1340
带回	1340
丢脸	1339
medium	1338
缺乏	1338
moment	1338
牛排	1337
苏格兰	1337
女神	1337
國家	1336
法案	1336
喝茶	1336
亚瑟	1335
howard	1335
咱們	1334
物质	1333
优势	1333
吉他	1333
trust	1333
服装	1331
难怪	1331
从此	1331
question	1331
星期五	1331
聲音	1331
哪有	1330
留着	1330
打过	1329
遥远	1328
jimmy	1328
听不懂	1328
fnstkaiti	1328
好象	1327
吓死	1327
jim	1327
石油	1326
坏消息	1326
诞生	1325
再也不会	1325
那小子	1325
粉丝	1323
蜘蛛	1323
沒人	1323
海边	1323
纪念	1322
真有	1322
广播	1322
default	1322
英格兰	1321
平衡	1321
仿佛	1320
波士顿	1320
圣诞快乐	1320
头儿	1320
hurt	1319
详细	1319
mine	1319
戴夫	1318
无意	1317
查克	1317
手術	1317
安德鲁	1317
本地	1316
做饭	1316
费用	1316
half	1315
不许动	1313
凯尔	1313
上场	1312
心意	1312
情形	1312
胡说八道	1311
手表	1310
赞成	1310
光明	1310
组成	1310
倒下	1309
walk	1309
lily	1308
欢迎光临	1308
es	1308
fnnoto	1307
设置	1307
周五	1307
下场	1306
形容	1305
等于	1305
停车场	1305
kids	1305
钓鱼	1305
过夜	1304
抬起	1304
模仿	1303
他會	1303
保證	1303
室友	1302
地震	1302
信念	1301
aren	1301
带领	1300
保守	1299
股票	1299
上路	1299
阴谋	1298
立场	1298
王国	1298
嘿嘿	1296
仁慈	1296
待会儿	1296
number	1296
换个	1295
贝丝	1294
没事儿	1294
探索	1294
毛巾	1293
afraid	1293
处女	1293
吸毒	1292
直觉	1292
相似	1292
回复	1292
看見	1291
及时	1291
现象	1291
通道	1291
解決	1290
嫌疑人	1290
鼓励	1290
舒适	1289
很久没	1289
激烈	1289
星期六	1289
贷款	1288
robin	1287
least	1287
船员	1287
炸药	1287
能行	1287
企图	1287
rest	1287
查查	1287
竞争	1287
ja	1287
簡單	1286
nick	1285
香烟	1285
钢琴	1285
守卫	1284
一大	1284
我花	1284
tony	1284
clear	1283
成交	1283
高手	1283
糟透了	1283
蒂娜	1283
多亏	1282
西亚	1281
幻觉	1281
原来如此	1281
破产	1281
戴维	1280
通過	1280
pay	1280
指令	1280
脾气	1279
胡子	1279
不关	1279
两种	1279
相遇	1278
吵醒	1278
red	1278
追捕	1277
救援	1277
搬家	1277
妨碍	1276
检查一下	1276
账户	1276
普通人	1275
大夫	1275
wish	1275
小妞	1275
考慮	1274
永恒	1274
以色列	1274
订婚	1274
多人	1273
幸存者	1273
拼命	1271
comes	1271
预约	1270
每晚	1269
凯西	1269
minister	1269
我点	1268
接手	1268
爱德华	1268
临时	1268
合伙人	1268
物品	1267
大陆	1266
讽刺	1265
饿死	1265
搬走	1264
方案	1263
王后	1261
麦克斯	1261
老天爷	1261
摩根	1261
上楼	1261
lee	1261
between	1260
主动	1260
quite	1259
主教	1259
不得了	1258
英俊	1258
怪异	1258
美金	1258
球队	1258
守护	1258
西部	1257
閉嘴	1256
演唱	1256
杰森	1256
truth	1256
真不知道	1255
显得	1255
公正	1255
人性	1255
伊丽莎白	1254
戴上	1253
很糟	1253
点子	1252
逐渐	1252
买卖	1251
爱尔兰	1251
格林	1251
干扰	1251
找回	1251
late	1251
不说	1250
alive	1250
此外	1250
路易	1250
得不到	1249
一番	1249
speak	1249
陷害	1248
别跟我	1248
差劲	1248
line	1247
运作	1247
内衣	1247
听懂	1246
自愿	1246
喝咖啡	1245
领域	1244
瞬间	1243
过分	1243
大型	1242
笑容	1241
fun	1241
偶然	1241
老爹	1241
好些	1241
未知	1241
咒语	1240
steve	1240
保住	1240
考验	1240
希尔	1240
证词	1239
吩咐	1239
越南	1239
性爱	1239
发送	1239
随意	1239
招呼	1238
怀念	1238
登记	1237
开着	1237
nobody	1236
brian	1236
称之为	1236
水果	1236
丰富	1236
卧底	1236
边缘	1236
奥斯卡	1235
照顧	1235
史蒂芬	1235
解釋	1235
上海	1234
开发	1233
设法	1232
做不了	1232
though	1231
巴西	1231
签字	1231
明智	1231
海上	1231
哎哟	1231
早已	1230
质疑	1230
官方	1230
评论	1229
症状	1229
减少	1229
直播	1228
杯酒	1227
behind	1227
沟通	1226
ass	1226
city	1226
昏迷	1226
dr	1225
你老	1225
受害人	1225
电台	1224
韦恩	1224
动力	1224
购买	1224
付出代价	1223
那一刻	1223
防止	1223
elena	1223
嘴唇	1222
双胞胎	1222
课程	1221
狗狗	1221
later	1221
种族	1220
解释一下	1220
连续	1220
清白	1219
招待	1219
列车	1219
全面	1219
淹死	1219
条子	1219
占领	1218
大使	1218
戰爭	1217
started	1217
帮个	1217
蜡烛	1217
精神病	1217
帐篷	1217
首席	1217
宠物	1215
按钮	1215
财富	1215
多长时间	1215
无人	1215
高潮	1214
棺材	1214
留意	1214
出路	1214
玉米	1214
发布	1214
上天	1213
安心	1213
工程师	1213
alicia	1211
西班牙语	1211
作业	1211
黄色	1211
经纪人	1211
罪恶	1210
人口	1210
野蛮	1210
灯光	1210
地说	1209
专心	1209
waiting	1208
过世	1208
保险箱	1208
目前为止	1208
ss	1208
先进	1208
见证	1208
组合	1208
当做	1208
能夠	1208
弄清楚	1207
人手	1206
dan	1206
合约	1205
严格	1205
甚麼	1204
金属	1204
总得	1203
障碍	1203
worry	1202
打工	1202
眼泪	1202
人士	1202
大胆	1201
销售	1201
脱离	1201
一模一样	1200
他家	1200
温度	1200
天下	1200
出售	1199
走过	1199
外婆	1199
帮帮	1199
强尼	1198
星期天	1198
卡住	1198
office	1198
break	1198
独特	1198
涉及	1198
心脏病	1198
一行	1197
工作室	1197
别吵	1197
影像	1197
剧院	1196
补偿	1196
金发	1195
字母	1195
着火	1195
开启	1195
基础	1194
我查	1194
试验	1194
亲人	1194
来电	1193
挣扎	1193
一无所知	1193
细胞	1193
二十	1192
服从	1192
维多利亚	1191
进一步	1191
来临	1191
边境	1191
检测	1190
minute	1189
太小	1189
德州	1189
抗议	1189
运动员	1188
漫长	1187
双方	1187
名义	1187
娱乐	1186
乡村	1186
厲害	1185
面试	1184
看电视	1184
到此为止	1184
需求	1184
居住	1183
不見	1183
摩托车	1183
分别	1183
预测	1183
便是	1182
沙滩	1182
商人	1182
图片	1182
典型	1181
那辆	1181
确切	1181
小岛	1180
wow	1179
瓶子	1178
得出	1178
gets	1178
欢乐	1178
别看	1178
那才	1177
宣传	1177
drink	1177
等会儿	1177
凯瑟琳	1176
richard	1176
两名	1175
感谢您	1174
频道	1173
前途	1173
逮到	1173
结合	1173
偶像	1173
暂停	1173
尽情	1173
请别	1173
这时候	1172
羞辱	1172
吃点	1171
亚历克斯	1171
准时	1171
一大堆	1170
火焰	1169
谈到	1168
代理	1168
姿势	1168
这群	1168
屠杀	1167
流氓	1167
人類	1167
雷蒙德	1167
絕對	1167
怪胎	1166
引爆	1166
农民	1166
asked	1166
困惑	1166
其余	1165
买下	1165
外表	1165
花钱	1165
丢掉	1165
首次	1165
不远	1165
躲起来	1165
安全带	1164
处境	1164
caption	1164
故障	1164
收下	1163
舅舅	1163
星期一	1162
你會	1162
混球	1162
停手	1162
瑞斯	1162
met	1162
传奇	1162
news	1161
骚扰	1160
伸出	1160
做成	1160
见识	1160
通往	1160
贝拉	1160
严禁	1159
每人	1159
犯下	1158
在我看来	1158
发作	1158
見過	1158
迎接	1158
小鸟	1158
代码	1158
sleep	1158
目的地	1157
资源	1157
召唤	1157
样本	1156
判决	1156
沙拉	1156
功能	1156
诱惑	1156
忍不住	1156
脑子里	1156
商业用途	1155
怪人	1155
几句	1154
玩吧	1154
无能为力	1154
斗争	1154
事先	1154
着想	1154
乱来	1153
hours	1153
久等	1152
办不到	1152
弥补	1152
調查	1152
eat	1152
之上	1152
這位	1151
鲸鱼	1151
这方面	1151
没收	1151
指导	1150
power	1150
blake	1149
那样的话	1149
那人	1149
read	1148
听话	1148
街区	1148
大象	1147
停留	1147
利亚	1147
罚款	1147
家长	1146
還沒	1145
追查	1145
观看	1145
出局	1145
撤离	1145
摄影机	1145
試試	1145
口音	1143
cool	1143
第一季	1143
住口	1143
這里	1142
全家	1142
半夜	1142
难得	1141
献给	1141
取决于	1141
一命	1141
理查	1140
击败	1140
可卡因	1140
海里	1140
领先	1139
叫醒	1138
邦德	1138
之間	1138
何必	1137
save	1137
哈啰	1136
ryan	1136
办事	1136
傷害	1135
寻常	1135
机械	1135
夏威夷	1135
敲门	1134
接收	1134
fnsegoe	1134
别提	1134
电池	1133
录音	1133
夥計	1133
就够	1132
恶梦	1132
住在一起	1132
大地	1132
宴会	1132
bobby	1132
大多	1132
仿宋	1132
货车	1131
别怕	1131
引发	1131
修复	1130
fnkaiti	1130
almost	1130
作者	1130
提要	1130
十字架	1130
难看	1130
福尔摩斯	1129
头部	1129
劳拉	1129
眼里	1129
象征	1129
俄国人	1128
谨慎	1128
珍惜	1127
勇士	1127
睡覺	1127
girls	1127
蜂蜜	1127
删除	1126
发型	1125
周日	1124
tried	1124
婆婆	1124
氧气	1124
南部	1123
吃药	1123
项链	1123
弄错	1122
forget	1121
消除	1121
放屁	1120
概念	1120
交通	1120
瑞士	1120
三個	1120
汽油	1120
诊所	1120
goes	1120
土豆	1120
full	1119
祖先	1119
童年	1119
无数	1118
双眼	1118
下载	1118
歌唱	1118
確實	1117
一点儿	1117
越过	1117
力气	1117
声称	1117
隨便	1116
马车	1116
瑞德	1116
这回	1115
搞不懂	1115
房租	1115
有点像	1115
这套	1114
波兰	1114
仅此而已	1114
died	1112
robert	1112
reason	1112
家园	1111
yours	1111
作為	1111
暗杀	1110
纪录	1110
试过	1110
降临	1110
人渣	1109
主持	1109
人数	1109
阴影	1109
防御	1108
滚蛋	1107
巴克	1106
一下子	1106
死人	1106
贵族	1106
接下	1106
plan	1106
枪杀	1106
仇恨	1106
评估	1105
迪恩	1104
掌声	1104
英寸	1104
six	1103
今后	1102
深入	1102
得分	1102
之地	1101
没说	1101
身份证	1101
布拉德	1101
快樂	1100
签署	1098
登上	1098
無論	1098
睡眠	1098
服用	1096
還能	1096
很多年	1096
听不见	1096
法国人	1096
这算	1095
例子	1095
往前	1094
清洁	1094
胆小鬼	1094
亚洲	1093
que	1093
许可	1093
警员	1092
继续前进	1092
周一	1092
告别	1092
长期	1092
福特	1092
秩序	1092
奖励	1091
香肠	1091
屋子里	1091
插手	1091
我读	1091
诗人	1091
死神	1091
两只	1090
原创	1090
answer	1090
效劳	1089
小人	1089
滋味	1089
important	1089
恐慌	1089
fnconsolas	1089
北京	1088
创作	1088
披萨	1087
那场	1086
畜生	1086
结论	1085
打招呼	1085
std	1085
说来	1085
可否	1085
earth	1085
bitch	1084
珍贵	1084
第四	1084
防守	1084
阅读	1084
anyway	1084
摄影师	1083
陌生	1083
whoa	1083
会想	1082
车辆	1081
就位	1081
變得	1081
翻譯	1081
伊莎贝尔	1081
带子	1081
分离	1081
交代	1081
院子	1081
約翰	1080
進入	1080
远远	1079
埋葬	1079
民众	1078
虐待	1078
week	1078
ui	1077
帮不了	1076
迈阿密	1076
赶来	1075
勉强	1075
预言	1074
举办	1074
复制	1074
原始	1074
评价	1074
吸烟	1074
奖金	1073
地毯	1073
私下	1073
trouble	1073
墓地	1072
哈特	1072
热爱	1072
一百万	1072
苏菲	1071
巡逻	1071
收获	1071
毫米	1071
协会	1071
法兰	1071
过度	1070
超市	1069
朝鲜	1069
问好	1069
行動	1069
负担	1069
fnhobo	1068
玛丽亚	1067
指出	1067
战胜	1067
当事人	1067
模型	1067
无比	1067
琳娜	1067
义务	1067
定位	1066
chfafafa	1065
不足	1065
授权	1065
登陆	1065
主角	1065
接管	1065
应得	1065
自已	1065
证件	1065
八个	1065
武装	1064
保管	1064
太过分	1064
掉下来	1063
各自	1063
brought	1063
回头见	1063
重建	1062
版本	1062
打包	1062
二号	1061
幽默	1060
旅游	1060
休假	1060
候选人	1059
换衣服	1059
拉里	1059
中有	1059
不通	1059
香蕉	1058
埃里克	1058
矛盾	1058
血腥	1058
约瑟夫	1057
东尼	1057
看待	1056
威利	1056
相比	1056
伴侣	1056
治愈	1056
杰米	1056
welcome	1056
举起	1055
蝙蝠	1055
闯入	1054
jesus	1054
清晰	1054
少来	1054
眼中	1054
阿富汗	1054
村庄	1054
原諒	1054
跟随	1053
瑞秋	1053
誓言	1053
违法	1053
快死了	1053
shall	1053
操纵	1053
country	1053
搜寻	1052
大厦	1052
旋转	1051
赌博	1051
覆盖	1051
front	1050
只管	1050
硬币	1050
潜艇	1049
弱点	1049
香水	1049
本能	1049
telling	1048
教皇	1048
盘子	1048
最快	1047
百万	1047
青春	1047
恐龙	1047
send	1047
购物	1047
口味	1046
不赖	1046
anymore	1046
询问	1046
那要	1045
面子	1045
别急	1045
幹嘛	1045
身邊	1045
鲜血	1044
漫画	1043
受过	1042
那份	1042
fnstzhongsong	1042
自身	1041
之夜	1040
策划	1040
诉讼	1040
冲突	1040
渐渐	1039
巫师	1039
个性	1039
房里	1039
outside	1039
貌似	1038
穿衣服	1038
免得	1038
要命	1038
一千	1038
里克	1038
飛機	1038
酒精	1038
审讯	1037
凯撒	1037
seems	1037
侄子	1037
猜测	1037
尊严	1036
袜子	1036
隔离	1036
下流	1036
基督教	1036
修改	1035
基于	1035
每当	1035
印第安人	1035
目击	1035
able	1035
未婚夫	1035
eye	1034
一同	1034
指引	1033
六年	1033
恒星	1033
取代	1033
专注	1033
取出	1033
怎么着	1033
电子	1033
伊恩	1032
回归	1032
右手	1031
透过	1031
说错	1031
檢查	1031
汇报	1030
台词	1030
水手	1029
牛肉	1029
克服	1029
了结	1028
帮帮忙	1028
慷慨	1028
一辆车	1027
良心	1027
灵感	1027
打開	1027
needs	1027
一分	1027
元首	1026
买点	1025
马克斯	1025
从事	1025
agent	1024
排除	1024
召集	1024
模样	1024
外国	1023
阴茎	1023
酒鬼	1023
操心	1023
指着	1022
寒冷	1022
汉克	1022
慢着	1022
一身	1022
马特	1022
旧金山	1021
couple	1021
北部	1021
希腊	1021
扫描	1021
一圈	1021
看起	1021
戴尔	1021
好友	1020
终结	1020
grace	1020
老弟	1020
有点儿	1020
犹豫	1019
场面	1019
伪装	1019
心理医生	1019
不理	1019
目標	1019
牢房	1019
实力	1018
把戏	1018
纯粹	1018
報告	1018
朱莉	1018
侵犯	1017
乡下	1017
例外	1016
罗伊	1016
传播	1016
块钱	1016
hot	1016
指责	1015
各地	1014
boys	1014
芭芭拉	1014
收音机	1014
领带	1013
核心	1013
途径	1013
命名	1013
人要	1013
弹药	1013
团结	1013
黑帮	1012
忏悔	1012
晚会	1012
眼光	1012
前线	1012
上船	1012
别去	1012
有利	1012
可乐	1012
改天	1012
惹麻烦	1011
正直	1011
靴子	1011
电视台	1010
看不出	1010
维护	1010
边界	1010
四周	1010
视线	1009
一阵	1009
路过	1009
污染	1009
明晚	1008
town	1008
写作	1008
mrs	1007
bob	1007
中学	1007
国内	1007
电报	1006
哈哈哈	1006
daughter	1005
不利	1005
未來	1005
er	1005
论文	1005
风景	1005
额外	1004
传送	1004
两者	1004
幼稚	1003
lose	1003
基督徒	1003
解散	1003
山谷	1002
出版	1002
帕特	1002
友善	1002
艾比	1002
而战	1002
months	1002
闭上眼睛	1002
埃迪	1001
吓唬	1001
蝴蝶	1001
德语	1001
一组	1001
男女	1000
争论	1000
七个	1000
拉斯维加斯	1000
得以	999
我心	999
泄露	999
caroline	999
遗嘱	998
你給	998
媽的	998
captain	998
获胜	998
谣言	998
忽略	998
单纯	997
跑掉	997
children	997
荷兰	997
分散	997
狠狠	997
尾巴	997
非要	996
里头	996
wir	996
展现	996
诡异	996
doctor	996
讯息	996
曲子	996
某处	996
充分	996
多钱	995
担任	995
怎会	995
安息	995
问候	994
后门	994
提过	994
那段	994
喂喂	993
内疚	993
拿给	993
避开	993
裸体	993
一时	992
人有	992
寄给	992
少爷	992
未婚妻	992
凯莉	991
露出	991
青年	991
观赏	991
悲惨	990
反击	990
新生	990
負責	990
别跑	990
dave	990
与众不同	990
传给	990
尚未	989
排队	989
画画	988
不感兴趣	988
把握	988
johnny	987
适当	987
七年	987
boss	986
air	986
洞穴	986
振作	986
生长	986
马修	985
制度	985
真他妈	985
lt	985
摄影	985
蔬菜	985
客厅	985
疑犯	984
色情	984
不管怎么	984
枪击	984
途中	984
前妻	984
ha	983
此地	983
公斤	983
孤儿	983
维克多	983
着急	983
打猎	982
费城	982
巴里	982
赞美	981
人选	981
节奏	981
住嘴	981
得来	981
狂欢	980
sister	980
玛格丽特	980
耻辱	980
黎明	979
存活	979
疑问	979
花费	979
分鐘	979
睡衣	979
外公	979
想得到	978
决心	978
奉献	978
魔力	978
实施	978
前方	978
古巴	978
没到	977
總是	977
倾向	977
保镖	977
大会	977
荡妇	977
米歇尔	977
living	977
我還	976
料到	976
表哥	976
husband	975
多大	975
甩掉	975
真好	975
降低	975
别傻了	974
提示	974
怀特	974
快快	973
jeremy	973
没空	973
亲近	973
成人	973
human	973
音樂	972
以此	972
married	972
轮胎	972
lives	972
出院	972
top	972
两杯	971
被判	971
挑选	971
名人	971
碰巧	971
讯号	970
教师	970
看清楚	970
排练	970
指甲	969
成年人	969
隐私	969
枪声	969
music	969
苍蝇	969
放棄	968
这能	968
打个招呼	968
二十年	968
蠢蛋	968
毒药	968
roman	967
不用说	967
真话	967
早期	966
握手	966
就此	966
犯错	966
过于	966
里奇	965
维克	964
浴缸	964
child	964
种子	964
戏剧	964
好心	964
看過	963
这间	963
贡献	963
damon	963
看得出来	963
either	963
祈求	963
过后	962
读过	962
烧掉	962
emily	962
shoot	962
吉尔	961
优雅	961
狡猾	961
瀑布	961
一封	961
融化	960
不快	960
行程	960
改造	960
计程车	960
鸽子	960
羡慕	959
伏特加	959
深深	959
头痛	959
病房	959
sound	958
光芒	957
地铁	957
康复	957
没听说过	957
骑马	957
大王	957
雕像	957
发言	956
之旅	956
好喝	956
民族	955
负责人	955
汉娜	955
能源	955
touch	955
血迹	955
提升	955
lucky	955
找点	954
抓走	954
木头	954
院长	954
一具	954
乐观	954
游泳池	953
我剛	953
pete	953
再谈	953
交出	953
control	952
两点	952
所作所为	952
一幅	952
甲板	952
烧死	952
宿舍	952
台上	951
窗口	951
短暂	951
promise	951
化学	951
哥们儿	951
破解	951
线路	950
急事	950
葡萄酒	950
混合	950
治安	950
积极	950
给钱	949
很想	949
外出	949
女郎	948
亚历山大	948
或者说	948
怪怪的	948
服务员	947
打球	947
拉屎	947
教室	947
做人	947
墨菲	947
布鲁克林	946
海豚	946
目击者	945
礼服	945
一篇	944
因素	944
计算机	944
压制	944
编辑	943
结构	943
哈维	943
挽救	943
措施	942
堕落	942
遗产	942
演戏	942
控告	942
women	942
小费	942
弗雷迪	942
脚下	941
画家	941
以往	940
预感	940
小便	940
滑稽	940
别墅	940
卡洛斯	940
司令	939
feeling	939
迟早	939
医学	939
tlf	939
收养	939
下士	939
手腕	938
圣母	937
影视	937
一口气	937
维斯	937
天呀	937
输入	937
没带	937
进化	936
pick	936
地步	936
一系列	936
贝蒂	936
追逐	936
甜点	936
卡片	935
ten	935
办到	935
anna	934
督察	934
一到	934
争吵	933
行业	933
噪音	933
整件事	933
游客	933
ein	933
事务所	933
呻吟	933
小弟	932
那年	932
一匹	931
上台	931
季节	930
车库	930
机长	930
艾德	930
偷看	929
斯巴达克斯	929
夏洛特	929
找人	929
光荣	929
文字	929
姨妈	929
管用	928
时尚	928
裡面	928
待命	928
违背	928
第三个	927
stefan	927
願意	927
处置	927
老家伙	927
决赛	926
到哪去	926
鸡肉	926
企鹅	926
疏散	926
沃特	926
大便	925
委托人	925
一无所有	925
说了算	925
遊戲	925
真够	925
纯洁	925
五十	925
格里	925
果汁	924
他妈	924
回合	924
出场	924
天亮	924
eddie	924
想想看	924
任務	924
艾莉	923
je	923
几岁	923
sent	923
图像	923
监禁	923
sometimes	922
伪造	922
往常	921
收藏	921
手铐	921
撒尿	921
港口	921
斯汀	920
伯格	920
正面	920
几时	920
fly	920
家具	920
罗比	919
戴维斯	919
蛋蛋	919
玩游戏	919
walter	919
祖国	919
要点	919
射杀	918
行不通	918
笑声	918
死后	918
在外	918
审问	918
以防	917
投诉	917
le	917
肯尼迪	917
驾照	917
医师	916
早晚	916
安保	916
指定	915
形状	914
抽屉	914
名片	914
着陆	914
一封信	914
好戏	914
毫无意义	913
julie	913
挡住	913
嫌疑犯	912
small	912
艾玛	912
歌声	911
模糊	911
太过	911
受苦	910
大自然	910
军团	910
taken	910
有事吗	910
running	910
president	909
past	909
food	909
动物园	909
book	909
里奥	909
扎克	909
赌注	909
安装	909
一手	909
一流	909
布拉	909
会为	908
兰斯	908
hate	908
生死	908
乱七八糟	908
掩盖	908
议会	907
品味	907
否則	907
安德烈	907
狩猎	907
家中	907
亚伦	907
丑陋	907
德斯	906
遗忘	906
发动机	906
我哥	906
首都	905
多好	905
航行	905
那事	905
手法	904
报酬	904
不小	904
无情	904
現場	904
无限	904
簡直	903
破烂	903
follow	903
张开	903
旅途	903
銀行	903
饥饿	903
以便	903
化妆	903
開車	902
不多	902
失业	902
陪伴	902
我得	902
脑海	901
打交道	901
开关	901
火山	901
酗酒	901
sounds	901
下个	900
有關	900
游行	900
刀子	900
局面	900
赐予	900
不满	900
多数	899
這事	899
空军	899
drive	899
stupid	899
名声	899
当局	899
dog	899
过头	898
创意	898
快给我	898
dark	898
没完	898
暑假	898
欢呼	898
此时	898
打得	897
来接	897
公共	897
克里	897
别过来	897
辐射	897
blue	897
勋章	896
背上	896
清单	896
million	896
美人	896
van	896
honey	895
慈善	895
棘手	895
玛莎	894
团体	894
till	894
弗雷德	894
布里	894
几小时	894
依旧	893
极端	893
片子	893
扇门	892
来得及	892
好日子	892
接通	892
河流	892
余生	891
帮派	891
大人物	891
證明	891
无礼	891
传达	891
susan	891
债务	891
胃口	890
犯罪现场	890
心想	889
欧文	889
动静	889
大规模	889
杀戮	889
一程	889
hour	888
拘留	888
下注	888
看不出来	888
艾尔	888
蜜蜂	888
肯尼	888
十个	887
干过	887
tommy	887
卢卡斯	887
混帐	887
这时	887
头盔	886
扭曲	886
过敏	886
along	886
asking	886
tu	886
红酒	886
自首	886
当天	886
喜爱	886
清洗	885
橄榄球	885
点心	885
休想	885
装饰	885
government	884
憎恨	884
集中营	884
来个	884
失败者	884
闪电	883
乐子	883
狐狸	883
sweet	883
星系	883
紧急情况	883
国民	883
离去	883
世人	882
借给	882
器官	882
半年	882
fall	881
毫不	881
重生	881
看一看	881
重量	880
下巴	880
十二	880
航空	880
好久没	880
order	879
fast	879
举动	879
之王	879
喝水	879
可憐	878
太远	878
光线	878
一切顺利	878
宝藏	878
dream	878
直说	878
战役	878
潜水	878
元素	878
perfect	877
三点	877
醒过来	876
这要	876
点燃	876
那座	875
屍體	875
perhaps	875
保释	875
要钱	875
本來	875
火力	875
clay	875
晚宴	875
竟敢	875
火灾	874
城镇	874
陆地	874
处决	873
夜总会	873
物种	873
大赛	873
触摸	873
克莱	873
想一想	873
制定	873
詹姆士	872
一伙	872
落下	872
住院	872
妮可	871
落后	871
第一件	871
首领	871
要紧	871
信件	870
杰克逊	869
下落	869
走上	869
martin	869
他俩	869
特里	869
董事会	869
体重	868
引导	867
宣誓	867
平等	867
草莓	867
一股	867
处在	867
鸡巴	866
那件	866
暖和	866
琳达	866
陆军	865
記住	865
凯利	865
cannot	865
勒索	865
rick	865
這么	865
好大	865
一場	865
less	865
鸭子	864
bed	864
世界末日	864
身子	864
還記	864
company	863
取笑	863
天黑	863
追杀	863
魔术	863
ya	862
放学	862
马戏团	862
工业	862
我教	862
帮手	862
乐团	862
德拉	862
jason	862
馅饼	861
吸引力	861
幕后	861
虫子	861
building	861
打擾	861
雅典娜	861
约翰尼	861
独自一人	861
侵入	860
边上	860
毯子	860
该是	860
狙击手	860
相片	860
ship	860
左手	860
传言	859
提名	859
开头	859
rock	859
那辆车	859
菲尔德	859
设施	859
背着	859
何处	859
開槍	859
thomas	859
乳房	858
leaving	858
第七	858
happens	858
出血	858
小学	857
queen	857
这栋	857
大叫	857
要花	857
床单	856
世界各地	856
多一点	856
信封	856
andy	855
mit	855
system	855
上级	855
不出	854
harry	854
解决问题	854
還沒有	854
逃出	854
妹子	854
冷靜	853
一看	853
认罪	853
大姐	853
公室	852
一條	852
继续下去	852
轰炸	852
太美	852
男孩子	852
恐吓	852
一所	852
勾引	852
日落	852
搬进	851
un	851
斯蒂芬	851
身处	851
billy	851
有力	850
望远镜	850
笼子	850
玛雅	850
送回	849
那张	849
活力	849
小弟弟	848
超出	848
英镑	848
水里	848
树上	847
一双	847
太平洋	847
才华	847
布兰	847
叹气	847
解脱	846
布莱克	846
sort	846
跑步	846
有史以来	846
忘記	845
马蒂	845
第六	845
恶作剧	845
蹲下	845
情侣	845
紧紧	844
泳池	844
终止	844
持有	844
scared	844
丢失	844
第三次	844
为难	844
体会	844
我累	843
伊朗	843
勒斯	843
security	843
升起	842
傲慢	842
shouldn	842
干涉	842
包含	842
fact	841
放開	841
缺少	841
非凡	841
每件事	841
alright	840
ahead	840
闪开	840
hat	840
win	840
信不信	840
不曾	840
关联	840
一一	840
四点	839
威力	839
肉体	839
known	839
讲讲	839
ed	839
我快	839
功课	839
宝贵	838
难堪	838
快滚	838
咳嗽	838
florrick	838
万圣节	838
kevin	838
东部	838
一批	837
布雷	837
意图	837
好不容易	837
大使馆	837
marshall	837
不配	837
三号	836
着迷	836
吸收	836
马里	836
生氣	836
尺寸	836
出自	835
雇佣	835
预算	835
电力	835
歌词	834
迷惑	834
总理	834
战术	834
很累	834
possible	834
精力	834
睡得	833
国外	833
成千上万	833
曼哈顿	833
惊奇	833
市中心	833
傻事	832
表弟	832
穷人	832
一會兒	831
再度	831
十点	831
一拳	831
真让人	831
弟兄	831
极限	831
回见	831
law	831
朱利安	830
奥利弗	830
开战	830
哈尔	830
专辑	830
等着瞧	830
funny	830
乱动	830
公布	830
出动	829
海底	829
buy	829
改善	829
枕头	828
背包	828
笔记	828
向上	828
粗鲁	827
有位	827
光临	827
责怪	827
灰色	827
转向	827
become	827
牙医	826
索尔	826
据我所知	826
活在	826
尽全力	826
转变	825
緊張	825
波比	825
身旁	825
牌子	825
碰上	825
不合	825
很会	824
机票	824
daniel	824
马歇尔	824
一队	824
機器	824
學習	823
anybody	823
随后	823
playing	823
夜里	823
八年	822
社交	822
热狗	822
逻辑	822
抱抱	822
两张	822
穆斯林	822
小东西	822
祝你们	821
miles	821
万美金	821
联合国	821
cia	821
再來	820
看清	820
夠了	820
从现在起	820
罗宾	820
真名	820
看守	820
雪茄	820
窗外	820
摔倒	820
糊涂	820
海水	820
somewhere	819
有限	819
最坏	819
可别	819
警戒	819
喇叭	819
真的假	819
尔斯	819
小马	819
碰面	818
工会	818
秋天	818
无罪	818
甜甜	818
交給	817
滑雪	817
拳击	817
murder	817
稍等一下	817
發誓	817
标签	816
state	816
美军	815
sex	815
彩虹	815
哈里斯	815
没命	815
最多	815
说句话	815
同行	814
fncomic	814
t恤	814
好棒	814
定义	814
special	814
見面	814
极其	813
火鸡	813
future	813
拒絕	813
心思	813
一处	813
乌鸦	813
当真	813
族人	813
盖尔	812
卡斯	812
会合	812
巴斯	812
青少年	812
早该	811
推进	811
雅各布	811
老哥	811
聽到	810
开动	810
梦见	810
建设	810
文森特	810
抓狂	810
驱逐	810
往前走	809
出狱	809
很晚	809
预期	809
鼓掌	809
运送	809
忽然	809
land	808
围绕	808
妥协	808
抚养	808
himself	808
sense	808
耽误	808
贸易	808
宝石	807
當我	807
黑夜	807
谅谅	807
一枚	807
成年	807
心爱	806
巴比	806
软件	806
加强	806
活该	806
步枪	806
辩论	805
总共	805
暴风雨	805
她家	805
这本	805
洗个	805
堅持	805
瑞奇	805
特定	805
极度	805
介入	805
青蛙	805
独处	804
意愿	804
不好玩	804
英勇	804
street	803
成果	803
seem	803
就别	803
住处	802
羞愧	802
掉下去	802
雷达	802
為何	802
能干	802
開門	801
mal	801
应对	801
carl	801
有毒	801
歌剧	801
这行	801
作弊	800
barney	800
外星	800
一回	800
雪莉	800
贝利	800
有的是	799
起立	799
烦人	799
戈登	799
打听	798
耶稣基督	798
别处	798
wall	798
叫声	798
常见	797
多点	797
总能	797
不但	797
大腿	796
夹克	796
芬奇	796
增长	796
最美	796
软弱	796
忍耐	796
水中	796
剪刀	796
给你个	795
曾經	795
pas	795
受傷	795
星期四	795
局里	795
hair	795
多余	794
军方	794
不夠	794
dance	794
误解	794
每天晚上	794
无视	794
之名	794
patrick	793
weeks	793
烹饪	793
水面	793
唐娜	793
外国人	793
清晨	793
套房	793
只用	792
老太太	792
usher	792
嚴重	792
快进来	792
摩西	792
strong	792
撒旦	791
擁有	791
救人	790
能带	790
脸色	790
闯进	790
流浪汉	790
隐形	790
人间	789
海外	789
系列	789
目光	789
一切正常	789
悬崖	789
沉重	788
浑身	788
羞耻	788
宁可	788
第一位	788
求救	788
電視	788
已有	788
精子	788
土耳其	788
很帅	788
入睡	787
侄女	787
比特	787
悲哀	787
已婚	787
打人	787
佩服	787
以防万一	787
设定	787
carter	787
很重	786
匿名	786
人体	786
挖掘	786
爸爸妈妈	786
先知	785
同伙	785
发觉	785
大众	785
贪婪	785
水晶	785
marie	784
花花公子	784
七点	784
鲍尔	784
抢走	784
道别	784
笔记本	784
裁判	783
蝙蝠侠	783
和尚	783
携带	783
逃出来	783
别以为	783
沃克	783
男爵	782
补充	782
技能	782
喝完	782
为什	782
妖怪	782
daddy	782
史上	782
别太	782
汽水	781
鸟儿	781
救出	781
无知	781
菜单	781
斯坦	781
中断	781
有钱人	781
匹配	781
figure	781
星际	781
hang	780
到手	780
新年	780
录像带	780
我带	780
创伤	780
一分钱	780
抗拒	779
通电话	779
tara	779
卢克	779
高速公路	779
一站	779
听从	779
援助	778
维亚	778
劳伦斯	778
预计	778
泰国	778
幸存	778
唤醒	777
请客	777
腐败	777
气体	777
恶劣	777
腐烂	777
喘气	776
主厨	776
secret	775
社會	775
物理	775
serious	775
鸡尾酒	775
鳄鱼	775
战略	775
跳下去	775
失礼	774
管道	774
音乐会	773
收看	773
待会	773
永久	773
困住	773
墙壁	773
妮娜	772
梦里	772
货物	772
工作人员	772
通缉	772
跑道	772
轻轻	772
遗传	772
借用	772
哪個	772
扔下	771
帕特里克	771
不难	771
艾琳	771
丢人	771
sun	771
用心	771
分配	771
坚信	770
五点	770
诱饵	770
车厢	770
真对不起	770
传闻	770
从未见过	769
玩弄	769
设计师	769
这段	769
里斯	769
势力	769
takes	769
天真	768
摩尔	768
高贵	768
雇用	768
sara	768
乔纳森	768
思维	768
cold	768
多多	768
真该	767
tyler	767
先来	767
视为	767
连环	767
一幕	767
刹车	767
很痛	767
发烧	767
进屋	766
派出	766
往后	766
治療	766
阴道	766
修道院	766
热闹	766
老人家	765
教导	765
传来	765
jeff	765
屁眼	765
应当	764
宾馆	764
hurry	764
救世主	764
dear	764
密室	763
选中	763
一首歌	763
赞同	762
choice	762
一票	762
编剧	762
信徒	761
放假	761
质量	761
水管	761
监督	761
无效	761
得救	761
大爷	761
奋斗	761
别来	761
en	761
点钟	761
你別	761
发火	760
布置	760
走私	760
玩家	760
五千	760
pull	760
前任	760
着手	760
beat	760
金色	760
柠檬	759
海豹	759
口香糖	759
活著	758
物体	758
羽毛	758
诊断	758
丧失	758
死因	758
meeting	758
刺杀	757
jerry	757
好几年	757
威尼斯	757
珍珠	757
制止	757
加油站	757
固执	756
资产	756
最强	756
拘捕	756
同時	755
星矢	755
words	755
一层	755
本性	755
fantasy	755
罢工	755
任命	754
我付	754
庞大	754
證據	754
现身	754
完事	754
分裂	754
重力	754
除此之外	753
服役	753
体育	753
ooh	753
掩饰	753
场合	753
zu	752
账单	752
爱过	752
蒂姆	752
痛快	752
九点	752
躲避	752
本质	752
一秒钟	751
luck	751
没准	751
融入	750
走開	750
calling	750
电源	750
坚定	750
锻炼	750
芝士	749
拦住	749
worked	749
可行	749
maggie	749
独一无二	749
事是	749
並且	749
大衣	749
神盾	748
低调	748
贿赂	748
操控	748
深处	748
过份	748
说得好	748
俄语	748
镇子	748
德军	747
疫苗	747
节日	747
凯伦	747
玩完	747
事后	747
活儿	747
古代	747
胸口	747
聰明	746
脱身	746
一是	746
华丽	746
值钱	746
罪人	746
镇定	746
运转	746
周二	745
话说回来	745
禮物	745
好转	745
巴特	745
出价	745
听证会	745
泰迪	745
目睹	744
lucy	744
太高兴	744
杰西卡	744
相对	744
morgan	743
催眠	743
moving	743
巴基斯坦	743
安吉拉	743
drop	743
心碎	743
转告	743
step	742
全美	742
自殺	742
蠢事	742
识别	742
克雷格	742
你行	742
享用	742
關於	742
东方	740
装满	740
我知	740
演唱会	740
保卫	740
三分钟	739
脚步	739
八点	739
逃犯	739
记着	739
den	738
questions	738
三人	738
重视	738
嫂子	738
发给	738
三十	737
fntimes	737
圣人	737
早饭	737
精确	737
海洛因	736
运输	736
中校	736
打劫	736
微軟雅	736
catch	736
澳洲	736
自称	736
两条	736
works	736
平凡	736
棕色	736
小鸡	736
出身	736
趕緊	736
road	736
庄园	736
商品	736
rachel	735
采取行动	735
正想	735
预定	735
嫌疑	735
钞票	735
后天	734
沒用	734
拳头	734
别烦	734
幾乎	734
传递	734
泰德	734
口交	733
不接	733
明日	733
装作	733
粉碎	733
敌军	733
外遇	733
细菌	732
当着	732
人情	732
盛大	732
容忍	732
我什麼	732
鉴于	732
gold	732
攻擊	731
发现自己	731
客房	731
效忠	730
批评	730
形势	730
不动	730
永生	730
forever	730
看书	730
推测	730
继承人	729
注册	729
上演	729
来讲	729
ground	729
乐园	729
超能力	729
亨特	729
記錄	729
可真	729
哥伦比亚	728
卷入	728
致敬	728
lie	728
核弹	728
依赖	728
worth	727
甜美	727
往往	727
毒贩	727
蘑菇	727
組織	727
呼唤	727
客氣	726
放大	726
保障	726
seven	726
路边	725
還給	725
爱好	725
上空	725
答應	725
新郎	725
撞击	725
dinner	724
打造	724
会带	724
赢家	724
各个	724
昆虫	724
六点	724
感恩节	724
raymond	724
德里	724
垃圾桶	723
行走	723
出租	723
第一步	723
扯淡	723
开走	723
班机	723
nate	722
gps	722
不干	722
深度	722
真诚	722
莱恩	722
女孩儿	722
铃声	722
精神病院	722
念头	722
维拉	721
這就	721
胜过	721
一方	721
直至	721
焦虑	721
没门	721
阻碍	720
流浪	720
被害人	720
生涯	720
胆子	720
那本书	720
拖车	719
葡萄	719
神话	719
意大利人	719
先是	719
挺不错	719
左转	719
培养	719
帐户	718
正当	718
怜悯	718
困境	718
摩托	718
提问	718
阿宝	718
大战	718
赋予	718
租金	718
最有	718
娜娜	718
终身	718
哈佛	717
老家	717
思念	717
头疼	717
杰出	717
起初	717
派克	717
多謝	716
others	716
两样	716
米兰	716
weren	716
守住	716
磁带	716
happening	716
eric	715
一會	715
艾米丽	715
寡妇	714
莫莉	714
迪伦	714
三周	714
互联网	714
安定	714
男子汉	714
发财	714
上个月	714
一早	714
强盗	714
通信	713
开工	713
托比	713
seeing	713
创建	713
门外	713
共度	712
没得	712
真主	711
赔偿	711
爱上你	711
虚弱	711
一代	711
michelle	711
共事	711
脂肪	711
别问	711
提及	711
换成	710
手機	710
这招	710
决斗	710
请来	710
加班	710
不覺	710
犯法	709
克洛伊	709
lead	709
扩大	709
搞不好	709
带回家	709
景色	709
俘虏	709
戴着	708
里昂	708
担保	708
上将	708
今夜	708
下水	708
弄出来	708
return	708
娜塔莉	708
不问	707
利润	707
窒息	707
政客	707
厄尔	707
枪支	706
longer	706
turned	706
盯上	706
影響	706
加斯	706
經過	705
芯片	705
护送	705
无需	705
監獄	705
那群	704
新魏	704
炸掉	704
適合	704
终点	704
表現	704
還會	704
小宝贝	704
校對	704
后院	704
吉娜	704
lisbon	704
中國	703
血统	703
charles	703
无人机	703
生命危险	703
迈尔斯	702
极大	702
忠实	702
衣柜	702
使劲	702
奖学金	702
al	702
损坏	702
效力	702
福利	702
狂热	702
敞开	701
伊莱	701
河边	701
uncle	701
缘故	701
出差	701
加点	701
alphaff	701
还行	700
母狗	700
松鼠	700
校园	700
封闭	700
试一下	699
当晚	699
simon	699
走到	699
更新	699
制片	699
屏幕	699
厌恶	699
辆车	699
星期二	699
安宁	699
机关	698
高速	698
乘坐	698
姑姑	698
这幅	698
肯特	698
阻挡	698
世间	698
kelly	697
色彩	697
最小	697
康纳	697
写下	697
朝着	697
下山	697
周四	697
管家	697
蚂蚁	697
稳住	697
昂贵	697
carrie	697
认同	696
编号	696
无关紧要	696
一邊	695
澳大利亚	695
师兄	695
伊森	695
锁上	695
快点儿	695
气息	695
一级	695
亲生	695
黛比	695
旨意	694
景象	694
摔跤	694
alphahaf	694
梅森	694
看得出	694
scott	694
姑妈	694
沼泽	693
失误	692
名称	692
杰作	692
同樣	692
瑞典	692
并不知道	692
别理	692
找些	692
赛车	692
火车站	692
烂摊子	692
之声	692
业余	692
装修	692
商场	692
履行	692
出去玩	692
过会	692
野心	692
piece	692
遗体	691
窗帘	691
爱因斯坦	691
下楼	691
打搅	691
奈特	690
吊死	690
堡垒	690
他用	690
付给	690
josh	690
力克	690
潜入	690
咆哮	690
given	690
斯大林	690
见过面	689
buddy	689
同胞	689
从中	689
女仆	689
一班	689
sophie	689
德里克	688
罕见	688
老板娘	688
情报局	688
迫不及待	688
von	688
请便	687
步行	687
那時	687
规模	687
快逃	687
rather	687
薯条	687
爱我吗	687
怎么弄	686
引诱	686
怪不得	686
战舰	686
备用	686
豪华	686
行為	686
更是	686
auf	685
气球	685
就象	685
司令官	685
病情	685
阳台	685
共享	685
汽车旅馆	685
黑洞	684
采用	684
低估	684
集会	684
时会	684
將會	684
部位	684
保持沉默	684
小型	684
佛罗里达	684
炫耀	683
懷疑	683
统一	683
太漂亮	683
娘娘腔	683
枪手	683
我国	683
帕克	683
分成	683
across	683
妄想	683
我以	683
克劳	682
protect	682
冰冷	682
lisa	682
底特律	682
改革	682
那家	682
rebecca	682
太高	682
搬出去	681
阿拉	681
罗素	681
库珀	681
冰块	681
失敗	681
我救	681
learn	681
wonder	681
决不	680
频率	680
打給	680
kate	680
差别	680
宪法	680
强调	680
finally	680
ride	680
北极	680
模拟	680
picture	680
胆量	680
两倍	679
急救	679
共和国	679
前夫	679
洋葱	679
敵人	679
这倒	679
组长	679
worse	679
归来	679
song	679
运用	679
陈述	678
接待	678
沙子	678
felt	678
米拉	678
sick	678
恶意	677
吃醋	677
两句	677
愛情	677
这真	677
真要	676
乔丹	676
处死	676
自以为是	676
圣斗士	676
举起手来	676
庆幸	676
關心	675
出错	675
瘋狂	675
血管	675
和解	675
解救	675
特意	675
震撼	674
總統	674
向下	674
扔进	674
莎莉	674
needed	674
伍德	674
服务生	674
符号	674
发起	674
神像	674
之子	674
meant	673
一秒	673
逃亡	673
上诉	673
平均	673
职员	673
骗局	673
missing	673
偏偏	673
正常人	672
kiss	672
岛屿	672
錯誤	672
这么回事	672
会上	672
加里	672
船只	672
太糟	672
担忧	672
迟早会	672
顺序	671
有话	671
精英	671
瘟疫	671
我出	671
不带	671
数到	671
封面	671
message	671
料理	671
激怒	671
个头	670
长相	670
歷史	670
哪边	670
差一点	670
ones	670
谈恋爱	670
卫生间	670
阁楼	670
十足	670
喜剧	669
点火	669
星期三	669
房屋	669
giving	669
司令部	669
协调	669
舞者	668
束缚	668
讲述	668
straight	668
洗手	668
零钱	668
阿拉伯	668
缺陷	668
以免	668
clean	668
一块儿	668
拿掉	667
曝光	667
捣乱	667
imagine	667
hospital	667
集体	667
特征	667
缺点	667
徽章	667
电线	667
欧元	667
德尔	667
操蛋	666
回避	666
扳机	666
供应	666
穿著	666
天主教	666
况且	666
戰鬥	666
能耐	666
艾瑞克	666
汉斯	666
別說	666
表妹	666
哈罗德	665
finch	665
包装	665
法郎	665
辉煌	665
dvd	664
使者	664
反應	664
沒法	664
一大笔钱	664
arthur	664
可要	664
私事	664
偷来	663
五百	663
没理由	663
蜜月	663
資料	663
kim	663
chuck	663
牧场	663
很难说	663
找死	663
右转	663
et	663
推出	662
外人	662
必定	662
近来	662
一切都在	662
汉弗莱	662
写信给	662
树木	661
丫头	661
口供	661
不用谢	661
jay	661
美麗	661
哪种	661
妓院	661
偷东西	661
實際	661
脚趾	660
队友	660
台湾	660
別動	660
遺憾	660
名誉	660
会派	660
资助	660
分心	660
气候	660
事务	660
history	660
首尔	659
rose	659
赦免	659
report	659
兇手	659
原地	659
恶化	659
帕蒂	659
理性	659
九个	659
仙子	659
战斗机	659
宁静	658
山羊	658
送走	658
美食	658
冲击	658
丑闻	658
品牌	658
watching	658
上衣	658
老友	657
潜在	657
圈套	657
老头子	657
官司	657
生于	656
越來	656
占据	656
doch	656
巨星	656
angel	656
拖延	656
好意	656
别生气	656
拉姆	656
黄油	655
dick	655
破碎	655
天花板	655
金字塔	655
服务器	654
邓肯	654
none	654
坠落	654
罗莎	654
紐約	654
fear	654
住所	654
weird	654
查到	653
性别	653
提交	653
报答	653
我开	653
一个男孩	653
na	653
二位	653
烧毁	653
脱衣服	653
科林	653
高尚	652
tmd	652
蟑螂	652
glad	652
黑社会	652
两边	652
再见面	651
屈服	651
转过身	651
会到	651
大伙儿	651
一招	651
回想	651
黑客	651
领导人	651
maria	651
毛衣	651
大忙	651
王牌	650
上头	650
eli	650
夜间	650
正確	650
先去	650
说点	650
咨询	649
凯勒	649
坐标	649
递给	649
管好	649
il	648
格拉	648
乾杯	648
phil	648
这艘	648
架飞机	648
本片	648
埋伏	648
蒙特	648
loved	648
谎话	647
市区	647
销毁	647
kitt	647
不光	647
我媽	647
反映	647
茉莉	647
給他	647
larry	647
过时	647
第二季	646
总裁	646
执照	646
逃出去	646
收买	646
数目	646
恶棍	646
高地	646
四天	645
买家	645
detective	645
那太	645
地带	645
wedding	645
前门	645
再试一次	645
太酷	645
殖民地	645
绝不能	645
夸奖	645
察觉	644
matt	644
部份	644
胡闹	644
贫穷	644
离谱	644
information	644
猪肉	644
oliver	644
另一半	644
chief	644
顶级	644
月光	644
推翻	644
米尔	643
做错	643
大學	643
安德森	643
三位	643
前提	643
意味著	643
在内	643
宫殿	643
两份	643
眼看	642
河里	642
一击	642
throw	642
露面	642
鱼雷	642
条款	642
待遇	642
stark	642
检验	642
先回去	642
录影带	642
世代	642
凶器	642
一張	642
升级	642
雅各	642
引用	641
这颗	641
泄漏	641
豆子	641
尼基塔	641
时速	640
不在意	640
事态	640
万物	640
方位	640
jetzt	640
探員	640
根據	640
未必	640
冲浪	640
出示	640
末日	640
柜子	640
海报	640
小声点	640
天地	640
最早	639
date	639
西德	639
打开门	639
尋找	639
soul	639
建筑物	639
萨尔	639
趴在	639
推迟	639
diane	639
deep	639
claire	639
還活	639
另一方面	639
超級	639
再也不能	638
阿尔伯特	638
feet	638
尼亚	638
介紹	638
放进去	638
掌管	637
诺曼	637
遵循	637
茱莉亚	637
颤抖	637
买个	636
ian	636
那间	636
乱跑	636
手脚	636
撤销	636
谈一谈	636
amanda	636
白兰地	636
草原	635
进城	635
罪过	635
悲痛	635
幽默感	635
prison	634
ran	634
结尾	634
充足	634
贩毒	634
喜悦	634
妈呀	634
一刀	634
帅气	634
artie	634
南希	634
此次	634
選手	633
审查	633
廉价	633
几句话	633
山顶	633
制片人	633
这车	633
再会	633
爱河	633
wake	633
ghost	632
green	632
菜鸟	632
奇特	632
及其	632
金融	632
振作起来	632
多莉	632
总督	631
西雅图	631
unless	631
伯特	631
帶來	631
之用	631
危害	631
金币	631
盟友	630
明亮	630
猩猩	630
务必	630
taylor	630
年度	630
探望	630
立正	630
roy	630
上下	630
真實	630
推动	630
记下	630
你媽	629
ring	629
list	629
靈魂	629
罗密欧	629
气色	629
牵扯	629
parents	629
射中	629
莉娅	629
正事	629
球场	629
苦难	629
酋长	629
拍卖	629
冤枉	628
潜力	628
功劳	628
回收	628
马路	628
支撑	628
born	628
這也	627
脏话	627
零件	627
优先	627
灭绝	627
casey	627
筹码	627
evidence	627
性生活	627
凡人	627
研究所	627
壓力	626
一塊	626
终极	626
交叉	626
poor	626
传染	626
包里	626
還以	626
订单	626
courtney	626
star	625
防卫	625
野餐	625
关在	625
健身	625
特效	625
流言	624
空虚	624
梯子	624
条路	624
fnyouyuan	624
鑰匙	623
孤儿院	623
忠告	623
语气	623
半天	623
下个月	623
天吶	623
前行	623
倒数	623
有天	623
麻醉	623
act	622
知名	622
里边	622
探险	622
撑住	622
调情	622
松开	622
指向	622
管理员	622
追随	622
打碎	622
布什	622
找個	622
有太多	622
大学生	621
一帮	621
大西洋	621
肥皂	621
刺客	621
纸条	621
changed	621
罗恩	621
缓慢	621
念书	621
公子	621
盲目	621
pain	621
不愧	620
忽视	620
鲜花	620
支配	620
方舟	620
夏洛克	620
露营	620
伤亡	620
vanessa	620
虔诚	620
旅客	620
looked	619
哲学	619
职业生涯	619
一栋	619
并非如此	619
分辨	619
特地	619
书上	619
利息	619
sean	619
小提琴	619
坠入	619
自行	618
特权	618
格雷格	618
飞翔	618
情节	618
面条	618
领主	618
那套	618
偷窃	617
桑德斯	617
纠缠	617
注视	617
抚摸	617
活命	617
大屠杀	617
sign	617
的士	617
武力	616
几位	616
灭亡	616
要用	616
人住	616
减肥	616
少数	616
伊娃	615
囚禁	615
把头	615
bet	615
发抖	615
响起	615
service	615
通向	615
养活	615
看得见	615
仔细听	615
記憶	614
难民	614
无处不在	614
十五	614
赶时间	614
bonnie	614
到家	614
骨折	614
登机	614
wie	614
闪耀	614
烤肉	614
系統	613
最低	613
一带	613
中枪	613
基佬	613
示范	613
捡起来	613
建議	613
pass	613
caught	613
擅自	613
血压	612
影响力	612
伴随	612
托德	612
克莉丝	612
八卦	612
道具	612
實話	612
一有	612
低头	612
必然	612
日常	611
mouth	611
恋人	611
cd	611
写给	611
呕吐	610
插入	610
手榴弹	610
躲开	610
最少	610
领养	610
鬼混	610
說話	610
cooper	610
quick	610
剥夺	610
莱特	609
不定	609
婚禮	609
多远	609
aaron	609
咖啡馆	609
活人	609
这比	609
經歷	609
定罪	609
体面	608
小猫	608
非常高兴	608
挖出来	608
大炮	608
毒气	608
那本	608
警车	608
一瞬间	608
完全正确	608
不能不	607
安靜	607
特洛伊	607
艺术品	607
华生	607
走着瞧	607
兰德尔	607
吉利	607
加密	607
罐子	607
很强	607
倾听	606
刚刚开始	606
紫色	606
印度人	606
共产党	606
替代	606
plane	606
同居	606
三十年	606
calm	606
离家出走	605
赶出去	605
得罪	605
怎样才能	605
摸摸	605
地雷	605
owen	604
给出	604
光是	604
别用	604
fault	604
喝啤酒	604
佩吉	604
乞丐	604
认定	604
真会	604
晋级	604
踏上	604
大火	604
动摇	603
多麼	603
消防员	603
人死	603
布丁	603
大老远	603
不爱	603
马克思	603
拍电影	603
國王	603
看样子	602
爺爺	602
输给	602
坠毁	602
认可	602
管子	602
女演员	602
此人	602
rich	602
前科	602
在线	602
那头	602
老太婆	601
用到	601
我什至	601
莎士比亚	601
太重	601
上网	601
钟头	601
秒钟	601
五天	601
吞噬	601
雨果	601
帮会	601
周三	600
army	600
阿尔	600
严厉	600
klaus	600
一万	600
杀光	600
唯有	600
门锁	600
north	600
逗我	599
voice	599
五分	599
救赎	599
升职	599
single	599
好多年	599
伯爵夫人	599
explain	599
middle	599
盖瑞	599
有件	599
试镜	599
不算什么	599
early	598
偏见	598
弗朗西斯	598
broke	598
一轮	598
名为	598
底部	598
打起精神	598
厌烦	598
深夜	598
循环	598
人心	598
nikita	598
十天	598
ladies	598
下水道	598
好比	597
布斯	597
el	597
德鲁	597
亲眼	597
野人	597
级别	597
獲得	597
dangerous	597
贱货	597
游艇	597
serena	597
和谐	597
用餐	597
布尔	597
做手术	596
玛莉	596
否定	596
莱斯特	596
dude	596
西斯	596
步骤	596
意大利语	596
唐尼	596
来回	596
皇室	596
很傻	596
南瓜	596
smart	596
經常	596
american	596
真爱	596
贴心	595
kidding	595
帮到	595
破裂	595
局势	595
表格	595
尖叫声	595
重回	595
入狱	595
请稍等	594
public	594
愛的	594
管它	594
布鲁克	594
百姓	594
追上	593
头绪	593
通行证	593
吹牛	593
性关系	593
威脅	593
罪孽	593
奎恩	593
缩小	593
andrew	593
killing	593
选票	593
男士	593
北边	593
呆子	593
摆平	592
调查员	592
write	592
纪念日	592
村民	592
只會	592
场所	592
火腿	592
感恩	592
揭露	592
诺拉	592
attack	592
马桶	591
mich	591
侏儒	591
為止	591
我下	591
众多	591
amazing	591
脱衣舞	591
我过	591
跳跃	591
合格	591
发泄	591
安置	590
村里	590
淑女	590
情景	590
爹地	590
学长	590
william	590
原理	590
报社	590
棉花	590
身高	590
日出	590
吃饱	589
电影院	589
难题	589
赏金	589
巫婆	589
心底	589
master	589
火車	589
玩耍	589
lying	589
三千	589
马库斯	589
这样一来	589
火柴	589
史考特	588
路程	588
遲到	588
捕捉	588
监听	588
迷信	588
本案	587
尔顿	587
不怪	587
cover	587
stephen	587
sky	587
教父	587
文学	587
哀悼	587
有病	586
瘾君子	586
古董	586
屠夫	586
感人	586
第一名	586
瞎子	586
诗歌	586
饮食	586
很惨	586
hannah	585
有份	585
砍掉	585
丧命	585
伯母	585
将近	585
韦德	585
艾伯特	584
损害	584
乱搞	584
监视器	584
自尊	584
咪咪	584
jessica	584
比喻	584
安东	584
外交	584
join	584
期限	583
梅根	583
群众	583
脉搏	583
捕猎	583
根本就是	583
遇害	583
abby	583
庇护	583
park	583
巨型	583
麦克风	583
峡谷	583
時間軸	582
补给	582
富人	582
不惜一切	582
后代	582
aber	582
每日	582
代号	582
守护者	582
狂野	582
棍子	582
发了	582
創造	582
雷诺	582
柯南	582
space	582
时空	582
sd	581
充电	581
sea	581
kept	581
粮食	581
跌倒	581
魔术师	581
传到	581
转动	581
box	581
政权	581
命中注定	581
累死	580
音乐家	580
值班	580
老娘	580
雷蒙	580
我犯	580
塞进	580
十字	580
安全感	580
里德	579
mmm	579
可好	579
各就各位	579
nbsp	579
一出	579
出海	579
新聞	579
骆驼	579
外界	579
接著	578
副作用	578
会员	578
