我們	326295
知道	154900
什麼	152092
他們	126279
不是	94428
一個	87353
什么	83729
可以	75015
這個	69091
就是	67583
這是	63094
這樣	60892
怎麼	59368
如果	58927
你們	55380
自己	49133
現在	48170
不會	46814
真的	46376
因為	46016
沒有	45429
不能	43702
謝謝	42365
先生	42046
告訴	40920
you	40333
不要	40301
the	39445
只是	39335
需要	39189
那個	38544
時候	36629
可能	36050
但是	34167
所以	34085
喜歡	33293
還有	32919
我要	32370
這裡	32020
一下	31771
已經	31294
一起	31230
這些	30754
怎么	30498
問題	28438
還是	28118
我會	28004
孩子	27779
看到	27558
這麼	27410
東西	27078
一樣	25898
應該	25769
to	25727
工作	24291
時間	24188
沒事	24050
一定	23192
朋友	23087
開始	23069
有人	22955
希望	22376
看看	22345
回來	22309
找到	22271
今天	21991
地方	21866
一直	21633
當然	21473
不想	21280
抱歉	21160
那些	20793
你好	19725
所有	19478
相信	19462
那麼	19300
起來	19268
真是	19198
it	19163
一切	19116
明白	19084
大家	19076
事情	18900
不起	18829
爸爸	18775
不過	18697
覺得	18628
非常	18489
想要	18419
發生	18108
必須	17811
準備	17598
媽媽	17386
認為	17084
離開	16793
and	16446
這里	16198
意思	16194
沒錯	16155
一點	15951
這兒	15926
that	15823
of	15779
過來	15545
這種	15472
只有	15370
一次	15278
快點	14914
女人	14464
不用	14088
感覺	14058
之前	14045
世界	13943
可是	13875
pos	13787
發現	13766
而且	13650
一些	13521
很多	13491
出去	13326
等等	13117
不行	13060
出來	12978
任何	12901
那樣	12806
名字	12803
生活	12790
兩個	12724
他媽	12357
認識	12330
如何	12212
我覺	12156
到底	12113
肯定	12045
擔心	11951
最好	11922
怎樣	11916
是不是	11812
父親	11740
男人	11438
有點	11423
重要	11396
好像	11374
in	11268
電話	11225
不錯	11208
繼續	11139
親愛的	11007
is	10977
要是	10908
只要	10892
這么	10887
明天	10834
回家	10811
得到	10701
給我	10611
we	10594
正在	10536
上帝	10462
小姐	10394
也許	10385
醫生	10322
今晚	10273
多少	10216
哪兒	10115
哪裡	10050
以前	9972
它們	9945
me	9815
再見	9713
回去	9691
警察	9629
怎麼樣	9611
完全	9594
what	9497
不到	9484
記得	9482
我能	9384
安全	9333
女孩	9315
那裡	9257
兒子	9248
還好	9234
如此	9088
不管	9056
其他	9040
fn	8979
聽著	8908
小心	8832
說過	8793
情況	8732
那么	8706
好好	8597
兄弟	8587
我來	8587
公司	8563
結束	8560
根本	8547
pro	8532
一天	8506
或者	8498
進來	8445
subhead	8434
fncronos	8434
確定	8385
on	8365
然后	8320
清楚	8285
this	8254
高興	8251
我現	8250
機會	8175
決定	8170
he	7975
混蛋	7957
辦法	7944
寶貝	7874
有些	7802
方正	7792
女兒	7762
其實	7708
無法	7628
那邊	7513
不了	7459
女士	7419
for	7348
your	7334
每個	7305
no	7287
過去	7265
回事	7244
my	7240
晚上	7155
歡迎	7110
美國	7058
我想	7028
進去	7017
還在	6956
成為	6872
唯一	6789
幹什麼	6782
就要	6777
幫助	6770
不好	6741
麻煩	6718
這次	6652
故事	6641
改變	6641
打算	6640
接受	6633
have	6608
我们	6593
房子	6552
看來	6544
was	6497
生命	6492
玩笑	6475
not	6426
漂亮	6420
re	6363
留下	6355
be	6324
那兒	6300
注意	6281
真正	6247
衣服	6244
害怕	6227
計劃	6203
第一	6144
成功	6138
下去	6130
選擇	6125
母親	6088
當時	6086
保護	6082
甚至	6054
還要	6042
這件	6038
各位	6035
有個	6021
那種	6016
are	5994
do	5972
才能	5953
感謝	5928
想到	5902
夫人	5891
失去	5891
太好了	5888
不同	5887
這邊	5884
危險	5878
幾個	5876
出現	5835
很快	5835
回到	5835
事實	5822
can	5805
總統	5775
原因	5753
而已	5724
外面	5706
all	5684
人們	5676
別人	5668
一種	5659
至少	5653
結婚	5652
身上	5625
開心	5618
雖然	5609
保證	5589
幫忙	5581
know	5576
變成	5575
妻子	5532
是否	5513
太太	5501
我給	5499
收到	5473
大人	5457
下來	5444
那里	5440
或許	5415
房間	5413
閉嘴	5391
眼睛	5390
只能	5381
消息	5375
谅谅	5360
照片	5333
with	5328
永遠	5320
進行	5310
奇怪	5300
處理	5285
fnmicrosoft	5282
像是	5278
比賽	5261
but	5240
just	5236
沒什麼	5208
完成	5196
特別	5184
打電話	5179
他會	5172
難道	5154
結果	5154
so	5139
行動	5123
最近	5110
剛剛	5107
哪里	5086
don	5079
沒人	5078
談談	5030
一件	5015
你現	5004
整個	4976
了解	4966
沒關	4965
there	4965
老師	4923
努力	4910
感到	4909
學校	4899
不好意思	4888
就算	4888
第一次	4886
直到	4868
小時	4835
多久	4828
解決	4827
存在	4825
上面	4797
小孩	4789
they	4776
聲音	4766
所有人	4755
同意	4746
有什麼	4698
死亡	4694
要求	4690
晚安	4689
給你	4657
瞭解	4634
國家	4629
丈夫	4622
人類	4621
主意	4599
除了	4594
剛才	4567
簡單	4562
參加	4562
調查	4540
自由	4536
簡體	4529
約翰	4527
解釋	4515
戰爭	4510
翻譯	4493
武器	4484
快樂	4483
小子	4465
理解	4463
突然	4450
討厭	4440
容易	4439
老婆	4437
家人	4430
控制	4423
不再	4412
全部	4406
有趣	4389
考慮	4377
回答	4374
目標	4356
一位	4355
字幕	4346
傷害	4332
大概	4325
打開	4316
看著	4297
看見	4294
方式	4280
地球	4270
秘密	4266
你會	4262
父母	4257
加油	4250
放在	4222
不見	4220
直接	4214
樣子	4204
早上	4194
醫院	4190
最后	4184
做到	4183
見過	4178
抓住	4173
每天	4170
保持	4165
電影	4159
公室	4151
更好	4150
確實	4146
昨晚	4132
進入	4129
here	4126
還沒	4116
放下	4106
照顧	4105
任何人	4103
休息	4095
咱們	4091
right	4086
拿到	4074
之間	4065
留在	4055
不然	4051
其他人	4042
媽的	4038
飛機	4034
絕對	4019
身體	4007
she	3985
通過	3978
like	3978
get	3937
博士	3917
坐下	3905
任務	3905
停下	3905
無論	3875
很棒	3868
看起	3856
人生	3854
其中	3841
想法	3832
阻止	3814
one	3812
代表	3793
力量	3789
試試	3783
作為	3778
out	3769
這位	3767
老天	3763
分鐘	3762
睡覺	3760
想想	3756
這事	3751
哥哥	3749
重新	3748
糟糕	3747
命令	3747
還能	3744
能夠	3722
up	3707
城市	3692
go	3682
生日	3662
加入	3657
方法	3651
未來	3637
太棒了	3616
政府	3612
否則	3602
干什么	3602
消失	3593
坐在	3591
有事	3590
咖啡	3585
原諒	3583
報告	3575
原來	3565
三個	3561
檢查	3559
看過	3557
家庭	3537
紐約	3522
克斯	3514
冷靜	3514
身邊	3510
男孩	3495
厲害	3494
at	3475
正常	3466
那天	3461
之后	3461
昨天	3458
痛苦	3456
不可	3455
變得	3446
證明	3440
負責	3440
隨便	3439
甚麼	3437
yeah	3437
上去	3419
我剛	3416
你給	3412
about	3411
一場	3404
再也	3402
研究	3392
ll	3391
可怕	3385
yahei	3384
開車	3383
附近	3379
開槍	3378
if	3376
我家	3368
老兄	3351
干嘛	3340
似乎	3334
him	3332
完美	3325
機器	3323
反正	3317
以及	3302
夥計	3287
will	3283
國王	3275
必要	3272
now	3269
叔叔	3266
總是	3254
擁有	3253
即使	3248
攻擊	3248
遇到	3246
一年	3232
位置	3213
因此	3207
發誓	3205
除非	3204
as	3200
我還	3194
使用	3177
或是	3170
系統	3163
chffffff	3160
案子	3158
停止	3153
放棄	3152
安排	3148
一條	3147
瘋狂	3144
食物	3136
聽到	3130
夠了	3128
理由	3126
打擾	3123
支持	3114
oh	3099
住手	3097
簡直	3096
表演	3095
鑰匙	3094
信任	3094
how	3082
放開	3079
銀行	3078
裡面	3068
早就	3067
from	3067
音樂	3064
陛下	3061
妹妹	3061
身份	3058
而是	3058
目前	3052
證據	3051
搞定	3050
傑克	3049
her	3048
姐姐	3044
日子	3036
不知	3031
下面	3028
英雄	3017
come	2985
堅持	2983
不必	2979
記住	2972
還沒有	2972
錯誤	2967
慢慢	2955
道歉	2953
面前	2950
姑娘	2950
可不	2948
為何	2948
拜托	2939
got	2918
全都	2917
有關	2915
老爸	2911
在家	2906
還記	2906
受傷	2901
當我	2894
曾經	2888
電視	2867
弟弟	2863
聰明	2862
下次	2861
手機	2861
星期	2859
記錄	2856
差不多	2839
提供	2837
精神	2835
將會	2832
願意	2825
監獄	2823
開門	2819
爆炸	2817
接下	2812
居然	2811
中心	2806
正是	2805
真相	2803
交給	2802
拒絕	2801
可不是	2800
每次	2788
他们	2788
一份	2785
遊戲	2772
見面	2768
受到	2766
能力	2763
打給	2751
本來	2740
想像	2736
別動	2736
還活	2731
通知	2729
可憐	2725
令人	2722
既然	2720
利用	2719
敵人	2717
屁股	2716
首先	2712
事件	2707
十分	2705
家伙	2684
另外	2679
里面	2672
一个	2668
現場	2665
很大	2665
好吃	2663
再來	2662
忘記	2658
教授	2658
影響	2657
組織	2656
嚴重	2655
值得	2651
美元	2651
第二	2647
路上	2646
律師	2644
不如	2643
愿意	2637
剩下	2635
禮物	2626
幸福	2622
看上去	2622
一名	2620
法律	2619
遺憾	2615
哪個	2614
最大	2611
幹嘛	2610
well	2607
生意	2606
想起	2604
生氣	2597
不覺	2592
好多	2590
see	2584
救命	2583
舒服	2581
實話	2581
關系	2580
警官	2579
意外	2570
ve	2569
老大	2556
緊張	2555
跳舞	2553
正確	2553
笨蛋	2552
呼吸	2545
信息	2537
行為	2536
want	2536
黑体	2535
再次	2535
宇宙	2524
同時	2517
日本	2516
合作	2516
上次	2515
出發	2514
玩意	2505
一般	2503
感受	2498
訓練	2498
這就	2495
交易	2490
答案	2487
一步	2483
酒吧	2483
不夠	2480
新聞	2480
不在乎	2477
答應	2476
who	2473
別說	2470
關心	2463
查理	2452
丹尼	2451
立刻	2446
自殺	2439
his	2436
之一	2435
威脅	2435
幾乎	2430
學習	2429
莱赣	2417
懷疑	2407
目的	2405
黑體	2404
尋找	2401
還會	2401
客氣	2393
简体	2392
喝酒	2392
did	2391
求求	2391
一段	2391
等待	2384
伙計	2377
做出	2373
動物	2373
實際	2373
怎么回事	2373
算了	2371
一會兒	2370
time	2369
享受	2365
失敗	2362
an	2359
真實	2356
一家	2355
適合	2354
比如	2352
think	2343
人家	2339
號碼	2335
歷史	2334
你媽	2332
客人	2330
恭喜	2319
方向	2316
人民	2314
一旦	2312
let	2311
士兵	2310
竟然	2309
好人	2309
美好	2306
接近	2303
經過	2301
顯然	2297
幸運	2297
喬治	2292
大學	2289
仍然	2288
安娜	2286
沒法	2286
年前	2282
討論	2281
那時	2278
警告	2277
治療	2273
when	2266
沒用	2263
活著	2261
一生	2260
晚餐	2257
us	2254
女朋友	2251
還以	2250
一邊	2245
犯罪	2244
would	2234
同樣	2233
軍隊	2231
家族	2230
good	2229
美麗	2218
婊子	2216
味道	2214
方面	2214
our	2212
婚禮	2210
文件	2210
黑暗	2207
拯救	2200
只會	2197
反應	2195
ok	2194
活動	2193
電腦	2193
部分	2191
記憶	2187
恐怕	2178
資料	2177
隨時	2177
不該	2175
我媽	2174
給他	2174
遲到	2172
帶來	2169
没有	2169
建議	2167
why	2165
早上好	2165
趕快	2163
允許	2162
多謝	2161
有用	2161
where	2159
自然	2159
彼得	2155
出生	2155
算是	2153
綜藝	2153
關于	2152
趕緊	2151
狀況	2150
不得不	2148
公主	2147
酒店	2143
社會	2143
愛的	2140
靈魂	2139
確認	2135
上車	2134
殿下	2133
並且	2133
記者	2129
哥們	2129
一遍	2128
造成	2126
上班	2125
一杯	2113
學生	2109
放心	2100
them	2099
根據	2093
警方	2090
難以	2087
說話	2086
校對	2085
前面	2085
or	2081
一塊	2080
找個	2079
est	2078
湯姆	2076
可惜	2075
一半	2072
意味著	2071
究竟	2067
安靜	2067
你別	2066
奶奶	2063
拿走	2062
一張	2061
屍體	2060
還給	2058
下午	2048
這也	2047
包括	2046
ms	2045
失望	2045
back	2043
不敢相信	2042
差點	2039
亨利	2034
瘋子	2034
介紹	2033
斯特	2026
gonna	2025
逮捕	2009
尼克	2008
垃圾	2005
走開	1991
恐怖	1990
我馬上	1985
越來	1984
愉快	1976
這場	1974
表現	1971
英國	1971
教堂	1970
公寓	1965
were	1964
一句	1957
new	1956
做過	1955
非称	1954
不少	1953
不准	1951
充滿	1949
麥克	1947
巴黎	1946
經歷	1946
主人	1945
破壞	1944
公平	1943
關於	1943
收拾	1941
獲得	1939
地獄	1938
by	1937
大衛	1935
going	1934
okay	1931
啤酒	1927
一把	1926
節目	1925
死去	1925
創造	1924
為止	1921
上床	1921
以后	1920
穿著	1918
同一	1918
好看	1916
感情	1913
快來	1908
和平	1908
表示	1905
辛苦	1905
fnsimhei	1903
做好	1900
jhenghei	1898
靠近	1897
好極	1893
沒見過	1888
就行了	1886
這一點	1886
浪費	1884
愚蠢	1884
高興見	1883
私人	1877
been	1876
足夠	1870
健康	1870
愛情	1869
很漂亮	1867
當你	1867
de	1866
早安	1865
通常	1865
以來	1863
不應	1855
多年	1853
一會	1853
单单	1851
好玩	1850
火車	1849
心情	1849
不介意	1847
法官	1845
幾天	1843
這點	1843
有意思	1842
提醒	1840
黑人	1839
大哥	1839
then	1837
探員	1834
時刻	1833
電話給	1824
look	1822
前進	1821
比利	1817
兇手	1816
作品	1814
怪物	1814
恐懼	1814
隊長	1814
生物	1811
could	1810
洱洱	1809
超級	1809
這不	1809
神父	1808
某個	1808
從來	1807
我什麼	1807
彼此	1806
壓力	1805
襲擊	1804
對方	1804
難過	1804
意識	1799
許是	1798
man	1798
接著	1798
心理	1797
撒謊	1795
不敢	1795
男朋友	1794
王子	1793
旅行	1793
大麻	1792
這對	1789
莎拉	1788
一小	1788
現實	1788
好事	1786
速度	1785
不幸	1783
錯過	1783
尊重	1774
承認	1774
病人	1773
人來	1771
森林	1766
手術	1764
take	1762
似的	1760
旁邊	1759
炸彈	1759
祈禱	1757
had	1757
手上	1750
高中	1750
魔法	1748
條件	1747
順利	1746
腦袋	1744
不算	1743
need	1743
你家	1741
把手	1739
超過	1736
有意	1735
我得	1734
有時	1733
客戶	1728
要給	1728
上校	1728
自我	1727
杰克	1723
傻瓜	1721
人員	1720
你還	1719
送到	1718
聯邦	1715
吉米	1713
最終	1712
其它	1711
經常	1706
down	1702
女王	1700
胡說	1697
期待	1693
這才	1693
狀態	1692
偉大	1692
船長	1689
設計	1687
這條	1686
詹姆斯	1685
責任	1684
我應	1684
服務	1682
之中	1677
一分	1674
請求	1673
yes	1672
許多	1672
这个	1668
聽過	1666
在乎	1665
搞砸	1664
還想	1663
他現	1663
哈利	1662
毒品	1662
對付	1659
信號	1658
我該	1657
情報	1654
老公	1651
犧牲	1650
some	1648
tell	1646
way	1646
正好	1644
權利	1639
全世界	1636
法國	1633
實在	1630
不斷	1630
同性	1627
天堂	1625
以為	1624
really	1624
ui	1623
hey	1622
付出	1619
邁克	1614
弗蘭克	1613
床上	1611
爺爺	1609
基地	1608
停車	1607
手下	1604
正式	1604
相當	1601
甜心	1599
還不	1598
驕傲	1598
巨大	1598
叫做	1597
測試	1594
執行	1592
一群	1592
蛋糕	1592
聽起	1590
無關	1588
命運	1586
more	1586
動作	1584
拿出	1579
has	1579
感激	1577
去世	1576
一開始	1576
好久	1575
找出	1575
汽車	1575
演出	1574
地上	1571
請問	1570
太陽	1569
女性	1568
瑪麗	1566
問問	1565
婚姻	1565
印度	1563
沒關系	1561
地址	1560
可惡	1559
尤其	1559
世上	1557
安妮	1556
看不到	1555
監視	1554
取消	1554
性感	1550
習慣	1542
一部分	1540
那好	1537
盡力	1535
不停	1535
我問	1533
一只	1531
關鍵	1529
輕人	1528
殺手	1526
逃跑	1522
同學	1522
背叛	1522
說明	1521
將軍	1518
想念	1518
角色	1518
la	1517
say	1517
现在	1514
生存	1514
運動	1510
something	1509
時間軸	1509
聯系	1507
就會	1506
回頭	1499
技術	1499
女生	1499
保羅	1498
法庭	1498
帽子	1497
我將	1494
倫敦	1492
機場	1492
中國	1492
報警	1491
地點	1489
這份	1489
天才	1488
老實	1486
土地	1484
那位	1482
別管	1480
暫時	1480
regular	1478
勇敢	1477
時代	1476
今年	1475
游戲	1475
愛上	1472
愛我	1469
緊急	1469
人物	1466
仔細	1466
啟動	1465
某種	1465
演員	1464
聯絡	1463
畢業	1461
夥計們	1461
更加	1460
各種	1460
職業	1457
懷孕	1456
所知	1456
一輩子	1455
真是太	1454
介意	1454
警長	1453
價值	1453
過得	1452
提出	1451
fndidactic	1451
思考	1450
大多	1450
星球	1450
喝一杯	1450
自從	1449
主要	1448
好消息	1447
能給	1446
騙子	1444
互相	1444
嫁給	1444
吉姆	1440
好笑	1440
je	1440
提到	1439
fnyouyuan	1439
不定	1438
打個	1438
這都	1436
政治	1433
天使	1433
钮帝	1432
講話	1432
何不	1429
保險	1426
顯示	1424
規則	1422
管理	1421
而言	1420
didn	1420
丟了	1420
三年	1420
我無法	1419
訴過	1418
經驗	1418
協議	1416
戰鬥	1415
什麼樣	1415
唱歌	1415
卡爾	1413
普通	1412
sb	1412
第三	1412
que	1411
能量	1411
love	1410
線索	1410
白人	1410
這會	1409
興趣	1409
發射	1409
你们	1408
道理	1406
一輛	1406
重點	1402
四個	1402
手指	1400
船上	1400
好不好	1397
醒醒	1397
如今	1396
贏得	1395
十年	1395
太多	1394
還得	1393
假裝	1391
試著	1390
幹得	1389
試圖	1389
時光	1388
距離	1388
never	1388
冒險	1387
天吶	1383
心臟	1381
之類	1380
代價	1379
乾杯	1376
這張	1375
make	1373
有所	1371
同志	1370
瞧瞧	1369
不來	1367
再給	1364
了不起	1362
兩次	1361
天氣	1360
等到	1360
餐廳	1359
可愛的	1359
意見	1359
旅館	1358
早餐	1358
關閉	1358
想過	1357
我為	1357
接到	1356
神秘	1355
周圍	1353
碰到	1353
離婚	1353
廁所	1353
整天	1352
移動	1351
比較	1350
驚喜	1349
拜拜	1348
拉斯	1346
去年	1346
闽玒	1346
不怕	1345
去過	1345
規矩	1343
这样	1343
發展	1341
太空	1340
fndfkaisho	1340
但現	1340
爵士	1339
冷靜點	1336
后面	1335
兩位	1333
滾開	1333
only	1332
趴下	1331
部隊	1330
做事	1329
盡快	1328
報紙	1322
分享	1322
一人	1321
很難	1320
環境	1318
果然	1317
他人	1317
同事	1313
明明	1311
勝利	1311
想象	1311
戒指	1310
站住	1309
不許	1308
他來	1308
交流	1308
分手	1308
空間	1307
前往	1306
車子	1306
大部分	1305
權力	1305
嘗試	1302
談話	1301
無所謂	1299
終于	1299
美國人	1298
感興趣	1297
這有	1297
最高	1295
too	1295
life	1294
一片	1294
信仰	1293
申請	1292
特殊	1290
專家	1289
肚子	1286
然而	1286
病毒	1286
下車	1285
有過	1284
后期	1283
廚房	1283
多麼	1282
over	1280
置信	1279
英里	1278
这里	1276
做些	1276
墨西哥	1275
美女	1273
總有	1273
引起	1273
一百	1268
要死	1268
放手	1268
罪犯	1266
摧毀	1265
逃走	1262
懲罰	1262
會議	1260
建立	1260
加上	1258
耶穌	1258
受不了	1256
確保	1256
死定了	1255
窗戶	1254
內心	1254
思議	1254
困難	1253
五分	1251
送給	1251
無聊	1249
呼叫	1249
顏色	1249
妳是	1247
意大利	1247
小鬼	1247
尼斯	1246
興奮	1246
一堆	1246
明星	1245
夜晚	1244
神奇	1244
專業	1242
帶著	1242
共同	1241
密碼	1240
刺激	1240
教練	1239
變化	1239
表情	1236
公園	1236
猶太人	1234
無辜	1233
給我們	1231
假如	1228
快去	1227
家里	1226
喝點	1226
受害者	1223
成員	1223
禁止	1223
警探	1222
過程	1222
不肯	1221
徹底	1221
俱樂部	1221
的頭	1221
山姆	1220
團隊	1220
挑戰	1219
午餐	1217
pas	1217
上尉	1216
妳在	1214
意義	1214
我爸	1214
老鼠	1213
桌子	1213
精彩	1211
吸引	1210
集中	1209
所謂	1207
閉上	1207
魔鬼	1207
分開	1207
紅色	1206
打敗	1206
有空	1205
褲子	1205
空氣	1201
何時	1201
腦子	1201
報導	1200
石頭	1200
威廉	1200
德國	1200
我本來	1199
妓女	1197
依然	1197
一口	1197
榮幸	1194
折磨	1193
動手	1193
方便	1192
實驗室	1190
兩天	1190
進展	1190
故意	1188
一周	1188
暴力	1186
商業	1186
穿過	1184
中間	1183
救救	1182
特工	1182
科學	1180
左右	1180
好奇	1180
roman	1179
脖子	1178
萬一	1177
拋棄	1177
一支	1177
看法	1176
藝術	1176
這段	1175
看出	1175
into	1174
某些	1172
來源	1170
兩年	1169
在意	1168
巧克力	1168
because	1167
off	1167
留言	1167
am	1165
行李	1165
估計	1165
都行	1164
完畢	1164
太久	1163
驚訝	1163
西班牙	1163
實現	1163
little	1163
指揮	1162
程序	1162
用力	1159
地圖	1159
盡量	1159
老人	1159
勇氣	1158
分析	1155
全是	1153
試過	1153
耳朵	1152
運氣	1152
出口	1151
一部	1151
受夠	1150
戰士	1149
people	1148
看吧	1144
滿意	1144
忍受	1143
三天	1143
我永遠	1142
sorry	1141
洛杉磯	1140
談過	1140
小伙子	1140
然後我	1140
歐洲	1140
露西	1139
心中	1138
箱子	1137
大約	1136
清理	1135
游泳	1135
贏了	1133
警局	1133
做點	1132
我告	1132
fntimes	1132
實驗	1132
您好	1131
聊聊	1131
變態	1130
傳統	1129
奇跡	1128
我用	1127
檔案	1127
一顆	1126
做個	1125
世紀	1124
天空	1124
mean	1123
晚飯	1123
投票	1123
這話	1123
我親	1122
展示	1121
鼻子	1120
these	1120
立即	1118
降落	1117
廢話	1115
情人	1112
一本	1111
unicode	1110
fnarial	1110
規定	1109
車上	1108
吸血鬼	1108
清醒	1107
即將	1106
數字	1106
上學	1106
一點點	1105
就給	1104
their	1103
地區	1103
than	1102
子彈	1101
并且	1101
艾迪	1099
夏天	1098
一面	1098
悲傷	1098
他給	1096
優秀	1095
生病	1095
阿姨	1094
tu	1094
uh	1093
塔克	1093
街上	1092
邀請	1092
數據	1091
談論	1090
真心	1088
六個	1087
find	1086
大使	1086
內容	1086
還說	1085
巨人	1085
打過	1085
大量	1085
還不錯	1083
一間	1083
不吃	1083
媒體	1082
王八蛋	1082
打來	1081
來過	1080
程度	1080
滿足	1080
卡特	1079
教會	1078
引擎	1077
反對	1077
should	1077
day	1077
免費	1077
鄰居	1076
鞋子	1075
放到	1075
回憶	1075
憤怒	1075
進攻	1074
小女孩	1074
傷心	1074
原本	1073
交往	1072
總會	1071
印象	1071
的車	1071
克拉克	1068
很長	1068
沒見	1067
嬰兒	1067
very	1066
even	1066
殺害	1066
屋子	1066
乖乖	1065
案件	1065
快要	1064
放松	1064
理論	1063
擅長	1062
艾倫	1062
不住	1062
此事	1062
按照	1062
比爾	1062
海洋	1061
害死	1061
飛行	1059
將來	1058
共和	1058
學會	1057
掌握	1057
損失	1056
全力	1054
不止	1054
的確	1054
面對	1053
聖誕	1053
便宜	1053
華盛頓	1053
年代	1052
舞會	1051
玩具	1051
老板	1051
我並	1051
打死	1050
打架	1050
會給	1048
不太好	1048
作家	1047
設備	1046
浪漫	1046
威爾	1046
真棒	1045
不得	1045
奴隸	1044
某人	1044
幾年	1044
接觸	1044
練習	1043
狗屎	1043
熟悉	1042
fnstzhongsong	1042
儀式	1041
sir	1041
准備	1041
一套	1040
男子	1039
手段	1036
said	1036
起床	1035
克里斯	1034
點兒	1034
態度	1033
nothing	1033
黑色	1033
情緒	1033
強大	1033
哎呀	1032
幫幫	1032
發出	1032
help	1032
約會	1032
相處	1032
two	1029
順便	1028
裡的	1028
早點	1027
請進	1027
畢竟	1027
當他	1026
觀眾	1026
作用	1026
隊伍	1025
五年	1025
這座	1024
失陪	1024
事業	1023
細節	1022
取得	1021
教育	1021
丟下	1020
司機	1019
城堡	1019
years	1019
信心	1019
出事	1019
指揮官	1016
走路	1015
樂隊	1014
打破	1013
承諾	1013
證人	1012
來點	1011
相同	1011
安迪	1010
認真	1009
之外	1007
give	1007
搜索	1006
藍色	1006
投降	1006
聊天	1003
不久	1003
大事	1002
有效	1002
審判	1002
很少	1002
god	1002
去死吧	1001
事故	1001
這輩子	1001
廣告	1000
計畫	1000
激動	1000
人會	1000
能否	1000
開火	999
大腦	999
混亂	999
聚會	998
伙計們	998
不給	998
first	998
不会	997
指控	997
人人	997
詛咒	994
這人	992
毀滅	991
絕不會	991
事物	990
喝醉	990
女孩子	988
禮拜	986
傷口	986
走出	986
弧杠	985
增加	985
這東西	983
香港	983
我兒子	983
any	982
完蛋	982
away	981
感染	981
洗澡	980
也好	979
一聲	978
我媽媽	978
市場	977
留著	976
退出	975
網絡	975
搜查	975
中央	975
陌生人	974
下一個	974
fnfzhei	973
出門	973
瑞克	973
为什么	972
沒時間	972
一路	972
doing	972
退休	972
一團	971
謊言	970
布朗	970
被捕	970
法官大人	970
男生	970
please	969
師父	969
穩定	969
已经	967
一座	967
vous	966
不僅	966
合法	966
大師	965
芝加哥	965
提起	965
那晚	965
大樓	965
真不錯	965
微笑	965
小孩子	964
農場	964
承受	964
國際	963
活下去	963
布萊恩	963
外套	962
much	962
支援	962
still	961
湯米	961
before	961
家裡	961
渴望	960
un	960
萬歲	959
孤獨	958
姐妹	958
左邊	958
慶祝	957
女友	956
稍微	956
正如	954
反抗	954
抱怨	953
光臨	953
形成	953
椅子	953
皇后	952
这是	951
正要	951
le	951
兩人	951
直升	951
一根	951
沒人會	951
卡拉	948
不信	948
卡車	948
做什麼	948
不論	947
持續	946
john	945
波特	945
文化	945
名單	945
會有	945
sans	943
聽見	943
誤會	942
單身	942
還真	942
我過	942
懂得	942
工程	941
白色	941
留給	939
騎士	939
尊敬	938
一刻	938
保安	937
愛你	935
幻想	934
總部	934
thing	934
鮑勃	933
沙漠	933
堅強	932
舉起	932
單獨	932
凱特	931
情感	931
fbi	930
只不過	930
基本	930
地下	929
這還	928
時機	928
英語	927
這樣子	926
吃點	926
修好	925
好運	924
中尉	924
報道	923
拿下	923
經濟	923
珍妮	923
思想	923
克拉	923
world	922
遠離	922
因为	921
避免	920
耐心	920
獨自	920
真高興	920
非洲	919
神經	919
迷人	919
幾次	918
性命	918
教訓	918
知不知道	918
血液	917
從現	917
泰勒	916
保重	916
thank	916
著名	916
流血	915
委員會	914
眼鏡	913
片名	912
別開	912
每年	911
陷入	911
觀察	911
other	909
口袋	908
那會	907
許會	907
擺脫	906
關掉	906
語言	906
指望	905
英尺	905
區域	905
last	905
卡斯	903
重大	903
帝國	903
當地	903
裙子	903
最新	902
洗手	901
掩護	901
出色	901
最佳	901
真想	901
關注	900
學家	899
當我們	898
假設	898
年紀	897
嚇到	897
吵架	897
或常	896
整理	896
現金	896
犯人	895
並沒有	895
邁克爾	894
尖叫	894
棒球	894
給了	894
一大	893
亞歷	893
這下	891
小組	891
效果	891
米奇	890
美妙	890
沒能	888
凱文	888
過了	887
keep	887
偷走	887
關門	886
提議	886
所在	886
法蘭克	886
用來	885
不成	884
撤退	884
工廠	884
加州	884
隨著	883
遠點	883
不喜歡	883
這讓	881
職責	881
多次	880
欺騙	880
公里	879
指示	879
醫療	878
考試	878
這間	878
宗教	877
嫉妒	877
眼前	877
哈里	876
那个	875
斯汀	875
尸體	875
女子	875
少校	874
long	874
真好	873
男友	872
轉過	872
哈維	870
玻璃	870
功夫	870
工具	869
簽名	869
模特	868
坦白	868
db	868
並非	867
print	867
戰場	865
手臂	864
home	864
放過	863
二十	863
天下	863
主教	862
眼神	862
摩托	861
打扮	861
出租	860
產生	860
大街	860
常常	859
那次	859
全球	859
算了吧	859
起訴	858
下班	858
死者	858
裝置	858
當初	858
艦長	857
這句	857
大海	856
抽煙	856
加斯	856
幾點	856
這太	856
我心	856
很不錯	854
手中	854
again	854
哪來	854
一切都是	853
說法	853
還不夠	852
有罪	851
fnsegoe	850
項目	850
wait	850
路易	850
公開	849
經理	849
得出	848
我本	848
週末	848
put	848
描述	848
幸會	847
更糟	847
早晨	847
非法	846
要么	846
美金	845
導致	845
我會給	845
的關	844
打擊	844
多么	844
行星	844
五個	844
回家吧	844
我絕	843
兔子	843
投資	843
作戰	842
當成	842
蝙蝠	842
告诉	841
牛奶	841
議員	840
這兩個	840
要麼	840
不及	840
發動	840
小丑	839
那時候	838
回報	838
角度	838
地面	837
乾淨	837
慢點	837
會來	837
不像	836
熱情	836
媽咪	836
商量	835
gbk	835
星星	834
你老	833
說些	832
sure	832
救護車	832
危機	831
分子	831
这么	831
榮譽	830
獨立	830
牧師	830
袋子	830
你永遠	830
明顯	829
事兒	829
它會	828
這只	827
導演	827
下個	827
一趟	826
dna	825
妳有	824
內部	824
毛病	823
科學家	823
郵件	823
集團	822
別想	822
太過	821
night	821
遭到	821
平常	820
部落	820
期望	819
看好	819
時期	818
第二次	818
those	817
最棒	817
合適	817
隊員	816
釋放	815
地下室	815
爸媽	814
fncomic	814
美味	814
應付	813
殺人	813
說服	812
隱藏	811
局長	811
尷尬	811
衛星	810
格斯	809
跟上	808
部門	808
好孩子	808
every	808
消滅	807
工人	807
整晚	807
主演	807
愛人	807
成熟	806
牛仔	805
發明	805
風險	804
這片	804
全國	804
收集	803
十二	802
时候	802
視頻	802
陈沸	800
舉行	800
gb	799
交換	799
駕駛	798
協助	798
古老	798
ever	797
當心	797
謝天	797
開口	797
遵守	796
盒子	796
謝地	795
fnfzzhengheis	795
不去	795
今日	794
盡管	794
莉莉	793
peter	793
隱瞞	793
欣賞	792
stop	792
埃及	791
三明治	791
名叫	791
艱難	790
威士忌	789
史蒂夫	789
不明	788
話題	788
must	788
外星人	788
標準	786
保密	786
work	785
哈哈	785
招呼	785
演奏	785
然後他	785
確是	784
遇見	784
一頓	784
或種	783
適應	783
結局	783
雙手	782
明早	782
保留	782
月亮	782
四年	781
迷路	781
雜誌	781
打斷	781
兒童	781
道德	780
maybe	780
制服	779
陷阱	779
一整天	779
別鬧	778
喬伊	778
年齡	778
不著	777
許他	777
新娘	776
總監	776
皮膚	775
新鮮	775
波士	775
anything	774
老朋友	773
經死	773
轉移	772
有種	772
很酷	771
艾米	771
追求	771
偵探	770
座位	770
平安	769
道路	768
辭職	768
她現	768
through	767
柏林	767
同伴	767
相關	767
下手	767
自行	766
told	766
mike	765
叛徒	765
如同	765
間諜	764
支票	763
理想	763
不一樣	762
入侵	762
心裡	762
面具	761
蠢貨	760
短信	760
成長	760
天賦	760
表明	760
陽光	760
狗屁	759
恐怖分子	759
坐牢	759
看得出	759
種族	759
摩斯	758
然後呢	758
封信	758
路易斯	757
寂寞	757
一千	757
太晚	757
亞當	756
提前	756
之下	756
everything	755
爭取	755
看不出	755
上來	754
after	754
建造	754
本人	754
回應	754
抓緊	754
別緊	754
南方	754
利益	753
智慧	753
魅力	753
消防	753
thought	752
祝福	752
保佑	751
絕地	751
这些	751
一項	750
全身	750
星系	750
成績	750
天生	750
東京	750
黑鬼	749
待會	748
右邊	748
並不	748
蘋果	747
眼看	747
賣給	746
地板	746
talk	746
戴夫	745
还有	745
高度	744
剛好	744
沒辦法	743
call	742
沒來	742
基督	742
放進	741
下雨	741
那就好	740
查出	740
護士	740
name	739
猴子	739
things	739
大聲	739
打仗	738
今早	738
影片	738
菲利普	738
那條	738
屋頂	738
遵命	737
維持	737
軍事	736
繩子	736
海灘	736
吃掉	736
喜欢	736
baby	736
當中	736
逃避	735
海岸	735
財產	735
place	735
疾病	735
一架	735
千萬別	734
當作	734
然後我們	733
俄國	733
助理	733
想不到	732
ben	732
擁抱	732
成就	731
過的	731
科技	731
我建議	730
中士	730
快速	730
阿門	730
托尼	729
會長	729
植物	729
我答	728
空中	728
致命	728
made	727
扮演	727
微软	726
經有	726
角落	726
檢察官	726
fuck	725
奧利	725
文章	725
雅黑	724
隔壁	724
領導	724
注意力	724
調查局	724
我試	724
解開	724
電子	722
僅僅	722
穿越	722
只好	721
封鎖	721
商店	721
期間	720
足球	720
西斯	720
走廊	720
qu	720
不動	719
雜種	719
人質	718
演講	718
坦克	718
囚犯	717
which	717
判斷	717
藝術家	717
芬奇	717
那件事	716
查爾斯	716
jack	716
男性	716
冒犯	716
監控	715
飛船	715
飲料	715
公路	715
機構	715
社長	715
done	715
或暗	714
事要	714
老二	714
比起	714
好點	713
修女	712
愛他	712
至於	712
搞笑	712
返回	711
走運	711
太大	711
解雇	710
可能性	710
認出	709
這的	709
晚點	709
底下	708
走過	708
高級	707
小小的	707
around	707
不準	707
走走	707
終於	707
以防	706
觀點	706
一眼	705
機密	705
沒人能	705
要不是	705
要來	705
藥物	705
上場	704
嘴巴	704
警察局	704
少女	704
does	704
唱片	703
地盤	703
mr	703
小狗	703
集合	703
通話	702
五十	702
人才	701
會不會	701
預備	701
選手	701
謀殺	700
之處	700
伊斯	699
風格	699
聯盟	699
基金	699
sam	698
強烈	698
軍人	697
本事	697
平靜	697
綠色	696
指紋	696
很樂意	696
錄音	696
要問	695
better	695
老頭	695
對面	695
有何	695
主席	695
乘客	695
上樓	695
大不了	694
保姆	694
通訊	694
宣布	693
再過	693
解除	693
這我	692
本身	692
配合	692
文明	691
向前	691
問過	691
拍照	690
民主	690
模式	689
確信	689
earth	689
布魯斯	689
may	688
選舉	688
一瓶	688
網上	688
參議員	688
畫面	687
將要	687
符合	686
相反	686
夥伴	686
always	686
部長	686
此刻	686
一員	685
警報	685
開除	685
林肯	685
dexter	684
很明顯	684
不安	683
伊莎貝爾	683
en	683
我當	683
領袖	683
帶上	683
冬天	683
可笑	683
周末	682
女巫	682
小偷	682
談判	682
托馬斯	682
你將	682
干得	681
古怪	681
il	681
自信	681
聖誕節	681
資格	681
野獸	680
都給	680
傳說	679
車裡	679
火箭	679
經營	678
永不	678
首歌	678
強尼	677
很久以前	677
自私	677
一頭	677
欺負	677
競選	676
一向	676
棒極	675
莫斯科	675
不妙	675
一陣子	675
她們	674
完整	674
一號	674
人士	674
寶寶	674
三次	673
伯爵	673
掌控	672
這把	672
還有別	672
鯊魚	671
開會	671
修理	671
有權	671
有件事	670
違反	670
開著	670
抵達	670
形容	669
屬于	669
出什麼	669
于是	669
問我	669
善良	668
區別	668
不願	667
猜猜	667
找回	667
那為	666
嘲笑	666
好樣	666
伯特	666
心靈	666
小鎮	666
四處	666
報仇	665
這項	665
嫌犯	664
浴室	664
法語	664
裝備	664
下場	663
暴露	661
表面	661
俄羅斯	660
紀念	660
貸款	660
證實	660
我操	660
失控	660
出席	659
採訪	659
新來	659
就夠	659
殺案	659
旅程	659
散步	658
开始	658
大叔	658
沒想	658
射擊	657
企業	657
患者	657
中情局	657
鏡頭	657
不是故意	656
知識	656
史密斯	656
跟我走	656
心跳	655
溫柔	655
玫瑰	654
敏感	654
火星	654
不願意	654
貝絲	654
基本上	654
何要	653
te	653
校長	653
shit	652
歌手	652
瑞秋	652
old	652
doesn	652
當年	652
未知	652
具體	651
操作	651
分離	651
幹活	651
桌上	651
漢娜	651
安慰	650
太快	650
一致	650
dad	650
入口	650
瞄準	649
哪位	649
飯店	648
門口	648
那輛	648
懦夫	648
支付	648
即便	647
凱莉	647
深呼吸	647
全體	647
做得好	647
我怕	647
絕望	647
電梯	646
這群	645
阿拉	645
公民	645
逮到	645
冰淇淋	645
leave	644
國會	643
顧客	643
巴士	643
原則	643
一筆	643
得了吧	643
自豪	643
应该	643
廢物	642
夫妻	641
基因	641
學院	641
合理	641
白天	640
巴克	640
冰箱	640
公共	640
抓到	640
你問	640
個小時	639
下令	639
谢谢	639
great	638
這可	637
天天	637
瑟夫	637
大門	637
洛克	637
進步	637
對于	636
博物	636
快過	635
競爭	635
頭發	635
霍華德	635
法院	634
肖恩	634
北方	634
物理	634
哪怕	634
身為	633
市民	633
侮辱	633
度假	633
帶給	632
一家人	632
趕到	632
罪行	632
毫無	632
kill	631
交出	631
很小	631
won	631
寶貝兒	631
嚇壞	631
第一天	631
同情	631
抵抗	631
girl	630
在場	630
合同	630
什麼關	630
董事	630
般的	629
聖經	629
主義者	629
戰斗	629
要不然	629
hi	628
下降	628
納粹	628
人口	628
誠實	627
遭遇	627
艾比	627
厭倦	627
幸好	627
故障	626
投入	626
以上	626
打電話給	626
沃爾特	626
沒想過	626
might	625
花園	625
隧道	625
胳膊	625
午夜	625
被困	625
格林	625
人犯	624
形象	624
單位	624
以外	624
市長	624
死刑	624
father	624
东西	623
刚刚	623
薪水	623
不合	622
自動	622
喝杯	622
鎮上	622
白痴	621
讀過	621
頭腦	621
罷了	620
我願意	620
頭上	620
癸盾	620
上帝保佑	619
很久	619
崩潰	617
有名	617
own	616
翅膀	616
方案	616
錢給	615
對象	614
注射	614
逃出	614
打中	613
決心	613
背景	613
不爽	612
半小時	612
呵呵	612
拜訪	612
不關	612
王后	611
孤單	611
全新	611
統治	610
材料	610
傻子	610
從頭	609
起碼	609
想問	609
強壯	609
千萬	609
害羞	609
借過	609
臭小子	609
樓梯	608
enough	608
公爵	608
地位	608
愛德華	608
襯衫	608
毫不	608
第二天	607
醫師	607
忘掉	607
白宮	607
顧問	607
認得	606
et	606
卑鄙	606
成人	605
祝賀	605
警衛	605
表達	605
第五	605
社區	605
big	604
探索	604
我見過	604
王國	604
痕跡	604
難怪	603
居民	603
手套	603
資金	603
its	603
撤離	603
飛行員	602
每一個	602
dead	601
開個	601
les	601
是給	601
lee	601
逃離	600
兼續	600
海盜	600
葬禮	600
臥室	600
问题	600
接電話	599
希特勒	599
andy	599
有別	599
無能	599
收回	598
此時	598
another	598
推薦	598
搞清楚	598
等一等	597
師傅	597
提高	597
我贏	597
來給	596
階段	596
作出	596
煩惱	596
心意	596
紀錄	596
迅速	596
職位	595
流行	595
強迫	595
查克	595
噩夢	595
稱呼	594
david	594
心里	594
left	594
代替	594
具有	594
一样	594
理智	594
人影	594
喉嚨	594
限制	594
一道	593
採取	593
網站	593
第四	593
一夜	592
騷擾	592
面試	592
钮弧	592
賭場	592
直覺	592
真有	592
hello	591
玉米	591
殘忍	591
打倒	590
老媽	590
團結	590
胸部	590
範圍	590
請別	589
真該	589
加拿大	589
幾分鐘	589
胡扯	588
武士	588
制造	588
還行	588
溫暖	587
大道	587
我会	587
可別	587
可疑	587
丟臉	586
愛麗絲	586
光明	586
ce	586
沮喪	586
漢堡	586
尋求	585
幾句	585
暗示	585
小屋	585
成立	584
然後就	584
這一	584
最快	584
一艘	583
太遲	583
過分	583
救援	583
same	582
那家伙	582
克萊爾	582
还是	582
至今	582
得分	581
蜘蛛	581
聯合	581
一共	581
僅供	580
去給	580
街頭	580
福爾	580
產品	580
換個	580
說來	579
時會	579
我敢	579
someone	579
feel	579
偷偷	579
中午	579
求婚	578
天上	578
資源	577
小男孩	577
一晚	577
上路	577
在外	577
鮑比	577
願望	577
下周	576
coming	576
一槍	576
哭泣	576
狗狗	575
活下	575
巴比	574
醒來	573
唐娜	573
數學	573
stay	573
迷失	573
發瘋	573
護照	572
祖父	572
我們還	572
軌道	572
新人	572
我的車	572
廣播	572
傳奇	571
超越	571
救出	571
碎片	571
小事	571
悲劇	571
被告	571
臨時	571
老爺	570
小朋友	570
發生過	570
嚴格	570
杯子	569
崇拜	569
艦隊	569
米勒	568
閣下	567
碼頭	567
相互	566
觉得	566
信用卡	566
基督教	566
奇妙	565
演唱	565
西蒙	565
believe	565
驚人	565
艾瑪	564
那有	564
一副	564
罪名	564
開過	564
提過	563
爆發	563
透露	563
伊甸	563
跪下	563
信念	563
征服	563
針對	562
遭受	562
許能	562
別亂	562
借口	562
貝利	562
凱蒂	562
时间	561
難受	561
八道	561
街道	561
位子	560
老爹	560
類型	560
倒霉	560
最後一個	560
being	560
加速	560
圖書館	559
吸毒	559
這本書	559
幹掉	559
反而	559
弟兄	559
guy	559
cause	558
航空	558
辦到	558
技巧	557
most	557
漢克	557
惡心	557
玩玩	556
骨頭	556
英國人	556
可靠	556
五千	555
hear	555
度過	555
餐館	555
起飛	555
良好	555
格雷	555
注定	555
理查德	554
使命	554
伊拉克	554
輪到	554
小妞	554
做生意	554
航班	554
作業	554
經紀	554
泰德	554
美的	553
禱告	553
攝影機	552
負擔	552
直播	552
給你們	552
等不及	552
干杯	552
地震	552
戴維	551
革命	551
一首	551
咱倆	551
found	551
丟掉	551
小傢伙	551
michael	550
后來	550
問他	550
價格	550
球員	550
日期	550
得知	550
不出	549
牙齒	549
考驗	549
臥底	548
食品	548
早已	548
max	548
成交	548
內褲	548
出名	547
非得	547
錄像	547
肌肉	547
助手	546
村子	546
巴西	546
流浪	546
參與	545
大戰	545
聚集	545
行事	545
設法	545
舞蹈	545
快給	545
light	544
這該	544
感恩	544
榮耀	544
溫度	544
ain	543
蛋蛋	543
哪種	543
大伙	542
糟透了	542
夏洛克	542
主管	542
女神	542
fine	541
再有	541
前來	540
我見	540
走向	540
沒別	540
不記	540
nancy	540
氣氛	539
武裝	539
人手	539
小姑娘	538
主義	538
車禍	538
達成	538
不通	538
保存	538
皇家	538
干掉	538
幫個	537
查看	537
運作	537
高手	537
障礙	537
災難	537
半個	537
你贏	537
老虎	537
脾氣	537
追捕	536
指令	536
這跟	536
舞台	536
不曉得	536
不僅僅	536
kind	535
山上	535
好萊塢	535
例如	535
上天	535
超人	535
應得	535
專心	534
形式	534
燃料	534
怎會	534
lightman	534
約定	534
參觀	534
神聖	534
趕上	534
專門	534
否認	534
殘酷	534
脫離	533
迪克	533
好痛	533
制作	533
明年	533
不快	533
上升	533
可不可以	533
玩得	532
凌晨	532
阿富汗	532
無線	532
一時	532
別看	532
酵酵	531
固定	531
唯一一	531
打得	531
原創	531
無人	530
孫子	530
我個	530
想給	530
暫停	530
脆弱	530
別告訴	530
深處	530
激情	530
上司	529
禮貌	529
燃燒	529
感動	529
了點	529
建築	529
瑞德	528
這叫	528
人渣	528
德州	528
包裹	528
奶油	527
你當	527
凱爾	527
吵醒	527
前途	526
以色列	526
three	526
這來	526
你剛	526
除掉	526
兩分鐘	526
組成	526
能行	526
幻覺	525
計算	525
死神	525
我頭	525
見識	525
出手	525
影子	525
學到	525
安德魯	524
脫掉	524
艾德	524
nice	524
克特	524
發表	524
劇本	524
最強	524
策略	523
會面	523
最初	523
盡頭	523
頻道	523
戴爾	522
聲明	522
秩序	522
當然會	522
house	522
嚴肅	521
他家	521
許動	521
這筆	521
很糟	520
廣場	520
came	520
手里	520
按摩	520
尋常	520
best	520
該給	520
沙發	520
英文	520
路線	520
做法	519
少來	519
性格	519
感冒	519
香檳	519
方舟	519
主任	519
不足	518
倒下	518
過世	518
金錢	518
貴族	518
手裡	518
告知	517
next	517
足以	517
move	517
lt	517
海倫	517
金子	517
解放	517
小隊	517
神經病	517
仁慈	516
停車場	516
怎能	516
皇帝	516
皮特	516
清除	515
扔掉	515
主題	515
每晚	515
可悲	515
ytet	515
定位	515
自以	515
那間	514
不會來	514
抬起	514
情形	514
荒謬	513
古巴	513
人群	513
風暴	513
我別	513
這家	513
hold	513
肩膀	513
哪些	513
這塊	512
缺乏	512
乾脆	512
而現	512
精靈	512
遇上	511
午飯	511
那份	511
親手	511
jake	511
邪惡	510
誕生	510
野蠻	510
五百	510
我求	510
這幹	509
需求	509
wanted	509
娃娃	509
現象	509
胖子	509
整整	509
友誼	508
創作	508
透過	508
frank	507
不得了	507
豐富	507
到現	507
boy	507
立場	506
因斯	506
為力	506
春天	505
紳士	505
我開	505
假期	505
荒唐	505
預約	505
qui	505
給他們	504
son	504
基礎	504
審團	504
這艘	504
開啟	504
數量	504
讀書	504
交談	504
昏迷	503
這將	503
明智	503
被迫	503
核心	503
那才	503
物品	503
調整	502
先別	502
mind	502
chris	502
點子	502
秘書	502
運行	502
巧合	502
认为	501
困擾	501
real	501
我花	501
我實	501
嚇死	501
鋼琴	501
照看	500
我錯	500
hell	500
發揮	500
降臨	500
字母	500
金屬	499
友好	499
意志	499
德國人	499
之所以	499
发生	498
那段	498
生死	498
一番	498
else	498
交通	498
火焰	497
搖滾	497
處境	497
放屁	497
辯護	497
連接	497
正面	497
bad	497
球隊	496
摩根	496
全面	496
嘗嘗	496
大小	496
姓名	496
comment	496
相遇	495
平衡	495
功能	495
鏡子	495
預測	494
今天下午	494
還剩	494
訪問	494
many	494
評估	493
就位	493
首相	493
異常	493
她給	493
一對	492
西裝	492
合伙人	492
批准	492
評論	492
我終	491
這算	491
混球	491
神盾	491
事務	491
抗議	491
慢著	490
shane	490
盡情	490
wrong	490
料到	490
舌頭	490
以下	490
外婆	490
一來	489
廚師	489
或盾	489
結論	489
一命	489
眼中	489
福特	489
股票	488
登記	488
最美	488
親戚	488
當個	488
富有	488
告訴過	487
司令	487
六年	487
右手	486
這套	486
一模	486
安心	486
倉庫	486
這並	486
瑪利亞	485
所作	485
本地	485
準確	485
男女	485
邁阿密	485
真理	485
guys	485
石油	485
深入	485
接手	485
平民	485
過度	485
轉身	485
作證	484
癌症	484
別去	484
親自	484
多虧	484
弄清楚	484
員工	484
財富	484
匡拒	484
電池	484
拿來	483
這部	483
包圍	483
突破	483
用途	483
逃脫	483
一同	483
保住	482
過夜	482
給予	482
韋恩	482
happened	482
簽字	482
物質	482
少年	481
許有	481
切斷	481
tony	481
笑容	481
凱西	480
關在	480
family	480
friend	480
天呀	480
然後再	480
甜蜜	480
體驗	480
新年	479
歌曲	479
犯下	479
最愛的	479
星期五	479
不遠	479
領先	478
mother	478
lot	478
產常	478
獅子	478
條子	478
接吻	478
慈善	478
補償	478
瑞典	478
isn	478
下載	477
搬家	477
經是	477
防守	477
放出	477
上周	476
paul	476
平時	476
fucking	476
詳細	476
這是給	475
要命	475
他還	475
先去	475
就此	475
重建	475
別過	475
卡住	474
水平	474
一行	474
昨天晚上	474
招待	474
這事兒	474
吉他	474
商人	473
勢力	473
大型	472
回来	472
这种	472
貨車	472
夫婦	472
全家	472
隨意	472
外表	471
原子	471
伊麗莎白	471
一萬	471
破產	471
face	471
東西給	471
包龙星	471
生涯	470
保守	470
那場	470
別怕	470
獵人	470
這了	470
自身	470
毀了	470
深刻	469
減少	469
攝像機	469
快死了	469
南部	469
價錢	468
車站	468
證件	468
好些	467
出局	467
但願	467
妈妈	467
大地	467
最偉大	467
夏威夷	467
没事	466
理查	466
引發	466
前方	466
三十	466
鑽石	466
攝像頭	466
那小子	466
標記	466
登上	465
溝通	465
有力	465
影像	465
攝影	465
大夫	465
身材	465
杯酒	465
良心	464
瑞士	464
托比	464
那人	464
親人	464
上下	464
蠟燭	463
送回	463
再問	463
后悔	463
帥哥	463
killed	463
賽車	463
上個	463
人心	463
兩名	463
退后	463
老子	462
明確	462
婦女	462
改天	462
普通人	462
恆星	462
凶手	462
沒事兒	462
毛巾	462
sarah	461
喝咖啡	461
試驗	461
的话	461
繼承	461
寵物	461
牢房	461
糖果	461
相機	461
露出	461
actually	461
一秒	460
領域	460
體內	460
課程	460
此地	460
有感	460
播放	460
消除	460
陰謀	460
太小	459
波比	459
高潮	459
三分	459
發給	459
芭芭拉	459
口味	459
moi	459
總得	459
奉獻	458
奶酪	458
體育	458
之上	458
非要	458
無選擇	458
沒興趣	458
收入	457
眼淚	457
屠殺	457
困惑	457
saw	457
幾歲	457
西部	457
凱瑟琳	457
嚇人	457
張開	456
他剛	456
行不行	456
那一刻	456
弱點	456
talking	456
可否	456
得不到	456
所欲	456
沃特	456
將在	456
公斤	455
trying	455
哪有	455
這行	455
正義	455
沿著	455
法案	455
色情	455
訴訟	455
基督徒	455
鼓勵	454
輕易	454
多利	454
親密	454
新生	454
瞬間	454
真不知道	454
wasn	454
結構	454
西方	453
提姆	453
企圖	453
陷害	453
教皇	453
就緒	453
哈特	452
仇恨	452
室友	452
教士	452
海上	452
何必	452
細胞	452
偶爾	452
兩周	451
我長	451
non	451
指引	451
getting	451
金山	450
淹死	450
毀掉	450
質疑	449
不理	449
一大堆	449
鬼魂	449
留意	449
吩咐	449
官方	449
宣誓	449
授權	449
羞辱	449
事先	448
守護	448
頭兒	448
離家	448
追查	448
汽油	448
looking	448
清白	447
必须	447
狠狠	447
live	447
圣誕	447
ask	447
money	447
瓣產	447
措施	446
探長	446
告別	446
run	446
干擾	446
這車	446
玩吧	446
日記	446
停手	446
便是	445
通往	445
une	445
邊境	445
私下	445
佛羅里	445
勞拉	445
伙伴	445
通道	445
course	445
岩石	445
別哭	444
kitt	444
關照	444
沒帶	444
僅此	444
傑瑞	444
首席	444
祖母	444
軍官	443
yet	443
head	443
做不了	443
ai	443
大廳	443
我們將	443
能源	442
怪胎	442
干活	442
剛開始	442
計程車	441
海邊	441
說出	441
both	441
公眾	441
不接	441
服裝	441
記下	441
半夜	441
thanks	440
釣魚	440
按鈕	440
不屬	439
搞不懂	439
左轉	439
far	439
dr	439
牛排	439
說點	439
沉默	439
辦事	439
兩小時	439
掙扎	439
動力	438
弗雷德	438
菲爾	438
小小	438
確切	438
甩掉	438
德克	438
賬戶	438
房租	438
精神病	438
資訊	438
君子	438
鎖定	438
seen	437
傳給	437
七八	437
未婚妻	437
電力	437
目的地	437
取代	437
之時	437
重量	437
without	437
依靠	437
十一	436
anna	436
購物	436
克里	436
黑洞	436
久等	436
獲勝	436
叫醒	436
贊成	436
雙眼	436
口音	436
安東尼	435
政策	435
understand	435
手槍	435
畫畫	435
戴著	435
tom	435
車里	435
代理	435
歡樂	435
part	435
怪怪的	435
插手	435
care	434
問好	434
然後把	434
ready	434
我承認	434
men	434
多長	434
例外	433
費用	433
稱稱	433
違法	433
沙拉	433
別激動	433
工資	433
并非	433
惡魔	433
拉克	433
單純	433
try	433
小人	433
往前	433
這能	433
是關	432
目睹	432
一台	432
引爆	432
夢想	432
關上	431
宴會	431
沙灘	431
開什麼	431
娛樂	431
不曾	431
找過	431
襪子	431
老是	431
end	431
蘇聯	430
ago	430
很強	430
由于	430
嘴唇	430
激烈	430
世人	429
james	429
帳戶	429
作者	429
粉絲	428
迎接	428
誓言	428
闖入	428
等候	428
待命	428
knew	428
went	428
房間裡	428
帕特	428
樂趣	428
毫無疑問	427
受過	427
破爛	427
那件	427
過什麼	427
宣傳	427
樂團	427
名聲	427
動機	426
召喚	426
概念	426
兩種	426
老弟	426
保管	426
刀子	426
公正	426
十字架	426
女郎	425
逐漸	425
拿著	425
航行	425
未婚夫	425
貢獻	425
歡呼	425
從此	425
這聽	425
重生	425
就當	425
別急	425
原始	424
店裡	424
存活	424
國務卿	424
提要	424
哈羅	423
所能	423
跡象	423
george	423
狂歡	423
闖進	423
喝茶	423
蝴蝶	423
水果	423
領帶	423
這和	423
童年	423
典型	422
很多年	422
水手	422
可樂	422
猶豫	422
模仿	422
一幅	422
妓暗	422
懷念	422
得以	422
沒給	422
人性	421
不開	421
不太	421
每人	421
趕來	421
請給	421
多多	421
使得	420
還挺	420
mais	420
收音	420
這幫	420
打包	420
經典	420
金融	420
終結	420
類似	420
today	420
過要	419
無處	419
together	419
伸出	419
查查	419
雜的	419
燈光	418
開放	418
這個給	418
七年	418
著火	418
防止	417
他將	417
無數	417
污染	417
伊森	417
remember	417
振作	417
越過	417
總算	417
lost	417
carrie	416
邊緣	416
勇士	416
相似	416
證詞	416
die	416
舉辦	416
還來	416
急事	416
優勢	416
上海	416
快到	416
我哥	415
room	415
妨礙	415
离开	415
展開	415
慷慨	415
內衣	415
顯得	415
駕照	415
瑪麗亞	415
巫師	415
想想看	415
獨特	415
免得	415
侄子	414
發作	414
融化	414
摩西	414
召集	414
待會兒	414
州長	414
出来	414
連續	414
先來	414
北部	414
義的	414
尾巴	414
人選	413
效勞	413
被判	413
哈羅德	413
史蒂芬	413
拉姆	413
罪惡	413
我連	413
官員	413
樂意	412
合約	412
賤人	412
好友	412
河系	412
營地	412
元首	412
space	412
車庫	412
蘇菲	411
維克多	411
四周	411
英俊	411
出賣	411
大利	411
誘惑	411
反擊	411
與眾	410
甲板	410
劇院	410
居住	410
英勇	410
珍惜	410
炸藥	410
兩杯	410
混帳	410
里斯	410
幼稚	410
接收	410
把握	409
抱抱	409
胞胎	409
地毯	409
那要	409
問你	409
打招呼	409
淘汰	409
分散	409
球場	408
船員	408
總覺	408
主持	408
days	408
只想	408
碰面	408
希臘	408
疏散	408
披薩	408
照相	407
yourself	407
敲門	407
簽署	407
丟在	407
面包	407
high	407
派克	407
文森特	407
阿里	407
打工	407
成为	407
那當然	407
制度	407
史考特	406
無情	406
邊界	406
軍團	406
擔任	406
上午	406
惡夢	406
瑪格麗特	406
孤兒	406
過頭	406
show	406
升起	406
院長	405
城里	405
listen	405
星期一	405
琳娜	405
出版	405
分別	405
面臨	405
年輕	405
想著	404
三百	404
第六	404
這時候	404
實力	404
結合	404
艾莉絲	404
搬走	403
戴維斯	403
外公	403
恐慌	403
看待	403
有利	403
降低	402
帶子	402
協會	402
特拉	402
亞瑟	402
danny	402
所見	401
洞穴	401
避開	401
氧氣	401
法國人	401
裡有	401
守衛	401
我講	401
勉強	401
主動	401
軟弱	401
每當	401
忍不住	400
eyes	400
pour	400
弗蘭	400
貿易	400
幽默	400
隱形	400
街區	400
偶然	400
ah	400
氣味	400
治安	399
你講	399
關起	399
這回	399
友善	399
穩住	399
問候	398
尊嚴	398
整件事	398
miss	398
不利	398
遠遠	398
還帶	397
不受	397
繼承人	397
幫手	397
隔離	397
效忠	397
教師	397
姿勢	397
海底	397
咒語	397
謹慎	397
梅根	397
da	396
十五	396
過你	396
悲慘	396
gone	396
酒鬼	396
igt	396
一下子	396
來電	395
臉色	395
大廈	395
導彈	395
詭異	395
陰影	395
蠢蛋	395
called	395
好喝	394
超市	394
星期六	394
turn	394
bit	394
戰術	394
打到	394
模樣	393
別吵	393
滋味	393
勒斯	393
強姦	393
主角	393
大象	393
這輛	393
檢測	393
可卡因	393
泳池	393
火山	392
中校	392
祖先	392
做成	392
遙遠	392
充分	392
把門	392
起来	392
once	392
matter	392
家園	392
之王	392
一手	392
好心	392
use	391
改造	391
腳步	391
戴上	391
社交	391
人情	391
恐龍	391
把戲	391
人間	391
上船	391
一枚	391
膝蓋	391
play	391
嫌疑人	391
claire	391
二號	391
后果	391
教徒	391
sun	391
華特	391
alex	390
以此	390
universe	390
報酬	390
不怎么	390
一圈	390
巴基斯坦	390
途徑	390
真的假	390
各自	390
移民	390
族人	389
安保	389
回合	389
工作室	389
took	389
明晚	389
怪人	389
受害人	389
首次	389
天地	389
抓走	389
來個	389
脫下	388
現代	388
雕像	388
設定	388
百萬	388
沒空	388
沒去	388
承擔	388
錄影	387
idea	387
我想問	387
中國人	387
匯報	387
我寧願	387
負責人	387
上過	387
收下	387
二十年	387
丹尼斯	387
指出	386
um	386
临癘	386
一拳	386
克隆人	386
有史	386
面子	385
貝卡	385
就行	385
程式	385
場合	385
si	385
很困	385
薩姆	385
前妻	384
解散	384
魔術	384
羅傑	384
小家伙	384
掩蓋	384
攝影師	384
家長	383
理事	383
幽靈	383
魔力	383
詩人	383
過敏	383
henry	383
組合	383
存者	382
別來	382
收起	382
hard	382
月球	382
蔬菜	382
奧斯卡	382
燒掉	382
偽裝	382
open	382
point	382
心想	382
兩點	382
漫長	382
伊凡	382
潛艇	382
葡萄	381
這他媽	381
處置	381
品味	381
瑞斯	381
挖出	381
大王	381
default	381
開戰	381
排除	381
打球	380
huh	380
相比	380
旅途	380
殺戮	380
藉口	380
排隊	380
人數	380
十字	380
局面	380
只為	380
很會	380
jim	380
樣本	380
安息	379
em	379
星期天	379
丟人	379
到過	379
再度	379
訊息	379
別問	379
蜂蜜	379
钮癬	379
而戰	379
追上	378
指著	378
有毒	378
朝鮮	378
運動員	378
身分	378
無名	378
還用	378
厭惡	378
陌生	378
專注	378
山谷	378
況且	378
牛肉	377
創意	377
議會	377
化學	377
詹姆士	377
es	377
mom	377
安吉拉	377
游泳池	377
槍給	377
大便	377
休斯	376
抓狂	376
silas	376
一點兒	376
說謊	376
尚未	376
such	376
名人	376
經到	376
決賽	376
應過	376
我的頭	375
想得到	375
違背	375
奈德	375
愛著	375
愛爾蘭	375
雙方	375
越南	375
風景	375
親近	375
true	375
這時	375
河流	375
帶領	374
woman	374
內疚	374
阿爾	374
懺悔	374
綁架	374
那年	374
哪儿	374
拍攝	374
瓊斯	374
出路	374
接待	374
英格蘭	374
買點	374
沒變	374
蒂娜	374
滾出	373
標誌	373
休假	373
頭部	373
懷特	373
這等	373
這簡直	373
瑪莉	373
進監獄	373
監禁	373
蘇珊	373
烏鴉	372
策劃	372
清單	372
收養	372
獵物	372
超能力	372
渾身	372
交代	372
維護	372
謠言	372
行程	372
病房	371
堅定	371
morgan	371
一封	371
哈佛	371
while	371
job	371
緊要	371
amy	371
取出	370
different	370
疼痛	370
活力	370
紋身	370
为了	370
不下	370
賠償	370
婆婆	370
一点	369
管用	369
克利	369
安靜點	369
塔斯	369
涉及	369
幾小時	369
阿拉伯	369
機械	369
家中	369
防部	369
無罪	369
单帝	368
相愛	368
happy	368
杰西	368
尼爾	368
評價	368
伊恩	368
出獄	368
我先	368
早晚	368
貝爾	368
阿寶	368
團體	368
奎恩	368
管道	367
個性	367
下流	367
前輩	367
手法	367
妮可	367
陪伴	367
生產	367
杰瑞	367
伴侶	367
拉米	367
麻醉	367
轉到	366
城裡	366
快離開	366
土豆	366
tlf	366
舅舅	366
印第安人	366
棺材	366
whole	366
編輯	366
出院	366
住在一起	366
青春	366
戲團	366
刑警	366
何谋	366
幫派	365
自稱	365
alicia	365
麥可	365
隱私	365
搶劫	365
獎勵	365
bring	365
住嘴	365
博格	365
模型	365
戈登	364
獲取	364
民族	364
銷售	364
当然	364
wanna	364
完事	364
天主教	364
血跡	364
虐待	364
諷刺	364
再試	363
初次	363
already	363
until	363
視線	363
不滿	363
例子	363
它給	363
見證	363
早該	363
里昂	363
跑步	362
認同	362
我付	362
這怎麼	362
鴿子	361
过来	361
真夠	361
很帥	361
回見	361
不會給	361
芯片	361
以往	361
緊緊	361
之子	361
操心	361
院子	361
出場	361
主公	361
death	361
混合	360
名片	360
墮落	360
珍珠	360
仙子	360
稱钩	360
指導	360
打獵	359
握手	359
目擊者	359
發言	359
重力	359
畜生	359
太遠	359
千年	359
屁眼	359
操控	359
格利	359
威利	359
獎金	359
通行	359
進化	358
大自然	358
巴斯	358
車輛	358
曲子	358
蛤帝	358
因素	358
本能	358
大人物	358
禁用	358
josh	358
燒死	357
過會	357
阿曼	357
不顧	357
火災	357
亞倫	357
恥辱	357
跑掉	357
收藏	356
中槍	356
暖和	356
求救	356
日落	356
凱撒	356
快起	356
两个	356
還沒到	356
艾瑞克	356
列車	356
发现	356
不过	356
稍等一下	356
吃過	356
拳擊	356
始終	356
三點	356
成年人	356
數人	355
小弟	355
教室	355
眼光	355
騎馬	355
宿舍	355
麥斯	355
提升	355
適當	355
左手	355
傾向	355
判決	355
狡猾	355
警戒	355
car	354
打交道	354
拖延	354
地表	354
敢肯定	354
客廳	354
定下	354
一到	354
樹林	354
保險箱	354
香水	354
手來	353
小時候	353
壞人	353
工業	353
墓地	353
王位	353
沒說	353
case	353
瓶子	353
貝克	353
alone	352
一身	352
沒得	352
準時	352
更新	352
傑夫	352
恐嚇	352
會兒	352
親吻	352
漸漸	352
克莉絲	352
這應	352
everyone	351
heart	351
伏特加	351
帳篷	351
真話	351
一股	351
片子	351
筆記	351
指甲	351
夏洛特	351
衝動	351
墨菲	351
甜甜	351
few	351
前線	350
一流	350
受苦	350
皇上	350
暑假	350
靈感	350
會變	350
流氓	350
出售	350
身旁	350
無意	350
好戲	350
傳播	350
爹地	350
小說	349
卡斯蒂利	349
信徒	349
文字	349
休想	349
year	349
香蕉	349
賭注	349
埋葬	349
深度	349
狙擊手	348
超出	348
麗莎	348
派出	348
meet	348
指定	348
沒命	348
那塊	348
墜入	348
終止	348
美国	348
太平洋	348
九點	348
有夠	348
將是	348
過面	347
charlie	347
兩者	347
对不起	347
引力	347
斯塔	347
蜜蜂	347
設置	347
模糊	347
慘了	347
付錢	347
督察	347
早期	347
滑雪	347
猜測	347
遺囑	346
這要	346
網路	346
機關	346
火力	346
這招	346
壹個	346
想一想	346
se	346
傻事	346
極限	346
大賽	345
花生	345
很重	345
體會	345
預感	345
heard	345
成果	345
轉向	345
system	345
德拉	345
探險	345
想必	345
矛盾	345
哈里斯	344
窗外	344
准备	344
睡眠	344
筆錢	344
偶像	344
吃藥	344
遺忘	344
inside	344
疑犯	343
琳達	343
穆斯林	343
何處	343
伯恩	343
聯合國	343
困境	343
失業	343
傑西	343
外科	342
戰勝	342
此人	342
brother	342
寄給	342
點了	342
純粹	342
在于	342
八個	342
吉娜	342
地步	342
黛比	342
計時	342
我查	342
ma	342
搞不好	342
更多	342
自願	342
醫學	342
姊妹	342
洗個	342
住院	342
用心	342
我小時候	341
睡過	341
喂喂	341
他用	341
將成	341
一回	341
預言	341
斯科特	341
穿衣服	341
艾琳	341
忽略	341
操縱	341
帶到	341
草莓	341
有位	341
裁判	341
看清楚	341
向上	341
開頭	341
同胞	340
一具	340
誇張	340
閃開	340
plus	340
右轉	340
一事	340
德斯	340
竟敢	340
采取	340
瑪姬	340
大陸	340
核彈	340
清晰	340
它们	339
唐尼	339
枕頭	339
無視	339
這倒	339
中學	339
羞恥	339
也许	339
爭論	339
援助	339
能問	339
真對	339
觀賞	339
放大	338
幾時	338
開動	338
彈藥	338
下落	338
情侶	338
曼哈頓	338
出差	338
戲劇	338
畫家	338
開發	338
接通	338
幾周	338
壓制	338
肯尼	338
狗娘養	337
寫作	337
身處	337
大臣	337
摔倒	337
單上	337
總能	337
八點	337
used	337
出動	337
出品	337
勒索	337
韓國	337
轉變	337
morning	337
之名	337
hope	336
節奏	336
信不信	336
听到	336
高貴	336
舒適	336
背包	336
指責	336
場景	336
得給	336
土耳其	336
黑手	336
快点	336
拉屎	336
季節	336
water	335
fight	335
下樓	335
執照	335
世界末日	335
現在還	335
不好玩	335
享用	335
十六	335
each	335
這沒	335
一陣	335
著迷	335
品牌	335
蒂姆	335
數到	335
好日子	334
since	334
pretty	334
大膽	334
商品	334
記起	334
人能	334
失敗者	334
住口	334
兩條	334
六點	334
最多	334
島上	334
找點	334
愛你們	334
某處	334
胃口	334
天亮	334
關進	334
落下	334
朱利安	334
元素	334
anyone	334
訂婚	333
des	333
kid	333
路克	333
排練	333
遺傳	333
靴子	333
多數	333
里子	333
大錯	333
輪胎	333
目擊	333
光榮	333
不堪	333
tout	333
這本	333
成千	332
哪邊	332
查到	332
傳來	332
鼓掌	332
命名	332
wife	332
game	332
來來	332
拿點	332
door	332
八年	332
天行者	332
機票	332
德里	332
到手	332
終點	332
快快	332
建筑	332
依舊	331
取笑	331
代碼	331
不配	331
匿名	331
本該	331
使者	331
有限	331
展現	331
儿子	331
月光	331
瑪莎	331
寒冷	331
威力	331
心臟病	331
心思	330
晚宴	330
五點	330
真要	330
查過	330
city	330
wouldn	330
沒告訴	330
瀑布	330
時空	330
黑幫	330
miles	330
還算	330
血腥	329
絕不	329
形狀	329
口氣	329
東部	329
本性	329
艾連	329
海豚	329
以便	329
接管	329
保鏢	329
俄國人	329
市中心	329
焦慮	328
刪除	328
貝蒂	328
員警	328
巡邏	328
必定	328
同行	328
卡姆	328
貪婪	328
gotta	328
湯瑪斯	328
認罪	328
演戲	327
看清	327
brody	327
賭博	327
偽造	327
高興能	327
索爾	327
甜點	327
我到	327
出身	327
途中	327
那現	327
時尚	327
任命	327
第七	327
修改	327
玩完	327
侵犯	327
手腕	327
村莊	327
菏夯	326
拘留	326
警員	326
無禮	326
她家	326
這一個	326
真名	326
停留	326
小貓	326
亞洲	326
惡意	326
前任	326
只管	326
那張	326
美人	326
沒開	326
晚會	326
在給	326
高爾夫	326
往常	326
特曼	325
茱莉	325
介入	325
喜劇	325
平等	325
設施	325
也給	325
朱莉	325
項鏈	325
碰巧	325
book	325
富翁	325
人格	325
下巴	325
蹲下	325
邏輯	325
兩件	325
職員	325
傑森	324
阻擋	324
想干什么	324
本質	324
狩獵	324
精力	324
蘇格蘭	324
回歸	324
創傷	324
自已	324
炸掉	324
領養	324
控告	324
扔下	324
犯錯	323
野人	323
藏身	323
萬物	323
堅信	323
無線電	323
艾伯特	323
背上	323
薯條	323
生下	323
小弟弟	323
困住	323
偷看	322
傳送	322
myself	322
獨處	322
輻射	322
香煙	322
共度	322
天真	322
喝水	322
那東西	322
吉普	322
hands	322
信封	322
嘴裡	322
點的	322
青少年	322
預計	322
別給	321
下注	321
七個	321
酒精	321
chance	321
橄欖球	321
效力	321
飛過	321
真美	321
emily	321
要點	321
登陸	321
港口	321
弗斯	321
電台	320
硬幣	320
快逃	320
自首	320
到哪去	320
攜帶	320
挽救	320
台上	320
行不通	320
擅自	320
安德烈	320
深深	320
你連	320
小鳥	320
愛河	320
海水	319
別跑	319
妄想	319
斯人	319
但當	319
發覺	319
背后	319
壞事	319
作弊	319
times	319
衝突	319
積極	319
忽視	319
一匹	319
天黑	319
start	319
好棒	319
診斷	318
許可	318
外出	318
裸體	318
祈求	318
經夠	318
但別	318
果汁	318
人體	318
兩樣	318
攔住	318
看什麼	318
扯淡	318
想來	317
truth	317
槍聲	317
watch	317
烏斯	317
走上	317
做人	317
自負	317
正想	317
噪音	317
十三	316
路過	316
克裡斯	316
出自	316
力克	316
之內	316
提示	316
貌似	316
克服	316
凡人	316
出庭	316
出血	316
七點	316
寶藏	316
拿給	315
一見	315
生長	315
一瞬	315
真會	315
這類	315
何況	315
三千	315
外國	315
hannah	315
服用	315
打造	315
酗酒	315
樓上	315
難得	315
這說	315
北極	315
從前	315
雪莉	314
between	314
獻給	314
凱倫	314
想見	314
太美	314
安東	314
薩拉	314
想當	314
當局	314
迷惑	314
十八	314
體重	314
舉動	314
青年	314
青蛙	313
合唱	313
瑪雅	313
發光	313
太難	313
范圍	313
rose	313
百年	313
稱弧	313
時速	313
正直	313
joe	313
烏龜	312
friends	312
king	312
火雞	312
預期	312
一程	312
許多人	312
特效	312
saying	312
jeremy	312
雅各布	312
禽獸	312
極了	312
開關	312
前夫	312
逃犯	311
贊同	311
特種	311
南希	311
四十	311
可真	311
那句	311
我喜	311
close	311
會成	311
中斷	311
糾纏	311
氣色	311
傷亡	311
毒藥	311
干涉	311
十個	311
往前走	311
三號	311
難堪	311
感觉	311
dan	311
真令人	310
斯蒂芬	310
makes	310
在後面	310
盤子	310
羞愧	310
殘殺	310
一方	310
北境	309
系列	309
實施	309
雷克斯	309
里奇	309
修道院	309
法蘭	309
國外	309
快出	309
點事	309
有話	309
改善	309
叢林	309
雙語	309
睡衣	308
掃描	308
彩虹	308
埃迪	308
一隊	308
el	308
上將	308
勞倫斯	308
水管	308
優雅	308
先進	308
不清	308
發過	308
以免	308
避難	308
只用	308
忍耐	308
娘養	308
歧視	308
不在意	307
版本	307
波斯	307
浴缸	307
掉下去	307
猩猩	307
我點	307
會過	307
二人	307
借給	307
賄賂	307
敞開	307
couldn	307
走到	307
管家	307
無知	307
氣體	307
deb	306
卡片	306
葡萄酒	306
科爾	306
各個	306
車的	306
活兒	306
解脫	306
扭曲	306
選票	306
不小	306
吉塔	306
信給	306
對此	306
傳言	306
佛羅倫薩	306
轉告	306
報到	306
春日	306
va	306
人要	306
拿掉	305
得救	305
大火	305
破碎	305
海外	305
歌唱	305
軟件	305
分配	305
一篇	305
上給	305
hmm	305
動物園	305
物體	305
當做	305
拉丁	304
運輸	304
發送	304
says	304
兩句	304
盯上	304
無人機	304
leo	304
請客	303
半年	303
騙人	303
好不容易	303
當上	303
question	303
底特律	303
槍擊	303
悲哀	303
曝光	303
履行	303
祝好	303
不大	303
福利	303
先知	303
布洛克	303
我們給	303
套房	303
首都	303
起立	302
萬元	302
能耐	302
就連	302
撤銷	302
特定	302
一票	302
哈哈哈	302
耽誤	302
輕輕	302
跳過	302
du	302
抓起	302
雜志	302
還讓	302
有情	302
批評	301
毯子	301
推進	301
不喜	301
失禮	301
傳聞	301
卡洛斯	301
債務	301
保釋	301
出走	301
怪異	301
借用	301
百姓	301
東方	301
旨意	301
誰給	301
看書	301
模擬	301
一批	301
各地	301
歸來	301
thinking	301
處決	300
尺寸	300
運轉	300
包含	300
無疑	300
nick	300
射中	300
鐘內	300
木頭	300
救人	300
這看	300
星期四	300
這真	300
改編	300
一日	300
差勁	300
寄生	300
不愿	300
傲慢	299
珍貴	299
knows	299
急情	299
肯尼迪	299
達到	299
病情	299
喝完	299
守護者	299
乳房	299
doug	299
fire	299
瘟疫	299
打出	299
政客	298
老师	298
偷來	298
飛到	298
進屋	298
給我閉	298
相識	298
用于	298
多莉	298
free	298
雪茄	298
blood	297
屋裡	297
還未	297
此外	297
媽呀	297
thomas	297
喪失	297
emma	297
挑選	297
共事	297
男士	297
掩飾	296
記著	296
拼命	296
黎明	296
布萊克	296
侵入	296
好意	296
引導	296
瓦斯	296
蠢事	296
趕出	296
別處	296
莫莉	296
wants	296
講講	296
司法部	296
還有點	296
德語	295
重視	295
布拉	295
熱狗	295
屈服	295
維克	295
外遇	295
棕色	295
第一季	295
這東	295
抽屜	295
腳下	295
一絲	295
布斯	294
behind	294
西亞	294
寶貴	294
你終	294
關聯	294
這不會	294
追逐	294
清潔	294
daughter	294
滑稽	294
杜威	294
房里	294
一處	294
行家	294
負責任	293
童話	293
物種	293
mark	293
痛快	293
姊姊	293
連我	293
海洛因	293
預定	293
山羊	293
送死	293
那家	293
粒子	293
我想給	293
暴風雨	293
ryan	293
升級	293
身子	293
雞肉	292
棘手	292
為榮	292
伯格	292
暗殺	292
木星	292
大叫	292
缺點	292
精神病院	292
筆記本	292
假釋	292
看一看	292
致敬	292
民眾	292
一層	292
破解	292
最先	292
獨一無二	292
gps	292
haven	292
這身	292
男孩子	291
切爾	291
這棟	291
些小	291
布拉德	291
有責任	291
氣候	291
這支	291
當一個	291
florrick	291
布雷	291
set	291
別理	291
你行	291
碰上	291
這顆	291
不妥	291
一言	291
此次	290
玩家	290
上門	290
規模	290
傳達	290
planet	290
別煩	290
永生	290
exactly	290
首領	290
國內	290
熊貓	290
更是	290
玩弄	290
光線	290
夾克	290
逗我	290
想像中	290
also	290
當天	290
預算	289
second	289
低估	289
總裁	289
大眾	289
那事	289
可愛	289
口香糖	289
一擊	289
星期二	289
屋里	289
睡著	289
聲稱	289
蒂斯	289
投訴	289
極度	289
凱薩琳	289
器官	289
強盜	288
再會	288
去問	288
水中	288
第一名	288
死因	288
金色	288
健身	288
oliver	288
行業	288
高速公路	288
一封信	288
杰夫	288
親眼	288
特里	288
這周	288
我成	288
雷蒙	287
現身	287
侏儒	287
喬丹	287
小寶貝	287
一班	287
弗雷	287
名譽	287
著想	287
點心	287
music	287
色彩	287
captain	287
沙子	287
第一位	287
guess	287
著手	287
bien	287
認定	287
還多	287
是麼	287
不帶	286
門關	286
已有	286
計划	286
汽水	286
很慘	286
change	286
hit	286
解救	286
獎學金	286
憎恨	286
他覺	286
成年	286
掌聲	286
槍手	286
第一件	286
四分	286
white	286
鯨魚	286
每件事	286
black	286
第三次	286
million	285
在手	285
胡鬧	285
賜予	285
惡作劇	285
地雷	285
小費	285
分心	285
總比	285
桑德拉	285
ship	285
女儿	285
減肥	285
簽了	285
播出	285
光芒	285
高尚	284
小聲點	284
whoa	284
啊哈	284
zach	284
至于	284
名義	284
客房	284
坐著	284
對待	284
光是	284
放假	284
我願	284
料理	284
公尺	284
鐘前	284
alive	284
直至	284
歌詞	283
每周	283
聽話	283
解藥	283
瑞奇	283
四點	283
正事	283
學長	283
那群	283
考慮過	283
貝拉	283
駱駝	283
審問	283
優先	283
缺少	283
倘若	283
痛恨	283
理性	282
驚奇	282
布魯克林	282
美食	282
happen	282
我辦	282
一系列	282
上頭	282
分行	282
真主	282
裝飾	282
小便	282
之夜	282
波波	282
這問題	282
當著	282
不但	282
大規模	282
城鎮	282
極端	282
萬人	282
典禮	281
好轉	281
伊朗	281
鈔票	281
tonight	281
產畑	281
圖片	281
好麼	281
呆子	281
cal	281
拚命	281
小學	281
場面	281
toi	281
下水	281
設計師	281
牌子	281
部位	281
路邊	281
庇護	281
分裂	281
樓下	280
魷魚	280
吸收	280
problem	280
擔憂	280
沒收	280
可行	280
旋轉	280
脫身	280
抗拒	280
一种	280
高速	280
囚禁	280
原地	280
最壞	280
漫畫	280
老友	280
這絕	280
oui	280
出示	279
一出	279
lie	279
支撐	279
有心	279
機上	279
近來	279
遺產	279
eric	279
gary	279
鄉村	279
輸入	279
我累	279
崔西	279
氮莱	279
罪人	279
目光	279
還差	279
少數	279
埃德	279
不變	278
然後在	278
妮娜	278
的門	278
我愛他	278
賦予	278
局勢	278
一通	278
tommy	278
補給	278
電報	278
保全	278
連環	278
著陸	278
容忍	278
往往	278
口交	278
守住	278
熱烈	278
差別	278
烤肉	278
真難	278
撒旦	277
等會兒	277
販毒	277
露絲	277
攝像	277
零件	277
別擋	277
好球	277
阿爾伯特	277
非凡	277
愛好	277
熱鬧	277
謊話	277
印第安	277
鑰匙給	277
bye	277
一棟	277
先給	277
找些	277
這幾個	277
stars	277
跳下去	277
mine	277
心事	277
有的是	277
先是	277
hand	276
華生	276
gun	276
細菌	276
花費	276
遲早	276
斯坦	276
佩服	276
總要	276
记得	276
撒尿	276
solar	276
澳大利	276
伊利	276
好過	276
祖國	276
鍛煉	276
別用	276
領地	276
發燒	276
加班	276
沒準	276
推測	276
戰略	276
會贏	276
愛過	275
巴布	275
一舉	275
幽默感	275
我活	275
看守	275
一整	275
沒問	275
更別	275
十點	275
車開	275
艾莉	275
水晶	275
那顆	275
額外	275
comme	275
找別	275
水面	275
沉重	275
打人	275
蒼蠅	275
jimmy	275
憲法	275
各樣	275
手腳	274
拘捕	274
康納	274
要用	274
好處	274
屠夫	274
還把	274
買個	274
天文	274
呼喚	274
國度	274
循環	274
mary	274
救世主	274
神話	274
腐敗	274
扎克	274
義務	274
一早	274
逃生	274
清洗	274
純潔	274
正經	274
外交	274
管制	274
勾引	274
side	274
幫到	274
失誤	273
少爺	273
大笑	273
籠子	273
前門	273
under	273
制止	273
重回	273
小型	273
專輯	273
封面	273
地帶	273
審訊	273
量子	273
很榮	273
没错	273
會合	273
damn	273
沒門	273
出于	272
信箱	272
阻礙	272
班上	272
隨機	272
孫女	272
計算機	272
血統	272
一談	272
殺光	272
安定	272
趴在	272
忽然	272
當真	272
山大	272
上前	272
兩邊	272
阿納金	272
猶太	272
班克斯	272
發起	272
技能	272
但愿	272
自找	272
一代	272
第一步	271
大阪	271
伊桑	271
一覺	271
兩倍	271
young	271
黛西	271
brian	271
惡劣	271
待遇	271
挖掘	271
保障	271
妹子	271
拉德	271
電源	271
符號	271
傷到	271
倒數	271
斯塔克	271
別以	271
無敵	271
怎么样	271
比亞	271
下山	271
將他	271
大夥兒	271
遞給	270
提問	270
ne	270
成真	270
特斯	270
知名	270
今夜	270
恕我直言	270
酸奶	270
star	270
迫不及待	270
歷過	270
入睡	270
用不著	270
陰道	270
埃米	270
潛入	270
頭來	270
閱讀	270
鱷魚	270
撞擊	270
全速	270
隨身	270
雷文	270
老家	270
不賴	270
豬頭	270
looks	269
bobby	269
點鐘	269
safe	269
太重	269
平凡	269
教導	269
稱癬	269
性交	269
步行	269
walk	269
having	269
餡餅	269
kids	269
school	269
嫌疑犯	269
竟是	269
我確	269
elle	269
西雅圖	269
出價	269
永久	268
福音	268
子民	268
培養	268
德里克	268
車手	268
開心點	268
心碎	268
植入	268
自大	268
阿米	268
against	268
戴安娜	268
貨物	268
功勞	268
別墅	268
會帶	268
融入	268
歐元	268
低調	268
抗爭	267
迪倫	267
當他們	267
不告訴	267
精英	267
逃出去	267
一幕	267
閒事	267
頻率	267
大姐	267
垦炳	267
那座	267
脫衣	267
編劇	267
一組	267
冠稱	267
鳥兒	267
幾分	267
早會	267
贏家	267
地利	267
豆子	266
市區	266
科林	266
機長	266
這嗎	266
香腸	266
天然	266
有著	266
剪刀	266
信件	266
大力	266
影院	266
ffffff	266
下定	266
吉爾	266
老哥	266
肉體	266
擊中	266
基佬	266
肥皂	265
回話	265
很想	265
服役	265
草原	265
上演	265
傳染	265
泰瑞	265
鮑伯	265
不正	265
損壞	265
這么久	265
終極	265
采訪	265
才行	265
訊號	265
河邊	265
廢棄	265
洛伊	265
戰役	265
probably	265
嚇得	264
線路	264
最有	264
補充	264
意圖	264
午安	264
吸煙	264
不光	264
疑問	264
庫珀	264
這有點	264
最低	264
雷達	264
蛋白	264
哪天	263
加油站	263
事事	263
trust	263
躲避	263
順序	263
寫著	263
我以	263
各就各位	263
講過	263
不容	263
阿斯	263
索尼	263
活命	263
dave	263
和解	263
坐標	263
一站	263
真可愛	263
擊敗	263
遺棄	263
海里	263
懦弱	263
我快	263
無力	263
查德	263
落到	263
貨幣	263
把頭	263
制定	262
已經過	262
這幾天	262
發火	262
騎車	262
紅酒	262
銷毀	262
吞噬	262
moment	262
不說	262
激怒	262
艾爾	262
正當	262
提名	262
我會用	262
red	262
探望	262
三人	262
夢境	262
大忙	262
一雙	262
gave	262
前行	262
資產	262
思念	262
希爾	262
毒販	262
格拉	262
證會	262
起初	262
悄悄	261
圣誕節	261
著要	261
我知	261
漢斯	261
音樂會	261
擺平	261
車牌	261
大衣	261
来盾	261
怪不得	261
我正	261
means	261
邦德	261
封閉	261
胸口	261
犯法	261
阿克	261
咪咪	261
相片	261
不問	261
已婚	261
別無選擇	261
委托人	261
蒙特	260
拳頭	260
惡化	260
神圣	260
正常人	260
吊死	260
那幅	260
毛衣	260
通信	260
點半	260
佩吉	260
不愧	260
車嗎	260
急救	260
動起	260
圈套	260
血壓	260
房屋	260
不談	260
martin	260
johnny	260
minutes	260
誤解	260
三周	260
再聊	259
一所	259
無限	259
聯調局	259
滅亡	259
以为	259
給我點	259
刺客	259
掉頭	259
一切正常	259
回想	259
妥協	259
宮殿	259
道格	259
外星	259
外人	259
一輛車	259
發動機	259
禮服	259
剛到	259
預料	259
喇叭	259
購買	259
酋長	258
cia	258
那套	258
這儿	258
body	258
上台	258
取決	258
早飯	258
辣妹	258
beautiful	258
愛是	258
投手	258
阿索卡	258
當場	258
avec	258
十足	258
父亲	258
世界各地	258
泰國	258
亞伯	258
走私	258
索菲	258
窗口	258
藝術品	258
救回	258
小可	258
一看	258
陶德	257
清晨	257
那頭	257
戀愛	257
診所	257
我帶	257
快進	257
最難	257
鴨子	257
念頭	257
裝作	257
除此之外	257
會為	257
條路	257
給人	257
出海	257
日常	257
dj	257
可要	256
那輛車	256
利亞	256
裝滿	256
斯托	256
娜塔莉	256
換了	256
盛大	256
太空船	256
永恆	256
持有	256
提交	256
星期三	256
墜落	256
這做	256
cffffff	256
遇害	256
我作	256
睡得	256
一級	255
four	255
cut	255
公車	255
一首歌	255
carter	255
探測	255
手銬	255
一箭	255
story	255
龟悔	255
包包	255
監視器	255
付給	255
比喻	255
姑姑	255
有給	255
打手	255
用過	255
我救	255
終身	255
深海	255
剛來	255
人頭	255
鮮血	255
julie	254
亞的	254
振作起	254
大會	254
方位	254
聖母	254
跑道	254
蘑菇	254
有生	254
下水道	254
小雞	254
回顧	254
當是	254
拉拉	254
送走	254
力氣	254
蔓延	254
用餐	254
回電	254
soon	254
危害	254
墜毀	254
老樣子	254
八卦	254
開到	254
及其	254
堵住	254
缺陷	254
輕點	254
防禦	254
辯論	254
蘭斯	254
談到	254
論文	253
棉花	253
無效	253
最糟	253
扇門	253
喪命	253
庫斯	253
沒錢	253
龐大	253
上訴	253
stand	253
很痛	253
逃亡	253
宙斯	253
鐵路	253
late	253
車在	253
一棵	253
歌聲	253
零錢	253
深夜	253
忠告	253
服務員	253
我教	252
特洛伊	252
骨折	252
監督	252
棍子	252
哪一個	252
垃圾桶	252
談戀	252
taking	252
想不起	252
獨家	252
福斯特	252
還我	252
上方	252
同居	252
編號	252
踏上	252
認不出	251
灰色	251
滅絕	251
小熊	251
研究所	251
房裡	251
高一	251
冷酷	251
有車	251
打贏	251
出擊	251
team	251
dans	251
精確	251
索菲亞	251
男爵	251
died	251
喜悅	250
米拉	250
就現	250
哀悼	250
卡斯特	250
靜靜	250
報答	250
否定	250
抬頭	250
波蘭	250
拿手	250
鐘后	250
产捣	250
fait	250
倫斯	250
嫌疑	250
退學	250
諸位	250
继续	250
收看	250
常有	250
拿開	250
牡贝	250
束縛	250
彗星	250
蓋瑞	249
根本就是	249
格勒	249
盔甲	249
alan	249
不放	249
ass	249
而來	249
參賽	249
炫耀	249
穿梭	249
實習	249
趕過	249
盲目	249
就別	249
催眠	249
通通	249
好大	249
凡事	249
落入	249
學位	248
有麻煩	248
骨灰	248
中途	248
金字塔	248
有份	248
克萊兒	248
eli	248
娘娘腔	248
太酷	248
rest	248
逐出	248
war	248
新郎	248
何在	248
皇室	248
問了	248
通緝	248
过去	248
活人	248
好感	248
發布	247
伍德	247
流放	247
crazy	247
業務	247
實里	247
車廂	247
break	247
萬分	247
人給	247
好比	247
殺死	247
難題	247
萊恩	247
餅乾	247
巴特	247
維爾	247
舉手	247
冷血	247
還小	247
botwin	247
另一半	247
管子	247
al	247
閃電	247
大腿	247
撫養	247
焦點	247
小提琴	247
潛水	247
勝過	247
氣息	247
哈德	247
過人	246
小女	246
一招	246
lord	246
though	246
莊園	246
richard	246
生前	246
這輛車	246
上級	246
盟友	246
一刀	246
即刻	246
盈利	246
分成	246
鄧肯	246
影響力	246
講述	246
matt	246
比方	246
著點	246
沒看	246
粉碎	246
電線	246
部份	245
戰艦	245
多遠	245
審查	245
侄女	245
飛翔	245
最小	245
person	245
神龍大俠	245
那該	245
對抗	245
推出	245
不已	245
加利福尼	245
洛根	245
別提	245
進度	245
下士	245
出去玩	245
籌碼	245
摔跤	245
弄出去	245
心底	245
read	245
几個	245
加快	245
管好	245
冰冷	244
走進	244
普拉	244
極其	244
一動	244
俄語	244
周日	244
活得	244
詢問	244
知情	244
潛力	244
blue	244
來杯	244
魔王	244
這已	244
活過	244
軍方	244
服務生	244
梅森	244
被害人	244
抉擇	243
bob	243
毫無意義	243
給別	243
末日	243
替代	243
測量	243
蟑螂	243
perhaps	243
太慢	243
別裝	243
comes	243
指南	243
應當	243
推翻	243
形勢	243
卡里	243
提及	243
徽章	243
成天	243
群島	243
疫苗	243
天花板	243
寡婦	243
布丁	243
會覺	243
野心	242
鐘頭	242
銀河	242
老頭子	242
來臨	242
三角	242
腫瘤	242
一試	242
尼莫	242
固執	242
揭露	242
沒有別	242
呻吟	242
布魯諾	242
這很好	242
強調	242
日出	242
覆蓋	242
傷痕	242
秋天	242
藥品	241
活生生	241
低頭	241
王牌	241
法拉	241
屁屁	241
西卡	241
魔術師	241
party	241
企鵝	241
特意	241
質量	241
這趟	241
引誘	241
還年	241
很榮幸	241
能贏	241
耶路撒冷	241
一心	241
他長	241
working	241
官司	241
大好	241
ha	241
米蘭達	241
平均	241
回收	240
財務	240
死人	240
野生	240
不知情	240
幹過	240
金剛	240
首要	240
maria	240
這感覺	240
cd	240
看樣子	240
號的	240
再也不能	240
唯有	240
plan	240
恐怖份子	240
榜樣	240
stuff	240
business	240
烹飪	240
記號	240
安置	240
增長	240
搖擺	240
太緊	240
hate	240
咳嗽	240
愿望	240
可比	240
t恤	240
找死	239
人造	239
phone	239
活該	239
丸子	239
尼克斯	239
會用	239
區的	239
fly	239
更強	239
真糟糕	239
過著	239
攔截	239
南瓜	239
按住	239
當過	239
高層	239
那样	239
這什麼	239
依賴	239
excuse	238
換成	238
開工	238
懸崖	238
柯蒂斯	238
運用	238
碰過	238
拋下	238
時報	238
歌劇	238
偏見	238
番茄	238
失落	238
确定	238
這裡面	238
親親	237
黑夜	237
匹配	237
隨心	237
荒野	237
隊友	237
表哥	237
公事	237
威尼斯	237
無事	237
為什	237
太漂亮	237
茱莉亞	237
孤兒院	237
漏洞	237
進出	236
先到	236
making	236
住所	236
當晚	236
尿布	236
克拉拉	236
樹上	236
英鎊	236
踢球	236
營業	236
強制	236
失手	236
算不上	236
搜尋	236
很聰明	236
衛生	236
foster	236
芙琳	236
moon	236
美極	236
重來	236
歇爾	236
提早	236
弄死	236
感應	235
一扇	235
打字	235
閣樓	235
harry	235
集體	235
娜娜	235
失效	235
cannot	235
十四	235
我照	235
雪諾	235
我下	235
茉莉	235
亞魯曼	235
腊腊	235
第八	235
celia	235
嘆氣	235
誘餌	235
police	234
這在	234
稱暗	234
pootie	234
魔女	234
自尊	234
殘骸	234
妓院	234
指向	234
巨星	234
或稱	234
寫信	234
最高法院	234
加利	234
聞起	234
說給	234
奈特	234
震撼	234
舉止	234
number	234
工會	234
測驗	234
天大	234
威爾遜	234
這鬼	234
我出	234
欲望	234
血管	234
后退	234
僵尸	234
洛基	234
運送	234
baylor	234
nobody	234
hurt	233
whatever	233
利息	233
厭煩	233
human	233
dark	233
最早	233
輕松	233
總理	233
擔保	233
豪華	233
哈爾	233
air	233
刚帝	233
暗號	233
是非	233
頂級	233
拔出	233
有天	233
多好	233
瑞安	233
打起精神	232
群眾	232
輪椅	232
必然	232
德利	232
莎莉	232
罐子	232
詩歌	232
糧食	232
寄來	232
這你	232
特地	232
悲痛	232
停火	232
東尼	232
二位	232
帕克	232
慈悲	232
喬納森	232
这儿	232
這與	232
尼科	232
和尚	232
訪客	232
司法	232
line	232
一無	232
羅賓	232
動靜	232
報應	232
冰塊	232
羨慕	231
十天	231
表弟	231
飲食	231
yo	231
那筆	231
集會	231
一線	231
分辨	231
澳洲	231
蜜月	231
地道	231
史上	231
檢驗	231
過話	231
刺青	231
惡棍	231
經給	231
健身房	231
妖怪	231
還有個	231
太陽系	231
shall	231
進到	231
tomorrow	230
供應	230
看不見	230
一滴	230
大名	230
對手	230
種子	230
lorenzo	230
語氣	230
中東	230
還敢	230
商場	230
兩份	230
去取	230
還等	230
上空	230
骯臟	230
會想	230
交到	230
那部	230
經來	230
卡莉	230
死路	230
殖民地	230
強奸	230
旅遊	229
資助	229
松鼠	229
建設	229
save	229
頭痛	229
開來	229
份份	229
點什麼	229
狂熱	229
摸摸	229
湖邊	229
sent	229
趕時間	229
辣椒	229
二十分	229
租金	229
asked	229
外國人	229
景象	229
確有	229
加點	229
賬單	229
私事	229
何方	228
娘們	228
戰車	228
阿方索	228
要當	228
選中	228
起源	228
沒辦	228
年度	228
雷德	228
加強	228
高地	228
shot	228
迷你	228
剛說	228
金牌	228
word	228
四天	228
發財	228
期限	228
必需	228
speak	228
莫名其妙	228
第二季	228
收留	228
海豹	228
中止	228
喝啤酒	228
舞者	227
上網	227
煎餅	227
傷疤	227
goes	227
老太太	227
荷蘭	227
背著	227
結尾	227
之神	227
演習	227
情况	227
權威	227
求助	227
miguel	227
担心	227
宣稱	227
轟炸	227
家屬	227
收買	227
同類	227
江湖	227
過份	227
親口	227
keith	226
之地	226
還沒死	226
手表	226
放輕松	226
一一	226
螞蟻	226
儀器	226
這么大	226
wayne	226
車來	226
不惜一切	226
用到	226
quoi	226
ooh	226
outside	226
轉動	226
telling	226
保衛	226
中彈	226
背心	226
barry	226
賓館	226
michelle	226
膽量	226
嘿嘿	226
energy	226
前科	226
節日	226
埋伏	226
一腳	226
閃亮	226
還沒來	226
巴爾	225
未必	225
燒了	225
雞尾酒	225
太高	225
冒昧	225
布魯	225
least	225
北邊	225
先回去	225
five	225
幫上	225
五天	225
頭條	225
諾亞	225
雞巴	225
子女	225
明人	225
丫頭	225
愛死	225
諾言	225
簽約	225
農民	225
招募	225
跌倒	225
這比	225
屁事	225
pay	225
國土	225
交朋友	225
寫給	225
早些	225
賤貨	224
面有	224
好多年	224
太近	224
合格	224
大炮	224
一有	224
前提	224
頑固	224
沒電	224
生理	224
搞錯	224
人命	224
開場	224
爭吵	224
神明	224
認錯	224
屁話	224
老遠	224
信賴	224
球迷	224
沒戲	224
諾曼	224
塞斯	224
泥土	224
隨他	224
服務器	224
挽回	224
應用	224
解剖	224
點燃	224
突襲	224
眨眼	224
活在	224
佩姬	223
沃克	223
天主	223
其餘	223
迷信	223
諸神	223
完好	223
太早	223
傳到	223
夏目	223
毫米	223
偏偏	223
紫色	223
份子	223
歐文	223
送來	223
phil	223
布蘭登	223
簽個	223
billy	223
不為	223
條款	223
規律	223
幾位	223
剝奪	222
住宅	222
是屬	222
童子	222
抑制	222
不怪	222
姑媽	222
布萊德	222
坐過	222
彌補	222
要花	222
總署	222
床單	222
古董	222
胡子	222
雖說	222
道具	222
沉睡	222
我寧	222
check	222
嚴厲	222
神像	222
陸地	222
忘不了	222
討論過	222
場所	222
芝士	222
玩遊戲	222
十五分	222
安吉	222
尤里	222
巴德	222
罪過	222
特權	222
頭號	222
florence	222
兩張	222
會永遠	222
almost	221
派遣	221
eddie	221
電視台	221
管它	221
豁免	221
公牛	221
網球	221
我國	221
窒息	221
前所未有	221
半澤	221
小混蛋	221
著急	221
法則	221
世間	221
太長	221
語音	221
everybody	221
弄點	221
將永遠	221
一死	221
小伙	221
野餐	221
兌現	221
clear	221
玩耍	221
杭特	221
人身	221
我醒	221
那儿	220
星際	220
他問	220
損傷	220
頭盔	220
眼裡	220
桑尼	220
不盡	220
弧弧	220
山頂	220
奪回	220
羽毛	220
出國	220
十萬	220
waiting	220
mon	220
安德森	220
answer	220
沒禮貌	219
店里	219
腐爛	219
旅客	219
親生	219
见到	219
鎮子	219
轉彎	219
景勝	219
tim	219
戰機	219
掛在	219
摘下	219
競賽	219
古代	219
喚醒	219
明亮	219
supposed	219
保持沉默	219
克勞德	219
表格	219
稻葉	219
騙局	219
付款	218
王室	218
猜想	218
退伍	218
大西洋	218
口水	218
詭計	218
露水	218
發抖	218
真為	218
酒館	218
小島	218
魚雷	218
調情	218
奶子	218
我讀	218
德川	218
每天晚上	218
影視	218
harrison	218
一體	218
將近	218
這幅	218
蘿拉	218
胡言	217
得逞	217
規劃	217
gets	217
芬妮	217
克洛伊	217
武力	217
繞過	217
聽器	217
加里	217
最少	217
試鏡	217
看穿	217
止痛	217
警署	217
血清	217
破裂	217
洛夫	217
恩里克	217
自來	217
愛了	217
始行	217
無趣	217
幫幫忙	217
作風	217
許還	217
自衛	217
泰瑢	217
窮人	217
明知	217
向下	217
眾人	217
得意	217
打碎	217
你夠	217
體力	217
了給	216
臉上	216
好想你	216
拿些	216
眼下	216
貧窮	216
明日	216
遺體	216
easy	216
贊助	216
power	216
嚇唬	216
台詞	216
斯圖	216
我數	216
艾波莉	216
哲學	216
五角	216
克思	216
萬能	216
正中	216
洛倫佐	216
還沒完	216
配不上	216
景色	216
打爆	216
有点	216
fantasy	216
遊行	216
寶石	216
部署	216
憐憫	216
忠心	216
离開	216
不高興	215
quinn	215
有家	215
仆人	215
suis	215
旁觀	215
高中生	215
本案	215
我關	215
能比	215
病患	215
推遲	215
登機	215
塞爾	215
自有	215
情景	215
一切都在	215
臀部	215
激勵	215
掌管	215
抱著	215
上百	215
别人	215
然後是	215
認可	215
人们	214
在問	214
合夥人	214
au	214
有興趣	214
很熱	214
我放棄	214
一大早	214
不惜	214
三位	214
丹佛	214
預見	214
加密	214
安然	214
可好	214
強暴	214
每小時	214
虛構	214
領土	214
無所	214
同學們	214
met	214
我發	214
錯事	214
可現	214
不難	214
那本	214
half	214
治愈	214
started	214
水下	214
上衣	214
充足	214
營養	214
木偶	214
艾略特	214
tm	213
苦難	213
逼近	213
worry	213
布里	213
加倍	213
jon	213
吸引力	213
那片	213
你點	213
增援	213
認輸	213
起火	213
累死	213
身亡	213
利潤	213
下雪	213
遵循	213
資本	213
減速	213
living	213
steve	213
廢墟	213
扯平	213
德伍德	213
服侍	213
凯旋	213
不妨	213
哥倫比亞	213
成分	213
萬事	213
南非	213
辜負	213
門外	213
所願	213
甜美	212
無賴	212
我愛死	212
作案	212
專欄	212
child	212
還從	212
之心	212
安全局	212
周五	212
滾蛋	212
一樁	212
兔崽子	212
百分之百	212
膠片	212
挑起	212
輸掉	212
航向	212
deal	212
迷宮	212
sky	212
空虛	212
給我個	212
來會	212
整體	212
生來	212
洛斯	212
收據	212
操蛋	212
參加過	212
剛從	212
感人	212
order	212
傳遞	212
结束	212
推銷	212
想像力	211
花樣	211
為定	211
報社	211
情節	211
共有	211
恩怨	211
瑞恩	211
飛彈	211
米歇爾	211
出錯	211
春虎	211
順風	211
吃醋	211
過時	211
亨特	211
剎車	211
閃耀	211
渡過	211
得夠	211
水上	211
身高	211
無家	211
安琪拉	211
姜哲	211
身手	211
知曉	211
x光	211
這又	211
驚嚇	211
lead	211
老人家	211
此處	210
報案	210
外界	210
公道	210
心血	210
你毀	210
sara	210
輸給	210
共庆	210
指使	210
搬出去	210
裝修	210
葡萄牙	210
洗衣	210
定罪	210
以後再	210
停電	210
想不出	210
泰斯	210
daddy	210
吹牛	210
要將	210
reason	210
表妹	210
force	210
股份	210
邁爾斯	210
周六	210
克雷格	210
cool	210
癱瘓	210
修正	209
副作用	209
翻過	209
告發	209
杠盾	209
進城	209
狂野	209
太瘋狂	209
帶路	209
扳機	209
接住	209
包裝	209
記載	209
更大	209
新世界	209
父王	209
人工	209
給點	209
重返	209
盧克	209
往事	209
史坦	209
路程	209
不错	209
安全感	209
你並	209
把車	209
安眠	209
每週	209
體面	209
乘坐	209
年來	209
yours	209
取回	209
譴責	209
kate	208
無權	208
親切	208
格倫	208
村民	208
鬼混	208
赦免	208
手榴彈	208
車停	208
粗魯	208
醜陋	208
退縮	208
咨詢	208
老鷹	208
美洲	208
底部	208
行走	208
這給	208
體系	208
免疫	208
我常	208
幾天前	208
省省	208
觀念	208
綽號	208
老太婆	208
偵測	208
快上	207
德曼	207
anymore	207
音樂家	207
現狀	207
半天	207
hours	207
小妹妹	207
墨西哥人	207
多斯	207
我馬	207
我來給	207
收費	207
貓頭鷹	207
親屬	207
差事	207
有件	207
蓋爾	207
舱麓	207
改進	207
碰撞	207
無恙	207
sit	207
送命	207
卡利	207
多點	207
經歷過	207
射手	207
minute	207
實情	207
破案	207
你頭	207
戰隊	207
原理	207
乖孩子	206
身后	206
稍后	206
那首歌	206
照料	206
大爺	206
溜走	206
紐約市	206
新手	206
尤金	206
gold	206
shut	206
簽證	206
每隔	206
現在給	206
樂樂	206
兩萬	206
泰迪	206
未經	206
三十年	206
布利	206
aren	206
不良	206
這很難	206
校園	206
竭盡	206
太糟	206
造型	206
趕去	206
讀者	206
升職	206
的藥	206
多重	206
hot	206
打火	206
思維	205
說定	205
追著	205
possible	205
順著	205
沒意	205
打牌	205
科姆	205
問起	205
視為	205
吉利	205
屏幕	205
jj	205
珊瑚	205
