# Generated by tools/train_typing_ranker.py; generic prior + runtime candidate competition; training partitions only
literal	0.33429298
canonical	14.93222808
distance	-4.77316046
similarity	2.26223406
keyboard	-2.72420965
frequency	12.07274538
context	11.50095816
personal	7.83024915
accepted	7.83551691
rejected	-9.62758783
touch	7.83251383
proposal	7.82601487
contextRule	11.45703450
completion	-9.62758783
prefix	3.01364092
suffix	3.12748198
missing	1.63179224
repetition	0.32650799
languageProbability	0.03537474
attestedLiteral	-0.00233316
mixedMalayalam	0.05145763
